# www.mecabricks.com
mtllib lastnazo.mtl
o Part.1
v 23.96 0.02 0.04
v 23.96 0.02 7.96
v 16.04 0.02 7.96
v 16.04 0.02 0.04
v 16.04 9.58 0.04
v 16.04 9.58 7.96
v 23.96 9.58 7.96
v 23.96 9.58 0.04
v 17.6 0.02 1.6
v 17.6 0.02 6.4
v 22.4 0.02 6.4
v 22.4 0.02 1.6
v 22.4 8.6 1.6
v 22.4 8.6 6.4
v 17.6 8.6 6.4
v 17.6 8.6 1.6
v 23.96 0.02 7.96
v 23.96 0.02 7.96
v 16.04 0.02 7.96
v 16.04 0.02 7.96
v 23.96 0.02 0.04
v 23.96 0.02 0.04
v 16.04 0.02 0.04
v 16.04 0.02 0.04
v 16.04 9.58 0.04
v 16.04 9.58 0.04
v 16.04 9.58 7.96
v 16.04 9.58 7.96
v 23.96 9.58 0.04
v 23.96 9.58 0.04
v 23.96 9.58 7.96
v 23.96 9.58 7.96
v 17.6 0.02 1.6
v 17.6 0.02 1.6
v 17.6 0.02 6.4
v 17.6 0.02 6.4
v 22.4 0.02 1.6
v 22.4 0.02 1.6
v 22.4 0.02 6.4
v 22.4 0.02 6.4
v 22.4 8.6 6.4
v 22.4 8.6 6.4
v 17.6 8.6 6.4
v 17.6 8.6 6.4
v 22.4 8.6 1.6
v 22.4 8.6 1.6
v 17.6 8.6 1.6
v 17.6 8.6 1.6
v 20.918 11.15 1.783
v 20.821 11.4 2.018
v 20.89 11.327 1.852
v 21.517 11.4 2.483
v 21.697 11.15 2.303
v 21.644 11.327 2.356
v 22.217 11.15 3.082
v 21.982 11.4 3.179
v 22.148 11.327 3.11
v 22.145 11.4 4
v 22.4 11.15 4
v 22.325 11.327 4
v 22.217 11.15 4.918
v 21.982 11.4 4.821
v 22.148 11.327 4.89
v 21.697 11.15 5.697
v 21.517 11.4 5.517
v 21.644 11.327 5.644
v 20.918 11.15 6.217
v 20.821 11.4 5.982
v 20.89 11.327 6.148
v 20 11.15 6.4
v 20 11.4 6.145
v 20 11.327 6.325
v 19.179 11.4 5.982
v 19.082 11.15 6.217
v 19.11 11.327 6.148
v 18.303 11.15 5.697
v 18.483 11.4 5.517
v 18.356 11.327 5.644
v 17.783 11.15 4.918
v 18.018 11.4 4.821
v 17.852 11.327 4.89
v 17.6 11.15 4
v 17.855 11.4 4
v 17.675 11.327 4
v 17.783 11.15 3.082
v 18.018 11.4 3.179
v 17.852 11.327 3.11
v 18.483 11.4 2.483
v 18.303 11.15 2.303
v 18.356 11.327 2.356
v 19.082 11.15 1.783
v 19.179 11.4 2.018
v 19.11 11.327 1.852
v 20 11.15 1.6
v 20 11.4 1.855
v 20 11.327 1.675
v 21.063 11.4 5.014
v 21.164 11.4 4
v 21.063 11.4 2.986
v 20 11.4 5.097
v 20 11.4 4
v 20 11.4 2.903
v 18.937 11.4 5.014
v 18.836 11.4 4
v 18.937 11.4 2.986
v 20 9.73 1.6
v 20 9.58 1.447
v 20 9.624 1.555
v 19.023 9.58 1.641
v 19.082 9.73 1.783
v 19.064 9.624 1.741
v 18.195 9.58 2.195
v 18.303 9.73 2.303
v 18.271 9.624 2.271
v 17.641 9.58 3.023
v 17.783 9.73 3.082
v 17.741 9.624 3.064
v 17.447 9.58 4
v 17.6 9.73 4
v 17.555 9.624 4
v 17.641 9.58 4.977
v 17.783 9.73 4.918
v 17.741 9.624 4.936
v 18.195 9.58 5.805
v 18.303 9.73 5.697
v 18.271 9.624 5.729
v 19.023 9.58 6.359
v 19.082 9.73 6.217
v 19.064 9.624 6.259
v 20 9.58 6.553
v 20 9.73 6.4
v 20 9.624 6.445
v 20.977 9.58 6.359
v 20.918 9.73 6.217
v 20.936 9.624 6.259
v 21.805 9.58 5.805
v 21.697 9.73 5.697
v 21.729 9.624 5.729
v 22.359 9.58 4.977
v 22.217 9.73 4.918
v 22.259 9.624 4.936
v 22.553 9.58 4
v 22.4 9.73 4
v 22.445 9.624 4
v 22.359 9.58 3.023
v 22.217 9.73 3.082
v 22.259 9.624 3.064
v 21.805 9.58 2.195
v 21.697 9.73 2.303
v 21.729 9.624 2.271
v 20.977 9.58 1.641
v 20.918 9.73 1.783
v 20.936 9.624 1.741
usemtl MB_1
s off
f 20 27 24
f 27 25 24
f 29 22 26
f 22 23 26
f 21 30 18
f 30 31 18
f 17 32 19
f 32 28 19
f 6 7 5
f 7 8 5
f 4 33 3
f 33 35 3
f 1 37 4
f 37 33 4
f 37 1 39
f 1 2 39
f 3 35 2
f 35 39 2
f 36 43 40
f 43 41 40
f 11 42 38
f 42 45 38
f 12 46 34
f 46 47 34
f 9 48 10
f 48 44 10
f 13 14 16
f 14 15 16
f 56 99 58
f 99 98 58
f 85 89 116
f 89 113 116
f 104 83 103
f 83 80 103
f 100 103 71
f 103 73 71
f 88 86 92
f 86 105 92
f 95 102 50
f 102 99 50
f 103 80 73
f 80 77 73
f 62 97 65
f 97 68 65
f 92 105 95
f 105 102 95
f 105 86 104
f 86 83 104
f 50 99 52
f 99 56 52
f 58 98 62
f 98 97 62
f 97 100 68
f 100 71 68
f 53 54 55
f 54 57 55
f 54 52 57
f 52 56 57
f 59 60 61
f 60 63 61
f 60 58 63
f 58 62 63
f 74 75 76
f 75 78 76
f 75 73 78
f 73 77 78
f 61 63 64
f 63 66 64
f 63 62 66
f 62 65 66
f 64 66 67
f 66 69 67
f 66 65 69
f 65 68 69
f 76 78 79
f 78 81 79
f 78 77 81
f 77 80 81
f 79 81 82
f 81 84 82
f 81 80 84
f 80 83 84
f 89 90 91
f 90 93 91
f 90 88 93
f 88 92 93
f 67 69 70
f 69 72 70
f 69 68 72
f 68 71 72
f 70 72 74
f 72 75 74
f 72 71 75
f 71 73 75
f 82 84 85
f 84 87 85
f 84 83 87
f 83 86 87
f 85 87 89
f 87 90 89
f 87 86 90
f 86 88 90
f 91 93 94
f 93 96 94
f 93 92 96
f 92 95 96
f 55 57 59
f 57 60 59
f 57 56 60
f 56 58 60
f 94 96 49
f 96 51 49
f 96 95 51
f 95 50 51
f 49 51 53
f 51 54 53
f 51 50 54
f 50 52 54
f 98 101 97
f 101 100 97
f 101 104 100
f 104 103 100
f 99 102 98
f 102 101 98
f 102 105 101
f 105 104 101
f 110 106 111
f 106 108 111
f 111 108 109
f 108 107 109
f 113 110 114
f 110 111 114
f 114 111 112
f 111 109 112
f 116 113 117
f 113 114 117
f 117 114 115
f 114 112 115
f 119 116 120
f 116 117 120
f 120 117 118
f 117 115 118
f 122 119 123
f 119 120 123
f 123 120 121
f 120 118 121
f 125 122 126
f 122 123 126
f 126 123 124
f 123 121 124
f 128 125 129
f 125 126 129
f 129 126 127
f 126 124 127
f 131 128 132
f 128 129 132
f 132 129 130
f 129 127 130
f 134 131 135
f 131 132 135
f 135 132 133
f 132 130 133
f 137 134 138
f 134 135 138
f 138 135 136
f 135 133 136
f 140 137 141
f 137 138 141
f 141 138 139
f 138 136 139
f 143 140 144
f 140 141 144
f 144 141 142
f 141 139 142
f 146 143 147
f 143 144 147
f 147 144 145
f 144 142 145
f 149 146 150
f 146 147 150
f 150 147 148
f 147 145 148
f 152 149 153
f 149 150 153
f 153 150 151
f 150 148 151
f 106 152 108
f 152 153 108
f 108 153 107
f 153 151 107
f 64 67 137
f 67 134 137
f 89 91 113
f 91 110 113
f 67 70 134
f 70 131 134
f 106 94 152
f 94 49 152
f 91 94 110
f 94 106 110
f 70 74 131
f 74 128 131
f 152 49 149
f 49 53 149
f 74 76 128
f 76 125 128
f 53 55 149
f 55 146 149
f 76 79 125
f 79 122 125
f 55 59 146
f 59 143 146
f 79 82 122
f 82 119 122
f 59 61 143
f 61 140 143
f 82 85 119
f 85 116 119
f 61 64 140
f 64 137 140
o Part.2
v -24.04 0.02 0.04
v -24.04 0.02 7.96
v -31.96 0.02 7.96
v -31.96 0.02 0.04
v -31.96 9.58 0.04
v -31.96 9.58 7.96
v -24.04 9.58 7.96
v -24.04 9.58 0.04
v -30.4 0.02 1.6
v -30.4 0.02 6.4
v -25.6 0.02 6.4
v -25.6 0.02 1.6
v -25.6 8.6 1.6
v -25.6 8.6 6.4
v -30.4 8.6 6.4
v -30.4 8.6 1.6
v -24.04 0.02 7.96
v -24.04 0.02 7.96
v -31.96 0.02 7.96
v -31.96 0.02 7.96
v -24.04 0.02 0.04
v -24.04 0.02 0.04
v -31.96 0.02 0.04
v -31.96 0.02 0.04
v -31.96 9.58 0.04
v -31.96 9.58 0.04
v -31.96 9.58 7.96
v -31.96 9.58 7.96
v -24.04 9.58 0.04
v -24.04 9.58 0.04
v -24.04 9.58 7.96
v -24.04 9.58 7.96
v -30.4 0.02 1.6
v -30.4 0.02 1.6
v -30.4 0.02 6.4
v -30.4 0.02 6.4
v -25.6 0.02 1.6
v -25.6 0.02 1.6
v -25.6 0.02 6.4
v -25.6 0.02 6.4
v -25.6 8.6 6.4
v -25.6 8.6 6.4
v -30.4 8.6 6.4
v -30.4 8.6 6.4
v -25.6 8.6 1.6
v -25.6 8.6 1.6
v -30.4 8.6 1.6
v -30.4 8.6 1.6
v -27.082 11.15 1.783
v -27.179 11.4 2.018
v -27.11 11.327 1.852
v -26.483 11.4 2.483
v -26.303 11.15 2.303
v -26.356 11.327 2.356
v -25.783 11.15 3.082
v -26.018 11.4 3.179
v -25.852 11.327 3.11
v -25.855 11.4 4
v -25.6 11.15 4
v -25.675 11.327 4
v -25.783 11.15 4.918
v -26.018 11.4 4.821
v -25.852 11.327 4.89
v -26.303 11.15 5.697
v -26.483 11.4 5.517
v -26.356 11.327 5.644
v -27.082 11.15 6.217
v -27.179 11.4 5.982
v -27.11 11.327 6.148
v -28 11.15 6.4
v -28 11.4 6.145
v -28 11.327 6.325
v -28.821 11.4 5.982
v -28.918 11.15 6.217
v -28.89 11.327 6.148
v -29.697 11.15 5.697
v -29.517 11.4 5.517
v -29.644 11.327 5.644
v -30.217 11.15 4.918
v -29.982 11.4 4.821
v -30.148 11.327 4.89
v -30.4 11.15 4
v -30.145 11.4 4
v -30.325 11.327 4
v -30.217 11.15 3.082
v -29.982 11.4 3.179
v -30.148 11.327 3.11
v -29.517 11.4 2.483
v -29.697 11.15 2.303
v -29.644 11.327 2.356
v -28.918 11.15 1.783
v -28.821 11.4 2.018
v -28.89 11.327 1.852
v -28 11.15 1.6
v -28 11.4 1.855
v -28 11.327 1.675
v -26.937 11.4 5.014
v -26.836 11.4 4
v -26.937 11.4 2.986
v -28 11.4 5.097
v -28 11.4 4
v -28 11.4 2.903
v -29.063 11.4 5.014
v -29.164 11.4 4
v -29.063 11.4 2.986
v -28 9.73 1.6
v -28 9.58 1.447
v -28 9.624 1.555
v -28.977 9.58 1.641
v -28.918 9.73 1.783
v -28.936 9.624 1.741
v -29.805 9.58 2.195
v -29.697 9.73 2.303
v -29.729 9.624 2.271
v -30.359 9.58 3.023
v -30.217 9.73 3.082
v -30.259 9.624 3.064
v -30.553 9.58 4
v -30.4 9.73 4
v -30.445 9.624 4
v -30.359 9.58 4.977
v -30.217 9.73 4.918
v -30.259 9.624 4.936
v -29.805 9.58 5.805
v -29.697 9.73 5.697
v -29.729 9.624 5.729
v -28.977 9.58 6.359
v -28.918 9.73 6.217
v -28.936 9.624 6.259
v -28 9.58 6.553
v -28 9.73 6.4
v -28 9.624 6.445
v -27.023 9.58 6.359
v -27.082 9.73 6.217
v -27.064 9.624 6.259
v -26.195 9.58 5.805
v -26.303 9.73 5.697
v -26.271 9.624 5.729
v -25.641 9.58 4.977
v -25.783 9.73 4.918
v -25.741 9.624 4.936
v -25.447 9.58 4
v -25.6 9.73 4
v -25.555 9.624 4
v -25.641 9.58 3.023
v -25.783 9.73 3.082
v -25.741 9.624 3.064
v -26.195 9.58 2.195
v -26.303 9.73 2.303
v -26.271 9.624 2.271
v -27.023 9.58 1.641
v -27.082 9.73 1.783
v -27.064 9.624 1.741
usemtl MB_1
s off
f 173 180 177
f 180 178 177
f 182 175 179
f 175 176 179
f 174 183 171
f 183 184 171
f 170 185 172
f 185 181 172
f 159 160 158
f 160 161 158
f 157 186 156
f 186 188 156
f 154 190 157
f 190 186 157
f 190 154 192
f 154 155 192
f 156 188 155
f 188 192 155
f 189 196 193
f 196 194 193
f 164 195 191
f 195 198 191
f 165 199 187
f 199 200 187
f 162 201 163
f 201 197 163
f 166 167 169
f 167 168 169
f 209 252 211
f 252 251 211
f 238 242 269
f 242 266 269
f 257 236 256
f 236 233 256
f 253 256 224
f 256 226 224
f 241 239 245
f 239 258 245
f 248 255 203
f 255 252 203
f 256 233 226
f 233 230 226
f 215 250 218
f 250 221 218
f 245 258 248
f 258 255 248
f 258 239 257
f 239 236 257
f 203 252 205
f 252 209 205
f 211 251 215
f 251 250 215
f 250 253 221
f 253 224 221
f 206 207 208
f 207 210 208
f 207 205 210
f 205 209 210
f 212 213 214
f 213 216 214
f 213 211 216
f 211 215 216
f 227 228 229
f 228 231 229
f 228 226 231
f 226 230 231
f 214 216 217
f 216 219 217
f 216 215 219
f 215 218 219
f 217 219 220
f 219 222 220
f 219 218 222
f 218 221 222
f 229 231 232
f 231 234 232
f 231 230 234
f 230 233 234
f 232 234 235
f 234 237 235
f 234 233 237
f 233 236 237
f 242 243 244
f 243 246 244
f 243 241 246
f 241 245 246
f 220 222 223
f 222 225 223
f 222 221 225
f 221 224 225
f 223 225 227
f 225 228 227
f 225 224 228
f 224 226 228
f 235 237 238
f 237 240 238
f 237 236 240
f 236 239 240
f 238 240 242
f 240 243 242
f 240 239 243
f 239 241 243
f 244 246 247
f 246 249 247
f 246 245 249
f 245 248 249
f 208 210 212
f 210 213 212
f 210 209 213
f 209 211 213
f 247 249 202
f 249 204 202
f 249 248 204
f 248 203 204
f 202 204 206
f 204 207 206
f 204 203 207
f 203 205 207
f 251 254 250
f 254 253 250
f 254 257 253
f 257 256 253
f 252 255 251
f 255 254 251
f 255 258 254
f 258 257 254
f 263 259 264
f 259 261 264
f 264 261 262
f 261 260 262
f 266 263 267
f 263 264 267
f 267 264 265
f 264 262 265
f 269 266 270
f 266 267 270
f 270 267 268
f 267 265 268
f 272 269 273
f 269 270 273
f 273 270 271
f 270 268 271
f 275 272 276
f 272 273 276
f 276 273 274
f 273 271 274
f 278 275 279
f 275 276 279
f 279 276 277
f 276 274 277
f 281 278 282
f 278 279 282
f 282 279 280
f 279 277 280
f 284 281 285
f 281 282 285
f 285 282 283
f 282 280 283
f 287 284 288
f 284 285 288
f 288 285 286
f 285 283 286
f 290 287 291
f 287 288 291
f 291 288 289
f 288 286 289
f 293 290 294
f 290 291 294
f 294 291 292
f 291 289 292
f 296 293 297
f 293 294 297
f 297 294 295
f 294 292 295
f 299 296 300
f 296 297 300
f 300 297 298
f 297 295 298
f 302 299 303
f 299 300 303
f 303 300 301
f 300 298 301
f 305 302 306
f 302 303 306
f 306 303 304
f 303 301 304
f 259 305 261
f 305 306 261
f 261 306 260
f 306 304 260
f 217 220 290
f 220 287 290
f 242 244 266
f 244 263 266
f 220 223 287
f 223 284 287
f 259 247 305
f 247 202 305
f 244 247 263
f 247 259 263
f 223 227 284
f 227 281 284
f 305 202 302
f 202 206 302
f 227 229 281
f 229 278 281
f 206 208 302
f 208 299 302
f 229 232 278
f 232 275 278
f 208 212 299
f 212 296 299
f 232 235 275
f 235 272 275
f 212 214 296
f 214 293 296
f 235 238 272
f 238 269 272
f 214 217 293
f 217 290 293
o Part.3
v 7.96 0.02 0.04
v 7.96 0.02 7.96
v 0.04 0.02 7.96
v 0.04 0.02 0.04
v 0.04 9.58 0.04
v 0.04 9.58 7.96
v 7.96 9.58 7.96
v 7.96 9.58 0.04
v 1.6 0.02 1.6
v 1.6 0.02 6.4
v 6.4 0.02 6.4
v 6.4 0.02 1.6
v 6.4 8.6 1.6
v 6.4 8.6 6.4
v 1.6 8.6 6.4
v 1.6 8.6 1.6
v 7.96 0.02 7.96
v 7.96 0.02 7.96
v 0.04 0.02 7.96
v 0.04 0.02 7.96
v 7.96 0.02 0.04
v 7.96 0.02 0.04
v 0.04 0.02 0.04
v 0.04 0.02 0.04
v 0.04 9.58 0.04
v 0.04 9.58 0.04
v 0.04 9.58 7.96
v 0.04 9.58 7.96
v 7.96 9.58 0.04
v 7.96 9.58 0.04
v 7.96 9.58 7.96
v 7.96 9.58 7.96
v 1.6 0.02 1.6
v 1.6 0.02 1.6
v 1.6 0.02 6.4
v 1.6 0.02 6.4
v 6.4 0.02 1.6
v 6.4 0.02 1.6
v 6.4 0.02 6.4
v 6.4 0.02 6.4
v 6.4 8.6 6.4
v 6.4 8.6 6.4
v 1.6 8.6 6.4
v 1.6 8.6 6.4
v 6.4 8.6 1.6
v 6.4 8.6 1.6
v 1.6 8.6 1.6
v 1.6 8.6 1.6
v 4.918 11.15 1.783
v 4.821 11.4 2.018
v 4.89 11.327 1.852
v 5.517 11.4 2.483
v 5.697 11.15 2.303
v 5.644 11.327 2.356
v 6.217 11.15 3.082
v 5.982 11.4 3.179
v 6.148 11.327 3.11
v 6.145 11.4 4
v 6.4 11.15 4
v 6.325 11.327 4
v 6.217 11.15 4.918
v 5.982 11.4 4.821
v 6.148 11.327 4.89
v 5.697 11.15 5.697
v 5.517 11.4 5.517
v 5.644 11.327 5.644
v 4.918 11.15 6.217
v 4.821 11.4 5.982
v 4.89 11.327 6.148
v 4 11.15 6.4
v 4 11.4 6.145
v 4 11.327 6.325
v 3.179 11.4 5.982
v 3.082 11.15 6.217
v 3.11 11.327 6.148
v 2.303 11.15 5.697
v 2.483 11.4 5.517
v 2.356 11.327 5.644
v 1.783 11.15 4.918
v 2.018 11.4 4.821
v 1.852 11.327 4.89
v 1.6 11.15 4
v 1.855 11.4 4
v 1.675 11.327 4
v 1.783 11.15 3.082
v 2.018 11.4 3.179
v 1.852 11.327 3.11
v 2.483 11.4 2.483
v 2.303 11.15 2.303
v 2.356 11.327 2.356
v 3.082 11.15 1.783
v 3.179 11.4 2.018
v 3.11 11.327 1.852
v 4 11.15 1.6
v 4 11.4 1.855
v 4 11.327 1.675
v 5.063 11.4 5.014
v 5.164 11.4 4
v 5.063 11.4 2.986
v 4 11.4 5.097
v 4 11.4 4
v 4 11.4 2.903
v 2.937 11.4 5.014
v 2.836 11.4 4
v 2.937 11.4 2.986
v 4 9.73 1.6
v 4 9.58 1.447
v 4 9.624 1.555
v 3.023 9.58 1.641
v 3.082 9.73 1.783
v 3.064 9.624 1.741
v 2.195 9.58 2.195
v 2.303 9.73 2.303
v 2.271 9.624 2.271
v 1.641 9.58 3.023
v 1.783 9.73 3.082
v 1.741 9.624 3.064
v 1.447 9.58 4
v 1.6 9.73 4
v 1.555 9.624 4
v 1.641 9.58 4.977
v 1.783 9.73 4.918
v 1.741 9.624 4.936
v 2.195 9.58 5.805
v 2.303 9.73 5.697
v 2.271 9.624 5.729
v 3.023 9.58 6.359
v 3.082 9.73 6.217
v 3.064 9.624 6.259
v 4 9.58 6.553
v 4 9.73 6.4
v 4 9.624 6.445
v 4.977 9.58 6.359
v 4.918 9.73 6.217
v 4.936 9.624 6.259
v 5.805 9.58 5.805
v 5.697 9.73 5.697
v 5.729 9.624 5.729
v 6.359 9.58 4.977
v 6.217 9.73 4.918
v 6.259 9.624 4.936
v 6.553 9.58 4
v 6.4 9.73 4
v 6.445 9.624 4
v 6.359 9.58 3.023
v 6.217 9.73 3.082
v 6.259 9.624 3.064
v 5.805 9.58 2.195
v 5.697 9.73 2.303
v 5.729 9.624 2.271
v 4.977 9.58 1.641
v 4.918 9.73 1.783
v 4.936 9.624 1.741
usemtl MB_1
s off
f 326 333 330
f 333 331 330
f 335 328 332
f 328 329 332
f 327 336 324
f 336 337 324
f 323 338 325
f 338 334 325
f 312 313 311
f 313 314 311
f 310 339 309
f 339 341 309
f 307 343 310
f 343 339 310
f 343 307 345
f 307 308 345
f 309 341 308
f 341 345 308
f 342 349 346
f 349 347 346
f 317 348 344
f 348 351 344
f 318 352 340
f 352 353 340
f 315 354 316
f 354 350 316
f 319 320 322
f 320 321 322
f 362 405 364
f 405 404 364
f 391 395 422
f 395 419 422
f 410 389 409
f 389 386 409
f 406 409 377
f 409 379 377
f 394 392 398
f 392 411 398
f 401 408 356
f 408 405 356
f 409 386 379
f 386 383 379
f 368 403 371
f 403 374 371
f 398 411 401
f 411 408 401
f 411 392 410
f 392 389 410
f 356 405 358
f 405 362 358
f 364 404 368
f 404 403 368
f 403 406 374
f 406 377 374
f 359 360 361
f 360 363 361
f 360 358 363
f 358 362 363
f 365 366 367
f 366 369 367
f 366 364 369
f 364 368 369
f 380 381 382
f 381 384 382
f 381 379 384
f 379 383 384
f 367 369 370
f 369 372 370
f 369 368 372
f 368 371 372
f 370 372 373
f 372 375 373
f 372 371 375
f 371 374 375
f 382 384 385
f 384 387 385
f 384 383 387
f 383 386 387
f 385 387 388
f 387 390 388
f 387 386 390
f 386 389 390
f 395 396 397
f 396 399 397
f 396 394 399
f 394 398 399
f 373 375 376
f 375 378 376
f 375 374 378
f 374 377 378
f 376 378 380
f 378 381 380
f 378 377 381
f 377 379 381
f 388 390 391
f 390 393 391
f 390 389 393
f 389 392 393
f 391 393 395
f 393 396 395
f 393 392 396
f 392 394 396
f 397 399 400
f 399 402 400
f 399 398 402
f 398 401 402
f 361 363 365
f 363 366 365
f 363 362 366
f 362 364 366
f 400 402 355
f 402 357 355
f 402 401 357
f 401 356 357
f 355 357 359
f 357 360 359
f 357 356 360
f 356 358 360
f 404 407 403
f 407 406 403
f 407 410 406
f 410 409 406
f 405 408 404
f 408 407 404
f 408 411 407
f 411 410 407
f 416 412 417
f 412 414 417
f 417 414 415
f 414 413 415
f 419 416 420
f 416 417 420
f 420 417 418
f 417 415 418
f 422 419 423
f 419 420 423
f 423 420 421
f 420 418 421
f 425 422 426
f 422 423 426
f 426 423 424
f 423 421 424
f 428 425 429
f 425 426 429
f 429 426 427
f 426 424 427
f 431 428 432
f 428 429 432
f 432 429 430
f 429 427 430
f 434 431 435
f 431 432 435
f 435 432 433
f 432 430 433
f 437 434 438
f 434 435 438
f 438 435 436
f 435 433 436
f 440 437 441
f 437 438 441
f 441 438 439
f 438 436 439
f 443 440 444
f 440 441 444
f 444 441 442
f 441 439 442
f 446 443 447
f 443 444 447
f 447 444 445
f 444 442 445
f 449 446 450
f 446 447 450
f 450 447 448
f 447 445 448
f 452 449 453
f 449 450 453
f 453 450 451
f 450 448 451
f 455 452 456
f 452 453 456
f 456 453 454
f 453 451 454
f 458 455 459
f 455 456 459
f 459 456 457
f 456 454 457
f 412 458 414
f 458 459 414
f 414 459 413
f 459 457 413
f 370 373 443
f 373 440 443
f 395 397 419
f 397 416 419
f 373 376 440
f 376 437 440
f 412 400 458
f 400 355 458
f 397 400 416
f 400 412 416
f 376 380 437
f 380 434 437
f 458 355 455
f 355 359 455
f 380 382 434
f 382 431 434
f 359 361 455
f 361 452 455
f 382 385 431
f 385 428 431
f 361 365 452
f 365 449 452
f 385 388 428
f 388 425 428
f 365 367 449
f 367 446 449
f 388 391 425
f 391 422 425
f 367 370 446
f 370 443 446
o Part.4
v -8.04 0.02 0.04
v -8.04 0.02 7.96
v -15.96 0.02 7.96
v -15.96 0.02 0.04
v -15.96 9.58 0.04
v -15.96 9.58 7.96
v -8.04 9.58 7.96
v -8.04 9.58 0.04
v -14.4 0.02 1.6
v -14.4 0.02 6.4
v -9.6 0.02 6.4
v -9.6 0.02 1.6
v -9.6 8.6 1.6
v -9.6 8.6 6.4
v -14.4 8.6 6.4
v -14.4 8.6 1.6
v -8.04 0.02 7.96
v -8.04 0.02 7.96
v -15.96 0.02 7.96
v -15.96 0.02 7.96
v -8.04 0.02 0.04
v -8.04 0.02 0.04
v -15.96 0.02 0.04
v -15.96 0.02 0.04
v -15.96 9.58 0.04
v -15.96 9.58 0.04
v -15.96 9.58 7.96
v -15.96 9.58 7.96
v -8.04 9.58 0.04
v -8.04 9.58 0.04
v -8.04 9.58 7.96
v -8.04 9.58 7.96
v -14.4 0.02 1.6
v -14.4 0.02 1.6
v -14.4 0.02 6.4
v -14.4 0.02 6.4
v -9.6 0.02 1.6
v -9.6 0.02 1.6
v -9.6 0.02 6.4
v -9.6 0.02 6.4
v -9.6 8.6 6.4
v -9.6 8.6 6.4
v -14.4 8.6 6.4
v -14.4 8.6 6.4
v -9.6 8.6 1.6
v -9.6 8.6 1.6
v -14.4 8.6 1.6
v -14.4 8.6 1.6
v -11.082 11.15 1.783
v -11.179 11.4 2.018
v -11.11 11.327 1.852
v -10.483 11.4 2.483
v -10.303 11.15 2.303
v -10.356 11.327 2.356
v -9.783 11.15 3.082
v -10.018 11.4 3.179
v -9.852 11.327 3.11
v -9.855 11.4 4
v -9.6 11.15 4
v -9.675 11.327 4
v -9.783 11.15 4.918
v -10.018 11.4 4.821
v -9.852 11.327 4.89
v -10.303 11.15 5.697
v -10.483 11.4 5.517
v -10.356 11.327 5.644
v -11.082 11.15 6.217
v -11.179 11.4 5.982
v -11.11 11.327 6.148
v -12 11.15 6.4
v -12 11.4 6.145
v -12 11.327 6.325
v -12.821 11.4 5.982
v -12.918 11.15 6.217
v -12.89 11.327 6.148
v -13.697 11.15 5.697
v -13.517 11.4 5.517
v -13.644 11.327 5.644
v -14.217 11.15 4.918
v -13.982 11.4 4.821
v -14.148 11.327 4.89
v -14.4 11.15 4
v -14.145 11.4 4
v -14.325 11.327 4
v -14.217 11.15 3.082
v -13.982 11.4 3.179
v -14.148 11.327 3.11
v -13.517 11.4 2.483
v -13.697 11.15 2.303
v -13.644 11.327 2.356
v -12.918 11.15 1.783
v -12.821 11.4 2.018
v -12.89 11.327 1.852
v -12 11.15 1.6
v -12 11.4 1.855
v -12 11.327 1.675
v -10.937 11.4 5.014
v -10.836 11.4 4
v -10.937 11.4 2.986
v -12 11.4 5.097
v -12 11.4 4
v -12 11.4 2.903
v -13.063 11.4 5.014
v -13.164 11.4 4
v -13.063 11.4 2.986
v -12 9.73 1.6
v -12 9.58 1.447
v -12 9.624 1.555
v -12.977 9.58 1.641
v -12.918 9.73 1.783
v -12.936 9.624 1.741
v -13.805 9.58 2.195
v -13.697 9.73 2.303
v -13.729 9.624 2.271
v -14.359 9.58 3.023
v -14.217 9.73 3.082
v -14.259 9.624 3.064
v -14.553 9.58 4
v -14.4 9.73 4
v -14.445 9.624 4
v -14.359 9.58 4.977
v -14.217 9.73 4.918
v -14.259 9.624 4.936
v -13.805 9.58 5.805
v -13.697 9.73 5.697
v -13.729 9.624 5.729
v -12.977 9.58 6.359
v -12.918 9.73 6.217
v -12.936 9.624 6.259
v -12 9.58 6.553
v -12 9.73 6.4
v -12 9.624 6.445
v -11.023 9.58 6.359
v -11.082 9.73 6.217
v -11.064 9.624 6.259
v -10.195 9.58 5.805
v -10.303 9.73 5.697
v -10.271 9.624 5.729
v -9.641 9.58 4.977
v -9.783 9.73 4.918
v -9.741 9.624 4.936
v -9.447 9.58 4
v -9.6 9.73 4
v -9.555 9.624 4
v -9.641 9.58 3.023
v -9.783 9.73 3.082
v -9.741 9.624 3.064
v -10.195 9.58 2.195
v -10.303 9.73 2.303
v -10.271 9.624 2.271
v -11.023 9.58 1.641
v -11.082 9.73 1.783
v -11.064 9.624 1.741
usemtl MB_1
s off
f 479 486 483
f 486 484 483
f 488 481 485
f 481 482 485
f 480 489 477
f 489 490 477
f 476 491 478
f 491 487 478
f 465 466 464
f 466 467 464
f 463 492 462
f 492 494 462
f 460 496 463
f 496 492 463
f 496 460 498
f 460 461 498
f 462 494 461
f 494 498 461
f 495 502 499
f 502 500 499
f 470 501 497
f 501 504 497
f 471 505 493
f 505 506 493
f 468 507 469
f 507 503 469
f 472 473 475
f 473 474 475
f 515 558 517
f 558 557 517
f 544 548 575
f 548 572 575
f 563 542 562
f 542 539 562
f 559 562 530
f 562 532 530
f 547 545 551
f 545 564 551
f 554 561 509
f 561 558 509
f 562 539 532
f 539 536 532
f 521 556 524
f 556 527 524
f 551 564 554
f 564 561 554
f 564 545 563
f 545 542 563
f 509 558 511
f 558 515 511
f 517 557 521
f 557 556 521
f 556 559 527
f 559 530 527
f 512 513 514
f 513 516 514
f 513 511 516
f 511 515 516
f 518 519 520
f 519 522 520
f 519 517 522
f 517 521 522
f 533 534 535
f 534 537 535
f 534 532 537
f 532 536 537
f 520 522 523
f 522 525 523
f 522 521 525
f 521 524 525
f 523 525 526
f 525 528 526
f 525 524 528
f 524 527 528
f 535 537 538
f 537 540 538
f 537 536 540
f 536 539 540
f 538 540 541
f 540 543 541
f 540 539 543
f 539 542 543
f 548 549 550
f 549 552 550
f 549 547 552
f 547 551 552
f 526 528 529
f 528 531 529
f 528 527 531
f 527 530 531
f 529 531 533
f 531 534 533
f 531 530 534
f 530 532 534
f 541 543 544
f 543 546 544
f 543 542 546
f 542 545 546
f 544 546 548
f 546 549 548
f 546 545 549
f 545 547 549
f 550 552 553
f 552 555 553
f 552 551 555
f 551 554 555
f 514 516 518
f 516 519 518
f 516 515 519
f 515 517 519
f 553 555 508
f 555 510 508
f 555 554 510
f 554 509 510
f 508 510 512
f 510 513 512
f 510 509 513
f 509 511 513
f 557 560 556
f 560 559 556
f 560 563 559
f 563 562 559
f 558 561 557
f 561 560 557
f 561 564 560
f 564 563 560
f 569 565 570
f 565 567 570
f 570 567 568
f 567 566 568
f 572 569 573
f 569 570 573
f 573 570 571
f 570 568 571
f 575 572 576
f 572 573 576
f 576 573 574
f 573 571 574
f 578 575 579
f 575 576 579
f 579 576 577
f 576 574 577
f 581 578 582
f 578 579 582
f 582 579 580
f 579 577 580
f 584 581 585
f 581 582 585
f 585 582 583
f 582 580 583
f 587 584 588
f 584 585 588
f 588 585 586
f 585 583 586
f 590 587 591
f 587 588 591
f 591 588 589
f 588 586 589
f 593 590 594
f 590 591 594
f 594 591 592
f 591 589 592
f 596 593 597
f 593 594 597
f 597 594 595
f 594 592 595
f 599 596 600
f 596 597 600
f 600 597 598
f 597 595 598
f 602 599 603
f 599 600 603
f 603 600 601
f 600 598 601
f 605 602 606
f 602 603 606
f 606 603 604
f 603 601 604
f 608 605 609
f 605 606 609
f 609 606 607
f 606 604 607
f 611 608 612
f 608 609 612
f 612 609 610
f 609 607 610
f 565 611 567
f 611 612 567
f 567 612 566
f 612 610 566
f 523 526 596
f 526 593 596
f 548 550 572
f 550 569 572
f 526 529 593
f 529 590 593
f 565 553 611
f 553 508 611
f 550 553 569
f 553 565 569
f 529 533 590
f 533 587 590
f 611 508 608
f 508 512 608
f 533 535 587
f 535 584 587
f 512 514 608
f 514 605 608
f 535 538 584
f 538 581 584
f 514 518 605
f 518 602 605
f 538 541 581
f 541 578 581
f 518 520 602
f 520 599 602
f 541 544 578
f 544 575 578
f 520 523 599
f 523 596 599
o Part.5
v -8.04 0.02 16.04
v -8.04 0.02 23.96
v -15.96 0.02 23.96
v -15.96 0.02 16.04
v -15.96 9.58 16.04
v -15.96 9.58 23.96
v -8.04 9.58 23.96
v -8.04 9.58 16.04
v -14.4 0.02 17.6
v -14.4 0.02 22.4
v -9.6 0.02 22.4
v -9.6 0.02 17.6
v -9.6 8.6 17.6
v -9.6 8.6 22.4
v -14.4 8.6 22.4
v -14.4 8.6 17.6
v -8.04 0.02 23.96
v -8.04 0.02 23.96
v -15.96 0.02 23.96
v -15.96 0.02 23.96
v -8.04 0.02 16.04
v -8.04 0.02 16.04
v -15.96 0.02 16.04
v -15.96 0.02 16.04
v -15.96 9.58 16.04
v -15.96 9.58 16.04
v -15.96 9.58 23.96
v -15.96 9.58 23.96
v -8.04 9.58 16.04
v -8.04 9.58 16.04
v -8.04 9.58 23.96
v -8.04 9.58 23.96
v -14.4 0.02 17.6
v -14.4 0.02 17.6
v -14.4 0.02 22.4
v -14.4 0.02 22.4
v -9.6 0.02 17.6
v -9.6 0.02 17.6
v -9.6 0.02 22.4
v -9.6 0.02 22.4
v -9.6 8.6 22.4
v -9.6 8.6 22.4
v -14.4 8.6 22.4
v -14.4 8.6 22.4
v -9.6 8.6 17.6
v -9.6 8.6 17.6
v -14.4 8.6 17.6
v -14.4 8.6 17.6
v -11.082 11.15 17.783
v -11.179 11.4 18.018
v -11.11 11.327 17.852
v -10.483 11.4 18.483
v -10.303 11.15 18.303
v -10.356 11.327 18.356
v -9.783 11.15 19.082
v -10.018 11.4 19.179
v -9.852 11.327 19.11
v -9.855 11.4 20
v -9.6 11.15 20
v -9.675 11.327 20
v -9.783 11.15 20.918
v -10.018 11.4 20.821
v -9.852 11.327 20.89
v -10.303 11.15 21.697
v -10.483 11.4 21.517
v -10.356 11.327 21.644
v -11.082 11.15 22.217
v -11.179 11.4 21.982
v -11.11 11.327 22.148
v -12 11.15 22.4
v -12 11.4 22.145
v -12 11.327 22.325
v -12.821 11.4 21.982
v -12.918 11.15 22.217
v -12.89 11.327 22.148
v -13.697 11.15 21.697
v -13.517 11.4 21.517
v -13.644 11.327 21.644
v -14.217 11.15 20.918
v -13.982 11.4 20.821
v -14.148 11.327 20.89
v -14.4 11.15 20
v -14.145 11.4 20
v -14.325 11.327 20
v -14.217 11.15 19.082
v -13.982 11.4 19.179
v -14.148 11.327 19.11
v -13.517 11.4 18.483
v -13.697 11.15 18.303
v -13.644 11.327 18.356
v -12.918 11.15 17.783
v -12.821 11.4 18.018
v -12.89 11.327 17.852
v -12 11.15 17.6
v -12 11.4 17.855
v -12 11.327 17.675
v -10.937 11.4 21.014
v -10.836 11.4 20
v -10.937 11.4 18.986
v -12 11.4 21.097
v -12 11.4 20
v -12 11.4 18.903
v -13.063 11.4 21.014
v -13.164 11.4 20
v -13.063 11.4 18.986
v -12 9.73 17.6
v -12 9.58 17.447
v -12 9.624 17.555
v -12.977 9.58 17.641
v -12.918 9.73 17.783
v -12.936 9.624 17.741
v -13.805 9.58 18.195
v -13.697 9.73 18.303
v -13.729 9.624 18.271
v -14.359 9.58 19.023
v -14.217 9.73 19.082
v -14.259 9.624 19.064
v -14.553 9.58 20
v -14.4 9.73 20
v -14.445 9.624 20
v -14.359 9.58 20.977
v -14.217 9.73 20.918
v -14.259 9.624 20.936
v -13.805 9.58 21.805
v -13.697 9.73 21.697
v -13.729 9.624 21.729
v -12.977 9.58 22.359
v -12.918 9.73 22.217
v -12.936 9.624 22.259
v -12 9.58 22.553
v -12 9.73 22.4
v -12 9.624 22.445
v -11.023 9.58 22.359
v -11.082 9.73 22.217
v -11.064 9.624 22.259
v -10.195 9.58 21.805
v -10.303 9.73 21.697
v -10.271 9.624 21.729
v -9.641 9.58 20.977
v -9.783 9.73 20.918
v -9.741 9.624 20.936
v -9.447 9.58 20
v -9.6 9.73 20
v -9.555 9.624 20
v -9.641 9.58 19.023
v -9.783 9.73 19.082
v -9.741 9.624 19.064
v -10.195 9.58 18.195
v -10.303 9.73 18.303
v -10.271 9.624 18.271
v -11.023 9.58 17.641
v -11.082 9.73 17.783
v -11.064 9.624 17.741
usemtl MB_141
s off
f 632 639 636
f 639 637 636
f 641 634 638
f 634 635 638
f 633 642 630
f 642 643 630
f 629 644 631
f 644 640 631
f 618 619 617
f 619 620 617
f 616 645 615
f 645 647 615
f 613 649 616
f 649 645 616
f 649 613 651
f 613 614 651
f 615 647 614
f 647 651 614
f 648 655 652
f 655 653 652
f 623 654 650
f 654 657 650
f 624 658 646
f 658 659 646
f 621 660 622
f 660 656 622
f 625 626 628
f 626 627 628
f 668 711 670
f 711 710 670
f 697 701 728
f 701 725 728
f 716 695 715
f 695 692 715
f 712 715 683
f 715 685 683
f 700 698 704
f 698 717 704
f 707 714 662
f 714 711 662
f 715 692 685
f 692 689 685
f 674 709 677
f 709 680 677
f 704 717 707
f 717 714 707
f 717 698 716
f 698 695 716
f 662 711 664
f 711 668 664
f 670 710 674
f 710 709 674
f 709 712 680
f 712 683 680
f 665 666 667
f 666 669 667
f 666 664 669
f 664 668 669
f 671 672 673
f 672 675 673
f 672 670 675
f 670 674 675
f 686 687 688
f 687 690 688
f 687 685 690
f 685 689 690
f 673 675 676
f 675 678 676
f 675 674 678
f 674 677 678
f 676 678 679
f 678 681 679
f 678 677 681
f 677 680 681
f 688 690 691
f 690 693 691
f 690 689 693
f 689 692 693
f 691 693 694
f 693 696 694
f 693 692 696
f 692 695 696
f 701 702 703
f 702 705 703
f 702 700 705
f 700 704 705
f 679 681 682
f 681 684 682
f 681 680 684
f 680 683 684
f 682 684 686
f 684 687 686
f 684 683 687
f 683 685 687
f 694 696 697
f 696 699 697
f 696 695 699
f 695 698 699
f 697 699 701
f 699 702 701
f 699 698 702
f 698 700 702
f 703 705 706
f 705 708 706
f 705 704 708
f 704 707 708
f 667 669 671
f 669 672 671
f 669 668 672
f 668 670 672
f 706 708 661
f 708 663 661
f 708 707 663
f 707 662 663
f 661 663 665
f 663 666 665
f 663 662 666
f 662 664 666
f 710 713 709
f 713 712 709
f 713 716 712
f 716 715 712
f 711 714 710
f 714 713 710
f 714 717 713
f 717 716 713
f 722 718 723
f 718 720 723
f 723 720 721
f 720 719 721
f 725 722 726
f 722 723 726
f 726 723 724
f 723 721 724
f 728 725 729
f 725 726 729
f 729 726 727
f 726 724 727
f 731 728 732
f 728 729 732
f 732 729 730
f 729 727 730
f 734 731 735
f 731 732 735
f 735 732 733
f 732 730 733
f 737 734 738
f 734 735 738
f 738 735 736
f 735 733 736
f 740 737 741
f 737 738 741
f 741 738 739
f 738 736 739
f 743 740 744
f 740 741 744
f 744 741 742
f 741 739 742
f 746 743 747
f 743 744 747
f 747 744 745
f 744 742 745
f 749 746 750
f 746 747 750
f 750 747 748
f 747 745 748
f 752 749 753
f 749 750 753
f 753 750 751
f 750 748 751
f 755 752 756
f 752 753 756
f 756 753 754
f 753 751 754
f 758 755 759
f 755 756 759
f 759 756 757
f 756 754 757
f 761 758 762
f 758 759 762
f 762 759 760
f 759 757 760
f 764 761 765
f 761 762 765
f 765 762 763
f 762 760 763
f 718 764 720
f 764 765 720
f 720 765 719
f 765 763 719
f 676 679 749
f 679 746 749
f 701 703 725
f 703 722 725
f 679 682 746
f 682 743 746
f 718 706 764
f 706 661 764
f 703 706 722
f 706 718 722
f 682 686 743
f 686 740 743
f 764 661 761
f 661 665 761
f 686 688 740
f 688 737 740
f 665 667 761
f 667 758 761
f 688 691 737
f 691 734 737
f 667 671 758
f 671 755 758
f 691 694 734
f 694 731 734
f 671 673 755
f 673 752 755
f 694 697 731
f 697 728 731
f 673 676 752
f 676 749 752
o Part.6
v 7.96 0.02 16.04
v 7.96 0.02 23.96
v 0.04 0.02 23.96
v 0.04 0.02 16.04
v 0.04 9.58 16.04
v 0.04 9.58 23.96
v 7.96 9.58 23.96
v 7.96 9.58 16.04
v 1.6 0.02 17.6
v 1.6 0.02 22.4
v 6.4 0.02 22.4
v 6.4 0.02 17.6
v 6.4 8.6 17.6
v 6.4 8.6 22.4
v 1.6 8.6 22.4
v 1.6 8.6 17.6
v 7.96 0.02 23.96
v 7.96 0.02 23.96
v 0.04 0.02 23.96
v 0.04 0.02 23.96
v 7.96 0.02 16.04
v 7.96 0.02 16.04
v 0.04 0.02 16.04
v 0.04 0.02 16.04
v 0.04 9.58 16.04
v 0.04 9.58 16.04
v 0.04 9.58 23.96
v 0.04 9.58 23.96
v 7.96 9.58 16.04
v 7.96 9.58 16.04
v 7.96 9.58 23.96
v 7.96 9.58 23.96
v 1.6 0.02 17.6
v 1.6 0.02 17.6
v 1.6 0.02 22.4
v 1.6 0.02 22.4
v 6.4 0.02 17.6
v 6.4 0.02 17.6
v 6.4 0.02 22.4
v 6.4 0.02 22.4
v 6.4 8.6 22.4
v 6.4 8.6 22.4
v 1.6 8.6 22.4
v 1.6 8.6 22.4
v 6.4 8.6 17.6
v 6.4 8.6 17.6
v 1.6 8.6 17.6
v 1.6 8.6 17.6
v 4.918 11.15 17.783
v 4.821 11.4 18.018
v 4.89 11.327 17.852
v 5.517 11.4 18.483
v 5.697 11.15 18.303
v 5.644 11.327 18.356
v 6.217 11.15 19.082
v 5.982 11.4 19.179
v 6.148 11.327 19.11
v 6.145 11.4 20
v 6.4 11.15 20
v 6.325 11.327 20
v 6.217 11.15 20.918
v 5.982 11.4 20.821
v 6.148 11.327 20.89
v 5.697 11.15 21.697
v 5.517 11.4 21.517
v 5.644 11.327 21.644
v 4.918 11.15 22.217
v 4.821 11.4 21.982
v 4.89 11.327 22.148
v 4 11.15 22.4
v 4 11.4 22.145
v 4 11.327 22.325
v 3.179 11.4 21.982
v 3.082 11.15 22.217
v 3.11 11.327 22.148
v 2.303 11.15 21.697
v 2.483 11.4 21.517
v 2.356 11.327 21.644
v 1.783 11.15 20.918
v 2.018 11.4 20.821
v 1.852 11.327 20.89
v 1.6 11.15 20
v 1.855 11.4 20
v 1.675 11.327 20
v 1.783 11.15 19.082
v 2.018 11.4 19.179
v 1.852 11.327 19.11
v 2.483 11.4 18.483
v 2.303 11.15 18.303
v 2.356 11.327 18.356
v 3.082 11.15 17.783
v 3.179 11.4 18.018
v 3.11 11.327 17.852
v 4 11.15 17.6
v 4 11.4 17.855
v 4 11.327 17.675
v 5.063 11.4 21.014
v 5.164 11.4 20
v 5.063 11.4 18.986
v 4 11.4 21.097
v 4 11.4 20
v 4 11.4 18.903
v 2.937 11.4 21.014
v 2.836 11.4 20
v 2.937 11.4 18.986
v 4 9.73 17.6
v 4 9.58 17.447
v 4 9.624 17.555
v 3.023 9.58 17.641
v 3.082 9.73 17.783
v 3.064 9.624 17.741
v 2.195 9.58 18.195
v 2.303 9.73 18.303
v 2.271 9.624 18.271
v 1.641 9.58 19.023
v 1.783 9.73 19.082
v 1.741 9.624 19.064
v 1.447 9.58 20
v 1.6 9.73 20
v 1.555 9.624 20
v 1.641 9.58 20.977
v 1.783 9.73 20.918
v 1.741 9.624 20.936
v 2.195 9.58 21.805
v 2.303 9.73 21.697
v 2.271 9.624 21.729
v 3.023 9.58 22.359
v 3.082 9.73 22.217
v 3.064 9.624 22.259
v 4 9.58 22.553
v 4 9.73 22.4
v 4 9.624 22.445
v 4.977 9.58 22.359
v 4.918 9.73 22.217
v 4.936 9.624 22.259
v 5.805 9.58 21.805
v 5.697 9.73 21.697
v 5.729 9.624 21.729
v 6.359 9.58 20.977
v 6.217 9.73 20.918
v 6.259 9.624 20.936
v 6.553 9.58 20
v 6.4 9.73 20
v 6.445 9.624 20
v 6.359 9.58 19.023
v 6.217 9.73 19.082
v 6.259 9.624 19.064
v 5.805 9.58 18.195
v 5.697 9.73 18.303
v 5.729 9.624 18.271
v 4.977 9.58 17.641
v 4.918 9.73 17.783
v 4.936 9.624 17.741
usemtl MB_141
s off
f 785 792 789
f 792 790 789
f 794 787 791
f 787 788 791
f 786 795 783
f 795 796 783
f 782 797 784
f 797 793 784
f 771 772 770
f 772 773 770
f 769 798 768
f 798 800 768
f 766 802 769
f 802 798 769
f 802 766 804
f 766 767 804
f 768 800 767
f 800 804 767
f 801 808 805
f 808 806 805
f 776 807 803
f 807 810 803
f 777 811 799
f 811 812 799
f 774 813 775
f 813 809 775
f 778 779 781
f 779 780 781
f 821 864 823
f 864 863 823
f 850 854 881
f 854 878 881
f 869 848 868
f 848 845 868
f 865 868 836
f 868 838 836
f 853 851 857
f 851 870 857
f 860 867 815
f 867 864 815
f 868 845 838
f 845 842 838
f 827 862 830
f 862 833 830
f 857 870 860
f 870 867 860
f 870 851 869
f 851 848 869
f 815 864 817
f 864 821 817
f 823 863 827
f 863 862 827
f 862 865 833
f 865 836 833
f 818 819 820
f 819 822 820
f 819 817 822
f 817 821 822
f 824 825 826
f 825 828 826
f 825 823 828
f 823 827 828
f 839 840 841
f 840 843 841
f 840 838 843
f 838 842 843
f 826 828 829
f 828 831 829
f 828 827 831
f 827 830 831
f 829 831 832
f 831 834 832
f 831 830 834
f 830 833 834
f 841 843 844
f 843 846 844
f 843 842 846
f 842 845 846
f 844 846 847
f 846 849 847
f 846 845 849
f 845 848 849
f 854 855 856
f 855 858 856
f 855 853 858
f 853 857 858
f 832 834 835
f 834 837 835
f 834 833 837
f 833 836 837
f 835 837 839
f 837 840 839
f 837 836 840
f 836 838 840
f 847 849 850
f 849 852 850
f 849 848 852
f 848 851 852
f 850 852 854
f 852 855 854
f 852 851 855
f 851 853 855
f 856 858 859
f 858 861 859
f 858 857 861
f 857 860 861
f 820 822 824
f 822 825 824
f 822 821 825
f 821 823 825
f 859 861 814
f 861 816 814
f 861 860 816
f 860 815 816
f 814 816 818
f 816 819 818
f 816 815 819
f 815 817 819
f 863 866 862
f 866 865 862
f 866 869 865
f 869 868 865
f 864 867 863
f 867 866 863
f 867 870 866
f 870 869 866
f 875 871 876
f 871 873 876
f 876 873 874
f 873 872 874
f 878 875 879
f 875 876 879
f 879 876 877
f 876 874 877
f 881 878 882
f 878 879 882
f 882 879 880
f 879 877 880
f 884 881 885
f 881 882 885
f 885 882 883
f 882 880 883
f 887 884 888
f 884 885 888
f 888 885 886
f 885 883 886
f 890 887 891
f 887 888 891
f 891 888 889
f 888 886 889
f 893 890 894
f 890 891 894
f 894 891 892
f 891 889 892
f 896 893 897
f 893 894 897
f 897 894 895
f 894 892 895
f 899 896 900
f 896 897 900
f 900 897 898
f 897 895 898
f 902 899 903
f 899 900 903
f 903 900 901
f 900 898 901
f 905 902 906
f 902 903 906
f 906 903 904
f 903 901 904
f 908 905 909
f 905 906 909
f 909 906 907
f 906 904 907
f 911 908 912
f 908 909 912
f 912 909 910
f 909 907 910
f 914 911 915
f 911 912 915
f 915 912 913
f 912 910 913
f 917 914 918
f 914 915 918
f 918 915 916
f 915 913 916
f 871 917 873
f 917 918 873
f 873 918 872
f 918 916 872
f 829 832 902
f 832 899 902
f 854 856 878
f 856 875 878
f 832 835 899
f 835 896 899
f 871 859 917
f 859 814 917
f 856 859 875
f 859 871 875
f 835 839 896
f 839 893 896
f 917 814 914
f 814 818 914
f 839 841 893
f 841 890 893
f 818 820 914
f 820 911 914
f 841 844 890
f 844 887 890
f 820 824 911
f 824 908 911
f 844 847 887
f 847 884 887
f 824 826 908
f 826 905 908
f 847 850 884
f 850 881 884
f 826 829 905
f 829 902 905
o Part.7
v 23.96 0.02 16.04
v 23.96 0.02 23.96
v 16.04 0.02 23.96
v 16.04 0.02 16.04
v 16.04 9.58 16.04
v 16.04 9.58 23.96
v 23.96 9.58 23.96
v 23.96 9.58 16.04
v 17.6 0.02 17.6
v 17.6 0.02 22.4
v 22.4 0.02 22.4
v 22.4 0.02 17.6
v 22.4 8.6 17.6
v 22.4 8.6 22.4
v 17.6 8.6 22.4
v 17.6 8.6 17.6
v 23.96 0.02 23.96
v 23.96 0.02 23.96
v 16.04 0.02 23.96
v 16.04 0.02 23.96
v 23.96 0.02 16.04
v 23.96 0.02 16.04
v 16.04 0.02 16.04
v 16.04 0.02 16.04
v 16.04 9.58 16.04
v 16.04 9.58 16.04
v 16.04 9.58 23.96
v 16.04 9.58 23.96
v 23.96 9.58 16.04
v 23.96 9.58 16.04
v 23.96 9.58 23.96
v 23.96 9.58 23.96
v 17.6 0.02 17.6
v 17.6 0.02 17.6
v 17.6 0.02 22.4
v 17.6 0.02 22.4
v 22.4 0.02 17.6
v 22.4 0.02 17.6
v 22.4 0.02 22.4
v 22.4 0.02 22.4
v 22.4 8.6 22.4
v 22.4 8.6 22.4
v 17.6 8.6 22.4
v 17.6 8.6 22.4
v 22.4 8.6 17.6
v 22.4 8.6 17.6
v 17.6 8.6 17.6
v 17.6 8.6 17.6
v 20.918 11.15 17.783
v 20.821 11.4 18.018
v 20.89 11.327 17.852
v 21.517 11.4 18.483
v 21.697 11.15 18.303
v 21.644 11.327 18.356
v 22.217 11.15 19.082
v 21.982 11.4 19.179
v 22.148 11.327 19.11
v 22.145 11.4 20
v 22.4 11.15 20
v 22.325 11.327 20
v 22.217 11.15 20.918
v 21.982 11.4 20.821
v 22.148 11.327 20.89
v 21.697 11.15 21.697
v 21.517 11.4 21.517
v 21.644 11.327 21.644
v 20.918 11.15 22.217
v 20.821 11.4 21.982
v 20.89 11.327 22.148
v 20 11.15 22.4
v 20 11.4 22.145
v 20 11.327 22.325
v 19.179 11.4 21.982
v 19.082 11.15 22.217
v 19.11 11.327 22.148
v 18.303 11.15 21.697
v 18.483 11.4 21.517
v 18.356 11.327 21.644
v 17.783 11.15 20.918
v 18.018 11.4 20.821
v 17.852 11.327 20.89
v 17.6 11.15 20
v 17.855 11.4 20
v 17.675 11.327 20
v 17.783 11.15 19.082
v 18.018 11.4 19.179
v 17.852 11.327 19.11
v 18.483 11.4 18.483
v 18.303 11.15 18.303
v 18.356 11.327 18.356
v 19.082 11.15 17.783
v 19.179 11.4 18.018
v 19.11 11.327 17.852
v 20 11.15 17.6
v 20 11.4 17.855
v 20 11.327 17.675
v 21.063 11.4 21.014
v 21.164 11.4 20
v 21.063 11.4 18.986
v 20 11.4 21.097
v 20 11.4 20
v 20 11.4 18.903
v 18.937 11.4 21.014
v 18.836 11.4 20
v 18.937 11.4 18.986
v 20 9.73 17.6
v 20 9.58 17.447
v 20 9.624 17.555
v 19.023 9.58 17.641
v 19.082 9.73 17.783
v 19.064 9.624 17.741
v 18.195 9.58 18.195
v 18.303 9.73 18.303
v 18.271 9.624 18.271
v 17.641 9.58 19.023
v 17.783 9.73 19.082
v 17.741 9.624 19.064
v 17.447 9.58 20
v 17.6 9.73 20
v 17.555 9.624 20
v 17.641 9.58 20.977
v 17.783 9.73 20.918
v 17.741 9.624 20.936
v 18.195 9.58 21.805
v 18.303 9.73 21.697
v 18.271 9.624 21.729
v 19.023 9.58 22.359
v 19.082 9.73 22.217
v 19.064 9.624 22.259
v 20 9.58 22.553
v 20 9.73 22.4
v 20 9.624 22.445
v 20.977 9.58 22.359
v 20.918 9.73 22.217
v 20.936 9.624 22.259
v 21.805 9.58 21.805
v 21.697 9.73 21.697
v 21.729 9.624 21.729
v 22.359 9.58 20.977
v 22.217 9.73 20.918
v 22.259 9.624 20.936
v 22.553 9.58 20
v 22.4 9.73 20
v 22.445 9.624 20
v 22.359 9.58 19.023
v 22.217 9.73 19.082
v 22.259 9.624 19.064
v 21.805 9.58 18.195
v 21.697 9.73 18.303
v 21.729 9.624 18.271
v 20.977 9.58 17.641
v 20.918 9.73 17.783
v 20.936 9.624 17.741
usemtl MB_141
s off
f 938 945 942
f 945 943 942
f 947 940 944
f 940 941 944
f 939 948 936
f 948 949 936
f 935 950 937
f 950 946 937
f 924 925 923
f 925 926 923
f 922 951 921
f 951 953 921
f 919 955 922
f 955 951 922
f 955 919 957
f 919 920 957
f 921 953 920
f 953 957 920
f 954 961 958
f 961 959 958
f 929 960 956
f 960 963 956
f 930 964 952
f 964 965 952
f 927 966 928
f 966 962 928
f 931 932 934
f 932 933 934
f 974 1017 976
f 1017 1016 976
f 1003 1007 1034
f 1007 1031 1034
f 1022 1001 1021
f 1001 998 1021
f 1018 1021 989
f 1021 991 989
f 1006 1004 1010
f 1004 1023 1010
f 1013 1020 968
f 1020 1017 968
f 1021 998 991
f 998 995 991
f 980 1015 983
f 1015 986 983
f 1010 1023 1013
f 1023 1020 1013
f 1023 1004 1022
f 1004 1001 1022
f 968 1017 970
f 1017 974 970
f 976 1016 980
f 1016 1015 980
f 1015 1018 986
f 1018 989 986
f 971 972 973
f 972 975 973
f 972 970 975
f 970 974 975
f 977 978 979
f 978 981 979
f 978 976 981
f 976 980 981
f 992 993 994
f 993 996 994
f 993 991 996
f 991 995 996
f 979 981 982
f 981 984 982
f 981 980 984
f 980 983 984
f 982 984 985
f 984 987 985
f 984 983 987
f 983 986 987
f 994 996 997
f 996 999 997
f 996 995 999
f 995 998 999
f 997 999 1000
f 999 1002 1000
f 999 998 1002
f 998 1001 1002
f 1007 1008 1009
f 1008 1011 1009
f 1008 1006 1011
f 1006 1010 1011
f 985 987 988
f 987 990 988
f 987 986 990
f 986 989 990
f 988 990 992
f 990 993 992
f 990 989 993
f 989 991 993
f 1000 1002 1003
f 1002 1005 1003
f 1002 1001 1005
f 1001 1004 1005
f 1003 1005 1007
f 1005 1008 1007
f 1005 1004 1008
f 1004 1006 1008
f 1009 1011 1012
f 1011 1014 1012
f 1011 1010 1014
f 1010 1013 1014
f 973 975 977
f 975 978 977
f 975 974 978
f 974 976 978
f 1012 1014 967
f 1014 969 967
f 1014 1013 969
f 1013 968 969
f 967 969 971
f 969 972 971
f 969 968 972
f 968 970 972
f 1016 1019 1015
f 1019 1018 1015
f 1019 1022 1018
f 1022 1021 1018
f 1017 1020 1016
f 1020 1019 1016
f 1020 1023 1019
f 1023 1022 1019
f 1028 1024 1029
f 1024 1026 1029
f 1029 1026 1027
f 1026 1025 1027
f 1031 1028 1032
f 1028 1029 1032
f 1032 1029 1030
f 1029 1027 1030
f 1034 1031 1035
f 1031 1032 1035
f 1035 1032 1033
f 1032 1030 1033
f 1037 1034 1038
f 1034 1035 1038
f 1038 1035 1036
f 1035 1033 1036
f 1040 1037 1041
f 1037 1038 1041
f 1041 1038 1039
f 1038 1036 1039
f 1043 1040 1044
f 1040 1041 1044
f 1044 1041 1042
f 1041 1039 1042
f 1046 1043 1047
f 1043 1044 1047
f 1047 1044 1045
f 1044 1042 1045
f 1049 1046 1050
f 1046 1047 1050
f 1050 1047 1048
f 1047 1045 1048
f 1052 1049 1053
f 1049 1050 1053
f 1053 1050 1051
f 1050 1048 1051
f 1055 1052 1056
f 1052 1053 1056
f 1056 1053 1054
f 1053 1051 1054
f 1058 1055 1059
f 1055 1056 1059
f 1059 1056 1057
f 1056 1054 1057
f 1061 1058 1062
f 1058 1059 1062
f 1062 1059 1060
f 1059 1057 1060
f 1064 1061 1065
f 1061 1062 1065
f 1065 1062 1063
f 1062 1060 1063
f 1067 1064 1068
f 1064 1065 1068
f 1068 1065 1066
f 1065 1063 1066
f 1070 1067 1071
f 1067 1068 1071
f 1071 1068 1069
f 1068 1066 1069
f 1024 1070 1026
f 1070 1071 1026
f 1026 1071 1025
f 1071 1069 1025
f 982 985 1055
f 985 1052 1055
f 1007 1009 1031
f 1009 1028 1031
f 985 988 1052
f 988 1049 1052
f 1024 1012 1070
f 1012 967 1070
f 1009 1012 1028
f 1012 1024 1028
f 988 992 1049
f 992 1046 1049
f 1070 967 1067
f 967 971 1067
f 992 994 1046
f 994 1043 1046
f 971 973 1067
f 973 1064 1067
f 994 997 1043
f 997 1040 1043
f 973 977 1064
f 977 1061 1064
f 997 1000 1040
f 1000 1037 1040
f 977 979 1061
f 979 1058 1061
f 1000 1003 1037
f 1003 1034 1037
f 979 982 1058
f 982 1055 1058
o Part.8
v 39.96 0.02 16.04
v 39.96 0.02 23.96
v 32.04 0.02 23.96
v 32.04 0.02 16.04
v 32.04 9.58 16.04
v 32.04 9.58 23.96
v 39.96 9.58 23.96
v 39.96 9.58 16.04
v 33.6 0.02 17.6
v 33.6 0.02 22.4
v 38.4 0.02 22.4
v 38.4 0.02 17.6
v 38.4 8.6 17.6
v 38.4 8.6 22.4
v 33.6 8.6 22.4
v 33.6 8.6 17.6
v 39.96 0.02 23.96
v 39.96 0.02 23.96
v 32.04 0.02 23.96
v 32.04 0.02 23.96
v 39.96 0.02 16.04
v 39.96 0.02 16.04
v 32.04 0.02 16.04
v 32.04 0.02 16.04
v 32.04 9.58 16.04
v 32.04 9.58 16.04
v 32.04 9.58 23.96
v 32.04 9.58 23.96
v 39.96 9.58 16.04
v 39.96 9.58 16.04
v 39.96 9.58 23.96
v 39.96 9.58 23.96
v 33.6 0.02 17.6
v 33.6 0.02 17.6
v 33.6 0.02 22.4
v 33.6 0.02 22.4
v 38.4 0.02 17.6
v 38.4 0.02 17.6
v 38.4 0.02 22.4
v 38.4 0.02 22.4
v 38.4 8.6 22.4
v 38.4 8.6 22.4
v 33.6 8.6 22.4
v 33.6 8.6 22.4
v 38.4 8.6 17.6
v 38.4 8.6 17.6
v 33.6 8.6 17.6
v 33.6 8.6 17.6
v 36.918 11.15 17.783
v 36.821 11.4 18.018
v 36.89 11.327 17.852
v 37.517 11.4 18.483
v 37.697 11.15 18.303
v 37.644 11.327 18.356
v 38.217 11.15 19.082
v 37.982 11.4 19.179
v 38.148 11.327 19.11
v 38.145 11.4 20
v 38.4 11.15 20
v 38.325 11.327 20
v 38.217 11.15 20.918
v 37.982 11.4 20.821
v 38.148 11.327 20.89
v 37.697 11.15 21.697
v 37.517 11.4 21.517
v 37.644 11.327 21.644
v 36.918 11.15 22.217
v 36.821 11.4 21.982
v 36.89 11.327 22.148
v 36 11.15 22.4
v 36 11.4 22.145
v 36 11.327 22.325
v 35.179 11.4 21.982
v 35.082 11.15 22.217
v 35.11 11.327 22.148
v 34.303 11.15 21.697
v 34.483 11.4 21.517
v 34.356 11.327 21.644
v 33.783 11.15 20.918
v 34.018 11.4 20.821
v 33.852 11.327 20.89
v 33.6 11.15 20
v 33.855 11.4 20
v 33.675 11.327 20
v 33.783 11.15 19.082
v 34.018 11.4 19.179
v 33.852 11.327 19.11
v 34.483 11.4 18.483
v 34.303 11.15 18.303
v 34.356 11.327 18.356
v 35.082 11.15 17.783
v 35.179 11.4 18.018
v 35.11 11.327 17.852
v 36 11.15 17.6
v 36 11.4 17.855
v 36 11.327 17.675
v 37.063 11.4 21.014
v 37.164 11.4 20
v 37.063 11.4 18.986
v 36 11.4 21.097
v 36 11.4 20
v 36 11.4 18.903
v 34.937 11.4 21.014
v 34.836 11.4 20
v 34.937 11.4 18.986
v 36 9.73 17.6
v 36 9.58 17.447
v 36 9.624 17.555
v 35.023 9.58 17.641
v 35.082 9.73 17.783
v 35.064 9.624 17.741
v 34.195 9.58 18.195
v 34.303 9.73 18.303
v 34.271 9.624 18.271
v 33.641 9.58 19.023
v 33.783 9.73 19.082
v 33.741 9.624 19.064
v 33.447 9.58 20
v 33.6 9.73 20
v 33.555 9.624 20
v 33.641 9.58 20.977
v 33.783 9.73 20.918
v 33.741 9.624 20.936
v 34.195 9.58 21.805
v 34.303 9.73 21.697
v 34.271 9.624 21.729
v 35.023 9.58 22.359
v 35.082 9.73 22.217
v 35.064 9.624 22.259
v 36 9.58 22.553
v 36 9.73 22.4
v 36 9.624 22.445
v 36.977 9.58 22.359
v 36.918 9.73 22.217
v 36.936 9.624 22.259
v 37.805 9.58 21.805
v 37.697 9.73 21.697
v 37.729 9.624 21.729
v 38.359 9.58 20.977
v 38.217 9.73 20.918
v 38.259 9.624 20.936
v 38.553 9.58 20
v 38.4 9.73 20
v 38.445 9.624 20
v 38.359 9.58 19.023
v 38.217 9.73 19.082
v 38.259 9.624 19.064
v 37.805 9.58 18.195
v 37.697 9.73 18.303
v 37.729 9.624 18.271
v 36.977 9.58 17.641
v 36.918 9.73 17.783
v 36.936 9.624 17.741
usemtl MB_141
s off
f 1091 1098 1095
f 1098 1096 1095
f 1100 1093 1097
f 1093 1094 1097
f 1092 1101 1089
f 1101 1102 1089
f 1088 1103 1090
f 1103 1099 1090
f 1077 1078 1076
f 1078 1079 1076
f 1075 1104 1074
f 1104 1106 1074
f 1072 1108 1075
f 1108 1104 1075
f 1108 1072 1110
f 1072 1073 1110
f 1074 1106 1073
f 1106 1110 1073
f 1107 1114 1111
f 1114 1112 1111
f 1082 1113 1109
f 1113 1116 1109
f 1083 1117 1105
f 1117 1118 1105
f 1080 1119 1081
f 1119 1115 1081
f 1084 1085 1087
f 1085 1086 1087
f 1127 1170 1129
f 1170 1169 1129
f 1156 1160 1187
f 1160 1184 1187
f 1175 1154 1174
f 1154 1151 1174
f 1171 1174 1142
f 1174 1144 1142
f 1159 1157 1163
f 1157 1176 1163
f 1166 1173 1121
f 1173 1170 1121
f 1174 1151 1144
f 1151 1148 1144
f 1133 1168 1136
f 1168 1139 1136
f 1163 1176 1166
f 1176 1173 1166
f 1176 1157 1175
f 1157 1154 1175
f 1121 1170 1123
f 1170 1127 1123
f 1129 1169 1133
f 1169 1168 1133
f 1168 1171 1139
f 1171 1142 1139
f 1124 1125 1126
f 1125 1128 1126
f 1125 1123 1128
f 1123 1127 1128
f 1130 1131 1132
f 1131 1134 1132
f 1131 1129 1134
f 1129 1133 1134
f 1145 1146 1147
f 1146 1149 1147
f 1146 1144 1149
f 1144 1148 1149
f 1132 1134 1135
f 1134 1137 1135
f 1134 1133 1137
f 1133 1136 1137
f 1135 1137 1138
f 1137 1140 1138
f 1137 1136 1140
f 1136 1139 1140
f 1147 1149 1150
f 1149 1152 1150
f 1149 1148 1152
f 1148 1151 1152
f 1150 1152 1153
f 1152 1155 1153
f 1152 1151 1155
f 1151 1154 1155
f 1160 1161 1162
f 1161 1164 1162
f 1161 1159 1164
f 1159 1163 1164
f 1138 1140 1141
f 1140 1143 1141
f 1140 1139 1143
f 1139 1142 1143
f 1141 1143 1145
f 1143 1146 1145
f 1143 1142 1146
f 1142 1144 1146
f 1153 1155 1156
f 1155 1158 1156
f 1155 1154 1158
f 1154 1157 1158
f 1156 1158 1160
f 1158 1161 1160
f 1158 1157 1161
f 1157 1159 1161
f 1162 1164 1165
f 1164 1167 1165
f 1164 1163 1167
f 1163 1166 1167
f 1126 1128 1130
f 1128 1131 1130
f 1128 1127 1131
f 1127 1129 1131
f 1165 1167 1120
f 1167 1122 1120
f 1167 1166 1122
f 1166 1121 1122
f 1120 1122 1124
f 1122 1125 1124
f 1122 1121 1125
f 1121 1123 1125
f 1169 1172 1168
f 1172 1171 1168
f 1172 1175 1171
f 1175 1174 1171
f 1170 1173 1169
f 1173 1172 1169
f 1173 1176 1172
f 1176 1175 1172
f 1181 1177 1182
f 1177 1179 1182
f 1182 1179 1180
f 1179 1178 1180
f 1184 1181 1185
f 1181 1182 1185
f 1185 1182 1183
f 1182 1180 1183
f 1187 1184 1188
f 1184 1185 1188
f 1188 1185 1186
f 1185 1183 1186
f 1190 1187 1191
f 1187 1188 1191
f 1191 1188 1189
f 1188 1186 1189
f 1193 1190 1194
f 1190 1191 1194
f 1194 1191 1192
f 1191 1189 1192
f 1196 1193 1197
f 1193 1194 1197
f 1197 1194 1195
f 1194 1192 1195
f 1199 1196 1200
f 1196 1197 1200
f 1200 1197 1198
f 1197 1195 1198
f 1202 1199 1203
f 1199 1200 1203
f 1203 1200 1201
f 1200 1198 1201
f 1205 1202 1206
f 1202 1203 1206
f 1206 1203 1204
f 1203 1201 1204
f 1208 1205 1209
f 1205 1206 1209
f 1209 1206 1207
f 1206 1204 1207
f 1211 1208 1212
f 1208 1209 1212
f 1212 1209 1210
f 1209 1207 1210
f 1214 1211 1215
f 1211 1212 1215
f 1215 1212 1213
f 1212 1210 1213
f 1217 1214 1218
f 1214 1215 1218
f 1218 1215 1216
f 1215 1213 1216
f 1220 1217 1221
f 1217 1218 1221
f 1221 1218 1219
f 1218 1216 1219
f 1223 1220 1224
f 1220 1221 1224
f 1224 1221 1222
f 1221 1219 1222
f 1177 1223 1179
f 1223 1224 1179
f 1179 1224 1178
f 1224 1222 1178
f 1135 1138 1208
f 1138 1205 1208
f 1160 1162 1184
f 1162 1181 1184
f 1138 1141 1205
f 1141 1202 1205
f 1177 1165 1223
f 1165 1120 1223
f 1162 1165 1181
f 1165 1177 1181
f 1141 1145 1202
f 1145 1199 1202
f 1223 1120 1220
f 1120 1124 1220
f 1145 1147 1199
f 1147 1196 1199
f 1124 1126 1220
f 1126 1217 1220
f 1147 1150 1196
f 1150 1193 1196
f 1126 1130 1217
f 1130 1214 1217
f 1150 1153 1193
f 1153 1190 1193
f 1130 1132 1214
f 1132 1211 1214
f 1153 1156 1190
f 1156 1187 1190
f 1132 1135 1211
f 1135 1208 1211
o Part.9
v -8.04 0.02 -15.96
v -8.04 0.02 -8.04
v -15.96 0.02 -8.04
v -15.96 0.02 -15.96
v -15.96 9.58 -15.96
v -15.96 9.58 -8.04
v -8.04 9.58 -8.04
v -8.04 9.58 -15.96
v -14.4 0.02 -14.4
v -14.4 0.02 -9.6
v -9.6 0.02 -9.6
v -9.6 0.02 -14.4
v -9.6 8.6 -14.4
v -9.6 8.6 -9.6
v -14.4 8.6 -9.6
v -14.4 8.6 -14.4
v -8.04 0.02 -8.04
v -8.04 0.02 -8.04
v -15.96 0.02 -8.04
v -15.96 0.02 -8.04
v -8.04 0.02 -15.96
v -8.04 0.02 -15.96
v -15.96 0.02 -15.96
v -15.96 0.02 -15.96
v -15.96 9.58 -15.96
v -15.96 9.58 -15.96
v -15.96 9.58 -8.04
v -15.96 9.58 -8.04
v -8.04 9.58 -15.96
v -8.04 9.58 -15.96
v -8.04 9.58 -8.04
v -8.04 9.58 -8.04
v -14.4 0.02 -14.4
v -14.4 0.02 -14.4
v -14.4 0.02 -9.6
v -14.4 0.02 -9.6
v -9.6 0.02 -14.4
v -9.6 0.02 -14.4
v -9.6 0.02 -9.6
v -9.6 0.02 -9.6
v -9.6 8.6 -9.6
v -9.6 8.6 -9.6
v -14.4 8.6 -9.6
v -14.4 8.6 -9.6
v -9.6 8.6 -14.4
v -9.6 8.6 -14.4
v -14.4 8.6 -14.4
v -14.4 8.6 -14.4
v -11.082 11.15 -14.217
v -11.179 11.4 -13.982
v -11.11 11.327 -14.148
v -10.483 11.4 -13.517
v -10.303 11.15 -13.697
v -10.356 11.327 -13.644
v -9.783 11.15 -12.918
v -10.018 11.4 -12.821
v -9.852 11.327 -12.89
v -9.855 11.4 -12
v -9.6 11.15 -12
v -9.675 11.327 -12
v -9.783 11.15 -11.082
v -10.018 11.4 -11.179
v -9.852 11.327 -11.11
v -10.303 11.15 -10.303
v -10.483 11.4 -10.483
v -10.356 11.327 -10.356
v -11.082 11.15 -9.783
v -11.179 11.4 -10.018
v -11.11 11.327 -9.852
v -12 11.15 -9.6
v -12 11.4 -9.855
v -12 11.327 -9.675
v -12.821 11.4 -10.018
v -12.918 11.15 -9.783
v -12.89 11.327 -9.852
v -13.697 11.15 -10.303
v -13.517 11.4 -10.483
v -13.644 11.327 -10.356
v -14.217 11.15 -11.082
v -13.982 11.4 -11.179
v -14.148 11.327 -11.11
v -14.4 11.15 -12
v -14.145 11.4 -12
v -14.325 11.327 -12
v -14.217 11.15 -12.918
v -13.982 11.4 -12.821
v -14.148 11.327 -12.89
v -13.517 11.4 -13.517
v -13.697 11.15 -13.697
v -13.644 11.327 -13.644
v -12.918 11.15 -14.217
v -12.821 11.4 -13.982
v -12.89 11.327 -14.148
v -12 11.15 -14.4
v -12 11.4 -14.145
v -12 11.327 -14.325
v -10.937 11.4 -10.986
v -10.836 11.4 -12
v -10.937 11.4 -13.014
v -12 11.4 -10.903
v -12 11.4 -12
v -12 11.4 -13.097
v -13.063 11.4 -10.986
v -13.164 11.4 -12
v -13.063 11.4 -13.014
v -12 9.73 -14.4
v -12 9.58 -14.553
v -12 9.624 -14.445
v -12.977 9.58 -14.359
v -12.918 9.73 -14.217
v -12.936 9.624 -14.259
v -13.805 9.58 -13.805
v -13.697 9.73 -13.697
v -13.729 9.624 -13.729
v -14.359 9.58 -12.977
v -14.217 9.73 -12.918
v -14.259 9.624 -12.936
v -14.553 9.58 -12
v -14.4 9.73 -12
v -14.445 9.624 -12
v -14.359 9.58 -11.023
v -14.217 9.73 -11.082
v -14.259 9.624 -11.064
v -13.805 9.58 -10.195
v -13.697 9.73 -10.303
v -13.729 9.624 -10.271
v -12.977 9.58 -9.641
v -12.918 9.73 -9.783
v -12.936 9.624 -9.741
v -12 9.58 -9.447
v -12 9.73 -9.6
v -12 9.624 -9.555
v -11.023 9.58 -9.641
v -11.082 9.73 -9.783
v -11.064 9.624 -9.741
v -10.195 9.58 -10.195
v -10.303 9.73 -10.303
v -10.271 9.624 -10.271
v -9.641 9.58 -11.023
v -9.783 9.73 -11.082
v -9.741 9.624 -11.064
v -9.447 9.58 -12
v -9.6 9.73 -12
v -9.555 9.624 -12
v -9.641 9.58 -12.977
v -9.783 9.73 -12.918
v -9.741 9.624 -12.936
v -10.195 9.58 -13.805
v -10.303 9.73 -13.697
v -10.271 9.624 -13.729
v -11.023 9.58 -14.359
v -11.082 9.73 -14.217
v -11.064 9.624 -14.259
usemtl MB_423
s off
f 1244 1251 1248
f 1251 1249 1248
f 1253 1246 1250
f 1246 1247 1250
f 1245 1254 1242
f 1254 1255 1242
f 1241 1256 1243
f 1256 1252 1243
f 1230 1231 1229
f 1231 1232 1229
f 1228 1257 1227
f 1257 1259 1227
f 1225 1261 1228
f 1261 1257 1228
f 1261 1225 1263
f 1225 1226 1263
f 1227 1259 1226
f 1259 1263 1226
f 1260 1267 1264
f 1267 1265 1264
f 1235 1266 1262
f 1266 1269 1262
f 1236 1270 1258
f 1270 1271 1258
f 1233 1272 1234
f 1272 1268 1234
f 1237 1238 1240
f 1238 1239 1240
f 1280 1323 1282
f 1323 1322 1282
f 1309 1313 1340
f 1313 1337 1340
f 1328 1307 1327
f 1307 1304 1327
f 1324 1327 1295
f 1327 1297 1295
f 1312 1310 1316
f 1310 1329 1316
f 1319 1326 1274
f 1326 1323 1274
f 1327 1304 1297
f 1304 1301 1297
f 1286 1321 1289
f 1321 1292 1289
f 1316 1329 1319
f 1329 1326 1319
f 1329 1310 1328
f 1310 1307 1328
f 1274 1323 1276
f 1323 1280 1276
f 1282 1322 1286
f 1322 1321 1286
f 1321 1324 1292
f 1324 1295 1292
f 1277 1278 1279
f 1278 1281 1279
f 1278 1276 1281
f 1276 1280 1281
f 1283 1284 1285
f 1284 1287 1285
f 1284 1282 1287
f 1282 1286 1287
f 1298 1299 1300
f 1299 1302 1300
f 1299 1297 1302
f 1297 1301 1302
f 1285 1287 1288
f 1287 1290 1288
f 1287 1286 1290
f 1286 1289 1290
f 1288 1290 1291
f 1290 1293 1291
f 1290 1289 1293
f 1289 1292 1293
f 1300 1302 1303
f 1302 1305 1303
f 1302 1301 1305
f 1301 1304 1305
f 1303 1305 1306
f 1305 1308 1306
f 1305 1304 1308
f 1304 1307 1308
f 1313 1314 1315
f 1314 1317 1315
f 1314 1312 1317
f 1312 1316 1317
f 1291 1293 1294
f 1293 1296 1294
f 1293 1292 1296
f 1292 1295 1296
f 1294 1296 1298
f 1296 1299 1298
f 1296 1295 1299
f 1295 1297 1299
f 1306 1308 1309
f 1308 1311 1309
f 1308 1307 1311
f 1307 1310 1311
f 1309 1311 1313
f 1311 1314 1313
f 1311 1310 1314
f 1310 1312 1314
f 1315 1317 1318
f 1317 1320 1318
f 1317 1316 1320
f 1316 1319 1320
f 1279 1281 1283
f 1281 1284 1283
f 1281 1280 1284
f 1280 1282 1284
f 1318 1320 1273
f 1320 1275 1273
f 1320 1319 1275
f 1319 1274 1275
f 1273 1275 1277
f 1275 1278 1277
f 1275 1274 1278
f 1274 1276 1278
f 1322 1325 1321
f 1325 1324 1321
f 1325 1328 1324
f 1328 1327 1324
f 1323 1326 1322
f 1326 1325 1322
f 1326 1329 1325
f 1329 1328 1325
f 1334 1330 1335
f 1330 1332 1335
f 1335 1332 1333
f 1332 1331 1333
f 1337 1334 1338
f 1334 1335 1338
f 1338 1335 1336
f 1335 1333 1336
f 1340 1337 1341
f 1337 1338 1341
f 1341 1338 1339
f 1338 1336 1339
f 1343 1340 1344
f 1340 1341 1344
f 1344 1341 1342
f 1341 1339 1342
f 1346 1343 1347
f 1343 1344 1347
f 1347 1344 1345
f 1344 1342 1345
f 1349 1346 1350
f 1346 1347 1350
f 1350 1347 1348
f 1347 1345 1348
f 1352 1349 1353
f 1349 1350 1353
f 1353 1350 1351
f 1350 1348 1351
f 1355 1352 1356
f 1352 1353 1356
f 1356 1353 1354
f 1353 1351 1354
f 1358 1355 1359
f 1355 1356 1359
f 1359 1356 1357
f 1356 1354 1357
f 1361 1358 1362
f 1358 1359 1362
f 1362 1359 1360
f 1359 1357 1360
f 1364 1361 1365
f 1361 1362 1365
f 1365 1362 1363
f 1362 1360 1363
f 1367 1364 1368
f 1364 1365 1368
f 1368 1365 1366
f 1365 1363 1366
f 1370 1367 1371
f 1367 1368 1371
f 1371 1368 1369
f 1368 1366 1369
f 1373 1370 1374
f 1370 1371 1374
f 1374 1371 1372
f 1371 1369 1372
f 1376 1373 1377
f 1373 1374 1377
f 1377 1374 1375
f 1374 1372 1375
f 1330 1376 1332
f 1376 1377 1332
f 1332 1377 1331
f 1377 1375 1331
f 1288 1291 1361
f 1291 1358 1361
f 1313 1315 1337
f 1315 1334 1337
f 1291 1294 1358
f 1294 1355 1358
f 1330 1318 1376
f 1318 1273 1376
f 1315 1318 1334
f 1318 1330 1334
f 1294 1298 1355
f 1298 1352 1355
f 1376 1273 1373
f 1273 1277 1373
f 1298 1300 1352
f 1300 1349 1352
f 1277 1279 1373
f 1279 1370 1373
f 1300 1303 1349
f 1303 1346 1349
f 1279 1283 1370
f 1283 1367 1370
f 1303 1306 1346
f 1306 1343 1346
f 1283 1285 1367
f 1285 1364 1367
f 1306 1309 1343
f 1309 1340 1343
f 1285 1288 1364
f 1288 1361 1364
o Part.10
v 7.96 0.02 -15.96
v 7.96 0.02 -8.04
v 0.04 0.02 -8.04
v 0.04 0.02 -15.96
v 0.04 9.58 -15.96
v 0.04 9.58 -8.04
v 7.96 9.58 -8.04
v 7.96 9.58 -15.96
v 1.6 0.02 -14.4
v 1.6 0.02 -9.6
v 6.4 0.02 -9.6
v 6.4 0.02 -14.4
v 6.4 8.6 -14.4
v 6.4 8.6 -9.6
v 1.6 8.6 -9.6
v 1.6 8.6 -14.4
v 7.96 0.02 -8.04
v 7.96 0.02 -8.04
v 0.04 0.02 -8.04
v 0.04 0.02 -8.04
v 7.96 0.02 -15.96
v 7.96 0.02 -15.96
v 0.04 0.02 -15.96
v 0.04 0.02 -15.96
v 0.04 9.58 -15.96
v 0.04 9.58 -15.96
v 0.04 9.58 -8.04
v 0.04 9.58 -8.04
v 7.96 9.58 -15.96
v 7.96 9.58 -15.96
v 7.96 9.58 -8.04
v 7.96 9.58 -8.04
v 1.6 0.02 -14.4
v 1.6 0.02 -14.4
v 1.6 0.02 -9.6
v 1.6 0.02 -9.6
v 6.4 0.02 -14.4
v 6.4 0.02 -14.4
v 6.4 0.02 -9.6
v 6.4 0.02 -9.6
v 6.4 8.6 -9.6
v 6.4 8.6 -9.6
v 1.6 8.6 -9.6
v 1.6 8.6 -9.6
v 6.4 8.6 -14.4
v 6.4 8.6 -14.4
v 1.6 8.6 -14.4
v 1.6 8.6 -14.4
v 4.918 11.15 -14.217
v 4.821 11.4 -13.982
v 4.89 11.327 -14.148
v 5.517 11.4 -13.517
v 5.697 11.15 -13.697
v 5.644 11.327 -13.644
v 6.217 11.15 -12.918
v 5.982 11.4 -12.821
v 6.148 11.327 -12.89
v 6.145 11.4 -12
v 6.4 11.15 -12
v 6.325 11.327 -12
v 6.217 11.15 -11.082
v 5.982 11.4 -11.179
v 6.148 11.327 -11.11
v 5.697 11.15 -10.303
v 5.517 11.4 -10.483
v 5.644 11.327 -10.356
v 4.918 11.15 -9.783
v 4.821 11.4 -10.018
v 4.89 11.327 -9.852
v 4 11.15 -9.6
v 4 11.4 -9.855
v 4 11.327 -9.675
v 3.179 11.4 -10.018
v 3.082 11.15 -9.783
v 3.11 11.327 -9.852
v 2.303 11.15 -10.303
v 2.483 11.4 -10.483
v 2.356 11.327 -10.356
v 1.783 11.15 -11.082
v 2.018 11.4 -11.179
v 1.852 11.327 -11.11
v 1.6 11.15 -12
v 1.855 11.4 -12
v 1.675 11.327 -12
v 1.783 11.15 -12.918
v 2.018 11.4 -12.821
v 1.852 11.327 -12.89
v 2.483 11.4 -13.517
v 2.303 11.15 -13.697
v 2.356 11.327 -13.644
v 3.082 11.15 -14.217
v 3.179 11.4 -13.982
v 3.11 11.327 -14.148
v 4 11.15 -14.4
v 4 11.4 -14.145
v 4 11.327 -14.325
v 5.063 11.4 -10.986
v 5.164 11.4 -12
v 5.063 11.4 -13.014
v 4 11.4 -10.903
v 4 11.4 -12
v 4 11.4 -13.097
v 2.937 11.4 -10.986
v 2.836 11.4 -12
v 2.937 11.4 -13.014
v 4 9.73 -14.4
v 4 9.58 -14.553
v 4 9.624 -14.445
v 3.023 9.58 -14.359
v 3.082 9.73 -14.217
v 3.064 9.624 -14.259
v 2.195 9.58 -13.805
v 2.303 9.73 -13.697
v 2.271 9.624 -13.729
v 1.641 9.58 -12.977
v 1.783 9.73 -12.918
v 1.741 9.624 -12.936
v 1.447 9.58 -12
v 1.6 9.73 -12
v 1.555 9.624 -12
v 1.641 9.58 -11.023
v 1.783 9.73 -11.082
v 1.741 9.624 -11.064
v 2.195 9.58 -10.195
v 2.303 9.73 -10.303
v 2.271 9.624 -10.271
v 3.023 9.58 -9.641
v 3.082 9.73 -9.783
v 3.064 9.624 -9.741
v 4 9.58 -9.447
v 4 9.73 -9.6
v 4 9.624 -9.555
v 4.977 9.58 -9.641
v 4.918 9.73 -9.783
v 4.936 9.624 -9.741
v 5.805 9.58 -10.195
v 5.697 9.73 -10.303
v 5.729 9.624 -10.271
v 6.359 9.58 -11.023
v 6.217 9.73 -11.082
v 6.259 9.624 -11.064
v 6.553 9.58 -12
v 6.4 9.73 -12
v 6.445 9.624 -12
v 6.359 9.58 -12.977
v 6.217 9.73 -12.918
v 6.259 9.624 -12.936
v 5.805 9.58 -13.805
v 5.697 9.73 -13.697
v 5.729 9.624 -13.729
v 4.977 9.58 -14.359
v 4.918 9.73 -14.217
v 4.936 9.624 -14.259
usemtl MB_423
s off
f 1397 1404 1401
f 1404 1402 1401
f 1406 1399 1403
f 1399 1400 1403
f 1398 1407 1395
f 1407 1408 1395
f 1394 1409 1396
f 1409 1405 1396
f 1383 1384 1382
f 1384 1385 1382
f 1381 1410 1380
f 1410 1412 1380
f 1378 1414 1381
f 1414 1410 1381
f 1414 1378 1416
f 1378 1379 1416
f 1380 1412 1379
f 1412 1416 1379
f 1413 1420 1417
f 1420 1418 1417
f 1388 1419 1415
f 1419 1422 1415
f 1389 1423 1411
f 1423 1424 1411
f 1386 1425 1387
f 1425 1421 1387
f 1390 1391 1393
f 1391 1392 1393
f 1433 1476 1435
f 1476 1475 1435
f 1462 1466 1493
f 1466 1490 1493
f 1481 1460 1480
f 1460 1457 1480
f 1477 1480 1448
f 1480 1450 1448
f 1465 1463 1469
f 1463 1482 1469
f 1472 1479 1427
f 1479 1476 1427
f 1480 1457 1450
f 1457 1454 1450
f 1439 1474 1442
f 1474 1445 1442
f 1469 1482 1472
f 1482 1479 1472
f 1482 1463 1481
f 1463 1460 1481
f 1427 1476 1429
f 1476 1433 1429
f 1435 1475 1439
f 1475 1474 1439
f 1474 1477 1445
f 1477 1448 1445
f 1430 1431 1432
f 1431 1434 1432
f 1431 1429 1434
f 1429 1433 1434
f 1436 1437 1438
f 1437 1440 1438
f 1437 1435 1440
f 1435 1439 1440
f 1451 1452 1453
f 1452 1455 1453
f 1452 1450 1455
f 1450 1454 1455
f 1438 1440 1441
f 1440 1443 1441
f 1440 1439 1443
f 1439 1442 1443
f 1441 1443 1444
f 1443 1446 1444
f 1443 1442 1446
f 1442 1445 1446
f 1453 1455 1456
f 1455 1458 1456
f 1455 1454 1458
f 1454 1457 1458
f 1456 1458 1459
f 1458 1461 1459
f 1458 1457 1461
f 1457 1460 1461
f 1466 1467 1468
f 1467 1470 1468
f 1467 1465 1470
f 1465 1469 1470
f 1444 1446 1447
f 1446 1449 1447
f 1446 1445 1449
f 1445 1448 1449
f 1447 1449 1451
f 1449 1452 1451
f 1449 1448 1452
f 1448 1450 1452
f 1459 1461 1462
f 1461 1464 1462
f 1461 1460 1464
f 1460 1463 1464
f 1462 1464 1466
f 1464 1467 1466
f 1464 1463 1467
f 1463 1465 1467
f 1468 1470 1471
f 1470 1473 1471
f 1470 1469 1473
f 1469 1472 1473
f 1432 1434 1436
f 1434 1437 1436
f 1434 1433 1437
f 1433 1435 1437
f 1471 1473 1426
f 1473 1428 1426
f 1473 1472 1428
f 1472 1427 1428
f 1426 1428 1430
f 1428 1431 1430
f 1428 1427 1431
f 1427 1429 1431
f 1475 1478 1474
f 1478 1477 1474
f 1478 1481 1477
f 1481 1480 1477
f 1476 1479 1475
f 1479 1478 1475
f 1479 1482 1478
f 1482 1481 1478
f 1487 1483 1488
f 1483 1485 1488
f 1488 1485 1486
f 1485 1484 1486
f 1490 1487 1491
f 1487 1488 1491
f 1491 1488 1489
f 1488 1486 1489
f 1493 1490 1494
f 1490 1491 1494
f 1494 1491 1492
f 1491 1489 1492
f 1496 1493 1497
f 1493 1494 1497
f 1497 1494 1495
f 1494 1492 1495
f 1499 1496 1500
f 1496 1497 1500
f 1500 1497 1498
f 1497 1495 1498
f 1502 1499 1503
f 1499 1500 1503
f 1503 1500 1501
f 1500 1498 1501
f 1505 1502 1506
f 1502 1503 1506
f 1506 1503 1504
f 1503 1501 1504
f 1508 1505 1509
f 1505 1506 1509
f 1509 1506 1507
f 1506 1504 1507
f 1511 1508 1512
f 1508 1509 1512
f 1512 1509 1510
f 1509 1507 1510
f 1514 1511 1515
f 1511 1512 1515
f 1515 1512 1513
f 1512 1510 1513
f 1517 1514 1518
f 1514 1515 1518
f 1518 1515 1516
f 1515 1513 1516
f 1520 1517 1521
f 1517 1518 1521
f 1521 1518 1519
f 1518 1516 1519
f 1523 1520 1524
f 1520 1521 1524
f 1524 1521 1522
f 1521 1519 1522
f 1526 1523 1527
f 1523 1524 1527
f 1527 1524 1525
f 1524 1522 1525
f 1529 1526 1530
f 1526 1527 1530
f 1530 1527 1528
f 1527 1525 1528
f 1483 1529 1485
f 1529 1530 1485
f 1485 1530 1484
f 1530 1528 1484
f 1441 1444 1514
f 1444 1511 1514
f 1466 1468 1490
f 1468 1487 1490
f 1444 1447 1511
f 1447 1508 1511
f 1483 1471 1529
f 1471 1426 1529
f 1468 1471 1487
f 1471 1483 1487
f 1447 1451 1508
f 1451 1505 1508
f 1529 1426 1526
f 1426 1430 1526
f 1451 1453 1505
f 1453 1502 1505
f 1430 1432 1526
f 1432 1523 1526
f 1453 1456 1502
f 1456 1499 1502
f 1432 1436 1523
f 1436 1520 1523
f 1456 1459 1499
f 1459 1496 1499
f 1436 1438 1520
f 1438 1517 1520
f 1459 1462 1496
f 1462 1493 1496
f 1438 1441 1517
f 1441 1514 1517
o Part.11
v 0.04 0.5 -39.96
v 7.96 0.5 -39.96
v 7.96 0.5 -24.04
v 0.04 0.5 -24.04
v 0.04 3.18 -24.04
v 7.96 3.18 -24.04
v 7.96 3.18 -39.96
v 0.04 3.18 -39.96
v 0.4 0.5 -24.4
v 7.6 0.5 -24.4
v 7.6 0.5 -39.6
v 0.4 0.5 -39.6
v 0.4 0.02 -39.6
v 7.6 0.02 -39.6
v 7.6 0.02 -24.4
v 0.4 0.02 -24.4
v 1.6 0.02 -25.6
v 6.4 0.02 -25.6
v 6.4 0.02 -38.4
v 1.6 0.02 -38.4
v 1.6 2.2 -38.4
v 6.4 2.2 -38.4
v 6.4 2.2 -25.6
v 1.6 2.2 -25.6
v 7.96 0.5 -39.96
v 7.96 0.5 -39.96
v 7.96 0.5 -24.04
v 7.96 0.5 -24.04
v 0.04 0.5 -39.96
v 0.04 0.5 -39.96
v 0.04 0.5 -24.04
v 0.04 0.5 -24.04
v 0.04 3.18 -24.04
v 0.04 3.18 -24.04
v 7.96 3.18 -24.04
v 7.96 3.18 -24.04
v 0.04 3.18 -39.96
v 0.04 3.18 -39.96
v 7.96 3.18 -39.96
v 7.96 3.18 -39.96
v 0.4 0.5 -24.4
v 0.4 0.5 -24.4
v 7.6 0.5 -24.4
v 7.6 0.5 -24.4
v 0.4 0.5 -39.6
v 0.4 0.5 -39.6
v 7.6 0.5 -39.6
v 7.6 0.5 -39.6
v 7.6 0.02 -39.6
v 7.6 0.02 -39.6
v 7.6 0.02 -24.4
v 7.6 0.02 -24.4
v 0.4 0.02 -39.6
v 0.4 0.02 -39.6
v 0.4 0.02 -24.4
v 0.4 0.02 -24.4
v 1.6 0.02 -25.6
v 1.6 0.02 -25.6
v 6.4 0.02 -25.6
v 6.4 0.02 -25.6
v 1.6 0.02 -38.4
v 1.6 0.02 -38.4
v 6.4 0.02 -38.4
v 6.4 0.02 -38.4
v 6.4 2.2 -38.4
v 6.4 2.2 -38.4
v 6.4 2.2 -25.6
v 6.4 2.2 -25.6
v 1.6 2.2 -38.4
v 1.6 2.2 -38.4
v 1.6 2.2 -25.6
v 1.6 2.2 -25.6
vt 0.9259 0.91135
vt 0.91407 0.89823
vt 0.96178 0.90995
vt 0.91407 0.89823
vt 0.97214 0.89084
vt 0.96178 0.90995
vt 0.97214 0.96775
vt 0.95949 0.95389
vt 0.97214 0.89084
vt 0.95949 0.95389
vt 0.96178 0.90995
vt 0.97214 0.89084
vt 0.95949 0.95389
vt 0.97214 0.96775
vt 0.92366 0.95221
vt 0.97214 0.96775
vt 0.91352 0.97024
vt 0.92366 0.95221
vt 0.92366 0.95221
vt 0.91352 0.97024
vt 0.9259 0.91135
vt 0.91352 0.97024
vt 0.91407 0.89823
vt 0.9259 0.91135
vt 0.0651 0.2838
vt 0.93624 0.2838
vt 0.0651 0.71929
vt 0.93624 0.2838
vt 0.93624 0.71929
vt 0.0651 0.71929
vt 0.96178 0.90995
vt 0.95577 0.91525
vt 0.9259 0.91135
vt 0.95577 0.91525
vt 0.92936 0.91474
vt 0.9259 0.91135
vt 0.95949 0.95389
vt 0.95505 0.94896
vt 0.96178 0.90995
vt 0.95505 0.94896
vt 0.95577 0.91525
vt 0.96178 0.90995
vt 0.95505 0.94896
vt 0.95949 0.95389
vt 0.92866 0.94822
vt 0.95949 0.95389
vt 0.92366 0.95221
vt 0.92866 0.94822
vt 0.9259 0.91135
vt 0.92936 0.91474
vt 0.92366 0.95221
vt 0.92936 0.91474
vt 0.92866 0.94822
vt 0.92366 0.95221
vt 0.92936 0.91474
vt 0.93382 0.91755
vt 0.92866 0.94822
vt 0.93382 0.91755
vt 0.93195 0.94474
vt 0.92866 0.94822
vt 0.92866 0.94822
vt 0.93195 0.94474
vt 0.95505 0.94896
vt 0.93195 0.94474
vt 0.95056 0.9461
vt 0.95505 0.94896
vt 0.95505 0.94896
vt 0.95056 0.9461
vt 0.95577 0.91525
vt 0.95056 0.9461
vt 0.95247 0.91877
vt 0.95577 0.91525
vt 0.95577 0.91525
vt 0.95247 0.91877
vt 0.92936 0.91474
vt 0.95247 0.91877
vt 0.93382 0.91755
vt 0.92936 0.91474
vt 0.95247 0.91877
vt 0.94884 0.92162
vt 0.93382 0.91755
vt 0.94884 0.92162
vt 0.93671 0.92108
vt 0.93382 0.91755
vt 0.95056 0.9461
vt 0.94767 0.94254
vt 0.95247 0.91877
vt 0.94767 0.94254
vt 0.94884 0.92162
vt 0.95247 0.91877
vt 0.93195 0.94474
vt 0.93556 0.94192
vt 0.95056 0.9461
vt 0.93556 0.94192
vt 0.94767 0.94254
vt 0.95056 0.9461
vt 0.93382 0.91755
vt 0.93671 0.92108
vt 0.93195 0.94474
vt 0.93671 0.92108
vt 0.93556 0.94192
vt 0.93195 0.94474
vt 0.93671 0.92108
vt 0.94 0.92474
vt 0.93556 0.94192
vt 0.94 0.92474
vt 0.93855 0.93774
vt 0.93556 0.94192
vt 0.93556 0.94192
vt 0.93855 0.93774
vt 0.94767 0.94254
vt 0.93855 0.93774
vt 0.94438 0.93886
vt 0.94767 0.94254
vt 0.94767 0.94254
vt 0.94438 0.93886
vt 0.94884 0.92162
vt 0.94438 0.93886
vt 0.94584 0.92584
vt 0.94884 0.92162
vt 0.94884 0.92162
vt 0.94584 0.92584
vt 0.93671 0.92108
vt 0.94584 0.92584
vt 0.94 0.92474
vt 0.93671 0.92108
vt 0.94438 0.93886
vt 0.93855 0.93774
vt 0.94584 0.92584
vt 0.93855 0.93774
vt 0.94 0.92474
vt 0.94584 0.92584
usemtl MB_1_official_9904
s off
f 1557/1 1536/2 1561/3
f 1536/4 1535/5 1561/6
f 1538/7 1559/8 1563/9
f 1559/10 1534/11 1563/12
f 1531/13 1567/14 1555/15
f 1567/16 1537/17 1555/18
f 1532/19 1569/20 1533/21
f 1569/22 1565/23 1533/24
f 1566/25 1570/26 1564/27
f 1570/28 1568/29 1564/30
f 1562/31 1539/32 1558/33
f 1539/34 1540/35 1558/36
f 1560/37 1542/38 1562/39
f 1542/40 1539/41 1562/42
f 1542/43 1560/44 1541/45
f 1560/46 1556/47 1541/48
f 1558/49 1540/50 1556/51
f 1540/52 1541/53 1556/54
f 1573/55 1545/56 1577/57
f 1545/58 1544/59 1577/60
f 1578/61 1579/62 1575/63
f 1579/64 1543/65 1575/66
f 1576/67 1583/68 1571/69
f 1583/70 1546/71 1571/72
f 1572/73 1585/74 1574/75
f 1585/76 1581/77 1574/78
f 1586/79 1547/80 1582/81
f 1547/82 1548/83 1582/84
f 1584/85 1550/86 1586/87
f 1550/88 1547/89 1586/90
f 1580/91 1549/92 1584/93
f 1549/94 1550/95 1584/96
f 1582/97 1548/98 1580/99
f 1548/100 1549/101 1580/102
f 1589/103 1553/104 1593/105
f 1553/106 1552/107 1593/108
f 1594/109 1595/110 1591/111
f 1595/112 1551/113 1591/114
f 1592/115 1599/116 1587/117
f 1599/118 1554/119 1587/120
f 1588/121 1601/122 1590/123
f 1601/124 1597/125 1590/126
f 1600/127 1596/128 1602/129
f 1596/130 1598/131 1602/132
o Part.12
v 60 1.8 -60
v 60 1.8 -52
v 60 1.8 -44
v 60 1.8 -36
v 60 1.8 -28
v 60 1.8 -20
v 60 1.8 -12
v 60 1.8 -4
v 60 1.8 4
v 60 1.8 12
v 60 1.8 20
v 60 1.8 28
v 60 1.8 36
v 60 1.8 44
v 60 1.8 52
v 60 1.8 60
v 52 1.8 -60
v 52 1.8 -52
v 52 1.8 -44
v 52 1.8 -36
v 52 1.8 -28
v 52 1.8 -20
v 52 1.8 -12
v 52 1.8 -4
v 52 1.8 4
v 52 1.8 12
v 52 1.8 20
v 52 1.8 28
v 52 1.8 36
v 52 1.8 44
v 52 1.8 52
v 52 1.8 60
v 44 1.8 -60
v 44 1.8 -52
v 44 1.8 -44
v 44 1.8 -36
v 44 1.8 -28
v 44 1.8 -20
v 44 1.8 -12
v 44 1.8 -4
v 44 1.8 4
v 44 1.8 12
v 44 1.8 20
v 44 1.8 28
v 44 1.8 36
v 44 1.8 44
v 44 1.8 52
v 44 1.8 60
v 36 1.8 -60
v 36 1.8 -52
v 36 1.8 -44
v 36 1.8 -36
v 36 1.8 -28
v 36 1.8 -20
v 36 1.8 -12
v 36 1.8 -4
v 36 1.8 4
v 36 1.8 12
v 36 1.8 20
v 36 1.8 28
v 36 1.8 36
v 36 1.8 44
v 36 1.8 52
v 36 1.8 60
v 28 1.8 -60
v 28 1.8 -52
v 28 1.8 -44
v 28 1.8 -36
v 28 1.8 -28
v 28 1.8 -20
v 28 1.8 -12
v 28 1.8 -4
v 28 1.8 4
v 28 1.8 12
v 28 1.8 20
v 28 1.8 28
v 28 1.8 36
v 28 1.8 44
v 28 1.8 52
v 28 1.8 60
v 20 1.8 -60
v 20 1.8 -52
v 20 1.8 -44
v 20 1.8 -36
v 20 1.8 -28
v 20 1.8 -20
v 20 1.8 -12
v 20 1.8 -4
v 20 1.8 4
v 20 1.8 12
v 20 1.8 20
v 20 1.8 28
v 20 1.8 36
v 20 1.8 44
v 20 1.8 52
v 20 1.8 60
v 12 1.8 -60
v 12 1.8 -52
v 12 1.8 -44
v 12 1.8 -36
v 12 1.8 -28
v 12 1.8 -20
v 12 1.8 -12
v 12 1.8 -4
v 12 1.8 4
v 12 1.8 12
v 12 1.8 20
v 12 1.8 28
v 12 1.8 36
v 12 1.8 44
v 12 1.8 52
v 12 1.8 60
v 4 1.8 -60
v 4 1.8 -52
v 4 1.8 -44
v 4 1.8 -36
v 4 1.8 -28
v 4 1.8 -20
v 4 1.8 -12
v 4 1.8 -4
v 4 1.8 4
v 4 1.8 12
v 4 1.8 20
v 4 1.8 28
v 4 1.8 36
v 4 1.8 44
v 4 1.8 52
v 4 1.8 60
v -4 1.8 -60
v -4 1.8 -52
v -4 1.8 -44
v -4 1.8 -36
v -4 1.8 -28
v -4 1.8 -20
v -4 1.8 -12
v -4 1.8 -4
v -4 1.8 4
v -4 1.8 12
v -4 1.8 20
v -4 1.8 28
v -4 1.8 36
v -4 1.8 44
v -4 1.8 52
v -4 1.8 60
v -12 1.8 -60
v -12 1.8 -52
v -12 1.8 -44
v -12 1.8 -36
v -12 1.8 -28
v -12 1.8 -20
v -12 1.8 -12
v -12 1.8 -4
v -12 1.8 4
v -12 1.8 12
v -12 1.8 20
v -12 1.8 28
v -12 1.8 36
v -12 1.8 44
v -12 1.8 52
v -12 1.8 60
v -20 1.8 -60
v -20 1.8 -52
v -20 1.8 -44
v -20 1.8 -36
v -20 1.8 -28
v -20 1.8 -20
v -20 1.8 -12
v -20 1.8 -4
v -20 1.8 4
v -20 1.8 12
v -20 1.8 20
v -20 1.8 28
v -20 1.8 36
v -20 1.8 44
v -20 1.8 52
v -20 1.8 60
v -28 1.8 -60
v -28 1.8 -52
v -28 1.8 -44
v -28 1.8 -36
v -28 1.8 -28
v -28 1.8 -20
v -28 1.8 -12
v -28 1.8 -4
v -28 1.8 4
v -28 1.8 12
v -28 1.8 20
v -28 1.8 28
v -28 1.8 36
v -28 1.8 44
v -28 1.8 52
v -28 1.8 60
v -36 1.8 -60
v -36 1.8 -52
v -36 1.8 -44
v -36 1.8 -36
v -36 1.8 -28
v -36 1.8 -20
v -36 1.8 -12
v -36 1.8 -4
v -36 1.8 4
v -36 1.8 12
v -36 1.8 20
v -36 1.8 28
v -36 1.8 36
v -36 1.8 44
v -36 1.8 52
v -36 1.8 60
v -44 1.8 -60
v -44 1.8 -52
v -44 1.8 -44
v -44 1.8 -36
v -44 1.8 -28
v -44 1.8 -20
v -44 1.8 -12
v -44 1.8 -4
v -44 1.8 4
v -44 1.8 12
v -44 1.8 20
v -44 1.8 28
v -44 1.8 36
v -44 1.8 44
v -44 1.8 52
v -44 1.8 60
v -52 1.8 -60
v -52 1.8 -52
v -52 1.8 -44
v -52 1.8 -36
v -52 1.8 -28
v -52 1.8 -20
v -52 1.8 -12
v -52 1.8 -4
v -52 1.8 4
v -52 1.8 12
v -52 1.8 20
v -52 1.8 28
v -52 1.8 36
v -52 1.8 44
v -52 1.8 52
v -52 1.8 60
v -60 1.8 -60
v -60 1.8 -52
v -60 1.8 -44
v -60 1.8 -36
v -60 1.8 -28
v -60 1.8 -20
v -60 1.8 -12
v -60 1.8 -4
v -60 1.8 4
v -60 1.8 12
v -60 1.8 20
v -60 1.8 28
v -60 1.8 36
v -60 1.8 44
v -60 1.8 52
v -60 1.8 60
v 60 1.8 -62.4
v 60 1.8 -54.4
v 60 1.8 -46.4
v 60 1.8 -38.4
v 60 1.8 -30.4
v 60 1.8 -22.4
v 60 1.8 -14.4
v 60 1.8 -6.4
v 60 1.8 1.6
v 60 1.8 9.6
v 60 1.8 17.6
v 60 1.8 25.6
v 60 1.8 33.6
v 60 1.8 41.6
v 60 1.8 49.6
v 60 1.8 57.6
v 52 1.8 -62.4
v 52 1.8 -54.4
v 52 1.8 -46.4
v 52 1.8 -38.4
v 52 1.8 -30.4
v 52 1.8 -22.4
v 52 1.8 -14.4
v 52 1.8 -6.4
v 52 1.8 1.6
v 52 1.8 9.6
v 52 1.8 17.6
v 52 1.8 25.6
v 52 1.8 33.6
v 52 1.8 41.6
v 52 1.8 49.6
v 52 1.8 57.6
v 44 1.8 -62.4
v 44 1.8 -54.4
v 44 1.8 -46.4
v 44 1.8 -38.4
v 44 1.8 -30.4
v 44 1.8 -22.4
v 44 1.8 -14.4
v 44 1.8 -6.4
v 44 1.8 1.6
v 44 1.8 9.6
v 44 1.8 17.6
v 44 1.8 25.6
v 44 1.8 33.6
v 44 1.8 41.6
v 44 1.8 49.6
v 44 1.8 57.6
v 36 1.8 -62.4
v 36 1.8 -54.4
v 36 1.8 -46.4
v 36 1.8 -38.4
v 36 1.8 -30.4
v 36 1.8 -22.4
v 36 1.8 -14.4
v 36 1.8 -6.4
v 36 1.8 1.6
v 36 1.8 9.6
v 36 1.8 17.6
v 36 1.8 25.6
v 36 1.8 33.6
v 36 1.8 41.6
v 36 1.8 49.6
v 36 1.8 57.6
v 28 1.8 -62.4
v 28 1.8 -54.4
v 28 1.8 -46.4
v 28 1.8 -38.4
v 28 1.8 -30.4
v 28 1.8 -22.4
v 28 1.8 -14.4
v 28 1.8 -6.4
v 28 1.8 1.6
v 28 1.8 9.6
v 28 1.8 17.6
v 28 1.8 25.6
v 28 1.8 33.6
v 28 1.8 41.6
v 28 1.8 49.6
v 28 1.8 57.6
v 20 1.8 -62.4
v 20 1.8 -54.4
v 20 1.8 -46.4
v 20 1.8 -38.4
v 20 1.8 -30.4
v 20 1.8 -22.4
v 20 1.8 -14.4
v 20 1.8 -6.4
v 20 1.8 1.6
v 20 1.8 9.6
v 20 1.8 17.6
v 20 1.8 25.6
v 20 1.8 33.6
v 20 1.8 41.6
v 20 1.8 49.6
v 20 1.8 57.6
v 12 1.8 -62.4
v 12 1.8 -54.4
v 12 1.8 -46.4
v 12 1.8 -38.4
v 12 1.8 -30.4
v 12 1.8 -22.4
v 12 1.8 -14.4
v 12 1.8 -6.4
v 12 1.8 1.6
v 12 1.8 9.6
v 12 1.8 17.6
v 12 1.8 25.6
v 12 1.8 33.6
v 12 1.8 41.6
v 12 1.8 49.6
v 12 1.8 57.6
v 4 1.8 -62.4
v 4 1.8 -54.4
v 4 1.8 -46.4
v 4 1.8 -38.4
v 4 1.8 -30.4
v 4 1.8 -22.4
v 4 1.8 -14.4
v 4 1.8 -6.4
v 4 1.8 1.6
v 4 1.8 9.6
v 4 1.8 17.6
v 4 1.8 25.6
v 4 1.8 33.6
v 4 1.8 41.6
v 4 1.8 49.6
v 4 1.8 57.6
v -4 1.8 -62.4
v -4 1.8 -54.4
v -4 1.8 -46.4
v -4 1.8 -38.4
v -4 1.8 -30.4
v -4 1.8 -22.4
v -4 1.8 -14.4
v -4 1.8 -6.4
v -4 1.8 1.6
v -4 1.8 9.6
v -4 1.8 17.6
v -4 1.8 25.6
v -4 1.8 33.6
v -4 1.8 41.6
v -4 1.8 49.6
v -4 1.8 57.6
v -12 1.8 -62.4
v -12 1.8 -54.4
v -12 1.8 -46.4
v -12 1.8 -38.4
v -12 1.8 -30.4
v -12 1.8 -22.4
v -12 1.8 -14.4
v -12 1.8 -6.4
v -12 1.8 1.6
v -12 1.8 9.6
v -12 1.8 17.6
v -12 1.8 25.6
v -12 1.8 33.6
v -12 1.8 41.6
v -12 1.8 49.6
v -12 1.8 57.6
v -20 1.8 -62.4
v -20 1.8 -54.4
v -20 1.8 -46.4
v -20 1.8 -38.4
v -20 1.8 -30.4
v -20 1.8 -22.4
v -20 1.8 -14.4
v -20 1.8 -6.4
v -20 1.8 1.6
v -20 1.8 9.6
v -20 1.8 17.6
v -20 1.8 25.6
v -20 1.8 33.6
v -20 1.8 41.6
v -20 1.8 49.6
v -20 1.8 57.6
v -28 1.8 -62.4
v -28 1.8 -54.4
v -28 1.8 -46.4
v -28 1.8 -38.4
v -28 1.8 -30.4
v -28 1.8 -22.4
v -28 1.8 -14.4
v -28 1.8 -6.4
v -28 1.8 1.6
v -28 1.8 9.6
v -28 1.8 17.6
v -28 1.8 25.6
v -28 1.8 33.6
v -28 1.8 41.6
v -28 1.8 49.6
v -28 1.8 57.6
v -36 1.8 -62.4
v -36 1.8 -54.4
v -36 1.8 -46.4
v -36 1.8 -38.4
v -36 1.8 -30.4
v -36 1.8 -22.4
v -36 1.8 -14.4
v -36 1.8 -6.4
v -36 1.8 1.6
v -36 1.8 9.6
v -36 1.8 17.6
v -36 1.8 25.6
v -36 1.8 33.6
v -36 1.8 41.6
v -36 1.8 49.6
v -36 1.8 57.6
v -44 1.8 -62.4
v -44 1.8 -54.4
v -44 1.8 -46.4
v -44 1.8 -38.4
v -44 1.8 -30.4
v -44 1.8 -22.4
v -44 1.8 -14.4
v -44 1.8 -6.4
v -44 1.8 1.6
v -44 1.8 9.6
v -44 1.8 17.6
v -44 1.8 25.6
v -44 1.8 33.6
v -44 1.8 41.6
v -44 1.8 49.6
v -44 1.8 57.6
v -52 1.8 -62.4
v -52 1.8 -54.4
v -52 1.8 -46.4
v -52 1.8 -38.4
v -52 1.8 -30.4
v -52 1.8 -22.4
v -52 1.8 -14.4
v -52 1.8 -6.4
v -52 1.8 1.6
v -52 1.8 9.6
v -52 1.8 17.6
v -52 1.8 25.6
v -52 1.8 33.6
v -52 1.8 41.6
v -52 1.8 49.6
v -52 1.8 57.6
v -60 1.8 -62.4
v -60 1.8 -54.4
v -60 1.8 -46.4
v -60 1.8 -38.4
v -60 1.8 -30.4
v -60 1.8 -22.4
v -60 1.8 -14.4
v -60 1.8 -6.4
v -60 1.8 1.6
v -60 1.8 9.6
v -60 1.8 17.6
v -60 1.8 25.6
v -60 1.8 33.6
v -60 1.8 41.6
v -60 1.8 49.6
v -60 1.8 57.6
v 60.918 1.8 -62.217
v 60.918 1.8 -54.217
v 60.918 1.8 -46.217
v 60.918 1.8 -38.217
v 60.918 1.8 -30.217
v 60.918 1.8 -22.217
v 60.918 1.8 -14.217
v 60.918 1.8 -6.217
v 60.918 1.8 1.783
v 60.918 1.8 9.783
v 60.918 1.8 17.783
v 60.918 1.8 25.783
v 60.918 1.8 33.783
v 60.918 1.8 41.783
v 60.918 1.8 49.783
v 60.918 1.8 57.783
v 52.918 1.8 -62.217
v 52.918 1.8 -54.217
v 52.918 1.8 -46.217
v 52.918 1.8 -38.217
v 52.918 1.8 -30.217
v 52.918 1.8 -22.217
v 52.918 1.8 -14.217
v 52.918 1.8 -6.217
v 52.918 1.8 1.783
v 52.918 1.8 9.783
v 52.918 1.8 17.783
v 52.918 1.8 25.783
v 52.918 1.8 33.783
v 52.918 1.8 41.783
v 52.918 1.8 49.783
v 52.918 1.8 57.783
v 44.918 1.8 -62.217
v 44.918 1.8 -54.217
v 44.918 1.8 -46.217
v 44.918 1.8 -38.217
v 44.918 1.8 -30.217
v 44.918 1.8 -22.217
v 44.918 1.8 -14.217
v 44.918 1.8 -6.217
v 44.918 1.8 1.783
v 44.918 1.8 9.783
v 44.918 1.8 17.783
v 44.918 1.8 25.783
v 44.918 1.8 33.783
v 44.918 1.8 41.783
v 44.918 1.8 49.783
v 44.918 1.8 57.783
v 36.918 1.8 -62.217
v 36.918 1.8 -54.217
v 36.918 1.8 -46.217
v 36.918 1.8 -38.217
v 36.918 1.8 -30.217
v 36.918 1.8 -22.217
v 36.918 1.8 -14.217
v 36.918 1.8 -6.217
v 36.918 1.8 1.783
v 36.918 1.8 9.783
v 36.918 1.8 17.783
v 36.918 1.8 25.783
v 36.918 1.8 33.783
v 36.918 1.8 41.783
v 36.918 1.8 49.783
v 36.918 1.8 57.783
v 28.918 1.8 -62.217
v 28.918 1.8 -54.217
v 28.918 1.8 -46.217
v 28.918 1.8 -38.217
v 28.918 1.8 -30.217
v 28.918 1.8 -22.217
v 28.918 1.8 -14.217
v 28.918 1.8 -6.217
v 28.918 1.8 1.783
v 28.918 1.8 9.783
v 28.918 1.8 17.783
v 28.918 1.8 25.783
v 28.918 1.8 33.783
v 28.918 1.8 41.783
v 28.918 1.8 49.783
v 28.918 1.8 57.783
v 20.918 1.8 -62.217
v 20.918 1.8 -54.217
v 20.918 1.8 -46.217
v 20.918 1.8 -38.217
v 20.918 1.8 -30.217
v 20.918 1.8 -22.217
v 20.918 1.8 -14.217
v 20.918 1.8 -6.217
v 20.918 1.8 1.783
v 20.918 1.8 9.783
v 20.918 1.8 17.783
v 20.918 1.8 25.783
v 20.918 1.8 33.783
v 20.918 1.8 41.783
v 20.918 1.8 49.783
v 20.918 1.8 57.783
v 12.918 1.8 -62.217
v 12.918 1.8 -54.217
v 12.918 1.8 -46.217
v 12.918 1.8 -38.217
v 12.918 1.8 -30.217
v 12.918 1.8 -22.217
v 12.918 1.8 -14.217
v 12.918 1.8 -6.217
v 12.918 1.8 1.783
v 12.918 1.8 9.783
v 12.918 1.8 17.783
v 12.918 1.8 25.783
v 12.918 1.8 33.783
v 12.918 1.8 41.783
v 12.918 1.8 49.783
v 12.918 1.8 57.783
v 4.918 1.8 -62.217
v 4.918 1.8 -54.217
v 4.918 1.8 -46.217
v 4.918 1.8 -38.217
v 4.918 1.8 -30.217
v 4.918 1.8 -22.217
v 4.918 1.8 -14.217
v 4.918 1.8 -6.217
v 4.918 1.8 1.783
v 4.918 1.8 9.783
v 4.918 1.8 17.783
v 4.918 1.8 25.783
v 4.918 1.8 33.783
v 4.918 1.8 41.783
v 4.918 1.8 49.783
v 4.918 1.8 57.783
v -3.082 1.8 -62.217
v -3.082 1.8 -54.217
v -3.082 1.8 -46.217
v -3.082 1.8 -38.217
v -3.082 1.8 -30.217
v -3.082 1.8 -22.217
v -3.082 1.8 -14.217
v -3.082 1.8 -6.217
v -3.082 1.8 1.783
v -3.082 1.8 9.783
v -3.082 1.8 17.783
v -3.082 1.8 25.783
v -3.082 1.8 33.783
v -3.082 1.8 41.783
v -3.082 1.8 49.783
v -3.082 1.8 57.783
v -11.082 1.8 -62.217
v -11.082 1.8 -54.217
v -11.082 1.8 -46.217
v -11.082 1.8 -38.217
v -11.082 1.8 -30.217
v -11.082 1.8 -22.217
v -11.082 1.8 -14.217
v -11.082 1.8 -6.217
v -11.082 1.8 1.783
v -11.082 1.8 9.783
v -11.082 1.8 17.783
v -11.082 1.8 25.783
v -11.082 1.8 33.783
v -11.082 1.8 41.783
v -11.082 1.8 49.783
v -11.082 1.8 57.783
v -19.082 1.8 -62.217
v -19.082 1.8 -54.217
v -19.082 1.8 -46.217
v -19.082 1.8 -38.217
v -19.082 1.8 -30.217
v -19.082 1.8 -22.217
v -19.082 1.8 -14.217
v -19.082 1.8 -6.217
v -19.082 1.8 1.783
v -19.082 1.8 9.783
v -19.082 1.8 17.783
v -19.082 1.8 25.783
v -19.082 1.8 33.783
v -19.082 1.8 41.783
v -19.082 1.8 49.783
v -19.082 1.8 57.783
v -27.082 1.8 -62.217
v -27.082 1.8 -54.217
v -27.082 1.8 -46.217
v -27.082 1.8 -38.217
v -27.082 1.8 -30.217
v -27.082 1.8 -22.217
v -27.082 1.8 -14.217
v -27.082 1.8 -6.217
v -27.082 1.8 1.783
v -27.082 1.8 9.783
v -27.082 1.8 17.783
v -27.082 1.8 25.783
v -27.082 1.8 33.783
v -27.082 1.8 41.783
v -27.082 1.8 49.783
v -27.082 1.8 57.783
v -35.082 1.8 -62.217
v -35.082 1.8 -54.217
v -35.082 1.8 -46.217
v -35.082 1.8 -38.217
v -35.082 1.8 -30.217
v -35.082 1.8 -22.217
v -35.082 1.8 -14.217
v -35.082 1.8 -6.217
v -35.082 1.8 1.783
v -35.082 1.8 9.783
v -35.082 1.8 17.783
v -35.082 1.8 25.783
v -35.082 1.8 33.783
v -35.082 1.8 41.783
v -35.082 1.8 49.783
v -35.082 1.8 57.783
v -43.082 1.8 -62.217
v -43.082 1.8 -54.217
v -43.082 1.8 -46.217
v -43.082 1.8 -38.217
v -43.082 1.8 -30.217
v -43.082 1.8 -22.217
v -43.082 1.8 -14.217
v -43.082 1.8 -6.217
v -43.082 1.8 1.783
v -43.082 1.8 9.783
v -43.082 1.8 17.783
v -43.082 1.8 25.783
v -43.082 1.8 33.783
v -43.082 1.8 41.783
v -43.082 1.8 49.783
v -43.082 1.8 57.783
v -51.082 1.8 -62.217
v -51.082 1.8 -54.217
v -51.082 1.8 -46.217
v -51.082 1.8 -38.217
v -51.082 1.8 -30.217
v -51.082 1.8 -22.217
v -51.082 1.8 -14.217
v -51.082 1.8 -6.217
v -51.082 1.8 1.783
v -51.082 1.8 9.783
v -51.082 1.8 17.783
v -51.082 1.8 25.783
v -51.082 1.8 33.783
v -51.082 1.8 41.783
v -51.082 1.8 49.783
v -51.082 1.8 57.783
v -59.082 1.8 -62.217
v -59.082 1.8 -54.217
v -59.082 1.8 -46.217
v -59.082 1.8 -38.217
v -59.082 1.8 -30.217
v -59.082 1.8 -22.217
v -59.082 1.8 -14.217
v -59.082 1.8 -6.217
v -59.082 1.8 1.783
v -59.082 1.8 9.783
v -59.082 1.8 17.783
v -59.082 1.8 25.783
v -59.082 1.8 33.783
v -59.082 1.8 41.783
v -59.082 1.8 49.783
v -59.082 1.8 57.783
v 61.697 1.8 -61.697
v 61.697 1.8 -53.697
v 61.697 1.8 -45.697
v 61.697 1.8 -37.697
v 61.697 1.8 -29.697
v 61.697 1.8 -21.697
v 61.697 1.8 -13.697
v 61.697 1.8 -5.697
v 61.697 1.8 2.303
v 61.697 1.8 10.303
v 61.697 1.8 18.303
v 61.697 1.8 26.303
v 61.697 1.8 34.303
v 61.697 1.8 42.303
v 61.697 1.8 50.303
v 61.697 1.8 58.303
v 53.697 1.8 -61.697
v 53.697 1.8 -53.697
v 53.697 1.8 -45.697
v 53.697 1.8 -37.697
v 53.697 1.8 -29.697
v 53.697 1.8 -21.697
v 53.697 1.8 -13.697
v 53.697 1.8 -5.697
v 53.697 1.8 2.303
v 53.697 1.8 10.303
v 53.697 1.8 18.303
v 53.697 1.8 26.303
v 53.697 1.8 34.303
v 53.697 1.8 42.303
v 53.697 1.8 50.303
v 53.697 1.8 58.303
v 45.697 1.8 -61.697
v 45.697 1.8 -53.697
v 45.697 1.8 -45.697
v 45.697 1.8 -37.697
v 45.697 1.8 -29.697
v 45.697 1.8 -21.697
v 45.697 1.8 -13.697
v 45.697 1.8 -5.697
v 45.697 1.8 2.303
v 45.697 1.8 10.303
v 45.697 1.8 18.303
v 45.697 1.8 26.303
v 45.697 1.8 34.303
v 45.697 1.8 42.303
v 45.697 1.8 50.303
v 45.697 1.8 58.303
v 37.697 1.8 -61.697
v 37.697 1.8 -53.697
v 37.697 1.8 -45.697
v 37.697 1.8 -37.697
v 37.697 1.8 -29.697
v 37.697 1.8 -21.697
v 37.697 1.8 -13.697
v 37.697 1.8 -5.697
v 37.697 1.8 2.303
v 37.697 1.8 10.303
v 37.697 1.8 18.303
v 37.697 1.8 26.303
v 37.697 1.8 34.303
v 37.697 1.8 42.303
v 37.697 1.8 50.303
v 37.697 1.8 58.303
v 29.697 1.8 -61.697
v 29.697 1.8 -53.697
v 29.697 1.8 -45.697
v 29.697 1.8 -37.697
v 29.697 1.8 -29.697
v 29.697 1.8 -21.697
v 29.697 1.8 -13.697
v 29.697 1.8 -5.697
v 29.697 1.8 2.303
v 29.697 1.8 10.303
v 29.697 1.8 18.303
v 29.697 1.8 26.303
v 29.697 1.8 34.303
v 29.697 1.8 42.303
v 29.697 1.8 50.303
v 29.697 1.8 58.303
v 21.697 1.8 -61.697
v 21.697 1.8 -53.697
v 21.697 1.8 -45.697
v 21.697 1.8 -37.697
v 21.697 1.8 -29.697
v 21.697 1.8 -21.697
v 21.697 1.8 -13.697
v 21.697 1.8 -5.697
v 21.697 1.8 2.303
v 21.697 1.8 10.303
v 21.697 1.8 18.303
v 21.697 1.8 26.303
v 21.697 1.8 34.303
v 21.697 1.8 42.303
v 21.697 1.8 50.303
v 21.697 1.8 58.303
v 13.697 1.8 -61.697
v 13.697 1.8 -53.697
v 13.697 1.8 -45.697
v 13.697 1.8 -37.697
v 13.697 1.8 -29.697
v 13.697 1.8 -21.697
v 13.697 1.8 -13.697
v 13.697 1.8 -5.697
v 13.697 1.8 2.303
v 13.697 1.8 10.303
v 13.697 1.8 18.303
v 13.697 1.8 26.303
v 13.697 1.8 34.303
v 13.697 1.8 42.303
v 13.697 1.8 50.303
v 13.697 1.8 58.303
v 5.697 1.8 -61.697
v 5.697 1.8 -53.697
v 5.697 1.8 -45.697
v 5.697 1.8 -37.697
v 5.697 1.8 -29.697
v 5.697 1.8 -21.697
v 5.697 1.8 -13.697
v 5.697 1.8 -5.697
v 5.697 1.8 2.303
v 5.697 1.8 10.303
v 5.697 1.8 18.303
v 5.697 1.8 26.303
v 5.697 1.8 34.303
v 5.697 1.8 42.303
v 5.697 1.8 50.303
v 5.697 1.8 58.303
v -2.303 1.8 -61.697
v -2.303 1.8 -53.697
v -2.303 1.8 -45.697
v -2.303 1.8 -37.697
v -2.303 1.8 -29.697
v -2.303 1.8 -21.697
v -2.303 1.8 -13.697
v -2.303 1.8 -5.697
v -2.303 1.8 2.303
v -2.303 1.8 10.303
v -2.303 1.8 18.303
v -2.303 1.8 26.303
v -2.303 1.8 34.303
v -2.303 1.8 42.303
v -2.303 1.8 50.303
v -2.303 1.8 58.303
v -10.303 1.8 -61.697
v -10.303 1.8 -53.697
v -10.303 1.8 -45.697
v -10.303 1.8 -37.697
v -10.303 1.8 -29.697
v -10.303 1.8 -21.697
v -10.303 1.8 -13.697
v -10.303 1.8 -5.697
v -10.303 1.8 2.303
v -10.303 1.8 10.303
v -10.303 1.8 18.303
v -10.303 1.8 26.303
v -10.303 1.8 34.303
v -10.303 1.8 42.303
v -10.303 1.8 50.303
v -10.303 1.8 58.303
v -18.303 1.8 -61.697
v -18.303 1.8 -53.697
v -18.303 1.8 -45.697
v -18.303 1.8 -37.697
v -18.303 1.8 -29.697
v -18.303 1.8 -21.697
v -18.303 1.8 -13.697
v -18.303 1.8 -5.697
v -18.303 1.8 2.303
v -18.303 1.8 10.303
v -18.303 1.8 18.303
v -18.303 1.8 26.303
v -18.303 1.8 34.303
v -18.303 1.8 42.303
v -18.303 1.8 50.303
v -18.303 1.8 58.303
v -26.303 1.8 -61.697
v -26.303 1.8 -53.697
v -26.303 1.8 -45.697
v -26.303 1.8 -37.697
v -26.303 1.8 -29.697
v -26.303 1.8 -21.697
v -26.303 1.8 -13.697
v -26.303 1.8 -5.697
v -26.303 1.8 2.303
v -26.303 1.8 10.303
v -26.303 1.8 18.303
v -26.303 1.8 26.303
v -26.303 1.8 34.303
v -26.303 1.8 42.303
v -26.303 1.8 50.303
v -26.303 1.8 58.303
v -34.303 1.8 -61.697
v -34.303 1.8 -53.697
v -34.303 1.8 -45.697
v -34.303 1.8 -37.697
v -34.303 1.8 -29.697
v -34.303 1.8 -21.697
v -34.303 1.8 -13.697
v -34.303 1.8 -5.697
v -34.303 1.8 2.303
v -34.303 1.8 10.303
v -34.303 1.8 18.303
v -34.303 1.8 26.303
v -34.303 1.8 34.303
v -34.303 1.8 42.303
v -34.303 1.8 50.303
v -34.303 1.8 58.303
v -42.303 1.8 -61.697
v -42.303 1.8 -53.697
v -42.303 1.8 -45.697
v -42.303 1.8 -37.697
v -42.303 1.8 -29.697
v -42.303 1.8 -21.697
v -42.303 1.8 -13.697
v -42.303 1.8 -5.697
v -42.303 1.8 2.303
v -42.303 1.8 10.303
v -42.303 1.8 18.303
v -42.303 1.8 26.303
v -42.303 1.8 34.303
v -42.303 1.8 42.303
v -42.303 1.8 50.303
v -42.303 1.8 58.303
v -50.303 1.8 -61.697
v -50.303 1.8 -53.697
v -50.303 1.8 -45.697
v -50.303 1.8 -37.697
v -50.303 1.8 -29.697
v -50.303 1.8 -21.697
v -50.303 1.8 -13.697
v -50.303 1.8 -5.697
v -50.303 1.8 2.303
v -50.303 1.8 10.303
v -50.303 1.8 18.303
v -50.303 1.8 26.303
v -50.303 1.8 34.303
v -50.303 1.8 42.303
v -50.303 1.8 50.303
v -50.303 1.8 58.303
v -58.303 1.8 -61.697
v -58.303 1.8 -53.697
v -58.303 1.8 -45.697
v -58.303 1.8 -37.697
v -58.303 1.8 -29.697
v -58.303 1.8 -21.697
v -58.303 1.8 -13.697
v -58.303 1.8 -5.697
v -58.303 1.8 2.303
v -58.303 1.8 10.303
v -58.303 1.8 18.303
v -58.303 1.8 26.303
v -58.303 1.8 34.303
v -58.303 1.8 42.303
v -58.303 1.8 50.303
v -58.303 1.8 58.303
v 62.217 1.8 -60.918
v 62.217 1.8 -52.918
v 62.217 1.8 -44.918
v 62.217 1.8 -36.918
v 62.217 1.8 -28.918
v 62.217 1.8 -20.918
v 62.217 1.8 -12.918
v 62.217 1.8 -4.918
v 62.217 1.8 3.082
v 62.217 1.8 11.082
v 62.217 1.8 19.082
v 62.217 1.8 27.082
v 62.217 1.8 35.082
v 62.217 1.8 43.082
v 62.217 1.8 51.082
v 62.217 1.8 59.082
v 54.217 1.8 -60.918
v 54.217 1.8 -52.918
v 54.217 1.8 -44.918
v 54.217 1.8 -36.918
v 54.217 1.8 -28.918
v 54.217 1.8 -20.918
v 54.217 1.8 -12.918
v 54.217 1.8 -4.918
v 54.217 1.8 3.082
v 54.217 1.8 11.082
v 54.217 1.8 19.082
v 54.217 1.8 27.082
v 54.217 1.8 35.082
v 54.217 1.8 43.082
v 54.217 1.8 51.082
v 54.217 1.8 59.082
v 46.217 1.8 -60.918
v 46.217 1.8 -52.918
v 46.217 1.8 -44.918
v 46.217 1.8 -36.918
v 46.217 1.8 -28.918
v 46.217 1.8 -20.918
v 46.217 1.8 -12.918
v 46.217 1.8 -4.918
v 46.217 1.8 3.082
v 46.217 1.8 11.082
v 46.217 1.8 19.082
v 46.217 1.8 27.082
v 46.217 1.8 35.082
v 46.217 1.8 43.082
v 46.217 1.8 51.082
v 46.217 1.8 59.082
v 38.217 1.8 -60.918
v 38.217 1.8 -52.918
v 38.217 1.8 -44.918
v 38.217 1.8 -36.918
v 38.217 1.8 -28.918
v 38.217 1.8 -20.918
v 38.217 1.8 -12.918
v 38.217 1.8 -4.918
v 38.217 1.8 3.082
v 38.217 1.8 11.082
v 38.217 1.8 19.082
v 38.217 1.8 27.082
v 38.217 1.8 35.082
v 38.217 1.8 43.082
v 38.217 1.8 51.082
v 38.217 1.8 59.082
v 30.217 1.8 -60.918
v 30.217 1.8 -52.918
v 30.217 1.8 -44.918
v 30.217 1.8 -36.918
v 30.217 1.8 -28.918
v 30.217 1.8 -20.918
v 30.217 1.8 -12.918
v 30.217 1.8 -4.918
v 30.217 1.8 3.082
v 30.217 1.8 11.082
v 30.217 1.8 19.082
v 30.217 1.8 27.082
v 30.217 1.8 35.082
v 30.217 1.8 43.082
v 30.217 1.8 51.082
v 30.217 1.8 59.082
v 22.217 1.8 -60.918
v 22.217 1.8 -52.918
v 22.217 1.8 -44.918
v 22.217 1.8 -36.918
v 22.217 1.8 -28.918
v 22.217 1.8 -20.918
v 22.217 1.8 -12.918
v 22.217 1.8 -4.918
v 22.217 1.8 3.082
v 22.217 1.8 11.082
v 22.217 1.8 19.082
v 22.217 1.8 27.082
v 22.217 1.8 35.082
v 22.217 1.8 43.082
v 22.217 1.8 51.082
v 22.217 1.8 59.082
v 14.217 1.8 -60.918
v 14.217 1.8 -52.918
v 14.217 1.8 -44.918
v 14.217 1.8 -36.918
v 14.217 1.8 -28.918
v 14.217 1.8 -20.918
v 14.217 1.8 -12.918
v 14.217 1.8 -4.918
v 14.217 1.8 3.082
v 14.217 1.8 11.082
v 14.217 1.8 19.082
v 14.217 1.8 27.082
v 14.217 1.8 35.082
v 14.217 1.8 43.082
v 14.217 1.8 51.082
v 14.217 1.8 59.082
v 6.217 1.8 -60.918
v 6.217 1.8 -52.918
v 6.217 1.8 -44.918
v 6.217 1.8 -36.918
v 6.217 1.8 -28.918
v 6.217 1.8 -20.918
v 6.217 1.8 -12.918
v 6.217 1.8 -4.918
v 6.217 1.8 3.082
v 6.217 1.8 11.082
v 6.217 1.8 19.082
v 6.217 1.8 27.082
v 6.217 1.8 35.082
v 6.217 1.8 43.082
v 6.217 1.8 51.082
v 6.217 1.8 59.082
v -1.783 1.8 -60.918
v -1.783 1.8 -52.918
v -1.783 1.8 -44.918
v -1.783 1.8 -36.918
v -1.783 1.8 -28.918
v -1.783 1.8 -20.918
v -1.783 1.8 -12.918
v -1.783 1.8 -4.918
v -1.783 1.8 3.082
v -1.783 1.8 11.082
v -1.783 1.8 19.082
v -1.783 1.8 27.082
v -1.783 1.8 35.082
v -1.783 1.8 43.082
v -1.783 1.8 51.082
v -1.783 1.8 59.082
v -9.783 1.8 -60.918
v -9.783 1.8 -52.918
v -9.783 1.8 -44.918
v -9.783 1.8 -36.918
v -9.783 1.8 -28.918
v -9.783 1.8 -20.918
v -9.783 1.8 -12.918
v -9.783 1.8 -4.918
v -9.783 1.8 3.082
v -9.783 1.8 11.082
v -9.783 1.8 19.082
v -9.783 1.8 27.082
v -9.783 1.8 35.082
v -9.783 1.8 43.082
v -9.783 1.8 51.082
v -9.783 1.8 59.082
v -17.783 1.8 -60.918
v -17.783 1.8 -52.918
v -17.783 1.8 -44.918
v -17.783 1.8 -36.918
v -17.783 1.8 -28.918
v -17.783 1.8 -20.918
v -17.783 1.8 -12.918
v -17.783 1.8 -4.918
v -17.783 1.8 3.082
v -17.783 1.8 11.082
v -17.783 1.8 19.082
v -17.783 1.8 27.082
v -17.783 1.8 35.082
v -17.783 1.8 43.082
v -17.783 1.8 51.082
v -17.783 1.8 59.082
v -25.783 1.8 -60.918
v -25.783 1.8 -52.918
v -25.783 1.8 -44.918
v -25.783 1.8 -36.918
v -25.783 1.8 -28.918
v -25.783 1.8 -20.918
v -25.783 1.8 -12.918
v -25.783 1.8 -4.918
v -25.783 1.8 3.082
v -25.783 1.8 11.082
v -25.783 1.8 19.082
v -25.783 1.8 27.082
v -25.783 1.8 35.082
v -25.783 1.8 43.082
v -25.783 1.8 51.082
v -25.783 1.8 59.082
v -33.783 1.8 -60.918
v -33.783 1.8 -52.918
v -33.783 1.8 -44.918
v -33.783 1.8 -36.918
v -33.783 1.8 -28.918
v -33.783 1.8 -20.918
v -33.783 1.8 -12.918
v -33.783 1.8 -4.918
v -33.783 1.8 3.082
v -33.783 1.8 11.082
v -33.783 1.8 19.082
v -33.783 1.8 27.082
v -33.783 1.8 35.082
v -33.783 1.8 43.082
v -33.783 1.8 51.082
v -33.783 1.8 59.082
v -41.783 1.8 -60.918
v -41.783 1.8 -52.918
v -41.783 1.8 -44.918
v -41.783 1.8 -36.918
v -41.783 1.8 -28.918
v -41.783 1.8 -20.918
v -41.783 1.8 -12.918
v -41.783 1.8 -4.918
v -41.783 1.8 3.082
v -41.783 1.8 11.082
v -41.783 1.8 19.082
v -41.783 1.8 27.082
v -41.783 1.8 35.082
v -41.783 1.8 43.082
v -41.783 1.8 51.082
v -41.783 1.8 59.082
v -49.783 1.8 -60.918
v -49.783 1.8 -52.918
v -49.783 1.8 -44.918
v -49.783 1.8 -36.918
v -49.783 1.8 -28.918
v -49.783 1.8 -20.918
v -49.783 1.8 -12.918
v -49.783 1.8 -4.918
v -49.783 1.8 3.082
v -49.783 1.8 11.082
v -49.783 1.8 19.082
v -49.783 1.8 27.082
v -49.783 1.8 35.082
v -49.783 1.8 43.082
v -49.783 1.8 51.082
v -49.783 1.8 59.082
v -57.783 1.8 -60.918
v -57.783 1.8 -52.918
v -57.783 1.8 -44.918
v -57.783 1.8 -36.918
v -57.783 1.8 -28.918
v -57.783 1.8 -20.918
v -57.783 1.8 -12.918
v -57.783 1.8 -4.918
v -57.783 1.8 3.082
v -57.783 1.8 11.082
v -57.783 1.8 19.082
v -57.783 1.8 27.082
v -57.783 1.8 35.082
v -57.783 1.8 43.082
v -57.783 1.8 51.082
v -57.783 1.8 59.082
v 62.4 1.8 -60
v 62.4 1.8 -52
v 62.4 1.8 -44
v 62.4 1.8 -36
v 62.4 1.8 -28
v 62.4 1.8 -20
v 62.4 1.8 -12
v 62.4 1.8 -4
v 62.4 1.8 4
v 62.4 1.8 12
v 62.4 1.8 20
v 62.4 1.8 28
v 62.4 1.8 36
v 62.4 1.8 44
v 62.4 1.8 52
v 62.4 1.8 60
v 54.4 1.8 -60
v 54.4 1.8 -52
v 54.4 1.8 -44
v 54.4 1.8 -36
v 54.4 1.8 -28
v 54.4 1.8 -20
v 54.4 1.8 -12
v 54.4 1.8 -4
v 54.4 1.8 4
v 54.4 1.8 12
v 54.4 1.8 20
v 54.4 1.8 28
v 54.4 1.8 36
v 54.4 1.8 44
v 54.4 1.8 52
v 54.4 1.8 60
v 46.4 1.8 -60
v 46.4 1.8 -52
v 46.4 1.8 -44
v 46.4 1.8 -36
v 46.4 1.8 -28
v 46.4 1.8 -20
v 46.4 1.8 -12
v 46.4 1.8 -4
v 46.4 1.8 4
v 46.4 1.8 12
v 46.4 1.8 20
v 46.4 1.8 28
v 46.4 1.8 36
v 46.4 1.8 44
v 46.4 1.8 52
v 46.4 1.8 60
v 38.4 1.8 -60
v 38.4 1.8 -52
v 38.4 1.8 -44
v 38.4 1.8 -36
v 38.4 1.8 -28
v 38.4 1.8 -20
v 38.4 1.8 -12
v 38.4 1.8 -4
v 38.4 1.8 4
v 38.4 1.8 12
v 38.4 1.8 20
v 38.4 1.8 28
v 38.4 1.8 36
v 38.4 1.8 44
v 38.4 1.8 52
v 38.4 1.8 60
v 30.4 1.8 -60
v 30.4 1.8 -52
v 30.4 1.8 -44
v 30.4 1.8 -36
v 30.4 1.8 -28
v 30.4 1.8 -20
v 30.4 1.8 -12
v 30.4 1.8 -4
v 30.4 1.8 4
v 30.4 1.8 12
v 30.4 1.8 20
v 30.4 1.8 28
v 30.4 1.8 36
v 30.4 1.8 44
v 30.4 1.8 52
v 30.4 1.8 60
v 22.4 1.8 -60
v 22.4 1.8 -52
v 22.4 1.8 -44
v 22.4 1.8 -36
v 22.4 1.8 -28
v 22.4 1.8 -20
v 22.4 1.8 -12
v 22.4 1.8 -4
v 22.4 1.8 4
v 22.4 1.8 12
v 22.4 1.8 20
v 22.4 1.8 28
v 22.4 1.8 36
v 22.4 1.8 44
v 22.4 1.8 52
v 22.4 1.8 60
v 14.4 1.8 -60
v 14.4 1.8 -52
v 14.4 1.8 -44
v 14.4 1.8 -36
v 14.4 1.8 -28
v 14.4 1.8 -20
v 14.4 1.8 -12
v 14.4 1.8 -4
v 14.4 1.8 4
v 14.4 1.8 12
v 14.4 1.8 20
v 14.4 1.8 28
v 14.4 1.8 36
v 14.4 1.8 44
v 14.4 1.8 52
v 14.4 1.8 60
v 6.4 1.8 -60
v 6.4 1.8 -52
v 6.4 1.8 -44
v 6.4 1.8 -36
v 6.4 1.8 -28
v 6.4 1.8 -20
v 6.4 1.8 -12
v 6.4 1.8 -4
v 6.4 1.8 4
v 6.4 1.8 12
v 6.4 1.8 20
v 6.4 1.8 28
v 6.4 1.8 36
v 6.4 1.8 44
v 6.4 1.8 52
v 6.4 1.8 60
v -1.6 1.8 -60
v -1.6 1.8 -52
v -1.6 1.8 -44
v -1.6 1.8 -36
v -1.6 1.8 -28
v -1.6 1.8 -20
v -1.6 1.8 -12
v -1.6 1.8 -4
v -1.6 1.8 4
v -1.6 1.8 12
v -1.6 1.8 20
v -1.6 1.8 28
v -1.6 1.8 36
v -1.6 1.8 44
v -1.6 1.8 52
v -1.6 1.8 60
v -9.6 1.8 -60
v -9.6 1.8 -52
v -9.6 1.8 -44
v -9.6 1.8 -36
v -9.6 1.8 -28
v -9.6 1.8 -20
v -9.6 1.8 -12
v -9.6 1.8 -4
v -9.6 1.8 4
v -9.6 1.8 12
v -9.6 1.8 20
v -9.6 1.8 28
v -9.6 1.8 36
v -9.6 1.8 44
v -9.6 1.8 52
v -9.6 1.8 60
v -17.6 1.8 -60
v -17.6 1.8 -52
v -17.6 1.8 -44
v -17.6 1.8 -36
v -17.6 1.8 -28
v -17.6 1.8 -20
v -17.6 1.8 -12
v -17.6 1.8 -4
v -17.6 1.8 4
v -17.6 1.8 12
v -17.6 1.8 20
v -17.6 1.8 28
v -17.6 1.8 36
v -17.6 1.8 44
v -17.6 1.8 52
v -17.6 1.8 60
v -25.6 1.8 -60
v -25.6 1.8 -52
v -25.6 1.8 -44
v -25.6 1.8 -36
v -25.6 1.8 -28
v -25.6 1.8 -20
v -25.6 1.8 -12
v -25.6 1.8 -4
v -25.6 1.8 4
v -25.6 1.8 12
v -25.6 1.8 20
v -25.6 1.8 28
v -25.6 1.8 36
v -25.6 1.8 44
v -25.6 1.8 52
v -25.6 1.8 60
v -33.6 1.8 -60
v -33.6 1.8 -52
v -33.6 1.8 -44
v -33.6 1.8 -36
v -33.6 1.8 -28
v -33.6 1.8 -20
v -33.6 1.8 -12
v -33.6 1.8 -4
v -33.6 1.8 4
v -33.6 1.8 12
v -33.6 1.8 20
v -33.6 1.8 28
v -33.6 1.8 36
v -33.6 1.8 44
v -33.6 1.8 52
v -33.6 1.8 60
v -41.6 1.8 -60
v -41.6 1.8 -52
v -41.6 1.8 -44
v -41.6 1.8 -36
v -41.6 1.8 -28
v -41.6 1.8 -20
v -41.6 1.8 -12
v -41.6 1.8 -4
v -41.6 1.8 4
v -41.6 1.8 12
v -41.6 1.8 20
v -41.6 1.8 28
v -41.6 1.8 36
v -41.6 1.8 44
v -41.6 1.8 52
v -41.6 1.8 60
v -49.6 1.8 -60
v -49.6 1.8 -52
v -49.6 1.8 -44
v -49.6 1.8 -36
v -49.6 1.8 -28
v -49.6 1.8 -20
v -49.6 1.8 -12
v -49.6 1.8 -4
v -49.6 1.8 4
v -49.6 1.8 12
v -49.6 1.8 20
v -49.6 1.8 28
v -49.6 1.8 36
v -49.6 1.8 44
v -49.6 1.8 52
v -49.6 1.8 60
v -57.6 1.8 -60
v -57.6 1.8 -52
v -57.6 1.8 -44
v -57.6 1.8 -36
v -57.6 1.8 -28
v -57.6 1.8 -20
v -57.6 1.8 -12
v -57.6 1.8 -4
v -57.6 1.8 4
v -57.6 1.8 12
v -57.6 1.8 20
v -57.6 1.8 28
v -57.6 1.8 36
v -57.6 1.8 44
v -57.6 1.8 52
v -57.6 1.8 60
v 62.217 1.8 -59.082
v 62.217 1.8 -51.082
v 62.217 1.8 -43.082
v 62.217 1.8 -35.082
v 62.217 1.8 -27.082
v 62.217 1.8 -19.082
v 62.217 1.8 -11.082
v 62.217 1.8 -3.082
v 62.217 1.8 4.918
v 62.217 1.8 12.918
v 62.217 1.8 20.918
v 62.217 1.8 28.918
v 62.217 1.8 36.918
v 62.217 1.8 44.918
v 62.217 1.8 52.918
v 62.217 1.8 60.918
v 54.217 1.8 -59.082
v 54.217 1.8 -51.082
v 54.217 1.8 -43.082
v 54.217 1.8 -35.082
v 54.217 1.8 -27.082
v 54.217 1.8 -19.082
v 54.217 1.8 -11.082
v 54.217 1.8 -3.082
v 54.217 1.8 4.918
v 54.217 1.8 12.918
v 54.217 1.8 20.918
v 54.217 1.8 28.918
v 54.217 1.8 36.918
v 54.217 1.8 44.918
v 54.217 1.8 52.918
v 54.217 1.8 60.918
v 46.217 1.8 -59.082
v 46.217 1.8 -51.082
v 46.217 1.8 -43.082
v 46.217 1.8 -35.082
v 46.217 1.8 -27.082
v 46.217 1.8 -19.082
v 46.217 1.8 -11.082
v 46.217 1.8 -3.082
v 46.217 1.8 4.918
v 46.217 1.8 12.918
v 46.217 1.8 20.918
v 46.217 1.8 28.918
v 46.217 1.8 36.918
v 46.217 1.8 44.918
v 46.217 1.8 52.918
v 46.217 1.8 60.918
v 38.217 1.8 -59.082
v 38.217 1.8 -51.082
v 38.217 1.8 -43.082
v 38.217 1.8 -35.082
v 38.217 1.8 -27.082
v 38.217 1.8 -19.082
v 38.217 1.8 -11.082
v 38.217 1.8 -3.082
v 38.217 1.8 4.918
v 38.217 1.8 12.918
v 38.217 1.8 20.918
v 38.217 1.8 28.918
v 38.217 1.8 36.918
v 38.217 1.8 44.918
v 38.217 1.8 52.918
v 38.217 1.8 60.918
v 30.217 1.8 -59.082
v 30.217 1.8 -51.082
v 30.217 1.8 -43.082
v 30.217 1.8 -35.082
v 30.217 1.8 -27.082
v 30.217 1.8 -19.082
v 30.217 1.8 -11.082
v 30.217 1.8 -3.082
v 30.217 1.8 4.918
v 30.217 1.8 12.918
v 30.217 1.8 20.918
v 30.217 1.8 28.918
v 30.217 1.8 36.918
v 30.217 1.8 44.918
v 30.217 1.8 52.918
v 30.217 1.8 60.918
v 22.217 1.8 -59.082
v 22.217 1.8 -51.082
v 22.217 1.8 -43.082
v 22.217 1.8 -35.082
v 22.217 1.8 -27.082
v 22.217 1.8 -19.082
v 22.217 1.8 -11.082
v 22.217 1.8 -3.082
v 22.217 1.8 4.918
v 22.217 1.8 12.918
v 22.217 1.8 20.918
v 22.217 1.8 28.918
v 22.217 1.8 36.918
v 22.217 1.8 44.918
v 22.217 1.8 52.918
v 22.217 1.8 60.918
v 14.217 1.8 -59.082
v 14.217 1.8 -51.082
v 14.217 1.8 -43.082
v 14.217 1.8 -35.082
v 14.217 1.8 -27.082
v 14.217 1.8 -19.082
v 14.217 1.8 -11.082
v 14.217 1.8 -3.082
v 14.217 1.8 4.918
v 14.217 1.8 12.918
v 14.217 1.8 20.918
v 14.217 1.8 28.918
v 14.217 1.8 36.918
v 14.217 1.8 44.918
v 14.217 1.8 52.918
v 14.217 1.8 60.918
v 6.217 1.8 -59.082
v 6.217 1.8 -51.082
v 6.217 1.8 -43.082
v 6.217 1.8 -35.082
v 6.217 1.8 -27.082
v 6.217 1.8 -19.082
v 6.217 1.8 -11.082
v 6.217 1.8 -3.082
v 6.217 1.8 4.918
v 6.217 1.8 12.918
v 6.217 1.8 20.918
v 6.217 1.8 28.918
v 6.217 1.8 36.918
v 6.217 1.8 44.918
v 6.217 1.8 52.918
v 6.217 1.8 60.918
v -1.783 1.8 -59.082
v -1.783 1.8 -51.082
v -1.783 1.8 -43.082
v -1.783 1.8 -35.082
v -1.783 1.8 -27.082
v -1.783 1.8 -19.082
v -1.783 1.8 -11.082
v -1.783 1.8 -3.082
v -1.783 1.8 4.918
v -1.783 1.8 12.918
v -1.783 1.8 20.918
v -1.783 1.8 28.918
v -1.783 1.8 36.918
v -1.783 1.8 44.918
v -1.783 1.8 52.918
v -1.783 1.8 60.918
v -9.783 1.8 -59.082
v -9.783 1.8 -51.082
v -9.783 1.8 -43.082
v -9.783 1.8 -35.082
v -9.783 1.8 -27.082
v -9.783 1.8 -19.082
v -9.783 1.8 -11.082
v -9.783 1.8 -3.082
v -9.783 1.8 4.918
v -9.783 1.8 12.918
v -9.783 1.8 20.918
v -9.783 1.8 28.918
v -9.783 1.8 36.918
v -9.783 1.8 44.918
v -9.783 1.8 52.918
v -9.783 1.8 60.918
v -17.783 1.8 -59.082
v -17.783 1.8 -51.082
v -17.783 1.8 -43.082
v -17.783 1.8 -35.082
v -17.783 1.8 -27.082
v -17.783 1.8 -19.082
v -17.783 1.8 -11.082
v -17.783 1.8 -3.082
v -17.783 1.8 4.918
v -17.783 1.8 12.918
v -17.783 1.8 20.918
v -17.783 1.8 28.918
v -17.783 1.8 36.918
v -17.783 1.8 44.918
v -17.783 1.8 52.918
v -17.783 1.8 60.918
v -25.783 1.8 -59.082
v -25.783 1.8 -51.082
v -25.783 1.8 -43.082
v -25.783 1.8 -35.082
v -25.783 1.8 -27.082
v -25.783 1.8 -19.082
v -25.783 1.8 -11.082
v -25.783 1.8 -3.082
v -25.783 1.8 4.918
v -25.783 1.8 12.918
v -25.783 1.8 20.918
v -25.783 1.8 28.918
v -25.783 1.8 36.918
v -25.783 1.8 44.918
v -25.783 1.8 52.918
v -25.783 1.8 60.918
v -33.783 1.8 -59.082
v -33.783 1.8 -51.082
v -33.783 1.8 -43.082
v -33.783 1.8 -35.082
v -33.783 1.8 -27.082
v -33.783 1.8 -19.082
v -33.783 1.8 -11.082
v -33.783 1.8 -3.082
v -33.783 1.8 4.918
v -33.783 1.8 12.918
v -33.783 1.8 20.918
v -33.783 1.8 28.918
v -33.783 1.8 36.918
v -33.783 1.8 44.918
v -33.783 1.8 52.918
v -33.783 1.8 60.918
v -41.783 1.8 -59.082
v -41.783 1.8 -51.082
v -41.783 1.8 -43.082
v -41.783 1.8 -35.082
v -41.783 1.8 -27.082
v -41.783 1.8 -19.082
v -41.783 1.8 -11.082
v -41.783 1.8 -3.082
v -41.783 1.8 4.918
v -41.783 1.8 12.918
v -41.783 1.8 20.918
v -41.783 1.8 28.918
v -41.783 1.8 36.918
v -41.783 1.8 44.918
v -41.783 1.8 52.918
v -41.783 1.8 60.918
v -49.783 1.8 -59.082
v -49.783 1.8 -51.082
v -49.783 1.8 -43.082
v -49.783 1.8 -35.082
v -49.783 1.8 -27.082
v -49.783 1.8 -19.082
v -49.783 1.8 -11.082
v -49.783 1.8 -3.082
v -49.783 1.8 4.918
v -49.783 1.8 12.918
v -49.783 1.8 20.918
v -49.783 1.8 28.918
v -49.783 1.8 36.918
v -49.783 1.8 44.918
v -49.783 1.8 52.918
v -49.783 1.8 60.918
v -57.783 1.8 -59.082
v -57.783 1.8 -51.082
v -57.783 1.8 -43.082
v -57.783 1.8 -35.082
v -57.783 1.8 -27.082
v -57.783 1.8 -19.082
v -57.783 1.8 -11.082
v -57.783 1.8 -3.082
v -57.783 1.8 4.918
v -57.783 1.8 12.918
v -57.783 1.8 20.918
v -57.783 1.8 28.918
v -57.783 1.8 36.918
v -57.783 1.8 44.918
v -57.783 1.8 52.918
v -57.783 1.8 60.918
v 61.697 1.8 -58.303
v 61.697 1.8 -50.303
v 61.697 1.8 -42.303
v 61.697 1.8 -34.303
v 61.697 1.8 -26.303
v 61.697 1.8 -18.303
v 61.697 1.8 -10.303
v 61.697 1.8 -2.303
v 61.697 1.8 5.697
v 61.697 1.8 13.697
v 61.697 1.8 21.697
v 61.697 1.8 29.697
v 61.697 1.8 37.697
v 61.697 1.8 45.697
v 61.697 1.8 53.697
v 61.697 1.8 61.697
v 53.697 1.8 -58.303
v 53.697 1.8 -50.303
v 53.697 1.8 -42.303
v 53.697 1.8 -34.303
v 53.697 1.8 -26.303
v 53.697 1.8 -18.303
v 53.697 1.8 -10.303
v 53.697 1.8 -2.303
v 53.697 1.8 5.697
v 53.697 1.8 13.697
v 53.697 1.8 21.697
v 53.697 1.8 29.697
v 53.697 1.8 37.697
v 53.697 1.8 45.697
v 53.697 1.8 53.697
v 53.697 1.8 61.697
v 45.697 1.8 -58.303
v 45.697 1.8 -50.303
v 45.697 1.8 -42.303
v 45.697 1.8 -34.303
v 45.697 1.8 -26.303
v 45.697 1.8 -18.303
v 45.697 1.8 -10.303
v 45.697 1.8 -2.303
v 45.697 1.8 5.697
v 45.697 1.8 13.697
v 45.697 1.8 21.697
v 45.697 1.8 29.697
v 45.697 1.8 37.697
v 45.697 1.8 45.697
v 45.697 1.8 53.697
v 45.697 1.8 61.697
v 37.697 1.8 -58.303
v 37.697 1.8 -50.303
v 37.697 1.8 -42.303
v 37.697 1.8 -34.303
v 37.697 1.8 -26.303
v 37.697 1.8 -18.303
v 37.697 1.8 -10.303
v 37.697 1.8 -2.303
v 37.697 1.8 5.697
v 37.697 1.8 13.697
v 37.697 1.8 21.697
v 37.697 1.8 29.697
v 37.697 1.8 37.697
v 37.697 1.8 45.697
v 37.697 1.8 53.697
v 37.697 1.8 61.697
v 29.697 1.8 -58.303
v 29.697 1.8 -50.303
v 29.697 1.8 -42.303
v 29.697 1.8 -34.303
v 29.697 1.8 -26.303
v 29.697 1.8 -18.303
v 29.697 1.8 -10.303
v 29.697 1.8 -2.303
v 29.697 1.8 5.697
v 29.697 1.8 13.697
v 29.697 1.8 21.697
v 29.697 1.8 29.697
v 29.697 1.8 37.697
v 29.697 1.8 45.697
v 29.697 1.8 53.697
v 29.697 1.8 61.697
v 21.697 1.8 -58.303
v 21.697 1.8 -50.303
v 21.697 1.8 -42.303
v 21.697 1.8 -34.303
v 21.697 1.8 -26.303
v 21.697 1.8 -18.303
v 21.697 1.8 -10.303
v 21.697 1.8 -2.303
v 21.697 1.8 5.697
v 21.697 1.8 13.697
v 21.697 1.8 21.697
v 21.697 1.8 29.697
v 21.697 1.8 37.697
v 21.697 1.8 45.697
v 21.697 1.8 53.697
v 21.697 1.8 61.697
v 13.697 1.8 -58.303
v 13.697 1.8 -50.303
v 13.697 1.8 -42.303
v 13.697 1.8 -34.303
v 13.697 1.8 -26.303
v 13.697 1.8 -18.303
v 13.697 1.8 -10.303
v 13.697 1.8 -2.303
v 13.697 1.8 5.697
v 13.697 1.8 13.697
v 13.697 1.8 21.697
v 13.697 1.8 29.697
v 13.697 1.8 37.697
v 13.697 1.8 45.697
v 13.697 1.8 53.697
v 13.697 1.8 61.697
v 5.697 1.8 -58.303
v 5.697 1.8 -50.303
v 5.697 1.8 -42.303
v 5.697 1.8 -34.303
v 5.697 1.8 -26.303
v 5.697 1.8 -18.303
v 5.697 1.8 -10.303
v 5.697 1.8 -2.303
v 5.697 1.8 5.697
v 5.697 1.8 13.697
v 5.697 1.8 21.697
v 5.697 1.8 29.697
v 5.697 1.8 37.697
v 5.697 1.8 45.697
v 5.697 1.8 53.697
v 5.697 1.8 61.697
v -2.303 1.8 -58.303
v -2.303 1.8 -50.303
v -2.303 1.8 -42.303
v -2.303 1.8 -34.303
v -2.303 1.8 -26.303
v -2.303 1.8 -18.303
v -2.303 1.8 -10.303
v -2.303 1.8 -2.303
v -2.303 1.8 5.697
v -2.303 1.8 13.697
v -2.303 1.8 21.697
v -2.303 1.8 29.697
v -2.303 1.8 37.697
v -2.303 1.8 45.697
v -2.303 1.8 53.697
v -2.303 1.8 61.697
v -10.303 1.8 -58.303
v -10.303 1.8 -50.303
v -10.303 1.8 -42.303
v -10.303 1.8 -34.303
v -10.303 1.8 -26.303
v -10.303 1.8 -18.303
v -10.303 1.8 -10.303
v -10.303 1.8 -2.303
v -10.303 1.8 5.697
v -10.303 1.8 13.697
v -10.303 1.8 21.697
v -10.303 1.8 29.697
v -10.303 1.8 37.697
v -10.303 1.8 45.697
v -10.303 1.8 53.697
v -10.303 1.8 61.697
v -18.303 1.8 -58.303
v -18.303 1.8 -50.303
v -18.303 1.8 -42.303
v -18.303 1.8 -34.303
v -18.303 1.8 -26.303
v -18.303 1.8 -18.303
v -18.303 1.8 -10.303
v -18.303 1.8 -2.303
v -18.303 1.8 5.697
v -18.303 1.8 13.697
v -18.303 1.8 21.697
v -18.303 1.8 29.697
v -18.303 1.8 37.697
v -18.303 1.8 45.697
v -18.303 1.8 53.697
v -18.303 1.8 61.697
v -26.303 1.8 -58.303
v -26.303 1.8 -50.303
v -26.303 1.8 -42.303
v -26.303 1.8 -34.303
v -26.303 1.8 -26.303
v -26.303 1.8 -18.303
v -26.303 1.8 -10.303
v -26.303 1.8 -2.303
v -26.303 1.8 5.697
v -26.303 1.8 13.697
v -26.303 1.8 21.697
v -26.303 1.8 29.697
v -26.303 1.8 37.697
v -26.303 1.8 45.697
v -26.303 1.8 53.697
v -26.303 1.8 61.697
v -34.303 1.8 -58.303
v -34.303 1.8 -50.303
v -34.303 1.8 -42.303
v -34.303 1.8 -34.303
v -34.303 1.8 -26.303
v -34.303 1.8 -18.303
v -34.303 1.8 -10.303
v -34.303 1.8 -2.303
v -34.303 1.8 5.697
v -34.303 1.8 13.697
v -34.303 1.8 21.697
v -34.303 1.8 29.697
v -34.303 1.8 37.697
v -34.303 1.8 45.697
v -34.303 1.8 53.697
v -34.303 1.8 61.697
v -42.303 1.8 -58.303
v -42.303 1.8 -50.303
v -42.303 1.8 -42.303
v -42.303 1.8 -34.303
v -42.303 1.8 -26.303
v -42.303 1.8 -18.303
v -42.303 1.8 -10.303
v -42.303 1.8 -2.303
v -42.303 1.8 5.697
v -42.303 1.8 13.697
v -42.303 1.8 21.697
v -42.303 1.8 29.697
v -42.303 1.8 37.697
v -42.303 1.8 45.697
v -42.303 1.8 53.697
v -42.303 1.8 61.697
v -50.303 1.8 -58.303
v -50.303 1.8 -50.303
v -50.303 1.8 -42.303
v -50.303 1.8 -34.303
v -50.303 1.8 -26.303
v -50.303 1.8 -18.303
v -50.303 1.8 -10.303
v -50.303 1.8 -2.303
v -50.303 1.8 5.697
v -50.303 1.8 13.697
v -50.303 1.8 21.697
v -50.303 1.8 29.697
v -50.303 1.8 37.697
v -50.303 1.8 45.697
v -50.303 1.8 53.697
v -50.303 1.8 61.697
v -58.303 1.8 -58.303
v -58.303 1.8 -50.303
v -58.303 1.8 -42.303
v -58.303 1.8 -34.303
v -58.303 1.8 -26.303
v -58.303 1.8 -18.303
v -58.303 1.8 -10.303
v -58.303 1.8 -2.303
v -58.303 1.8 5.697
v -58.303 1.8 13.697
v -58.303 1.8 21.697
v -58.303 1.8 29.697
v -58.303 1.8 37.697
v -58.303 1.8 45.697
v -58.303 1.8 53.697
v -58.303 1.8 61.697
v 60.918 1.8 -57.783
v 60.918 1.8 -49.783
v 60.918 1.8 -41.783
v 60.918 1.8 -33.783
v 60.918 1.8 -25.783
v 60.918 1.8 -17.783
v 60.918 1.8 -9.783
v 60.918 1.8 -1.783
v 60.918 1.8 6.217
v 60.918 1.8 14.217
v 60.918 1.8 22.217
v 60.918 1.8 30.217
v 60.918 1.8 38.217
v 60.918 1.8 46.217
v 60.918 1.8 54.217
v 60.918 1.8 62.217
v 52.918 1.8 -57.783
v 52.918 1.8 -49.783
v 52.918 1.8 -41.783
v 52.918 1.8 -33.783
v 52.918 1.8 -25.783
v 52.918 1.8 -17.783
v 52.918 1.8 -9.783
v 52.918 1.8 -1.783
v 52.918 1.8 6.217
v 52.918 1.8 14.217
v 52.918 1.8 22.217
v 52.918 1.8 30.217
v 52.918 1.8 38.217
v 52.918 1.8 46.217
v 52.918 1.8 54.217
v 52.918 1.8 62.217
v 44.918 1.8 -57.783
v 44.918 1.8 -49.783
v 44.918 1.8 -41.783
v 44.918 1.8 -33.783
v 44.918 1.8 -25.783
v 44.918 1.8 -17.783
v 44.918 1.8 -9.783
v 44.918 1.8 -1.783
v 44.918 1.8 6.217
v 44.918 1.8 14.217
v 44.918 1.8 22.217
v 44.918 1.8 30.217
v 44.918 1.8 38.217
v 44.918 1.8 46.217
v 44.918 1.8 54.217
v 44.918 1.8 62.217
v 36.918 1.8 -57.783
v 36.918 1.8 -49.783
v 36.918 1.8 -41.783
v 36.918 1.8 -33.783
v 36.918 1.8 -25.783
v 36.918 1.8 -17.783
v 36.918 1.8 -9.783
v 36.918 1.8 -1.783
v 36.918 1.8 6.217
v 36.918 1.8 14.217
v 36.918 1.8 22.217
v 36.918 1.8 30.217
v 36.918 1.8 38.217
v 36.918 1.8 46.217
v 36.918 1.8 54.217
v 36.918 1.8 62.217
v 28.918 1.8 -57.783
v 28.918 1.8 -49.783
v 28.918 1.8 -41.783
v 28.918 1.8 -33.783
v 28.918 1.8 -25.783
v 28.918 1.8 -17.783
v 28.918 1.8 -9.783
v 28.918 1.8 -1.783
v 28.918 1.8 6.217
v 28.918 1.8 14.217
v 28.918 1.8 22.217
v 28.918 1.8 30.217
v 28.918 1.8 38.217
v 28.918 1.8 46.217
v 28.918 1.8 54.217
v 28.918 1.8 62.217
v 20.918 1.8 -57.783
v 20.918 1.8 -49.783
v 20.918 1.8 -41.783
v 20.918 1.8 -33.783
v 20.918 1.8 -25.783
v 20.918 1.8 -17.783
v 20.918 1.8 -9.783
v 20.918 1.8 -1.783
v 20.918 1.8 6.217
v 20.918 1.8 14.217
v 20.918 1.8 22.217
v 20.918 1.8 30.217
v 20.918 1.8 38.217
v 20.918 1.8 46.217
v 20.918 1.8 54.217
v 20.918 1.8 62.217
v 12.918 1.8 -57.783
v 12.918 1.8 -49.783
v 12.918 1.8 -41.783
v 12.918 1.8 -33.783
v 12.918 1.8 -25.783
v 12.918 1.8 -17.783
v 12.918 1.8 -9.783
v 12.918 1.8 -1.783
v 12.918 1.8 6.217
v 12.918 1.8 14.217
v 12.918 1.8 22.217
v 12.918 1.8 30.217
v 12.918 1.8 38.217
v 12.918 1.8 46.217
v 12.918 1.8 54.217
v 12.918 1.8 62.217
v 4.918 1.8 -57.783
v 4.918 1.8 -49.783
v 4.918 1.8 -41.783
v 4.918 1.8 -33.783
v 4.918 1.8 -25.783
v 4.918 1.8 -17.783
v 4.918 1.8 -9.783
v 4.918 1.8 -1.783
v 4.918 1.8 6.217
v 4.918 1.8 14.217
v 4.918 1.8 22.217
v 4.918 1.8 30.217
v 4.918 1.8 38.217
v 4.918 1.8 46.217
v 4.918 1.8 54.217
v 4.918 1.8 62.217
v -3.082 1.8 -57.783
v -3.082 1.8 -49.783
v -3.082 1.8 -41.783
v -3.082 1.8 -33.783
v -3.082 1.8 -25.783
v -3.082 1.8 -17.783
v -3.082 1.8 -9.783
v -3.082 1.8 -1.783
v -3.082 1.8 6.217
v -3.082 1.8 14.217
v -3.082 1.8 22.217
v -3.082 1.8 30.217
v -3.082 1.8 38.217
v -3.082 1.8 46.217
v -3.082 1.8 54.217
v -3.082 1.8 62.217
v -11.082 1.8 -57.783
v -11.082 1.8 -49.783
v -11.082 1.8 -41.783
v -11.082 1.8 -33.783
v -11.082 1.8 -25.783
v -11.082 1.8 -17.783
v -11.082 1.8 -9.783
v -11.082 1.8 -1.783
v -11.082 1.8 6.217
v -11.082 1.8 14.217
v -11.082 1.8 22.217
v -11.082 1.8 30.217
v -11.082 1.8 38.217
v -11.082 1.8 46.217
v -11.082 1.8 54.217
v -11.082 1.8 62.217
v -19.082 1.8 -57.783
v -19.082 1.8 -49.783
v -19.082 1.8 -41.783
v -19.082 1.8 -33.783
v -19.082 1.8 -25.783
v -19.082 1.8 -17.783
v -19.082 1.8 -9.783
v -19.082 1.8 -1.783
v -19.082 1.8 6.217
v -19.082 1.8 14.217
v -19.082 1.8 22.217
v -19.082 1.8 30.217
v -19.082 1.8 38.217
v -19.082 1.8 46.217
v -19.082 1.8 54.217
v -19.082 1.8 62.217
v -27.082 1.8 -57.783
v -27.082 1.8 -49.783
v -27.082 1.8 -41.783
v -27.082 1.8 -33.783
v -27.082 1.8 -25.783
v -27.082 1.8 -17.783
v -27.082 1.8 -9.783
v -27.082 1.8 -1.783
v -27.082 1.8 6.217
v -27.082 1.8 14.217
v -27.082 1.8 22.217
v -27.082 1.8 30.217
v -27.082 1.8 38.217
v -27.082 1.8 46.217
v -27.082 1.8 54.217
v -27.082 1.8 62.217
v -35.082 1.8 -57.783
v -35.082 1.8 -49.783
v -35.082 1.8 -41.783
v -35.082 1.8 -33.783
v -35.082 1.8 -25.783
v -35.082 1.8 -17.783
v -35.082 1.8 -9.783
v -35.082 1.8 -1.783
v -35.082 1.8 6.217
v -35.082 1.8 14.217
v -35.082 1.8 22.217
v -35.082 1.8 30.217
v -35.082 1.8 38.217
v -35.082 1.8 46.217
v -35.082 1.8 54.217
v -35.082 1.8 62.217
v -43.082 1.8 -57.783
v -43.082 1.8 -49.783
v -43.082 1.8 -41.783
v -43.082 1.8 -33.783
v -43.082 1.8 -25.783
v -43.082 1.8 -17.783
v -43.082 1.8 -9.783
v -43.082 1.8 -1.783
v -43.082 1.8 6.217
v -43.082 1.8 14.217
v -43.082 1.8 22.217
v -43.082 1.8 30.217
v -43.082 1.8 38.217
v -43.082 1.8 46.217
v -43.082 1.8 54.217
v -43.082 1.8 62.217
v -51.082 1.8 -57.783
v -51.082 1.8 -49.783
v -51.082 1.8 -41.783
v -51.082 1.8 -33.783
v -51.082 1.8 -25.783
v -51.082 1.8 -17.783
v -51.082 1.8 -9.783
v -51.082 1.8 -1.783
v -51.082 1.8 6.217
v -51.082 1.8 14.217
v -51.082 1.8 22.217
v -51.082 1.8 30.217
v -51.082 1.8 38.217
v -51.082 1.8 46.217
v -51.082 1.8 54.217
v -51.082 1.8 62.217
v -59.082 1.8 -57.783
v -59.082 1.8 -49.783
v -59.082 1.8 -41.783
v -59.082 1.8 -33.783
v -59.082 1.8 -25.783
v -59.082 1.8 -17.783
v -59.082 1.8 -9.783
v -59.082 1.8 -1.783
v -59.082 1.8 6.217
v -59.082 1.8 14.217
v -59.082 1.8 22.217
v -59.082 1.8 30.217
v -59.082 1.8 38.217
v -59.082 1.8 46.217
v -59.082 1.8 54.217
v -59.082 1.8 62.217
v 60 1.8 -57.6
v 60 1.8 -49.6
v 60 1.8 -41.6
v 60 1.8 -33.6
v 60 1.8 -25.6
v 60 1.8 -17.6
v 60 1.8 -9.6
v 60 1.8 -1.6
v 60 1.8 6.4
v 60 1.8 14.4
v 60 1.8 22.4
v 60 1.8 30.4
v 60 1.8 38.4
v 60 1.8 46.4
v 60 1.8 54.4
v 60 1.8 62.4
v 52 1.8 -57.6
v 52 1.8 -49.6
v 52 1.8 -41.6
v 52 1.8 -33.6
v 52 1.8 -25.6
v 52 1.8 -17.6
v 52 1.8 -9.6
v 52 1.8 -1.6
v 52 1.8 6.4
v 52 1.8 14.4
v 52 1.8 22.4
v 52 1.8 30.4
v 52 1.8 38.4
v 52 1.8 46.4
v 52 1.8 54.4
v 52 1.8 62.4
v 44 1.8 -57.6
v 44 1.8 -49.6
v 44 1.8 -41.6
v 44 1.8 -33.6
v 44 1.8 -25.6
v 44 1.8 -17.6
v 44 1.8 -9.6
v 44 1.8 -1.6
v 44 1.8 6.4
v 44 1.8 14.4
v 44 1.8 22.4
v 44 1.8 30.4
v 44 1.8 38.4
v 44 1.8 46.4
v 44 1.8 54.4
v 44 1.8 62.4
v 36 1.8 -57.6
v 36 1.8 -49.6
v 36 1.8 -41.6
v 36 1.8 -33.6
v 36 1.8 -25.6
v 36 1.8 -17.6
v 36 1.8 -9.6
v 36 1.8 -1.6
v 36 1.8 6.4
v 36 1.8 14.4
v 36 1.8 22.4
v 36 1.8 30.4
v 36 1.8 38.4
v 36 1.8 46.4
v 36 1.8 54.4
v 36 1.8 62.4
v 28 1.8 -57.6
v 28 1.8 -49.6
v 28 1.8 -41.6
v 28 1.8 -33.6
v 28 1.8 -25.6
v 28 1.8 -17.6
v 28 1.8 -9.6
v 28 1.8 -1.6
v 28 1.8 6.4
v 28 1.8 14.4
v 28 1.8 22.4
v 28 1.8 30.4
v 28 1.8 38.4
v 28 1.8 46.4
v 28 1.8 54.4
v 28 1.8 62.4
v 20 1.8 -57.6
v 20 1.8 -49.6
v 20 1.8 -41.6
v 20 1.8 -33.6
v 20 1.8 -25.6
v 20 1.8 -17.6
v 20 1.8 -9.6
v 20 1.8 -1.6
v 20 1.8 6.4
v 20 1.8 14.4
v 20 1.8 22.4
v 20 1.8 30.4
v 20 1.8 38.4
v 20 1.8 46.4
v 20 1.8 54.4
v 20 1.8 62.4
v 12 1.8 -57.6
v 12 1.8 -49.6
v 12 1.8 -41.6
v 12 1.8 -33.6
v 12 1.8 -25.6
v 12 1.8 -17.6
v 12 1.8 -9.6
v 12 1.8 -1.6
v 12 1.8 6.4
v 12 1.8 14.4
v 12 1.8 22.4
v 12 1.8 30.4
v 12 1.8 38.4
v 12 1.8 46.4
v 12 1.8 54.4
v 12 1.8 62.4
v 4 1.8 -57.6
v 4 1.8 -49.6
v 4 1.8 -41.6
v 4 1.8 -33.6
v 4 1.8 -25.6
v 4 1.8 -17.6
v 4 1.8 -9.6
v 4 1.8 -1.6
v 4 1.8 6.4
v 4 1.8 14.4
v 4 1.8 22.4
v 4 1.8 30.4
v 4 1.8 38.4
v 4 1.8 46.4
v 4 1.8 54.4
v 4 1.8 62.4
v -4 1.8 -57.6
v -4 1.8 -49.6
v -4 1.8 -41.6
v -4 1.8 -33.6
v -4 1.8 -25.6
v -4 1.8 -17.6
v -4 1.8 -9.6
v -4 1.8 -1.6
v -4 1.8 6.4
v -4 1.8 14.4
v -4 1.8 22.4
v -4 1.8 30.4
v -4 1.8 38.4
v -4 1.8 46.4
v -4 1.8 54.4
v -4 1.8 62.4
v -12 1.8 -57.6
v -12 1.8 -49.6
v -12 1.8 -41.6
v -12 1.8 -33.6
v -12 1.8 -25.6
v -12 1.8 -17.6
v -12 1.8 -9.6
v -12 1.8 -1.6
v -12 1.8 6.4
v -12 1.8 14.4
v -12 1.8 22.4
v -12 1.8 30.4
v -12 1.8 38.4
v -12 1.8 46.4
v -12 1.8 54.4
v -12 1.8 62.4
v -20 1.8 -57.6
v -20 1.8 -49.6
v -20 1.8 -41.6
v -20 1.8 -33.6
v -20 1.8 -25.6
v -20 1.8 -17.6
v -20 1.8 -9.6
v -20 1.8 -1.6
v -20 1.8 6.4
v -20 1.8 14.4
v -20 1.8 22.4
v -20 1.8 30.4
v -20 1.8 38.4
v -20 1.8 46.4
v -20 1.8 54.4
v -20 1.8 62.4
v -28 1.8 -57.6
v -28 1.8 -49.6
v -28 1.8 -41.6
v -28 1.8 -33.6
v -28 1.8 -25.6
v -28 1.8 -17.6
v -28 1.8 -9.6
v -28 1.8 -1.6
v -28 1.8 6.4
v -28 1.8 14.4
v -28 1.8 22.4
v -28 1.8 30.4
v -28 1.8 38.4
v -28 1.8 46.4
v -28 1.8 54.4
v -28 1.8 62.4
v -36 1.8 -57.6
v -36 1.8 -49.6
v -36 1.8 -41.6
v -36 1.8 -33.6
v -36 1.8 -25.6
v -36 1.8 -17.6
v -36 1.8 -9.6
v -36 1.8 -1.6
v -36 1.8 6.4
v -36 1.8 14.4
v -36 1.8 22.4
v -36 1.8 30.4
v -36 1.8 38.4
v -36 1.8 46.4
v -36 1.8 54.4
v -36 1.8 62.4
v -44 1.8 -57.6
v -44 1.8 -49.6
v -44 1.8 -41.6
v -44 1.8 -33.6
v -44 1.8 -25.6
v -44 1.8 -17.6
v -44 1.8 -9.6
v -44 1.8 -1.6
v -44 1.8 6.4
v -44 1.8 14.4
v -44 1.8 22.4
v -44 1.8 30.4
v -44 1.8 38.4
v -44 1.8 46.4
v -44 1.8 54.4
v -44 1.8 62.4
v -52 1.8 -57.6
v -52 1.8 -49.6
v -52 1.8 -41.6
v -52 1.8 -33.6
v -52 1.8 -25.6
v -52 1.8 -17.6
v -52 1.8 -9.6
v -52 1.8 -1.6
v -52 1.8 6.4
v -52 1.8 14.4
v -52 1.8 22.4
v -52 1.8 30.4
v -52 1.8 38.4
v -52 1.8 46.4
v -52 1.8 54.4
v -52 1.8 62.4
v -60 1.8 -57.6
v -60 1.8 -49.6
v -60 1.8 -41.6
v -60 1.8 -33.6
v -60 1.8 -25.6
v -60 1.8 -17.6
v -60 1.8 -9.6
v -60 1.8 -1.6
v -60 1.8 6.4
v -60 1.8 14.4
v -60 1.8 22.4
v -60 1.8 30.4
v -60 1.8 38.4
v -60 1.8 46.4
v -60 1.8 54.4
v -60 1.8 62.4
v 59.082 1.8 -57.783
v 59.082 1.8 -49.783
v 59.082 1.8 -41.783
v 59.082 1.8 -33.783
v 59.082 1.8 -25.783
v 59.082 1.8 -17.783
v 59.082 1.8 -9.783
v 59.082 1.8 -1.783
v 59.082 1.8 6.217
v 59.082 1.8 14.217
v 59.082 1.8 22.217
v 59.082 1.8 30.217
v 59.082 1.8 38.217
v 59.082 1.8 46.217
v 59.082 1.8 54.217
v 59.082 1.8 62.217
v 51.082 1.8 -57.783
v 51.082 1.8 -49.783
v 51.082 1.8 -41.783
v 51.082 1.8 -33.783
v 51.082 1.8 -25.783
v 51.082 1.8 -17.783
v 51.082 1.8 -9.783
v 51.082 1.8 -1.783
v 51.082 1.8 6.217
v 51.082 1.8 14.217
v 51.082 1.8 22.217
v 51.082 1.8 30.217
v 51.082 1.8 38.217
v 51.082 1.8 46.217
v 51.082 1.8 54.217
v 51.082 1.8 62.217
v 43.082 1.8 -57.783
v 43.082 1.8 -49.783
v 43.082 1.8 -41.783
v 43.082 1.8 -33.783
v 43.082 1.8 -25.783
v 43.082 1.8 -17.783
v 43.082 1.8 -9.783
v 43.082 1.8 -1.783
v 43.082 1.8 6.217
v 43.082 1.8 14.217
v 43.082 1.8 22.217
v 43.082 1.8 30.217
v 43.082 1.8 38.217
v 43.082 1.8 46.217
v 43.082 1.8 54.217
v 43.082 1.8 62.217
v 35.082 1.8 -57.783
v 35.082 1.8 -49.783
v 35.082 1.8 -41.783
v 35.082 1.8 -33.783
v 35.082 1.8 -25.783
v 35.082 1.8 -17.783
v 35.082 1.8 -9.783
v 35.082 1.8 -1.783
v 35.082 1.8 6.217
v 35.082 1.8 14.217
v 35.082 1.8 22.217
v 35.082 1.8 30.217
v 35.082 1.8 38.217
v 35.082 1.8 46.217
v 35.082 1.8 54.217
v 35.082 1.8 62.217
v 27.082 1.8 -57.783
v 27.082 1.8 -49.783
v 27.082 1.8 -41.783
v 27.082 1.8 -33.783
v 27.082 1.8 -25.783
v 27.082 1.8 -17.783
v 27.082 1.8 -9.783
v 27.082 1.8 -1.783
v 27.082 1.8 6.217
v 27.082 1.8 14.217
v 27.082 1.8 22.217
v 27.082 1.8 30.217
v 27.082 1.8 38.217
v 27.082 1.8 46.217
v 27.082 1.8 54.217
v 27.082 1.8 62.217
v 19.082 1.8 -57.783
v 19.082 1.8 -49.783
v 19.082 1.8 -41.783
v 19.082 1.8 -33.783
v 19.082 1.8 -25.783
v 19.082 1.8 -17.783
v 19.082 1.8 -9.783
v 19.082 1.8 -1.783
v 19.082 1.8 6.217
v 19.082 1.8 14.217
v 19.082 1.8 22.217
v 19.082 1.8 30.217
v 19.082 1.8 38.217
v 19.082 1.8 46.217
v 19.082 1.8 54.217
v 19.082 1.8 62.217
v 11.082 1.8 -57.783
v 11.082 1.8 -49.783
v 11.082 1.8 -41.783
v 11.082 1.8 -33.783
v 11.082 1.8 -25.783
v 11.082 1.8 -17.783
v 11.082 1.8 -9.783
v 11.082 1.8 -1.783
v 11.082 1.8 6.217
v 11.082 1.8 14.217
v 11.082 1.8 22.217
v 11.082 1.8 30.217
v 11.082 1.8 38.217
v 11.082 1.8 46.217
v 11.082 1.8 54.217
v 11.082 1.8 62.217
v 3.082 1.8 -57.783
v 3.082 1.8 -49.783
v 3.082 1.8 -41.783
v 3.082 1.8 -33.783
v 3.082 1.8 -25.783
v 3.082 1.8 -17.783
v 3.082 1.8 -9.783
v 3.082 1.8 -1.783
v 3.082 1.8 6.217
v 3.082 1.8 14.217
v 3.082 1.8 22.217
v 3.082 1.8 30.217
v 3.082 1.8 38.217
v 3.082 1.8 46.217
v 3.082 1.8 54.217
v 3.082 1.8 62.217
v -4.918 1.8 -57.783
v -4.918 1.8 -49.783
v -4.918 1.8 -41.783
v -4.918 1.8 -33.783
v -4.918 1.8 -25.783
v -4.918 1.8 -17.783
v -4.918 1.8 -9.783
v -4.918 1.8 -1.783
v -4.918 1.8 6.217
v -4.918 1.8 14.217
v -4.918 1.8 22.217
v -4.918 1.8 30.217
v -4.918 1.8 38.217
v -4.918 1.8 46.217
v -4.918 1.8 54.217
v -4.918 1.8 62.217
v -12.918 1.8 -57.783
v -12.918 1.8 -49.783
v -12.918 1.8 -41.783
v -12.918 1.8 -33.783
v -12.918 1.8 -25.783
v -12.918 1.8 -17.783
v -12.918 1.8 -9.783
v -12.918 1.8 -1.783
v -12.918 1.8 6.217
v -12.918 1.8 14.217
v -12.918 1.8 22.217
v -12.918 1.8 30.217
v -12.918 1.8 38.217
v -12.918 1.8 46.217
v -12.918 1.8 54.217
v -12.918 1.8 62.217
v -20.918 1.8 -57.783
v -20.918 1.8 -49.783
v -20.918 1.8 -41.783
v -20.918 1.8 -33.783
v -20.918 1.8 -25.783
v -20.918 1.8 -17.783
v -20.918 1.8 -9.783
v -20.918 1.8 -1.783
v -20.918 1.8 6.217
v -20.918 1.8 14.217
v -20.918 1.8 22.217
v -20.918 1.8 30.217
v -20.918 1.8 38.217
v -20.918 1.8 46.217
v -20.918 1.8 54.217
v -20.918 1.8 62.217
v -28.918 1.8 -57.783
v -28.918 1.8 -49.783
v -28.918 1.8 -41.783
v -28.918 1.8 -33.783
v -28.918 1.8 -25.783
v -28.918 1.8 -17.783
v -28.918 1.8 -9.783
v -28.918 1.8 -1.783
v -28.918 1.8 6.217
v -28.918 1.8 14.217
v -28.918 1.8 22.217
v -28.918 1.8 30.217
v -28.918 1.8 38.217
v -28.918 1.8 46.217
v -28.918 1.8 54.217
v -28.918 1.8 62.217
v -36.918 1.8 -57.783
v -36.918 1.8 -49.783
v -36.918 1.8 -41.783
v -36.918 1.8 -33.783
v -36.918 1.8 -25.783
v -36.918 1.8 -17.783
v -36.918 1.8 -9.783
v -36.918 1.8 -1.783
v -36.918 1.8 6.217
v -36.918 1.8 14.217
v -36.918 1.8 22.217
v -36.918 1.8 30.217
v -36.918 1.8 38.217
v -36.918 1.8 46.217
v -36.918 1.8 54.217
v -36.918 1.8 62.217
v -44.918 1.8 -57.783
v -44.918 1.8 -49.783
v -44.918 1.8 -41.783
v -44.918 1.8 -33.783
v -44.918 1.8 -25.783
v -44.918 1.8 -17.783
v -44.918 1.8 -9.783
v -44.918 1.8 -1.783
v -44.918 1.8 6.217
v -44.918 1.8 14.217
v -44.918 1.8 22.217
v -44.918 1.8 30.217
v -44.918 1.8 38.217
v -44.918 1.8 46.217
v -44.918 1.8 54.217
v -44.918 1.8 62.217
v -52.918 1.8 -57.783
v -52.918 1.8 -49.783
v -52.918 1.8 -41.783
v -52.918 1.8 -33.783
v -52.918 1.8 -25.783
v -52.918 1.8 -17.783
v -52.918 1.8 -9.783
v -52.918 1.8 -1.783
v -52.918 1.8 6.217
v -52.918 1.8 14.217
v -52.918 1.8 22.217
v -52.918 1.8 30.217
v -52.918 1.8 38.217
v -52.918 1.8 46.217
v -52.918 1.8 54.217
v -52.918 1.8 62.217
v -60.918 1.8 -57.783
v -60.918 1.8 -49.783
v -60.918 1.8 -41.783
v -60.918 1.8 -33.783
v -60.918 1.8 -25.783
v -60.918 1.8 -17.783
v -60.918 1.8 -9.783
v -60.918 1.8 -1.783
v -60.918 1.8 6.217
v -60.918 1.8 14.217
v -60.918 1.8 22.217
v -60.918 1.8 30.217
v -60.918 1.8 38.217
v -60.918 1.8 46.217
v -60.918 1.8 54.217
v -60.918 1.8 62.217
v 58.303 1.8 -58.303
v 58.303 1.8 -50.303
v 58.303 1.8 -42.303
v 58.303 1.8 -34.303
v 58.303 1.8 -26.303
v 58.303 1.8 -18.303
v 58.303 1.8 -10.303
v 58.303 1.8 -2.303
v 58.303 1.8 5.697
v 58.303 1.8 13.697
v 58.303 1.8 21.697
v 58.303 1.8 29.697
v 58.303 1.8 37.697
v 58.303 1.8 45.697
v 58.303 1.8 53.697
v 58.303 1.8 61.697
v 50.303 1.8 -58.303
v 50.303 1.8 -50.303
v 50.303 1.8 -42.303
v 50.303 1.8 -34.303
v 50.303 1.8 -26.303
v 50.303 1.8 -18.303
v 50.303 1.8 -10.303
v 50.303 1.8 -2.303
v 50.303 1.8 5.697
v 50.303 1.8 13.697
v 50.303 1.8 21.697
v 50.303 1.8 29.697
v 50.303 1.8 37.697
v 50.303 1.8 45.697
v 50.303 1.8 53.697
v 50.303 1.8 61.697
v 42.303 1.8 -58.303
v 42.303 1.8 -50.303
v 42.303 1.8 -42.303
v 42.303 1.8 -34.303
v 42.303 1.8 -26.303
v 42.303 1.8 -18.303
v 42.303 1.8 -10.303
v 42.303 1.8 -2.303
v 42.303 1.8 5.697
v 42.303 1.8 13.697
v 42.303 1.8 21.697
v 42.303 1.8 29.697
v 42.303 1.8 37.697
v 42.303 1.8 45.697
v 42.303 1.8 53.697
v 42.303 1.8 61.697
v 34.303 1.8 -58.303
v 34.303 1.8 -50.303
v 34.303 1.8 -42.303
v 34.303 1.8 -34.303
v 34.303 1.8 -26.303
v 34.303 1.8 -18.303
v 34.303 1.8 -10.303
v 34.303 1.8 -2.303
v 34.303 1.8 5.697
v 34.303 1.8 13.697
v 34.303 1.8 21.697
v 34.303 1.8 29.697
v 34.303 1.8 37.697
v 34.303 1.8 45.697
v 34.303 1.8 53.697
v 34.303 1.8 61.697
v 26.303 1.8 -58.303
v 26.303 1.8 -50.303
v 26.303 1.8 -42.303
v 26.303 1.8 -34.303
v 26.303 1.8 -26.303
v 26.303 1.8 -18.303
v 26.303 1.8 -10.303
v 26.303 1.8 -2.303
v 26.303 1.8 5.697
v 26.303 1.8 13.697
v 26.303 1.8 21.697
v 26.303 1.8 29.697
v 26.303 1.8 37.697
v 26.303 1.8 45.697
v 26.303 1.8 53.697
v 26.303 1.8 61.697
v 18.303 1.8 -58.303
v 18.303 1.8 -50.303
v 18.303 1.8 -42.303
v 18.303 1.8 -34.303
v 18.303 1.8 -26.303
v 18.303 1.8 -18.303
v 18.303 1.8 -10.303
v 18.303 1.8 -2.303
v 18.303 1.8 5.697
v 18.303 1.8 13.697
v 18.303 1.8 21.697
v 18.303 1.8 29.697
v 18.303 1.8 37.697
v 18.303 1.8 45.697
v 18.303 1.8 53.697
v 18.303 1.8 61.697
v 10.303 1.8 -58.303
v 10.303 1.8 -50.303
v 10.303 1.8 -42.303
v 10.303 1.8 -34.303
v 10.303 1.8 -26.303
v 10.303 1.8 -18.303
v 10.303 1.8 -10.303
v 10.303 1.8 -2.303
v 10.303 1.8 5.697
v 10.303 1.8 13.697
v 10.303 1.8 21.697
v 10.303 1.8 29.697
v 10.303 1.8 37.697
v 10.303 1.8 45.697
v 10.303 1.8 53.697
v 10.303 1.8 61.697
v 2.303 1.8 -58.303
v 2.303 1.8 -50.303
v 2.303 1.8 -42.303
v 2.303 1.8 -34.303
v 2.303 1.8 -26.303
v 2.303 1.8 -18.303
v 2.303 1.8 -10.303
v 2.303 1.8 -2.303
v 2.303 1.8 5.697
v 2.303 1.8 13.697
v 2.303 1.8 21.697
v 2.303 1.8 29.697
v 2.303 1.8 37.697
v 2.303 1.8 45.697
v 2.303 1.8 53.697
v 2.303 1.8 61.697
v -5.697 1.8 -58.303
v -5.697 1.8 -50.303
v -5.697 1.8 -42.303
v -5.697 1.8 -34.303
v -5.697 1.8 -26.303
v -5.697 1.8 -18.303
v -5.697 1.8 -10.303
v -5.697 1.8 -2.303
v -5.697 1.8 5.697
v -5.697 1.8 13.697
v -5.697 1.8 21.697
v -5.697 1.8 29.697
v -5.697 1.8 37.697
v -5.697 1.8 45.697
v -5.697 1.8 53.697
v -5.697 1.8 61.697
v -13.697 1.8 -58.303
v -13.697 1.8 -50.303
v -13.697 1.8 -42.303
v -13.697 1.8 -34.303
v -13.697 1.8 -26.303
v -13.697 1.8 -18.303
v -13.697 1.8 -10.303
v -13.697 1.8 -2.303
v -13.697 1.8 5.697
v -13.697 1.8 13.697
v -13.697 1.8 21.697
v -13.697 1.8 29.697
v -13.697 1.8 37.697
v -13.697 1.8 45.697
v -13.697 1.8 53.697
v -13.697 1.8 61.697
v -21.697 1.8 -58.303
v -21.697 1.8 -50.303
v -21.697 1.8 -42.303
v -21.697 1.8 -34.303
v -21.697 1.8 -26.303
v -21.697 1.8 -18.303
v -21.697 1.8 -10.303
v -21.697 1.8 -2.303
v -21.697 1.8 5.697
v -21.697 1.8 13.697
v -21.697 1.8 21.697
v -21.697 1.8 29.697
v -21.697 1.8 37.697
v -21.697 1.8 45.697
v -21.697 1.8 53.697
v -21.697 1.8 61.697
v -29.697 1.8 -58.303
v -29.697 1.8 -50.303
v -29.697 1.8 -42.303
v -29.697 1.8 -34.303
v -29.697 1.8 -26.303
v -29.697 1.8 -18.303
v -29.697 1.8 -10.303
v -29.697 1.8 -2.303
v -29.697 1.8 5.697
v -29.697 1.8 13.697
v -29.697 1.8 21.697
v -29.697 1.8 29.697
v -29.697 1.8 37.697
v -29.697 1.8 45.697
v -29.697 1.8 53.697
v -29.697 1.8 61.697
v -37.697 1.8 -58.303
v -37.697 1.8 -50.303
v -37.697 1.8 -42.303
v -37.697 1.8 -34.303
v -37.697 1.8 -26.303
v -37.697 1.8 -18.303
v -37.697 1.8 -10.303
v -37.697 1.8 -2.303
v -37.697 1.8 5.697
v -37.697 1.8 13.697
v -37.697 1.8 21.697
v -37.697 1.8 29.697
v -37.697 1.8 37.697
v -37.697 1.8 45.697
v -37.697 1.8 53.697
v -37.697 1.8 61.697
v -45.697 1.8 -58.303
v -45.697 1.8 -50.303
v -45.697 1.8 -42.303
v -45.697 1.8 -34.303
v -45.697 1.8 -26.303
v -45.697 1.8 -18.303
v -45.697 1.8 -10.303
v -45.697 1.8 -2.303
v -45.697 1.8 5.697
v -45.697 1.8 13.697
v -45.697 1.8 21.697
v -45.697 1.8 29.697
v -45.697 1.8 37.697
v -45.697 1.8 45.697
v -45.697 1.8 53.697
v -45.697 1.8 61.697
v -53.697 1.8 -58.303
v -53.697 1.8 -50.303
v -53.697 1.8 -42.303
v -53.697 1.8 -34.303
v -53.697 1.8 -26.303
v -53.697 1.8 -18.303
v -53.697 1.8 -10.303
v -53.697 1.8 -2.303
v -53.697 1.8 5.697
v -53.697 1.8 13.697
v -53.697 1.8 21.697
v -53.697 1.8 29.697
v -53.697 1.8 37.697
v -53.697 1.8 45.697
v -53.697 1.8 53.697
v -53.697 1.8 61.697
v -61.697 1.8 -58.303
v -61.697 1.8 -50.303
v -61.697 1.8 -42.303
v -61.697 1.8 -34.303
v -61.697 1.8 -26.303
v -61.697 1.8 -18.303
v -61.697 1.8 -10.303
v -61.697 1.8 -2.303
v -61.697 1.8 5.697
v -61.697 1.8 13.697
v -61.697 1.8 21.697
v -61.697 1.8 29.697
v -61.697 1.8 37.697
v -61.697 1.8 45.697
v -61.697 1.8 53.697
v -61.697 1.8 61.697
v 57.783 1.8 -59.082
v 57.783 1.8 -51.082
v 57.783 1.8 -43.082
v 57.783 1.8 -35.082
v 57.783 1.8 -27.082
v 57.783 1.8 -19.082
v 57.783 1.8 -11.082
v 57.783 1.8 -3.082
v 57.783 1.8 4.918
v 57.783 1.8 12.918
v 57.783 1.8 20.918
v 57.783 1.8 28.918
v 57.783 1.8 36.918
v 57.783 1.8 44.918
v 57.783 1.8 52.918
v 57.783 1.8 60.918
v 49.783 1.8 -59.082
v 49.783 1.8 -51.082
v 49.783 1.8 -43.082
v 49.783 1.8 -35.082
v 49.783 1.8 -27.082
v 49.783 1.8 -19.082
v 49.783 1.8 -11.082
v 49.783 1.8 -3.082
v 49.783 1.8 4.918
v 49.783 1.8 12.918
v 49.783 1.8 20.918
v 49.783 1.8 28.918
v 49.783 1.8 36.918
v 49.783 1.8 44.918
v 49.783 1.8 52.918
v 49.783 1.8 60.918
v 41.783 1.8 -59.082
v 41.783 1.8 -51.082
v 41.783 1.8 -43.082
v 41.783 1.8 -35.082
v 41.783 1.8 -27.082
v 41.783 1.8 -19.082
v 41.783 1.8 -11.082
v 41.783 1.8 -3.082
v 41.783 1.8 4.918
v 41.783 1.8 12.918
v 41.783 1.8 20.918
v 41.783 1.8 28.918
v 41.783 1.8 36.918
v 41.783 1.8 44.918
v 41.783 1.8 52.918
v 41.783 1.8 60.918
v 33.783 1.8 -59.082
v 33.783 1.8 -51.082
v 33.783 1.8 -43.082
v 33.783 1.8 -35.082
v 33.783 1.8 -27.082
v 33.783 1.8 -19.082
v 33.783 1.8 -11.082
v 33.783 1.8 -3.082
v 33.783 1.8 4.918
v 33.783 1.8 12.918
v 33.783 1.8 20.918
v 33.783 1.8 28.918
v 33.783 1.8 36.918
v 33.783 1.8 44.918
v 33.783 1.8 52.918
v 33.783 1.8 60.918
v 25.783 1.8 -59.082
v 25.783 1.8 -51.082
v 25.783 1.8 -43.082
v 25.783 1.8 -35.082
v 25.783 1.8 -27.082
v 25.783 1.8 -19.082
v 25.783 1.8 -11.082
v 25.783 1.8 -3.082
v 25.783 1.8 4.918
v 25.783 1.8 12.918
v 25.783 1.8 20.918
v 25.783 1.8 28.918
v 25.783 1.8 36.918
v 25.783 1.8 44.918
v 25.783 1.8 52.918
v 25.783 1.8 60.918
v 17.783 1.8 -59.082
v 17.783 1.8 -51.082
v 17.783 1.8 -43.082
v 17.783 1.8 -35.082
v 17.783 1.8 -27.082
v 17.783 1.8 -19.082
v 17.783 1.8 -11.082
v 17.783 1.8 -3.082
v 17.783 1.8 4.918
v 17.783 1.8 12.918
v 17.783 1.8 20.918
v 17.783 1.8 28.918
v 17.783 1.8 36.918
v 17.783 1.8 44.918
v 17.783 1.8 52.918
v 17.783 1.8 60.918
v 9.783 1.8 -59.082
v 9.783 1.8 -51.082
v 9.783 1.8 -43.082
v 9.783 1.8 -35.082
v 9.783 1.8 -27.082
v 9.783 1.8 -19.082
v 9.783 1.8 -11.082
v 9.783 1.8 -3.082
v 9.783 1.8 4.918
v 9.783 1.8 12.918
v 9.783 1.8 20.918
v 9.783 1.8 28.918
v 9.783 1.8 36.918
v 9.783 1.8 44.918
v 9.783 1.8 52.918
v 9.783 1.8 60.918
v 1.783 1.8 -59.082
v 1.783 1.8 -51.082
v 1.783 1.8 -43.082
v 1.783 1.8 -35.082
v 1.783 1.8 -27.082
v 1.783 1.8 -19.082
v 1.783 1.8 -11.082
v 1.783 1.8 -3.082
v 1.783 1.8 4.918
v 1.783 1.8 12.918
v 1.783 1.8 20.918
v 1.783 1.8 28.918
v 1.783 1.8 36.918
v 1.783 1.8 44.918
v 1.783 1.8 52.918
v 1.783 1.8 60.918
v -6.217 1.8 -59.082
v -6.217 1.8 -51.082
v -6.217 1.8 -43.082
v -6.217 1.8 -35.082
v -6.217 1.8 -27.082
v -6.217 1.8 -19.082
v -6.217 1.8 -11.082
v -6.217 1.8 -3.082
v -6.217 1.8 4.918
v -6.217 1.8 12.918
v -6.217 1.8 20.918
v -6.217 1.8 28.918
v -6.217 1.8 36.918
v -6.217 1.8 44.918
v -6.217 1.8 52.918
v -6.217 1.8 60.918
v -14.217 1.8 -59.082
v -14.217 1.8 -51.082
v -14.217 1.8 -43.082
v -14.217 1.8 -35.082
v -14.217 1.8 -27.082
v -14.217 1.8 -19.082
v -14.217 1.8 -11.082
v -14.217 1.8 -3.082
v -14.217 1.8 4.918
v -14.217 1.8 12.918
v -14.217 1.8 20.918
v -14.217 1.8 28.918
v -14.217 1.8 36.918
v -14.217 1.8 44.918
v -14.217 1.8 52.918
v -14.217 1.8 60.918
v -22.217 1.8 -59.082
v -22.217 1.8 -51.082
v -22.217 1.8 -43.082
v -22.217 1.8 -35.082
v -22.217 1.8 -27.082
v -22.217 1.8 -19.082
v -22.217 1.8 -11.082
v -22.217 1.8 -3.082
v -22.217 1.8 4.918
v -22.217 1.8 12.918
v -22.217 1.8 20.918
v -22.217 1.8 28.918
v -22.217 1.8 36.918
v -22.217 1.8 44.918
v -22.217 1.8 52.918
v -22.217 1.8 60.918
v -30.217 1.8 -59.082
v -30.217 1.8 -51.082
v -30.217 1.8 -43.082
v -30.217 1.8 -35.082
v -30.217 1.8 -27.082
v -30.217 1.8 -19.082
v -30.217 1.8 -11.082
v -30.217 1.8 -3.082
v -30.217 1.8 4.918
v -30.217 1.8 12.918
v -30.217 1.8 20.918
v -30.217 1.8 28.918
v -30.217 1.8 36.918
v -30.217 1.8 44.918
v -30.217 1.8 52.918
v -30.217 1.8 60.918
v -38.217 1.8 -59.082
v -38.217 1.8 -51.082
v -38.217 1.8 -43.082
v -38.217 1.8 -35.082
v -38.217 1.8 -27.082
v -38.217 1.8 -19.082
v -38.217 1.8 -11.082
v -38.217 1.8 -3.082
v -38.217 1.8 4.918
v -38.217 1.8 12.918
v -38.217 1.8 20.918
v -38.217 1.8 28.918
v -38.217 1.8 36.918
v -38.217 1.8 44.918
v -38.217 1.8 52.918
v -38.217 1.8 60.918
v -46.217 1.8 -59.082
v -46.217 1.8 -51.082
v -46.217 1.8 -43.082
v -46.217 1.8 -35.082
v -46.217 1.8 -27.082
v -46.217 1.8 -19.082
v -46.217 1.8 -11.082
v -46.217 1.8 -3.082
v -46.217 1.8 4.918
v -46.217 1.8 12.918
v -46.217 1.8 20.918
v -46.217 1.8 28.918
v -46.217 1.8 36.918
v -46.217 1.8 44.918
v -46.217 1.8 52.918
v -46.217 1.8 60.918
v -54.217 1.8 -59.082
v -54.217 1.8 -51.082
v -54.217 1.8 -43.082
v -54.217 1.8 -35.082
v -54.217 1.8 -27.082
v -54.217 1.8 -19.082
v -54.217 1.8 -11.082
v -54.217 1.8 -3.082
v -54.217 1.8 4.918
v -54.217 1.8 12.918
v -54.217 1.8 20.918
v -54.217 1.8 28.918
v -54.217 1.8 36.918
v -54.217 1.8 44.918
v -54.217 1.8 52.918
v -54.217 1.8 60.918
v -62.217 1.8 -59.082
v -62.217 1.8 -51.082
v -62.217 1.8 -43.082
v -62.217 1.8 -35.082
v -62.217 1.8 -27.082
v -62.217 1.8 -19.082
v -62.217 1.8 -11.082
v -62.217 1.8 -3.082
v -62.217 1.8 4.918
v -62.217 1.8 12.918
v -62.217 1.8 20.918
v -62.217 1.8 28.918
v -62.217 1.8 36.918
v -62.217 1.8 44.918
v -62.217 1.8 52.918
v -62.217 1.8 60.918
v 57.6 1.8 -60
v 57.6 1.8 -52
v 57.6 1.8 -44
v 57.6 1.8 -36
v 57.6 1.8 -28
v 57.6 1.8 -20
v 57.6 1.8 -12
v 57.6 1.8 -4
v 57.6 1.8 4
v 57.6 1.8 12
v 57.6 1.8 20
v 57.6 1.8 28
v 57.6 1.8 36
v 57.6 1.8 44
v 57.6 1.8 52
v 57.6 1.8 60
v 49.6 1.8 -60
v 49.6 1.8 -52
v 49.6 1.8 -44
v 49.6 1.8 -36
v 49.6 1.8 -28
v 49.6 1.8 -20
v 49.6 1.8 -12
v 49.6 1.8 -4
v 49.6 1.8 4
v 49.6 1.8 12
v 49.6 1.8 20
v 49.6 1.8 28
v 49.6 1.8 36
v 49.6 1.8 44
v 49.6 1.8 52
v 49.6 1.8 60
v 41.6 1.8 -60
v 41.6 1.8 -52
v 41.6 1.8 -44
v 41.6 1.8 -36
v 41.6 1.8 -28
v 41.6 1.8 -20
v 41.6 1.8 -12
v 41.6 1.8 -4
v 41.6 1.8 4
v 41.6 1.8 12
v 41.6 1.8 20
v 41.6 1.8 28
v 41.6 1.8 36
v 41.6 1.8 44
v 41.6 1.8 52
v 41.6 1.8 60
v 33.6 1.8 -60
v 33.6 1.8 -52
v 33.6 1.8 -44
v 33.6 1.8 -36
v 33.6 1.8 -28
v 33.6 1.8 -20
v 33.6 1.8 -12
v 33.6 1.8 -4
v 33.6 1.8 4
v 33.6 1.8 12
v 33.6 1.8 20
v 33.6 1.8 28
v 33.6 1.8 36
v 33.6 1.8 44
v 33.6 1.8 52
v 33.6 1.8 60
v 25.6 1.8 -60
v 25.6 1.8 -52
v 25.6 1.8 -44
v 25.6 1.8 -36
v 25.6 1.8 -28
v 25.6 1.8 -20
v 25.6 1.8 -12
v 25.6 1.8 -4
v 25.6 1.8 4
v 25.6 1.8 12
v 25.6 1.8 20
v 25.6 1.8 28
v 25.6 1.8 36
v 25.6 1.8 44
v 25.6 1.8 52
v 25.6 1.8 60
v 17.6 1.8 -60
v 17.6 1.8 -52
v 17.6 1.8 -44
v 17.6 1.8 -36
v 17.6 1.8 -28
v 17.6 1.8 -20
v 17.6 1.8 -12
v 17.6 1.8 -4
v 17.6 1.8 4
v 17.6 1.8 12
v 17.6 1.8 20
v 17.6 1.8 28
v 17.6 1.8 36
v 17.6 1.8 44
v 17.6 1.8 52
v 17.6 1.8 60
v 9.6 1.8 -60
v 9.6 1.8 -52
v 9.6 1.8 -44
v 9.6 1.8 -36
v 9.6 1.8 -28
v 9.6 1.8 -20
v 9.6 1.8 -12
v 9.6 1.8 -4
v 9.6 1.8 4
v 9.6 1.8 12
v 9.6 1.8 20
v 9.6 1.8 28
v 9.6 1.8 36
v 9.6 1.8 44
v 9.6 1.8 52
v 9.6 1.8 60
v 1.6 1.8 -60
v 1.6 1.8 -52
v 1.6 1.8 -44
v 1.6 1.8 -36
v 1.6 1.8 -28
v 1.6 1.8 -20
v 1.6 1.8 -12
v 1.6 1.8 -4
v 1.6 1.8 4
v 1.6 1.8 12
v 1.6 1.8 20
v 1.6 1.8 28
v 1.6 1.8 36
v 1.6 1.8 44
v 1.6 1.8 52
v 1.6 1.8 60
v -6.4 1.8 -60
v -6.4 1.8 -52
v -6.4 1.8 -44
v -6.4 1.8 -36
v -6.4 1.8 -28
v -6.4 1.8 -20
v -6.4 1.8 -12
v -6.4 1.8 -4
v -6.4 1.8 4
v -6.4 1.8 12
v -6.4 1.8 20
v -6.4 1.8 28
v -6.4 1.8 36
v -6.4 1.8 44
v -6.4 1.8 52
v -6.4 1.8 60
v -14.4 1.8 -60
v -14.4 1.8 -52
v -14.4 1.8 -44
v -14.4 1.8 -36
v -14.4 1.8 -28
v -14.4 1.8 -20
v -14.4 1.8 -12
v -14.4 1.8 -4
v -14.4 1.8 4
v -14.4 1.8 12
v -14.4 1.8 20
v -14.4 1.8 28
v -14.4 1.8 36
v -14.4 1.8 44
v -14.4 1.8 52
v -14.4 1.8 60
v -22.4 1.8 -60
v -22.4 1.8 -52
v -22.4 1.8 -44
v -22.4 1.8 -36
v -22.4 1.8 -28
v -22.4 1.8 -20
v -22.4 1.8 -12
v -22.4 1.8 -4
v -22.4 1.8 4
v -22.4 1.8 12
v -22.4 1.8 20
v -22.4 1.8 28
v -22.4 1.8 36
v -22.4 1.8 44
v -22.4 1.8 52
v -22.4 1.8 60
v -30.4 1.8 -60
v -30.4 1.8 -52
v -30.4 1.8 -44
v -30.4 1.8 -36
v -30.4 1.8 -28
v -30.4 1.8 -20
v -30.4 1.8 -12
v -30.4 1.8 -4
v -30.4 1.8 4
v -30.4 1.8 12
v -30.4 1.8 20
v -30.4 1.8 28
v -30.4 1.8 36
v -30.4 1.8 44
v -30.4 1.8 52
v -30.4 1.8 60
v -38.4 1.8 -60
v -38.4 1.8 -52
v -38.4 1.8 -44
v -38.4 1.8 -36
v -38.4 1.8 -28
v -38.4 1.8 -20
v -38.4 1.8 -12
v -38.4 1.8 -4
v -38.4 1.8 4
v -38.4 1.8 12
v -38.4 1.8 20
v -38.4 1.8 28
v -38.4 1.8 36
v -38.4 1.8 44
v -38.4 1.8 52
v -38.4 1.8 60
v -46.4 1.8 -60
v -46.4 1.8 -52
v -46.4 1.8 -44
v -46.4 1.8 -36
v -46.4 1.8 -28
v -46.4 1.8 -20
v -46.4 1.8 -12
v -46.4 1.8 -4
v -46.4 1.8 4
v -46.4 1.8 12
v -46.4 1.8 20
v -46.4 1.8 28
v -46.4 1.8 36
v -46.4 1.8 44
v -46.4 1.8 52
v -46.4 1.8 60
v -54.4 1.8 -60
v -54.4 1.8 -52
v -54.4 1.8 -44
v -54.4 1.8 -36
v -54.4 1.8 -28
v -54.4 1.8 -20
v -54.4 1.8 -12
v -54.4 1.8 -4
v -54.4 1.8 4
v -54.4 1.8 12
v -54.4 1.8 20
v -54.4 1.8 28
v -54.4 1.8 36
v -54.4 1.8 44
v -54.4 1.8 52
v -54.4 1.8 60
v -62.4 1.8 -60
v -62.4 1.8 -52
v -62.4 1.8 -44
v -62.4 1.8 -36
v -62.4 1.8 -28
v -62.4 1.8 -20
v -62.4 1.8 -12
v -62.4 1.8 -4
v -62.4 1.8 4
v -62.4 1.8 12
v -62.4 1.8 20
v -62.4 1.8 28
v -62.4 1.8 36
v -62.4 1.8 44
v -62.4 1.8 52
v -62.4 1.8 60
v 57.783 1.8 -60.918
v 57.783 1.8 -52.918
v 57.783 1.8 -44.918
v 57.783 1.8 -36.918
v 57.783 1.8 -28.918
v 57.783 1.8 -20.918
v 57.783 1.8 -12.918
v 57.783 1.8 -4.918
v 57.783 1.8 3.082
v 57.783 1.8 11.082
v 57.783 1.8 19.082
v 57.783 1.8 27.082
v 57.783 1.8 35.082
v 57.783 1.8 43.082
v 57.783 1.8 51.082
v 57.783 1.8 59.082
v 49.783 1.8 -60.918
v 49.783 1.8 -52.918
v 49.783 1.8 -44.918
v 49.783 1.8 -36.918
v 49.783 1.8 -28.918
v 49.783 1.8 -20.918
v 49.783 1.8 -12.918
v 49.783 1.8 -4.918
v 49.783 1.8 3.082
v 49.783 1.8 11.082
v 49.783 1.8 19.082
v 49.783 1.8 27.082
v 49.783 1.8 35.082
v 49.783 1.8 43.082
v 49.783 1.8 51.082
v 49.783 1.8 59.082
v 41.783 1.8 -60.918
v 41.783 1.8 -52.918
v 41.783 1.8 -44.918
v 41.783 1.8 -36.918
v 41.783 1.8 -28.918
v 41.783 1.8 -20.918
v 41.783 1.8 -12.918
v 41.783 1.8 -4.918
v 41.783 1.8 3.082
v 41.783 1.8 11.082
v 41.783 1.8 19.082
v 41.783 1.8 27.082
v 41.783 1.8 35.082
v 41.783 1.8 43.082
v 41.783 1.8 51.082
v 41.783 1.8 59.082
v 33.783 1.8 -60.918
v 33.783 1.8 -52.918
v 33.783 1.8 -44.918
v 33.783 1.8 -36.918
v 33.783 1.8 -28.918
v 33.783 1.8 -20.918
v 33.783 1.8 -12.918
v 33.783 1.8 -4.918
v 33.783 1.8 3.082
v 33.783 1.8 11.082
v 33.783 1.8 19.082
v 33.783 1.8 27.082
v 33.783 1.8 35.082
v 33.783 1.8 43.082
v 33.783 1.8 51.082
v 33.783 1.8 59.082
v 25.783 1.8 -60.918
v 25.783 1.8 -52.918
v 25.783 1.8 -44.918
v 25.783 1.8 -36.918
v 25.783 1.8 -28.918
v 25.783 1.8 -20.918
v 25.783 1.8 -12.918
v 25.783 1.8 -4.918
v 25.783 1.8 3.082
v 25.783 1.8 11.082
v 25.783 1.8 19.082
v 25.783 1.8 27.082
v 25.783 1.8 35.082
v 25.783 1.8 43.082
v 25.783 1.8 51.082
v 25.783 1.8 59.082
v 17.783 1.8 -60.918
v 17.783 1.8 -52.918
v 17.783 1.8 -44.918
v 17.783 1.8 -36.918
v 17.783 1.8 -28.918
v 17.783 1.8 -20.918
v 17.783 1.8 -12.918
v 17.783 1.8 -4.918
v 17.783 1.8 3.082
v 17.783 1.8 11.082
v 17.783 1.8 19.082
v 17.783 1.8 27.082
v 17.783 1.8 35.082
v 17.783 1.8 43.082
v 17.783 1.8 51.082
v 17.783 1.8 59.082
v 9.783 1.8 -60.918
v 9.783 1.8 -52.918
v 9.783 1.8 -44.918
v 9.783 1.8 -36.918
v 9.783 1.8 -28.918
v 9.783 1.8 -20.918
v 9.783 1.8 -12.918
v 9.783 1.8 -4.918
v 9.783 1.8 3.082
v 9.783 1.8 11.082
v 9.783 1.8 19.082
v 9.783 1.8 27.082
v 9.783 1.8 35.082
v 9.783 1.8 43.082
v 9.783 1.8 51.082
v 9.783 1.8 59.082
v 1.783 1.8 -60.918
v 1.783 1.8 -52.918
v 1.783 1.8 -44.918
v 1.783 1.8 -36.918
v 1.783 1.8 -28.918
v 1.783 1.8 -20.918
v 1.783 1.8 -12.918
v 1.783 1.8 -4.918
v 1.783 1.8 3.082
v 1.783 1.8 11.082
v 1.783 1.8 19.082
v 1.783 1.8 27.082
v 1.783 1.8 35.082
v 1.783 1.8 43.082
v 1.783 1.8 51.082
v 1.783 1.8 59.082
v -6.217 1.8 -60.918
v -6.217 1.8 -52.918
v -6.217 1.8 -44.918
v -6.217 1.8 -36.918
v -6.217 1.8 -28.918
v -6.217 1.8 -20.918
v -6.217 1.8 -12.918
v -6.217 1.8 -4.918
v -6.217 1.8 3.082
v -6.217 1.8 11.082
v -6.217 1.8 19.082
v -6.217 1.8 27.082
v -6.217 1.8 35.082
v -6.217 1.8 43.082
v -6.217 1.8 51.082
v -6.217 1.8 59.082
v -14.217 1.8 -60.918
v -14.217 1.8 -52.918
v -14.217 1.8 -44.918
v -14.217 1.8 -36.918
v -14.217 1.8 -28.918
v -14.217 1.8 -20.918
v -14.217 1.8 -12.918
v -14.217 1.8 -4.918
v -14.217 1.8 3.082
v -14.217 1.8 11.082
v -14.217 1.8 19.082
v -14.217 1.8 27.082
v -14.217 1.8 35.082
v -14.217 1.8 43.082
v -14.217 1.8 51.082
v -14.217 1.8 59.082
v -22.217 1.8 -60.918
v -22.217 1.8 -52.918
v -22.217 1.8 -44.918
v -22.217 1.8 -36.918
v -22.217 1.8 -28.918
v -22.217 1.8 -20.918
v -22.217 1.8 -12.918
v -22.217 1.8 -4.918
v -22.217 1.8 3.082
v -22.217 1.8 11.082
v -22.217 1.8 19.082
v -22.217 1.8 27.082
v -22.217 1.8 35.082
v -22.217 1.8 43.082
v -22.217 1.8 51.082
v -22.217 1.8 59.082
v -30.217 1.8 -60.918
v -30.217 1.8 -52.918
v -30.217 1.8 -44.918
v -30.217 1.8 -36.918
v -30.217 1.8 -28.918
v -30.217 1.8 -20.918
v -30.217 1.8 -12.918
v -30.217 1.8 -4.918
v -30.217 1.8 3.082
v -30.217 1.8 11.082
v -30.217 1.8 19.082
v -30.217 1.8 27.082
v -30.217 1.8 35.082
v -30.217 1.8 43.082
v -30.217 1.8 51.082
v -30.217 1.8 59.082
v -38.217 1.8 -60.918
v -38.217 1.8 -52.918
v -38.217 1.8 -44.918
v -38.217 1.8 -36.918
v -38.217 1.8 -28.918
v -38.217 1.8 -20.918
v -38.217 1.8 -12.918
v -38.217 1.8 -4.918
v -38.217 1.8 3.082
v -38.217 1.8 11.082
v -38.217 1.8 19.082
v -38.217 1.8 27.082
v -38.217 1.8 35.082
v -38.217 1.8 43.082
v -38.217 1.8 51.082
v -38.217 1.8 59.082
v -46.217 1.8 -60.918
v -46.217 1.8 -52.918
v -46.217 1.8 -44.918
v -46.217 1.8 -36.918
v -46.217 1.8 -28.918
v -46.217 1.8 -20.918
v -46.217 1.8 -12.918
v -46.217 1.8 -4.918
v -46.217 1.8 3.082
v -46.217 1.8 11.082
v -46.217 1.8 19.082
v -46.217 1.8 27.082
v -46.217 1.8 35.082
v -46.217 1.8 43.082
v -46.217 1.8 51.082
v -46.217 1.8 59.082
v -54.217 1.8 -60.918
v -54.217 1.8 -52.918
v -54.217 1.8 -44.918
v -54.217 1.8 -36.918
v -54.217 1.8 -28.918
v -54.217 1.8 -20.918
v -54.217 1.8 -12.918
v -54.217 1.8 -4.918
v -54.217 1.8 3.082
v -54.217 1.8 11.082
v -54.217 1.8 19.082
v -54.217 1.8 27.082
v -54.217 1.8 35.082
v -54.217 1.8 43.082
v -54.217 1.8 51.082
v -54.217 1.8 59.082
v -62.217 1.8 -60.918
v -62.217 1.8 -52.918
v -62.217 1.8 -44.918
v -62.217 1.8 -36.918
v -62.217 1.8 -28.918
v -62.217 1.8 -20.918
v -62.217 1.8 -12.918
v -62.217 1.8 -4.918
v -62.217 1.8 3.082
v -62.217 1.8 11.082
v -62.217 1.8 19.082
v -62.217 1.8 27.082
v -62.217 1.8 35.082
v -62.217 1.8 43.082
v -62.217 1.8 51.082
v -62.217 1.8 59.082
v 58.303 1.8 -61.697
v 58.303 1.8 -53.697
v 58.303 1.8 -45.697
v 58.303 1.8 -37.697
v 58.303 1.8 -29.697
v 58.303 1.8 -21.697
v 58.303 1.8 -13.697
v 58.303 1.8 -5.697
v 58.303 1.8 2.303
v 58.303 1.8 10.303
v 58.303 1.8 18.303
v 58.303 1.8 26.303
v 58.303 1.8 34.303
v 58.303 1.8 42.303
v 58.303 1.8 50.303
v 58.303 1.8 58.303
v 50.303 1.8 -61.697
v 50.303 1.8 -53.697
v 50.303 1.8 -45.697
v 50.303 1.8 -37.697
v 50.303 1.8 -29.697
v 50.303 1.8 -21.697
v 50.303 1.8 -13.697
v 50.303 1.8 -5.697
v 50.303 1.8 2.303
v 50.303 1.8 10.303
v 50.303 1.8 18.303
v 50.303 1.8 26.303
v 50.303 1.8 34.303
v 50.303 1.8 42.303
v 50.303 1.8 50.303
v 50.303 1.8 58.303
v 42.303 1.8 -61.697
v 42.303 1.8 -53.697
v 42.303 1.8 -45.697
v 42.303 1.8 -37.697
v 42.303 1.8 -29.697
v 42.303 1.8 -21.697
v 42.303 1.8 -13.697
v 42.303 1.8 -5.697
v 42.303 1.8 2.303
v 42.303 1.8 10.303
v 42.303 1.8 18.303
v 42.303 1.8 26.303
v 42.303 1.8 34.303
v 42.303 1.8 42.303
v 42.303 1.8 50.303
v 42.303 1.8 58.303
v 34.303 1.8 -61.697
v 34.303 1.8 -53.697
v 34.303 1.8 -45.697
v 34.303 1.8 -37.697
v 34.303 1.8 -29.697
v 34.303 1.8 -21.697
v 34.303 1.8 -13.697
v 34.303 1.8 -5.697
v 34.303 1.8 2.303
v 34.303 1.8 10.303
v 34.303 1.8 18.303
v 34.303 1.8 26.303
v 34.303 1.8 34.303
v 34.303 1.8 42.303
v 34.303 1.8 50.303
v 34.303 1.8 58.303
v 26.303 1.8 -61.697
v 26.303 1.8 -53.697
v 26.303 1.8 -45.697
v 26.303 1.8 -37.697
v 26.303 1.8 -29.697
v 26.303 1.8 -21.697
v 26.303 1.8 -13.697
v 26.303 1.8 -5.697
v 26.303 1.8 2.303
v 26.303 1.8 10.303
v 26.303 1.8 18.303
v 26.303 1.8 26.303
v 26.303 1.8 34.303
v 26.303 1.8 42.303
v 26.303 1.8 50.303
v 26.303 1.8 58.303
v 18.303 1.8 -61.697
v 18.303 1.8 -53.697
v 18.303 1.8 -45.697
v 18.303 1.8 -37.697
v 18.303 1.8 -29.697
v 18.303 1.8 -21.697
v 18.303 1.8 -13.697
v 18.303 1.8 -5.697
v 18.303 1.8 2.303
v 18.303 1.8 10.303
v 18.303 1.8 18.303
v 18.303 1.8 26.303
v 18.303 1.8 34.303
v 18.303 1.8 42.303
v 18.303 1.8 50.303
v 18.303 1.8 58.303
v 10.303 1.8 -61.697
v 10.303 1.8 -53.697
v 10.303 1.8 -45.697
v 10.303 1.8 -37.697
v 10.303 1.8 -29.697
v 10.303 1.8 -21.697
v 10.303 1.8 -13.697
v 10.303 1.8 -5.697
v 10.303 1.8 2.303
v 10.303 1.8 10.303
v 10.303 1.8 18.303
v 10.303 1.8 26.303
v 10.303 1.8 34.303
v 10.303 1.8 42.303
v 10.303 1.8 50.303
v 10.303 1.8 58.303
v 2.303 1.8 -61.697
v 2.303 1.8 -53.697
v 2.303 1.8 -45.697
v 2.303 1.8 -37.697
v 2.303 1.8 -29.697
v 2.303 1.8 -21.697
v 2.303 1.8 -13.697
v 2.303 1.8 -5.697
v 2.303 1.8 2.303
v 2.303 1.8 10.303
v 2.303 1.8 18.303
v 2.303 1.8 26.303
v 2.303 1.8 34.303
v 2.303 1.8 42.303
v 2.303 1.8 50.303
v 2.303 1.8 58.303
v -5.697 1.8 -61.697
v -5.697 1.8 -53.697
v -5.697 1.8 -45.697
v -5.697 1.8 -37.697
v -5.697 1.8 -29.697
v -5.697 1.8 -21.697
v -5.697 1.8 -13.697
v -5.697 1.8 -5.697
v -5.697 1.8 2.303
v -5.697 1.8 10.303
v -5.697 1.8 18.303
v -5.697 1.8 26.303
v -5.697 1.8 34.303
v -5.697 1.8 42.303
v -5.697 1.8 50.303
v -5.697 1.8 58.303
v -13.697 1.8 -61.697
v -13.697 1.8 -53.697
v -13.697 1.8 -45.697
v -13.697 1.8 -37.697
v -13.697 1.8 -29.697
v -13.697 1.8 -21.697
v -13.697 1.8 -13.697
v -13.697 1.8 -5.697
v -13.697 1.8 2.303
v -13.697 1.8 10.303
v -13.697 1.8 18.303
v -13.697 1.8 26.303
v -13.697 1.8 34.303
v -13.697 1.8 42.303
v -13.697 1.8 50.303
v -13.697 1.8 58.303
v -21.697 1.8 -61.697
v -21.697 1.8 -53.697
v -21.697 1.8 -45.697
v -21.697 1.8 -37.697
v -21.697 1.8 -29.697
v -21.697 1.8 -21.697
v -21.697 1.8 -13.697
v -21.697 1.8 -5.697
v -21.697 1.8 2.303
v -21.697 1.8 10.303
v -21.697 1.8 18.303
v -21.697 1.8 26.303
v -21.697 1.8 34.303
v -21.697 1.8 42.303
v -21.697 1.8 50.303
v -21.697 1.8 58.303
v -29.697 1.8 -61.697
v -29.697 1.8 -53.697
v -29.697 1.8 -45.697
v -29.697 1.8 -37.697
v -29.697 1.8 -29.697
v -29.697 1.8 -21.697
v -29.697 1.8 -13.697
v -29.697 1.8 -5.697
v -29.697 1.8 2.303
v -29.697 1.8 10.303
v -29.697 1.8 18.303
v -29.697 1.8 26.303
v -29.697 1.8 34.303
v -29.697 1.8 42.303
v -29.697 1.8 50.303
v -29.697 1.8 58.303
v -37.697 1.8 -61.697
v -37.697 1.8 -53.697
v -37.697 1.8 -45.697
v -37.697 1.8 -37.697
v -37.697 1.8 -29.697
v -37.697 1.8 -21.697
v -37.697 1.8 -13.697
v -37.697 1.8 -5.697
v -37.697 1.8 2.303
v -37.697 1.8 10.303
v -37.697 1.8 18.303
v -37.697 1.8 26.303
v -37.697 1.8 34.303
v -37.697 1.8 42.303
v -37.697 1.8 50.303
v -37.697 1.8 58.303
v -45.697 1.8 -61.697
v -45.697 1.8 -53.697
v -45.697 1.8 -45.697
v -45.697 1.8 -37.697
v -45.697 1.8 -29.697
v -45.697 1.8 -21.697
v -45.697 1.8 -13.697
v -45.697 1.8 -5.697
v -45.697 1.8 2.303
v -45.697 1.8 10.303
v -45.697 1.8 18.303
v -45.697 1.8 26.303
v -45.697 1.8 34.303
v -45.697 1.8 42.303
v -45.697 1.8 50.303
v -45.697 1.8 58.303
v -53.697 1.8 -61.697
v -53.697 1.8 -53.697
v -53.697 1.8 -45.697
v -53.697 1.8 -37.697
v -53.697 1.8 -29.697
v -53.697 1.8 -21.697
v -53.697 1.8 -13.697
v -53.697 1.8 -5.697
v -53.697 1.8 2.303
v -53.697 1.8 10.303
v -53.697 1.8 18.303
v -53.697 1.8 26.303
v -53.697 1.8 34.303
v -53.697 1.8 42.303
v -53.697 1.8 50.303
v -53.697 1.8 58.303
v -61.697 1.8 -61.697
v -61.697 1.8 -53.697
v -61.697 1.8 -45.697
v -61.697 1.8 -37.697
v -61.697 1.8 -29.697
v -61.697 1.8 -21.697
v -61.697 1.8 -13.697
v -61.697 1.8 -5.697
v -61.697 1.8 2.303
v -61.697 1.8 10.303
v -61.697 1.8 18.303
v -61.697 1.8 26.303
v -61.697 1.8 34.303
v -61.697 1.8 42.303
v -61.697 1.8 50.303
v -61.697 1.8 58.303
v 59.082 1.8 -62.217
v 59.082 1.8 -54.217
v 59.082 1.8 -46.217
v 59.082 1.8 -38.217
v 59.082 1.8 -30.217
v 59.082 1.8 -22.217
v 59.082 1.8 -14.217
v 59.082 1.8 -6.217
v 59.082 1.8 1.783
v 59.082 1.8 9.783
v 59.082 1.8 17.783
v 59.082 1.8 25.783
v 59.082 1.8 33.783
v 59.082 1.8 41.783
v 59.082 1.8 49.783
v 59.082 1.8 57.783
v 51.082 1.8 -62.217
v 51.082 1.8 -54.217
v 51.082 1.8 -46.217
v 51.082 1.8 -38.217
v 51.082 1.8 -30.217
v 51.082 1.8 -22.217
v 51.082 1.8 -14.217
v 51.082 1.8 -6.217
v 51.082 1.8 1.783
v 51.082 1.8 9.783
v 51.082 1.8 17.783
v 51.082 1.8 25.783
v 51.082 1.8 33.783
v 51.082 1.8 41.783
v 51.082 1.8 49.783
v 51.082 1.8 57.783
v 43.082 1.8 -62.217
v 43.082 1.8 -54.217
v 43.082 1.8 -46.217
v 43.082 1.8 -38.217
v 43.082 1.8 -30.217
v 43.082 1.8 -22.217
v 43.082 1.8 -14.217
v 43.082 1.8 -6.217
v 43.082 1.8 1.783
v 43.082 1.8 9.783
v 43.082 1.8 17.783
v 43.082 1.8 25.783
v 43.082 1.8 33.783
v 43.082 1.8 41.783
v 43.082 1.8 49.783
v 43.082 1.8 57.783
v 35.082 1.8 -62.217
v 35.082 1.8 -54.217
v 35.082 1.8 -46.217
v 35.082 1.8 -38.217
v 35.082 1.8 -30.217
v 35.082 1.8 -22.217
v 35.082 1.8 -14.217
v 35.082 1.8 -6.217
v 35.082 1.8 1.783
v 35.082 1.8 9.783
v 35.082 1.8 17.783
v 35.082 1.8 25.783
v 35.082 1.8 33.783
v 35.082 1.8 41.783
v 35.082 1.8 49.783
v 35.082 1.8 57.783
v 27.082 1.8 -62.217
v 27.082 1.8 -54.217
v 27.082 1.8 -46.217
v 27.082 1.8 -38.217
v 27.082 1.8 -30.217
v 27.082 1.8 -22.217
v 27.082 1.8 -14.217
v 27.082 1.8 -6.217
v 27.082 1.8 1.783
v 27.082 1.8 9.783
v 27.082 1.8 17.783
v 27.082 1.8 25.783
v 27.082 1.8 33.783
v 27.082 1.8 41.783
v 27.082 1.8 49.783
v 27.082 1.8 57.783
v 19.082 1.8 -62.217
v 19.082 1.8 -54.217
v 19.082 1.8 -46.217
v 19.082 1.8 -38.217
v 19.082 1.8 -30.217
v 19.082 1.8 -22.217
v 19.082 1.8 -14.217
v 19.082 1.8 -6.217
v 19.082 1.8 1.783
v 19.082 1.8 9.783
v 19.082 1.8 17.783
v 19.082 1.8 25.783
v 19.082 1.8 33.783
v 19.082 1.8 41.783
v 19.082 1.8 49.783
v 19.082 1.8 57.783
v 11.082 1.8 -62.217
v 11.082 1.8 -54.217
v 11.082 1.8 -46.217
v 11.082 1.8 -38.217
v 11.082 1.8 -30.217
v 11.082 1.8 -22.217
v 11.082 1.8 -14.217
v 11.082 1.8 -6.217
v 11.082 1.8 1.783
v 11.082 1.8 9.783
v 11.082 1.8 17.783
v 11.082 1.8 25.783
v 11.082 1.8 33.783
v 11.082 1.8 41.783
v 11.082 1.8 49.783
v 11.082 1.8 57.783
v 3.082 1.8 -62.217
v 3.082 1.8 -54.217
v 3.082 1.8 -46.217
v 3.082 1.8 -38.217
v 3.082 1.8 -30.217
v 3.082 1.8 -22.217
v 3.082 1.8 -14.217
v 3.082 1.8 -6.217
v 3.082 1.8 1.783
v 3.082 1.8 9.783
v 3.082 1.8 17.783
v 3.082 1.8 25.783
v 3.082 1.8 33.783
v 3.082 1.8 41.783
v 3.082 1.8 49.783
v 3.082 1.8 57.783
v -4.918 1.8 -62.217
v -4.918 1.8 -54.217
v -4.918 1.8 -46.217
v -4.918 1.8 -38.217
v -4.918 1.8 -30.217
v -4.918 1.8 -22.217
v -4.918 1.8 -14.217
v -4.918 1.8 -6.217
v -4.918 1.8 1.783
v -4.918 1.8 9.783
v -4.918 1.8 17.783
v -4.918 1.8 25.783
v -4.918 1.8 33.783
v -4.918 1.8 41.783
v -4.918 1.8 49.783
v -4.918 1.8 57.783
v -12.918 1.8 -62.217
v -12.918 1.8 -54.217
v -12.918 1.8 -46.217
v -12.918 1.8 -38.217
v -12.918 1.8 -30.217
v -12.918 1.8 -22.217
v -12.918 1.8 -14.217
v -12.918 1.8 -6.217
v -12.918 1.8 1.783
v -12.918 1.8 9.783
v -12.918 1.8 17.783
v -12.918 1.8 25.783
v -12.918 1.8 33.783
v -12.918 1.8 41.783
v -12.918 1.8 49.783
v -12.918 1.8 57.783
v -20.918 1.8 -62.217
v -20.918 1.8 -54.217
v -20.918 1.8 -46.217
v -20.918 1.8 -38.217
v -20.918 1.8 -30.217
v -20.918 1.8 -22.217
v -20.918 1.8 -14.217
v -20.918 1.8 -6.217
v -20.918 1.8 1.783
v -20.918 1.8 9.783
v -20.918 1.8 17.783
v -20.918 1.8 25.783
v -20.918 1.8 33.783
v -20.918 1.8 41.783
v -20.918 1.8 49.783
v -20.918 1.8 57.783
v -28.918 1.8 -62.217
v -28.918 1.8 -54.217
v -28.918 1.8 -46.217
v -28.918 1.8 -38.217
v -28.918 1.8 -30.217
v -28.918 1.8 -22.217
v -28.918 1.8 -14.217
v -28.918 1.8 -6.217
v -28.918 1.8 1.783
v -28.918 1.8 9.783
v -28.918 1.8 17.783
v -28.918 1.8 25.783
v -28.918 1.8 33.783
v -28.918 1.8 41.783
v -28.918 1.8 49.783
v -28.918 1.8 57.783
v -36.918 1.8 -62.217
v -36.918 1.8 -54.217
v -36.918 1.8 -46.217
v -36.918 1.8 -38.217
v -36.918 1.8 -30.217
v -36.918 1.8 -22.217
v -36.918 1.8 -14.217
v -36.918 1.8 -6.217
v -36.918 1.8 1.783
v -36.918 1.8 9.783
v -36.918 1.8 17.783
v -36.918 1.8 25.783
v -36.918 1.8 33.783
v -36.918 1.8 41.783
v -36.918 1.8 49.783
v -36.918 1.8 57.783
v -44.918 1.8 -62.217
v -44.918 1.8 -54.217
v -44.918 1.8 -46.217
v -44.918 1.8 -38.217
v -44.918 1.8 -30.217
v -44.918 1.8 -22.217
v -44.918 1.8 -14.217
v -44.918 1.8 -6.217
v -44.918 1.8 1.783
v -44.918 1.8 9.783
v -44.918 1.8 17.783
v -44.918 1.8 25.783
v -44.918 1.8 33.783
v -44.918 1.8 41.783
v -44.918 1.8 49.783
v -44.918 1.8 57.783
v -52.918 1.8 -62.217
v -52.918 1.8 -54.217
v -52.918 1.8 -46.217
v -52.918 1.8 -38.217
v -52.918 1.8 -30.217
v -52.918 1.8 -22.217
v -52.918 1.8 -14.217
v -52.918 1.8 -6.217
v -52.918 1.8 1.783
v -52.918 1.8 9.783
v -52.918 1.8 17.783
v -52.918 1.8 25.783
v -52.918 1.8 33.783
v -52.918 1.8 41.783
v -52.918 1.8 49.783
v -52.918 1.8 57.783
v -60.918 1.8 -62.217
v -60.918 1.8 -54.217
v -60.918 1.8 -46.217
v -60.918 1.8 -38.217
v -60.918 1.8 -30.217
v -60.918 1.8 -22.217
v -60.918 1.8 -14.217
v -60.918 1.8 -6.217
v -60.918 1.8 1.783
v -60.918 1.8 9.783
v -60.918 1.8 17.783
v -60.918 1.8 25.783
v -60.918 1.8 33.783
v -60.918 1.8 41.783
v -60.918 1.8 49.783
v -60.918 1.8 57.783
v 59.082 -0.02 -62.217
v 59.082 -0.02 -54.217
v 59.082 -0.02 -46.217
v 59.082 -0.02 -38.217
v 59.082 -0.02 -30.217
v 59.082 -0.02 -22.217
v 59.082 -0.02 -14.217
v 59.082 -0.02 -6.217
v 59.082 -0.02 1.783
v 59.082 -0.02 9.783
v 59.082 -0.02 17.783
v 59.082 -0.02 25.783
v 59.082 -0.02 33.783
v 59.082 -0.02 41.783
v 59.082 -0.02 49.783
v 59.082 -0.02 57.783
v 51.082 -0.02 -62.217
v 51.082 -0.02 -54.217
v 51.082 -0.02 -46.217
v 51.082 -0.02 -38.217
v 51.082 -0.02 -30.217
v 51.082 -0.02 -22.217
v 51.082 -0.02 -14.217
v 51.082 -0.02 -6.217
v 51.082 -0.02 1.783
v 51.082 -0.02 9.783
v 51.082 -0.02 17.783
v 51.082 -0.02 25.783
v 51.082 -0.02 33.783
v 51.082 -0.02 41.783
v 51.082 -0.02 49.783
v 51.082 -0.02 57.783
v 43.082 -0.02 -62.217
v 43.082 -0.02 -54.217
v 43.082 -0.02 -46.217
v 43.082 -0.02 -38.217
v 43.082 -0.02 -30.217
v 43.082 -0.02 -22.217
v 43.082 -0.02 -14.217
v 43.082 -0.02 -6.217
v 43.082 -0.02 1.783
v 43.082 -0.02 9.783
v 43.082 -0.02 17.783
v 43.082 -0.02 25.783
v 43.082 -0.02 33.783
v 43.082 -0.02 41.783
v 43.082 -0.02 49.783
v 43.082 -0.02 57.783
v 35.082 -0.02 -62.217
v 35.082 -0.02 -54.217
v 35.082 -0.02 -46.217
v 35.082 -0.02 -38.217
v 35.082 -0.02 -30.217
v 35.082 -0.02 -22.217
v 35.082 -0.02 -14.217
v 35.082 -0.02 -6.217
v 35.082 -0.02 1.783
v 35.082 -0.02 9.783
v 35.082 -0.02 17.783
v 35.082 -0.02 25.783
v 35.082 -0.02 33.783
v 35.082 -0.02 41.783
v 35.082 -0.02 49.783
v 35.082 -0.02 57.783
v 27.082 -0.02 -62.217
v 27.082 -0.02 -54.217
v 27.082 -0.02 -46.217
v 27.082 -0.02 -38.217
v 27.082 -0.02 -30.217
v 27.082 -0.02 -22.217
v 27.082 -0.02 -14.217
v 27.082 -0.02 -6.217
v 27.082 -0.02 1.783
v 27.082 -0.02 9.783
v 27.082 -0.02 17.783
v 27.082 -0.02 25.783
v 27.082 -0.02 33.783
v 27.082 -0.02 41.783
v 27.082 -0.02 49.783
v 27.082 -0.02 57.783
v 19.082 -0.02 -62.217
v 19.082 -0.02 -54.217
v 19.082 -0.02 -46.217
v 19.082 -0.02 -38.217
v 19.082 -0.02 -30.217
v 19.082 -0.02 -22.217
v 19.082 -0.02 -14.217
v 19.082 -0.02 -6.217
v 19.082 -0.02 1.783
v 19.082 -0.02 9.783
v 19.082 -0.02 17.783
v 19.082 -0.02 25.783
v 19.082 -0.02 33.783
v 19.082 -0.02 41.783
v 19.082 -0.02 49.783
v 19.082 -0.02 57.783
v 11.082 -0.02 -62.217
v 11.082 -0.02 -54.217
v 11.082 -0.02 -46.217
v 11.082 -0.02 -38.217
v 11.082 -0.02 -30.217
v 11.082 -0.02 -22.217
v 11.082 -0.02 -14.217
v 11.082 -0.02 -6.217
v 11.082 -0.02 1.783
v 11.082 -0.02 9.783
v 11.082 -0.02 17.783
v 11.082 -0.02 25.783
v 11.082 -0.02 33.783
v 11.082 -0.02 41.783
v 11.082 -0.02 49.783
v 11.082 -0.02 57.783
v 3.082 -0.02 -62.217
v 3.082 -0.02 -54.217
v 3.082 -0.02 -46.217
v 3.082 -0.02 -38.217
v 3.082 -0.02 -30.217
v 3.082 -0.02 -22.217
v 3.082 -0.02 -14.217
v 3.082 -0.02 -6.217
v 3.082 -0.02 1.783
v 3.082 -0.02 9.783
v 3.082 -0.02 17.783
v 3.082 -0.02 25.783
v 3.082 -0.02 33.783
v 3.082 -0.02 41.783
v 3.082 -0.02 49.783
v 3.082 -0.02 57.783
v -4.918 -0.02 -62.217
v -4.918 -0.02 -54.217
v -4.918 -0.02 -46.217
v -4.918 -0.02 -38.217
v -4.918 -0.02 -30.217
v -4.918 -0.02 -22.217
v -4.918 -0.02 -14.217
v -4.918 -0.02 -6.217
v -4.918 -0.02 1.783
v -4.918 -0.02 9.783
v -4.918 -0.02 17.783
v -4.918 -0.02 25.783
v -4.918 -0.02 33.783
v -4.918 -0.02 41.783
v -4.918 -0.02 49.783
v -4.918 -0.02 57.783
v -12.918 -0.02 -62.217
v -12.918 -0.02 -54.217
v -12.918 -0.02 -46.217
v -12.918 -0.02 -38.217
v -12.918 -0.02 -30.217
v -12.918 -0.02 -22.217
v -12.918 -0.02 -14.217
v -12.918 -0.02 -6.217
v -12.918 -0.02 1.783
v -12.918 -0.02 9.783
v -12.918 -0.02 17.783
v -12.918 -0.02 25.783
v -12.918 -0.02 33.783
v -12.918 -0.02 41.783
v -12.918 -0.02 49.783
v -12.918 -0.02 57.783
v -20.918 -0.02 -62.217
v -20.918 -0.02 -54.217
v -20.918 -0.02 -46.217
v -20.918 -0.02 -38.217
v -20.918 -0.02 -30.217
v -20.918 -0.02 -22.217
v -20.918 -0.02 -14.217
v -20.918 -0.02 -6.217
v -20.918 -0.02 1.783
v -20.918 -0.02 9.783
v -20.918 -0.02 17.783
v -20.918 -0.02 25.783
v -20.918 -0.02 33.783
v -20.918 -0.02 41.783
v -20.918 -0.02 49.783
v -20.918 -0.02 57.783
v -28.918 -0.02 -62.217
v -28.918 -0.02 -54.217
v -28.918 -0.02 -46.217
v -28.918 -0.02 -38.217
v -28.918 -0.02 -30.217
v -28.918 -0.02 -22.217
v -28.918 -0.02 -14.217
v -28.918 -0.02 -6.217
v -28.918 -0.02 1.783
v -28.918 -0.02 9.783
v -28.918 -0.02 17.783
v -28.918 -0.02 25.783
v -28.918 -0.02 33.783
v -28.918 -0.02 41.783
v -28.918 -0.02 49.783
v -28.918 -0.02 57.783
v -36.918 -0.02 -62.217
v -36.918 -0.02 -54.217
v -36.918 -0.02 -46.217
v -36.918 -0.02 -38.217
v -36.918 -0.02 -30.217
v -36.918 -0.02 -22.217
v -36.918 -0.02 -14.217
v -36.918 -0.02 -6.217
v -36.918 -0.02 1.783
v -36.918 -0.02 9.783
v -36.918 -0.02 17.783
v -36.918 -0.02 25.783
v -36.918 -0.02 33.783
v -36.918 -0.02 41.783
v -36.918 -0.02 49.783
v -36.918 -0.02 57.783
v -44.918 -0.02 -62.217
v -44.918 -0.02 -54.217
v -44.918 -0.02 -46.217
v -44.918 -0.02 -38.217
v -44.918 -0.02 -30.217
v -44.918 -0.02 -22.217
v -44.918 -0.02 -14.217
v -44.918 -0.02 -6.217
v -44.918 -0.02 1.783
v -44.918 -0.02 9.783
v -44.918 -0.02 17.783
v -44.918 -0.02 25.783
v -44.918 -0.02 33.783
v -44.918 -0.02 41.783
v -44.918 -0.02 49.783
v -44.918 -0.02 57.783
v -52.918 -0.02 -62.217
v -52.918 -0.02 -54.217
v -52.918 -0.02 -46.217
v -52.918 -0.02 -38.217
v -52.918 -0.02 -30.217
v -52.918 -0.02 -22.217
v -52.918 -0.02 -14.217
v -52.918 -0.02 -6.217
v -52.918 -0.02 1.783
v -52.918 -0.02 9.783
v -52.918 -0.02 17.783
v -52.918 -0.02 25.783
v -52.918 -0.02 33.783
v -52.918 -0.02 41.783
v -52.918 -0.02 49.783
v -52.918 -0.02 57.783
v -60.918 -0.02 -62.217
v -60.918 -0.02 -54.217
v -60.918 -0.02 -46.217
v -60.918 -0.02 -38.217
v -60.918 -0.02 -30.217
v -60.918 -0.02 -22.217
v -60.918 -0.02 -14.217
v -60.918 -0.02 -6.217
v -60.918 -0.02 1.783
v -60.918 -0.02 9.783
v -60.918 -0.02 17.783
v -60.918 -0.02 25.783
v -60.918 -0.02 33.783
v -60.918 -0.02 41.783
v -60.918 -0.02 49.783
v -60.918 -0.02 57.783
v 58.303 -0.02 -61.697
v 58.303 -0.02 -53.697
v 58.303 -0.02 -45.697
v 58.303 -0.02 -37.697
v 58.303 -0.02 -29.697
v 58.303 -0.02 -21.697
v 58.303 -0.02 -13.697
v 58.303 -0.02 -5.697
v 58.303 -0.02 2.303
v 58.303 -0.02 10.303
v 58.303 -0.02 18.303
v 58.303 -0.02 26.303
v 58.303 -0.02 34.303
v 58.303 -0.02 42.303
v 58.303 -0.02 50.303
v 58.303 -0.02 58.303
v 50.303 -0.02 -61.697
v 50.303 -0.02 -53.697
v 50.303 -0.02 -45.697
v 50.303 -0.02 -37.697
v 50.303 -0.02 -29.697
v 50.303 -0.02 -21.697
v 50.303 -0.02 -13.697
v 50.303 -0.02 -5.697
v 50.303 -0.02 2.303
v 50.303 -0.02 10.303
v 50.303 -0.02 18.303
v 50.303 -0.02 26.303
v 50.303 -0.02 34.303
v 50.303 -0.02 42.303
v 50.303 -0.02 50.303
v 50.303 -0.02 58.303
v 42.303 -0.02 -61.697
v 42.303 -0.02 -53.697
v 42.303 -0.02 -45.697
v 42.303 -0.02 -37.697
v 42.303 -0.02 -29.697
v 42.303 -0.02 -21.697
v 42.303 -0.02 -13.697
v 42.303 -0.02 -5.697
v 42.303 -0.02 2.303
v 42.303 -0.02 10.303
v 42.303 -0.02 18.303
v 42.303 -0.02 26.303
v 42.303 -0.02 34.303
v 42.303 -0.02 42.303
v 42.303 -0.02 50.303
v 42.303 -0.02 58.303
v 34.303 -0.02 -61.697
v 34.303 -0.02 -53.697
v 34.303 -0.02 -45.697
v 34.303 -0.02 -37.697
v 34.303 -0.02 -29.697
v 34.303 -0.02 -21.697
v 34.303 -0.02 -13.697
v 34.303 -0.02 -5.697
v 34.303 -0.02 2.303
v 34.303 -0.02 10.303
v 34.303 -0.02 18.303
v 34.303 -0.02 26.303
v 34.303 -0.02 34.303
v 34.303 -0.02 42.303
v 34.303 -0.02 50.303
v 34.303 -0.02 58.303
v 26.303 -0.02 -61.697
v 26.303 -0.02 -53.697
v 26.303 -0.02 -45.697
v 26.303 -0.02 -37.697
v 26.303 -0.02 -29.697
v 26.303 -0.02 -21.697
v 26.303 -0.02 -13.697
v 26.303 -0.02 -5.697
v 26.303 -0.02 2.303
v 26.303 -0.02 10.303
v 26.303 -0.02 18.303
v 26.303 -0.02 26.303
v 26.303 -0.02 34.303
v 26.303 -0.02 42.303
v 26.303 -0.02 50.303
v 26.303 -0.02 58.303
v 18.303 -0.02 -61.697
v 18.303 -0.02 -53.697
v 18.303 -0.02 -45.697
v 18.303 -0.02 -37.697
v 18.303 -0.02 -29.697
v 18.303 -0.02 -21.697
v 18.303 -0.02 -13.697
v 18.303 -0.02 -5.697
v 18.303 -0.02 2.303
v 18.303 -0.02 10.303
v 18.303 -0.02 18.303
v 18.303 -0.02 26.303
v 18.303 -0.02 34.303
v 18.303 -0.02 42.303
v 18.303 -0.02 50.303
v 18.303 -0.02 58.303
v 10.303 -0.02 -61.697
v 10.303 -0.02 -53.697
v 10.303 -0.02 -45.697
v 10.303 -0.02 -37.697
v 10.303 -0.02 -29.697
v 10.303 -0.02 -21.697
v 10.303 -0.02 -13.697
v 10.303 -0.02 -5.697
v 10.303 -0.02 2.303
v 10.303 -0.02 10.303
v 10.303 -0.02 18.303
v 10.303 -0.02 26.303
v 10.303 -0.02 34.303
v 10.303 -0.02 42.303
v 10.303 -0.02 50.303
v 10.303 -0.02 58.303
v 2.303 -0.02 -61.697
v 2.303 -0.02 -53.697
v 2.303 -0.02 -45.697
v 2.303 -0.02 -37.697
v 2.303 -0.02 -29.697
v 2.303 -0.02 -21.697
v 2.303 -0.02 -13.697
v 2.303 -0.02 -5.697
v 2.303 -0.02 2.303
v 2.303 -0.02 10.303
v 2.303 -0.02 18.303
v 2.303 -0.02 26.303
v 2.303 -0.02 34.303
v 2.303 -0.02 42.303
v 2.303 -0.02 50.303
v 2.303 -0.02 58.303
v -5.697 -0.02 -61.697
v -5.697 -0.02 -53.697
v -5.697 -0.02 -45.697
v -5.697 -0.02 -37.697
v -5.697 -0.02 -29.697
v -5.697 -0.02 -21.697
v -5.697 -0.02 -13.697
v -5.697 -0.02 -5.697
v -5.697 -0.02 2.303
v -5.697 -0.02 10.303
v -5.697 -0.02 18.303
v -5.697 -0.02 26.303
v -5.697 -0.02 34.303
v -5.697 -0.02 42.303
v -5.697 -0.02 50.303
v -5.697 -0.02 58.303
v -13.697 -0.02 -61.697
v -13.697 -0.02 -53.697
v -13.697 -0.02 -45.697
v -13.697 -0.02 -37.697
v -13.697 -0.02 -29.697
v -13.697 -0.02 -21.697
v -13.697 -0.02 -13.697
v -13.697 -0.02 -5.697
v -13.697 -0.02 2.303
v -13.697 -0.02 10.303
v -13.697 -0.02 18.303
v -13.697 -0.02 26.303
v -13.697 -0.02 34.303
v -13.697 -0.02 42.303
v -13.697 -0.02 50.303
v -13.697 -0.02 58.303
v -21.697 -0.02 -61.697
v -21.697 -0.02 -53.697
v -21.697 -0.02 -45.697
v -21.697 -0.02 -37.697
v -21.697 -0.02 -29.697
v -21.697 -0.02 -21.697
v -21.697 -0.02 -13.697
v -21.697 -0.02 -5.697
v -21.697 -0.02 2.303
v -21.697 -0.02 10.303
v -21.697 -0.02 18.303
v -21.697 -0.02 26.303
v -21.697 -0.02 34.303
v -21.697 -0.02 42.303
v -21.697 -0.02 50.303
v -21.697 -0.02 58.303
v -29.697 -0.02 -61.697
v -29.697 -0.02 -53.697
v -29.697 -0.02 -45.697
v -29.697 -0.02 -37.697
v -29.697 -0.02 -29.697
v -29.697 -0.02 -21.697
v -29.697 -0.02 -13.697
v -29.697 -0.02 -5.697
v -29.697 -0.02 2.303
v -29.697 -0.02 10.303
v -29.697 -0.02 18.303
v -29.697 -0.02 26.303
v -29.697 -0.02 34.303
v -29.697 -0.02 42.303
v -29.697 -0.02 50.303
v -29.697 -0.02 58.303
v -37.697 -0.02 -61.697
v -37.697 -0.02 -53.697
v -37.697 -0.02 -45.697
v -37.697 -0.02 -37.697
v -37.697 -0.02 -29.697
v -37.697 -0.02 -21.697
v -37.697 -0.02 -13.697
v -37.697 -0.02 -5.697
v -37.697 -0.02 2.303
v -37.697 -0.02 10.303
v -37.697 -0.02 18.303
v -37.697 -0.02 26.303
v -37.697 -0.02 34.303
v -37.697 -0.02 42.303
v -37.697 -0.02 50.303
v -37.697 -0.02 58.303
v -45.697 -0.02 -61.697
v -45.697 -0.02 -53.697
v -45.697 -0.02 -45.697
v -45.697 -0.02 -37.697
v -45.697 -0.02 -29.697
v -45.697 -0.02 -21.697
v -45.697 -0.02 -13.697
v -45.697 -0.02 -5.697
v -45.697 -0.02 2.303
v -45.697 -0.02 10.303
v -45.697 -0.02 18.303
v -45.697 -0.02 26.303
v -45.697 -0.02 34.303
v -45.697 -0.02 42.303
v -45.697 -0.02 50.303
v -45.697 -0.02 58.303
v -53.697 -0.02 -61.697
v -53.697 -0.02 -53.697
v -53.697 -0.02 -45.697
v -53.697 -0.02 -37.697
v -53.697 -0.02 -29.697
v -53.697 -0.02 -21.697
v -53.697 -0.02 -13.697
v -53.697 -0.02 -5.697
v -53.697 -0.02 2.303
v -53.697 -0.02 10.303
v -53.697 -0.02 18.303
v -53.697 -0.02 26.303
v -53.697 -0.02 34.303
v -53.697 -0.02 42.303
v -53.697 -0.02 50.303
v -53.697 -0.02 58.303
v -61.697 -0.02 -61.697
v -61.697 -0.02 -53.697
v -61.697 -0.02 -45.697
v -61.697 -0.02 -37.697
v -61.697 -0.02 -29.697
v -61.697 -0.02 -21.697
v -61.697 -0.02 -13.697
v -61.697 -0.02 -5.697
v -61.697 -0.02 2.303
v -61.697 -0.02 10.303
v -61.697 -0.02 18.303
v -61.697 -0.02 26.303
v -61.697 -0.02 34.303
v -61.697 -0.02 42.303
v -61.697 -0.02 50.303
v -61.697 -0.02 58.303
v 57.783 -0.02 -60.918
v 57.783 -0.02 -52.918
v 57.783 -0.02 -44.918
v 57.783 -0.02 -36.918
v 57.783 -0.02 -28.918
v 57.783 -0.02 -20.918
v 57.783 -0.02 -12.918
v 57.783 -0.02 -4.918
v 57.783 -0.02 3.082
v 57.783 -0.02 11.082
v 57.783 -0.02 19.082
v 57.783 -0.02 27.082
v 57.783 -0.02 35.082
v 57.783 -0.02 43.082
v 57.783 -0.02 51.082
v 57.783 -0.02 59.082
v 49.783 -0.02 -60.918
v 49.783 -0.02 -52.918
v 49.783 -0.02 -44.918
v 49.783 -0.02 -36.918
v 49.783 -0.02 -28.918
v 49.783 -0.02 -20.918
v 49.783 -0.02 -12.918
v 49.783 -0.02 -4.918
v 49.783 -0.02 3.082
v 49.783 -0.02 11.082
v 49.783 -0.02 19.082
v 49.783 -0.02 27.082
v 49.783 -0.02 35.082
v 49.783 -0.02 43.082
v 49.783 -0.02 51.082
v 49.783 -0.02 59.082
v 41.783 -0.02 -60.918
v 41.783 -0.02 -52.918
v 41.783 -0.02 -44.918
v 41.783 -0.02 -36.918
v 41.783 -0.02 -28.918
v 41.783 -0.02 -20.918
v 41.783 -0.02 -12.918
v 41.783 -0.02 -4.918
v 41.783 -0.02 3.082
v 41.783 -0.02 11.082
v 41.783 -0.02 19.082
v 41.783 -0.02 27.082
v 41.783 -0.02 35.082
v 41.783 -0.02 43.082
v 41.783 -0.02 51.082
v 41.783 -0.02 59.082
v 33.783 -0.02 -60.918
v 33.783 -0.02 -52.918
v 33.783 -0.02 -44.918
v 33.783 -0.02 -36.918
v 33.783 -0.02 -28.918
v 33.783 -0.02 -20.918
v 33.783 -0.02 -12.918
v 33.783 -0.02 -4.918
v 33.783 -0.02 3.082
v 33.783 -0.02 11.082
v 33.783 -0.02 19.082
v 33.783 -0.02 27.082
v 33.783 -0.02 35.082
v 33.783 -0.02 43.082
v 33.783 -0.02 51.082
v 33.783 -0.02 59.082
v 25.783 -0.02 -60.918
v 25.783 -0.02 -52.918
v 25.783 -0.02 -44.918
v 25.783 -0.02 -36.918
v 25.783 -0.02 -28.918
v 25.783 -0.02 -20.918
v 25.783 -0.02 -12.918
v 25.783 -0.02 -4.918
v 25.783 -0.02 3.082
v 25.783 -0.02 11.082
v 25.783 -0.02 19.082
v 25.783 -0.02 27.082
v 25.783 -0.02 35.082
v 25.783 -0.02 43.082
v 25.783 -0.02 51.082
v 25.783 -0.02 59.082
v 17.783 -0.02 -60.918
v 17.783 -0.02 -52.918
v 17.783 -0.02 -44.918
v 17.783 -0.02 -36.918
v 17.783 -0.02 -28.918
v 17.783 -0.02 -20.918
v 17.783 -0.02 -12.918
v 17.783 -0.02 -4.918
v 17.783 -0.02 3.082
v 17.783 -0.02 11.082
v 17.783 -0.02 19.082
v 17.783 -0.02 27.082
v 17.783 -0.02 35.082
v 17.783 -0.02 43.082
v 17.783 -0.02 51.082
v 17.783 -0.02 59.082
v 9.783 -0.02 -60.918
v 9.783 -0.02 -52.918
v 9.783 -0.02 -44.918
v 9.783 -0.02 -36.918
v 9.783 -0.02 -28.918
v 9.783 -0.02 -20.918
v 9.783 -0.02 -12.918
v 9.783 -0.02 -4.918
v 9.783 -0.02 3.082
v 9.783 -0.02 11.082
v 9.783 -0.02 19.082
v 9.783 -0.02 27.082
v 9.783 -0.02 35.082
v 9.783 -0.02 43.082
v 9.783 -0.02 51.082
v 9.783 -0.02 59.082
v 1.783 -0.02 -60.918
v 1.783 -0.02 -52.918
v 1.783 -0.02 -44.918
v 1.783 -0.02 -36.918
v 1.783 -0.02 -28.918
v 1.783 -0.02 -20.918
v 1.783 -0.02 -12.918
v 1.783 -0.02 -4.918
v 1.783 -0.02 3.082
v 1.783 -0.02 11.082
v 1.783 -0.02 19.082
v 1.783 -0.02 27.082
v 1.783 -0.02 35.082
v 1.783 -0.02 43.082
v 1.783 -0.02 51.082
v 1.783 -0.02 59.082
v -6.217 -0.02 -60.918
v -6.217 -0.02 -52.918
v -6.217 -0.02 -44.918
v -6.217 -0.02 -36.918
v -6.217 -0.02 -28.918
v -6.217 -0.02 -20.918
v -6.217 -0.02 -12.918
v -6.217 -0.02 -4.918
v -6.217 -0.02 3.082
v -6.217 -0.02 11.082
v -6.217 -0.02 19.082
v -6.217 -0.02 27.082
v -6.217 -0.02 35.082
v -6.217 -0.02 43.082
v -6.217 -0.02 51.082
v -6.217 -0.02 59.082
v -14.217 -0.02 -60.918
v -14.217 -0.02 -52.918
v -14.217 -0.02 -44.918
v -14.217 -0.02 -36.918
v -14.217 -0.02 -28.918
v -14.217 -0.02 -20.918
v -14.217 -0.02 -12.918
v -14.217 -0.02 -4.918
v -14.217 -0.02 3.082
v -14.217 -0.02 11.082
v -14.217 -0.02 19.082
v -14.217 -0.02 27.082
v -14.217 -0.02 35.082
v -14.217 -0.02 43.082
v -14.217 -0.02 51.082
v -14.217 -0.02 59.082
v -22.217 -0.02 -60.918
v -22.217 -0.02 -52.918
v -22.217 -0.02 -44.918
v -22.217 -0.02 -36.918
v -22.217 -0.02 -28.918
v -22.217 -0.02 -20.918
v -22.217 -0.02 -12.918
v -22.217 -0.02 -4.918
v -22.217 -0.02 3.082
v -22.217 -0.02 11.082
v -22.217 -0.02 19.082
v -22.217 -0.02 27.082
v -22.217 -0.02 35.082
v -22.217 -0.02 43.082
v -22.217 -0.02 51.082
v -22.217 -0.02 59.082
v -30.217 -0.02 -60.918
v -30.217 -0.02 -52.918
v -30.217 -0.02 -44.918
v -30.217 -0.02 -36.918
v -30.217 -0.02 -28.918
v -30.217 -0.02 -20.918
v -30.217 -0.02 -12.918
v -30.217 -0.02 -4.918
v -30.217 -0.02 3.082
v -30.217 -0.02 11.082
v -30.217 -0.02 19.082
v -30.217 -0.02 27.082
v -30.217 -0.02 35.082
v -30.217 -0.02 43.082
v -30.217 -0.02 51.082
v -30.217 -0.02 59.082
v -38.217 -0.02 -60.918
v -38.217 -0.02 -52.918
v -38.217 -0.02 -44.918
v -38.217 -0.02 -36.918
v -38.217 -0.02 -28.918
v -38.217 -0.02 -20.918
v -38.217 -0.02 -12.918
v -38.217 -0.02 -4.918
v -38.217 -0.02 3.082
v -38.217 -0.02 11.082
v -38.217 -0.02 19.082
v -38.217 -0.02 27.082
v -38.217 -0.02 35.082
v -38.217 -0.02 43.082
v -38.217 -0.02 51.082
v -38.217 -0.02 59.082
v -46.217 -0.02 -60.918
v -46.217 -0.02 -52.918
v -46.217 -0.02 -44.918
v -46.217 -0.02 -36.918
v -46.217 -0.02 -28.918
v -46.217 -0.02 -20.918
v -46.217 -0.02 -12.918
v -46.217 -0.02 -4.918
v -46.217 -0.02 3.082
v -46.217 -0.02 11.082
v -46.217 -0.02 19.082
v -46.217 -0.02 27.082
v -46.217 -0.02 35.082
v -46.217 -0.02 43.082
v -46.217 -0.02 51.082
v -46.217 -0.02 59.082
v -54.217 -0.02 -60.918
v -54.217 -0.02 -52.918
v -54.217 -0.02 -44.918
v -54.217 -0.02 -36.918
v -54.217 -0.02 -28.918
v -54.217 -0.02 -20.918
v -54.217 -0.02 -12.918
v -54.217 -0.02 -4.918
v -54.217 -0.02 3.082
v -54.217 -0.02 11.082
v -54.217 -0.02 19.082
v -54.217 -0.02 27.082
v -54.217 -0.02 35.082
v -54.217 -0.02 43.082
v -54.217 -0.02 51.082
v -54.217 -0.02 59.082
v -62.217 -0.02 -60.918
v -62.217 -0.02 -52.918
v -62.217 -0.02 -44.918
v -62.217 -0.02 -36.918
v -62.217 -0.02 -28.918
v -62.217 -0.02 -20.918
v -62.217 -0.02 -12.918
v -62.217 -0.02 -4.918
v -62.217 -0.02 3.082
v -62.217 -0.02 11.082
v -62.217 -0.02 19.082
v -62.217 -0.02 27.082
v -62.217 -0.02 35.082
v -62.217 -0.02 43.082
v -62.217 -0.02 51.082
v -62.217 -0.02 59.082
v 57.6 -0.02 -60
v 57.6 -0.02 -52
v 57.6 -0.02 -44
v 57.6 -0.02 -36
v 57.6 -0.02 -28
v 57.6 -0.02 -20
v 57.6 -0.02 -12
v 57.6 -0.02 -4
v 57.6 -0.02 4
v 57.6 -0.02 12
v 57.6 -0.02 20
v 57.6 -0.02 28
v 57.6 -0.02 36
v 57.6 -0.02 44
v 57.6 -0.02 52
v 57.6 -0.02 60
v 49.6 -0.02 -60
v 49.6 -0.02 -52
v 49.6 -0.02 -44
v 49.6 -0.02 -36
v 49.6 -0.02 -28
v 49.6 -0.02 -20
v 49.6 -0.02 -12
v 49.6 -0.02 -4
v 49.6 -0.02 4
v 49.6 -0.02 12
v 49.6 -0.02 20
v 49.6 -0.02 28
v 49.6 -0.02 36
v 49.6 -0.02 44
v 49.6 -0.02 52
v 49.6 -0.02 60
v 41.6 -0.02 -60
v 41.6 -0.02 -52
v 41.6 -0.02 -44
v 41.6 -0.02 -36
v 41.6 -0.02 -28
v 41.6 -0.02 -20
v 41.6 -0.02 -12
v 41.6 -0.02 -4
v 41.6 -0.02 4
v 41.6 -0.02 12
v 41.6 -0.02 20
v 41.6 -0.02 28
v 41.6 -0.02 36
v 41.6 -0.02 44
v 41.6 -0.02 52
v 41.6 -0.02 60
v 33.6 -0.02 -60
v 33.6 -0.02 -52
v 33.6 -0.02 -44
v 33.6 -0.02 -36
v 33.6 -0.02 -28
v 33.6 -0.02 -20
v 33.6 -0.02 -12
v 33.6 -0.02 -4
v 33.6 -0.02 4
v 33.6 -0.02 12
v 33.6 -0.02 20
v 33.6 -0.02 28
v 33.6 -0.02 36
v 33.6 -0.02 44
v 33.6 -0.02 52
v 33.6 -0.02 60
v 25.6 -0.02 -60
v 25.6 -0.02 -52
v 25.6 -0.02 -44
v 25.6 -0.02 -36
v 25.6 -0.02 -28
v 25.6 -0.02 -20
v 25.6 -0.02 -12
v 25.6 -0.02 -4
v 25.6 -0.02 4
v 25.6 -0.02 12
v 25.6 -0.02 20
v 25.6 -0.02 28
v 25.6 -0.02 36
v 25.6 -0.02 44
v 25.6 -0.02 52
v 25.6 -0.02 60
v 17.6 -0.02 -60
v 17.6 -0.02 -52
v 17.6 -0.02 -44
v 17.6 -0.02 -36
v 17.6 -0.02 -28
v 17.6 -0.02 -20
v 17.6 -0.02 -12
v 17.6 -0.02 -4
v 17.6 -0.02 4
v 17.6 -0.02 12
v 17.6 -0.02 20
v 17.6 -0.02 28
v 17.6 -0.02 36
v 17.6 -0.02 44
v 17.6 -0.02 52
v 17.6 -0.02 60
v 9.6 -0.02 -60
v 9.6 -0.02 -52
v 9.6 -0.02 -44
v 9.6 -0.02 -36
v 9.6 -0.02 -28
v 9.6 -0.02 -20
v 9.6 -0.02 -12
v 9.6 -0.02 -4
v 9.6 -0.02 4
v 9.6 -0.02 12
v 9.6 -0.02 20
v 9.6 -0.02 28
v 9.6 -0.02 36
v 9.6 -0.02 44
v 9.6 -0.02 52
v 9.6 -0.02 60
v 1.6 -0.02 -60
v 1.6 -0.02 -52
v 1.6 -0.02 -44
v 1.6 -0.02 -36
v 1.6 -0.02 -28
v 1.6 -0.02 -20
v 1.6 -0.02 -12
v 1.6 -0.02 -4
v 1.6 -0.02 4
v 1.6 -0.02 12
v 1.6 -0.02 20
v 1.6 -0.02 28
v 1.6 -0.02 36
v 1.6 -0.02 44
v 1.6 -0.02 52
v 1.6 -0.02 60
v -6.4 -0.02 -60
v -6.4 -0.02 -52
v -6.4 -0.02 -44
v -6.4 -0.02 -36
v -6.4 -0.02 -28
v -6.4 -0.02 -20
v -6.4 -0.02 -12
v -6.4 -0.02 -4
v -6.4 -0.02 4
v -6.4 -0.02 12
v -6.4 -0.02 20
v -6.4 -0.02 28
v -6.4 -0.02 36
v -6.4 -0.02 44
v -6.4 -0.02 52
v -6.4 -0.02 60
v -14.4 -0.02 -60
v -14.4 -0.02 -52
v -14.4 -0.02 -44
v -14.4 -0.02 -36
v -14.4 -0.02 -28
v -14.4 -0.02 -20
v -14.4 -0.02 -12
v -14.4 -0.02 -4
v -14.4 -0.02 4
v -14.4 -0.02 12
v -14.4 -0.02 20
v -14.4 -0.02 28
v -14.4 -0.02 36
v -14.4 -0.02 44
v -14.4 -0.02 52
v -14.4 -0.02 60
v -22.4 -0.02 -60
v -22.4 -0.02 -52
v -22.4 -0.02 -44
v -22.4 -0.02 -36
v -22.4 -0.02 -28
v -22.4 -0.02 -20
v -22.4 -0.02 -12
v -22.4 -0.02 -4
v -22.4 -0.02 4
v -22.4 -0.02 12
v -22.4 -0.02 20
v -22.4 -0.02 28
v -22.4 -0.02 36
v -22.4 -0.02 44
v -22.4 -0.02 52
v -22.4 -0.02 60
v -30.4 -0.02 -60
v -30.4 -0.02 -52
v -30.4 -0.02 -44
v -30.4 -0.02 -36
v -30.4 -0.02 -28
v -30.4 -0.02 -20
v -30.4 -0.02 -12
v -30.4 -0.02 -4
v -30.4 -0.02 4
v -30.4 -0.02 12
v -30.4 -0.02 20
v -30.4 -0.02 28
v -30.4 -0.02 36
v -30.4 -0.02 44
v -30.4 -0.02 52
v -30.4 -0.02 60
v -38.4 -0.02 -60
v -38.4 -0.02 -52
v -38.4 -0.02 -44
v -38.4 -0.02 -36
v -38.4 -0.02 -28
v -38.4 -0.02 -20
v -38.4 -0.02 -12
v -38.4 -0.02 -4
v -38.4 -0.02 4
v -38.4 -0.02 12
v -38.4 -0.02 20
v -38.4 -0.02 28
v -38.4 -0.02 36
v -38.4 -0.02 44
v -38.4 -0.02 52
v -38.4 -0.02 60
v -46.4 -0.02 -60
v -46.4 -0.02 -52
v -46.4 -0.02 -44
v -46.4 -0.02 -36
v -46.4 -0.02 -28
v -46.4 -0.02 -20
v -46.4 -0.02 -12
v -46.4 -0.02 -4
v -46.4 -0.02 4
v -46.4 -0.02 12
v -46.4 -0.02 20
v -46.4 -0.02 28
v -46.4 -0.02 36
v -46.4 -0.02 44
v -46.4 -0.02 52
v -46.4 -0.02 60
v -54.4 -0.02 -60
v -54.4 -0.02 -52
v -54.4 -0.02 -44
v -54.4 -0.02 -36
v -54.4 -0.02 -28
v -54.4 -0.02 -20
v -54.4 -0.02 -12
v -54.4 -0.02 -4
v -54.4 -0.02 4
v -54.4 -0.02 12
v -54.4 -0.02 20
v -54.4 -0.02 28
v -54.4 -0.02 36
v -54.4 -0.02 44
v -54.4 -0.02 52
v -54.4 -0.02 60
v -62.4 -0.02 -60
v -62.4 -0.02 -52
v -62.4 -0.02 -44
v -62.4 -0.02 -36
v -62.4 -0.02 -28
v -62.4 -0.02 -20
v -62.4 -0.02 -12
v -62.4 -0.02 -4
v -62.4 -0.02 4
v -62.4 -0.02 12
v -62.4 -0.02 20
v -62.4 -0.02 28
v -62.4 -0.02 36
v -62.4 -0.02 44
v -62.4 -0.02 52
v -62.4 -0.02 60
v 57.783 -0.02 -59.082
v 57.783 -0.02 -51.082
v 57.783 -0.02 -43.082
v 57.783 -0.02 -35.082
v 57.783 -0.02 -27.082
v 57.783 -0.02 -19.082
v 57.783 -0.02 -11.082
v 57.783 -0.02 -3.082
v 57.783 -0.02 4.918
v 57.783 -0.02 12.918
v 57.783 -0.02 20.918
v 57.783 -0.02 28.918
v 57.783 -0.02 36.918
v 57.783 -0.02 44.918
v 57.783 -0.02 52.918
v 57.783 -0.02 60.918
v 49.783 -0.02 -59.082
v 49.783 -0.02 -51.082
v 49.783 -0.02 -43.082
v 49.783 -0.02 -35.082
v 49.783 -0.02 -27.082
v 49.783 -0.02 -19.082
v 49.783 -0.02 -11.082
v 49.783 -0.02 -3.082
v 49.783 -0.02 4.918
v 49.783 -0.02 12.918
v 49.783 -0.02 20.918
v 49.783 -0.02 28.918
v 49.783 -0.02 36.918
v 49.783 -0.02 44.918
v 49.783 -0.02 52.918
v 49.783 -0.02 60.918
v 41.783 -0.02 -59.082
v 41.783 -0.02 -51.082
v 41.783 -0.02 -43.082
v 41.783 -0.02 -35.082
v 41.783 -0.02 -27.082
v 41.783 -0.02 -19.082
v 41.783 -0.02 -11.082
v 41.783 -0.02 -3.082
v 41.783 -0.02 4.918
v 41.783 -0.02 12.918
v 41.783 -0.02 20.918
v 41.783 -0.02 28.918
v 41.783 -0.02 36.918
v 41.783 -0.02 44.918
v 41.783 -0.02 52.918
v 41.783 -0.02 60.918
v 33.783 -0.02 -59.082
v 33.783 -0.02 -51.082
v 33.783 -0.02 -43.082
v 33.783 -0.02 -35.082
v 33.783 -0.02 -27.082
v 33.783 -0.02 -19.082
v 33.783 -0.02 -11.082
v 33.783 -0.02 -3.082
v 33.783 -0.02 4.918
v 33.783 -0.02 12.918
v 33.783 -0.02 20.918
v 33.783 -0.02 28.918
v 33.783 -0.02 36.918
v 33.783 -0.02 44.918
v 33.783 -0.02 52.918
v 33.783 -0.02 60.918
v 25.783 -0.02 -59.082
v 25.783 -0.02 -51.082
v 25.783 -0.02 -43.082
v 25.783 -0.02 -35.082
v 25.783 -0.02 -27.082
v 25.783 -0.02 -19.082
v 25.783 -0.02 -11.082
v 25.783 -0.02 -3.082
v 25.783 -0.02 4.918
v 25.783 -0.02 12.918
v 25.783 -0.02 20.918
v 25.783 -0.02 28.918
v 25.783 -0.02 36.918
v 25.783 -0.02 44.918
v 25.783 -0.02 52.918
v 25.783 -0.02 60.918
v 17.783 -0.02 -59.082
v 17.783 -0.02 -51.082
v 17.783 -0.02 -43.082
v 17.783 -0.02 -35.082
v 17.783 -0.02 -27.082
v 17.783 -0.02 -19.082
v 17.783 -0.02 -11.082
v 17.783 -0.02 -3.082
v 17.783 -0.02 4.918
v 17.783 -0.02 12.918
v 17.783 -0.02 20.918
v 17.783 -0.02 28.918
v 17.783 -0.02 36.918
v 17.783 -0.02 44.918
v 17.783 -0.02 52.918
v 17.783 -0.02 60.918
v 9.783 -0.02 -59.082
v 9.783 -0.02 -51.082
v 9.783 -0.02 -43.082
v 9.783 -0.02 -35.082
v 9.783 -0.02 -27.082
v 9.783 -0.02 -19.082
v 9.783 -0.02 -11.082
v 9.783 -0.02 -3.082
v 9.783 -0.02 4.918
v 9.783 -0.02 12.918
v 9.783 -0.02 20.918
v 9.783 -0.02 28.918
v 9.783 -0.02 36.918
v 9.783 -0.02 44.918
v 9.783 -0.02 52.918
v 9.783 -0.02 60.918
v 1.783 -0.02 -59.082
v 1.783 -0.02 -51.082
v 1.783 -0.02 -43.082
v 1.783 -0.02 -35.082
v 1.783 -0.02 -27.082
v 1.783 -0.02 -19.082
v 1.783 -0.02 -11.082
v 1.783 -0.02 -3.082
v 1.783 -0.02 4.918
v 1.783 -0.02 12.918
v 1.783 -0.02 20.918
v 1.783 -0.02 28.918
v 1.783 -0.02 36.918
v 1.783 -0.02 44.918
v 1.783 -0.02 52.918
v 1.783 -0.02 60.918
v -6.217 -0.02 -59.082
v -6.217 -0.02 -51.082
v -6.217 -0.02 -43.082
v -6.217 -0.02 -35.082
v -6.217 -0.02 -27.082
v -6.217 -0.02 -19.082
v -6.217 -0.02 -11.082
v -6.217 -0.02 -3.082
v -6.217 -0.02 4.918
v -6.217 -0.02 12.918
v -6.217 -0.02 20.918
v -6.217 -0.02 28.918
v -6.217 -0.02 36.918
v -6.217 -0.02 44.918
v -6.217 -0.02 52.918
v -6.217 -0.02 60.918
v -14.217 -0.02 -59.082
v -14.217 -0.02 -51.082
v -14.217 -0.02 -43.082
v -14.217 -0.02 -35.082
v -14.217 -0.02 -27.082
v -14.217 -0.02 -19.082
v -14.217 -0.02 -11.082
v -14.217 -0.02 -3.082
v -14.217 -0.02 4.918
v -14.217 -0.02 12.918
v -14.217 -0.02 20.918
v -14.217 -0.02 28.918
v -14.217 -0.02 36.918
v -14.217 -0.02 44.918
v -14.217 -0.02 52.918
v -14.217 -0.02 60.918
v -22.217 -0.02 -59.082
v -22.217 -0.02 -51.082
v -22.217 -0.02 -43.082
v -22.217 -0.02 -35.082
v -22.217 -0.02 -27.082
v -22.217 -0.02 -19.082
v -22.217 -0.02 -11.082
v -22.217 -0.02 -3.082
v -22.217 -0.02 4.918
v -22.217 -0.02 12.918
v -22.217 -0.02 20.918
v -22.217 -0.02 28.918
v -22.217 -0.02 36.918
v -22.217 -0.02 44.918
v -22.217 -0.02 52.918
v -22.217 -0.02 60.918
v -30.217 -0.02 -59.082
v -30.217 -0.02 -51.082
v -30.217 -0.02 -43.082
v -30.217 -0.02 -35.082
v -30.217 -0.02 -27.082
v -30.217 -0.02 -19.082
v -30.217 -0.02 -11.082
v -30.217 -0.02 -3.082
v -30.217 -0.02 4.918
v -30.217 -0.02 12.918
v -30.217 -0.02 20.918
v -30.217 -0.02 28.918
v -30.217 -0.02 36.918
v -30.217 -0.02 44.918
v -30.217 -0.02 52.918
v -30.217 -0.02 60.918
v -38.217 -0.02 -59.082
v -38.217 -0.02 -51.082
v -38.217 -0.02 -43.082
v -38.217 -0.02 -35.082
v -38.217 -0.02 -27.082
v -38.217 -0.02 -19.082
v -38.217 -0.02 -11.082
v -38.217 -0.02 -3.082
v -38.217 -0.02 4.918
v -38.217 -0.02 12.918
v -38.217 -0.02 20.918
v -38.217 -0.02 28.918
v -38.217 -0.02 36.918
v -38.217 -0.02 44.918
v -38.217 -0.02 52.918
v -38.217 -0.02 60.918
v -46.217 -0.02 -59.082
v -46.217 -0.02 -51.082
v -46.217 -0.02 -43.082
v -46.217 -0.02 -35.082
v -46.217 -0.02 -27.082
v -46.217 -0.02 -19.082
v -46.217 -0.02 -11.082
v -46.217 -0.02 -3.082
v -46.217 -0.02 4.918
v -46.217 -0.02 12.918
v -46.217 -0.02 20.918
v -46.217 -0.02 28.918
v -46.217 -0.02 36.918
v -46.217 -0.02 44.918
v -46.217 -0.02 52.918
v -46.217 -0.02 60.918
v -54.217 -0.02 -59.082
v -54.217 -0.02 -51.082
v -54.217 -0.02 -43.082
v -54.217 -0.02 -35.082
v -54.217 -0.02 -27.082
v -54.217 -0.02 -19.082
v -54.217 -0.02 -11.082
v -54.217 -0.02 -3.082
v -54.217 -0.02 4.918
v -54.217 -0.02 12.918
v -54.217 -0.02 20.918
v -54.217 -0.02 28.918
v -54.217 -0.02 36.918
v -54.217 -0.02 44.918
v -54.217 -0.02 52.918
v -54.217 -0.02 60.918
v -62.217 -0.02 -59.082
v -62.217 -0.02 -51.082
v -62.217 -0.02 -43.082
v -62.217 -0.02 -35.082
v -62.217 -0.02 -27.082
v -62.217 -0.02 -19.082
v -62.217 -0.02 -11.082
v -62.217 -0.02 -3.082
v -62.217 -0.02 4.918
v -62.217 -0.02 12.918
v -62.217 -0.02 20.918
v -62.217 -0.02 28.918
v -62.217 -0.02 36.918
v -62.217 -0.02 44.918
v -62.217 -0.02 52.918
v -62.217 -0.02 60.918
v 58.303 -0.02 -58.303
v 58.303 -0.02 -50.303
v 58.303 -0.02 -42.303
v 58.303 -0.02 -34.303
v 58.303 -0.02 -26.303
v 58.303 -0.02 -18.303
v 58.303 -0.02 -10.303
v 58.303 -0.02 -2.303
v 58.303 -0.02 5.697
v 58.303 -0.02 13.697
v 58.303 -0.02 21.697
v 58.303 -0.02 29.697
v 58.303 -0.02 37.697
v 58.303 -0.02 45.697
v 58.303 -0.02 53.697
v 58.303 -0.02 61.697
v 50.303 -0.02 -58.303
v 50.303 -0.02 -50.303
v 50.303 -0.02 -42.303
v 50.303 -0.02 -34.303
v 50.303 -0.02 -26.303
v 50.303 -0.02 -18.303
v 50.303 -0.02 -10.303
v 50.303 -0.02 -2.303
v 50.303 -0.02 5.697
v 50.303 -0.02 13.697
v 50.303 -0.02 21.697
v 50.303 -0.02 29.697
v 50.303 -0.02 37.697
v 50.303 -0.02 45.697
v 50.303 -0.02 53.697
v 50.303 -0.02 61.697
v 42.303 -0.02 -58.303
v 42.303 -0.02 -50.303
v 42.303 -0.02 -42.303
v 42.303 -0.02 -34.303
v 42.303 -0.02 -26.303
v 42.303 -0.02 -18.303
v 42.303 -0.02 -10.303
v 42.303 -0.02 -2.303
v 42.303 -0.02 5.697
v 42.303 -0.02 13.697
v 42.303 -0.02 21.697
v 42.303 -0.02 29.697
v 42.303 -0.02 37.697
v 42.303 -0.02 45.697
v 42.303 -0.02 53.697
v 42.303 -0.02 61.697
v 34.303 -0.02 -58.303
v 34.303 -0.02 -50.303
v 34.303 -0.02 -42.303
v 34.303 -0.02 -34.303
v 34.303 -0.02 -26.303
v 34.303 -0.02 -18.303
v 34.303 -0.02 -10.303
v 34.303 -0.02 -2.303
v 34.303 -0.02 5.697
v 34.303 -0.02 13.697
v 34.303 -0.02 21.697
v 34.303 -0.02 29.697
v 34.303 -0.02 37.697
v 34.303 -0.02 45.697
v 34.303 -0.02 53.697
v 34.303 -0.02 61.697
v 26.303 -0.02 -58.303
v 26.303 -0.02 -50.303
v 26.303 -0.02 -42.303
v 26.303 -0.02 -34.303
v 26.303 -0.02 -26.303
v 26.303 -0.02 -18.303
v 26.303 -0.02 -10.303
v 26.303 -0.02 -2.303
v 26.303 -0.02 5.697
v 26.303 -0.02 13.697
v 26.303 -0.02 21.697
v 26.303 -0.02 29.697
v 26.303 -0.02 37.697
v 26.303 -0.02 45.697
v 26.303 -0.02 53.697
v 26.303 -0.02 61.697
v 18.303 -0.02 -58.303
v 18.303 -0.02 -50.303
v 18.303 -0.02 -42.303
v 18.303 -0.02 -34.303
v 18.303 -0.02 -26.303
v 18.303 -0.02 -18.303
v 18.303 -0.02 -10.303
v 18.303 -0.02 -2.303
v 18.303 -0.02 5.697
v 18.303 -0.02 13.697
v 18.303 -0.02 21.697
v 18.303 -0.02 29.697
v 18.303 -0.02 37.697
v 18.303 -0.02 45.697
v 18.303 -0.02 53.697
v 18.303 -0.02 61.697
v 10.303 -0.02 -58.303
v 10.303 -0.02 -50.303
v 10.303 -0.02 -42.303
v 10.303 -0.02 -34.303
v 10.303 -0.02 -26.303
v 10.303 -0.02 -18.303
v 10.303 -0.02 -10.303
v 10.303 -0.02 -2.303
v 10.303 -0.02 5.697
v 10.303 -0.02 13.697
v 10.303 -0.02 21.697
v 10.303 -0.02 29.697
v 10.303 -0.02 37.697
v 10.303 -0.02 45.697
v 10.303 -0.02 53.697
v 10.303 -0.02 61.697
v 2.303 -0.02 -58.303
v 2.303 -0.02 -50.303
v 2.303 -0.02 -42.303
v 2.303 -0.02 -34.303
v 2.303 -0.02 -26.303
v 2.303 -0.02 -18.303
v 2.303 -0.02 -10.303
v 2.303 -0.02 -2.303
v 2.303 -0.02 5.697
v 2.303 -0.02 13.697
v 2.303 -0.02 21.697
v 2.303 -0.02 29.697
v 2.303 -0.02 37.697
v 2.303 -0.02 45.697
v 2.303 -0.02 53.697
v 2.303 -0.02 61.697
v -5.697 -0.02 -58.303
v -5.697 -0.02 -50.303
v -5.697 -0.02 -42.303
v -5.697 -0.02 -34.303
v -5.697 -0.02 -26.303
v -5.697 -0.02 -18.303
v -5.697 -0.02 -10.303
v -5.697 -0.02 -2.303
v -5.697 -0.02 5.697
v -5.697 -0.02 13.697
v -5.697 -0.02 21.697
v -5.697 -0.02 29.697
v -5.697 -0.02 37.697
v -5.697 -0.02 45.697
v -5.697 -0.02 53.697
v -5.697 -0.02 61.697
v -13.697 -0.02 -58.303
v -13.697 -0.02 -50.303
v -13.697 -0.02 -42.303
v -13.697 -0.02 -34.303
v -13.697 -0.02 -26.303
v -13.697 -0.02 -18.303
v -13.697 -0.02 -10.303
v -13.697 -0.02 -2.303
v -13.697 -0.02 5.697
v -13.697 -0.02 13.697
v -13.697 -0.02 21.697
v -13.697 -0.02 29.697
v -13.697 -0.02 37.697
v -13.697 -0.02 45.697
v -13.697 -0.02 53.697
v -13.697 -0.02 61.697
v -21.697 -0.02 -58.303
v -21.697 -0.02 -50.303
v -21.697 -0.02 -42.303
v -21.697 -0.02 -34.303
v -21.697 -0.02 -26.303
v -21.697 -0.02 -18.303
v -21.697 -0.02 -10.303
v -21.697 -0.02 -2.303
v -21.697 -0.02 5.697
v -21.697 -0.02 13.697
v -21.697 -0.02 21.697
v -21.697 -0.02 29.697
v -21.697 -0.02 37.697
v -21.697 -0.02 45.697
v -21.697 -0.02 53.697
v -21.697 -0.02 61.697
v -29.697 -0.02 -58.303
v -29.697 -0.02 -50.303
v -29.697 -0.02 -42.303
v -29.697 -0.02 -34.303
v -29.697 -0.02 -26.303
v -29.697 -0.02 -18.303
v -29.697 -0.02 -10.303
v -29.697 -0.02 -2.303
v -29.697 -0.02 5.697
v -29.697 -0.02 13.697
v -29.697 -0.02 21.697
v -29.697 -0.02 29.697
v -29.697 -0.02 37.697
v -29.697 -0.02 45.697
v -29.697 -0.02 53.697
v -29.697 -0.02 61.697
v -37.697 -0.02 -58.303
v -37.697 -0.02 -50.303
v -37.697 -0.02 -42.303
v -37.697 -0.02 -34.303
v -37.697 -0.02 -26.303
v -37.697 -0.02 -18.303
v -37.697 -0.02 -10.303
v -37.697 -0.02 -2.303
v -37.697 -0.02 5.697
v -37.697 -0.02 13.697
v -37.697 -0.02 21.697
v -37.697 -0.02 29.697
v -37.697 -0.02 37.697
v -37.697 -0.02 45.697
v -37.697 -0.02 53.697
v -37.697 -0.02 61.697
v -45.697 -0.02 -58.303
v -45.697 -0.02 -50.303
v -45.697 -0.02 -42.303
v -45.697 -0.02 -34.303
v -45.697 -0.02 -26.303
v -45.697 -0.02 -18.303
v -45.697 -0.02 -10.303
v -45.697 -0.02 -2.303
v -45.697 -0.02 5.697
v -45.697 -0.02 13.697
v -45.697 -0.02 21.697
v -45.697 -0.02 29.697
v -45.697 -0.02 37.697
v -45.697 -0.02 45.697
v -45.697 -0.02 53.697
v -45.697 -0.02 61.697
v -53.697 -0.02 -58.303
v -53.697 -0.02 -50.303
v -53.697 -0.02 -42.303
v -53.697 -0.02 -34.303
v -53.697 -0.02 -26.303
v -53.697 -0.02 -18.303
v -53.697 -0.02 -10.303
v -53.697 -0.02 -2.303
v -53.697 -0.02 5.697
v -53.697 -0.02 13.697
v -53.697 -0.02 21.697
v -53.697 -0.02 29.697
v -53.697 -0.02 37.697
v -53.697 -0.02 45.697
v -53.697 -0.02 53.697
v -53.697 -0.02 61.697
v -61.697 -0.02 -58.303
v -61.697 -0.02 -50.303
v -61.697 -0.02 -42.303
v -61.697 -0.02 -34.303
v -61.697 -0.02 -26.303
v -61.697 -0.02 -18.303
v -61.697 -0.02 -10.303
v -61.697 -0.02 -2.303
v -61.697 -0.02 5.697
v -61.697 -0.02 13.697
v -61.697 -0.02 21.697
v -61.697 -0.02 29.697
v -61.697 -0.02 37.697
v -61.697 -0.02 45.697
v -61.697 -0.02 53.697
v -61.697 -0.02 61.697
v 59.082 -0.02 -57.783
v 59.082 -0.02 -49.783
v 59.082 -0.02 -41.783
v 59.082 -0.02 -33.783
v 59.082 -0.02 -25.783
v 59.082 -0.02 -17.783
v 59.082 -0.02 -9.783
v 59.082 -0.02 -1.783
v 59.082 -0.02 6.217
v 59.082 -0.02 14.217
v 59.082 -0.02 22.217
v 59.082 -0.02 30.217
v 59.082 -0.02 38.217
v 59.082 -0.02 46.217
v 59.082 -0.02 54.217
v 59.082 -0.02 62.217
v 51.082 -0.02 -57.783
v 51.082 -0.02 -49.783
v 51.082 -0.02 -41.783
v 51.082 -0.02 -33.783
v 51.082 -0.02 -25.783
v 51.082 -0.02 -17.783
v 51.082 -0.02 -9.783
v 51.082 -0.02 -1.783
v 51.082 -0.02 6.217
v 51.082 -0.02 14.217
v 51.082 -0.02 22.217
v 51.082 -0.02 30.217
v 51.082 -0.02 38.217
v 51.082 -0.02 46.217
v 51.082 -0.02 54.217
v 51.082 -0.02 62.217
v 43.082 -0.02 -57.783
v 43.082 -0.02 -49.783
v 43.082 -0.02 -41.783
v 43.082 -0.02 -33.783
v 43.082 -0.02 -25.783
v 43.082 -0.02 -17.783
v 43.082 -0.02 -9.783
v 43.082 -0.02 -1.783
v 43.082 -0.02 6.217
v 43.082 -0.02 14.217
v 43.082 -0.02 22.217
v 43.082 -0.02 30.217
v 43.082 -0.02 38.217
v 43.082 -0.02 46.217
v 43.082 -0.02 54.217
v 43.082 -0.02 62.217
v 35.082 -0.02 -57.783
v 35.082 -0.02 -49.783
v 35.082 -0.02 -41.783
v 35.082 -0.02 -33.783
v 35.082 -0.02 -25.783
v 35.082 -0.02 -17.783
v 35.082 -0.02 -9.783
v 35.082 -0.02 -1.783
v 35.082 -0.02 6.217
v 35.082 -0.02 14.217
v 35.082 -0.02 22.217
v 35.082 -0.02 30.217
v 35.082 -0.02 38.217
v 35.082 -0.02 46.217
v 35.082 -0.02 54.217
v 35.082 -0.02 62.217
v 27.082 -0.02 -57.783
v 27.082 -0.02 -49.783
v 27.082 -0.02 -41.783
v 27.082 -0.02 -33.783
v 27.082 -0.02 -25.783
v 27.082 -0.02 -17.783
v 27.082 -0.02 -9.783
v 27.082 -0.02 -1.783
v 27.082 -0.02 6.217
v 27.082 -0.02 14.217
v 27.082 -0.02 22.217
v 27.082 -0.02 30.217
v 27.082 -0.02 38.217
v 27.082 -0.02 46.217
v 27.082 -0.02 54.217
v 27.082 -0.02 62.217
v 19.082 -0.02 -57.783
v 19.082 -0.02 -49.783
v 19.082 -0.02 -41.783
v 19.082 -0.02 -33.783
v 19.082 -0.02 -25.783
v 19.082 -0.02 -17.783
v 19.082 -0.02 -9.783
v 19.082 -0.02 -1.783
v 19.082 -0.02 6.217
v 19.082 -0.02 14.217
v 19.082 -0.02 22.217
v 19.082 -0.02 30.217
v 19.082 -0.02 38.217
v 19.082 -0.02 46.217
v 19.082 -0.02 54.217
v 19.082 -0.02 62.217
v 11.082 -0.02 -57.783
v 11.082 -0.02 -49.783
v 11.082 -0.02 -41.783
v 11.082 -0.02 -33.783
v 11.082 -0.02 -25.783
v 11.082 -0.02 -17.783
v 11.082 -0.02 -9.783
v 11.082 -0.02 -1.783
v 11.082 -0.02 6.217
v 11.082 -0.02 14.217
v 11.082 -0.02 22.217
v 11.082 -0.02 30.217
v 11.082 -0.02 38.217
v 11.082 -0.02 46.217
v 11.082 -0.02 54.217
v 11.082 -0.02 62.217
v 3.082 -0.02 -57.783
v 3.082 -0.02 -49.783
v 3.082 -0.02 -41.783
v 3.082 -0.02 -33.783
v 3.082 -0.02 -25.783
v 3.082 -0.02 -17.783
v 3.082 -0.02 -9.783
v 3.082 -0.02 -1.783
v 3.082 -0.02 6.217
v 3.082 -0.02 14.217
v 3.082 -0.02 22.217
v 3.082 -0.02 30.217
v 3.082 -0.02 38.217
v 3.082 -0.02 46.217
v 3.082 -0.02 54.217
v 3.082 -0.02 62.217
v -4.918 -0.02 -57.783
v -4.918 -0.02 -49.783
v -4.918 -0.02 -41.783
v -4.918 -0.02 -33.783
v -4.918 -0.02 -25.783
v -4.918 -0.02 -17.783
v -4.918 -0.02 -9.783
v -4.918 -0.02 -1.783
v -4.918 -0.02 6.217
v -4.918 -0.02 14.217
v -4.918 -0.02 22.217
v -4.918 -0.02 30.217
v -4.918 -0.02 38.217
v -4.918 -0.02 46.217
v -4.918 -0.02 54.217
v -4.918 -0.02 62.217
v -12.918 -0.02 -57.783
v -12.918 -0.02 -49.783
v -12.918 -0.02 -41.783
v -12.918 -0.02 -33.783
v -12.918 -0.02 -25.783
v -12.918 -0.02 -17.783
v -12.918 -0.02 -9.783
v -12.918 -0.02 -1.783
v -12.918 -0.02 6.217
v -12.918 -0.02 14.217
v -12.918 -0.02 22.217
v -12.918 -0.02 30.217
v -12.918 -0.02 38.217
v -12.918 -0.02 46.217
v -12.918 -0.02 54.217
v -12.918 -0.02 62.217
v -20.918 -0.02 -57.783
v -20.918 -0.02 -49.783
v -20.918 -0.02 -41.783
v -20.918 -0.02 -33.783
v -20.918 -0.02 -25.783
v -20.918 -0.02 -17.783
v -20.918 -0.02 -9.783
v -20.918 -0.02 -1.783
v -20.918 -0.02 6.217
v -20.918 -0.02 14.217
v -20.918 -0.02 22.217
v -20.918 -0.02 30.217
v -20.918 -0.02 38.217
v -20.918 -0.02 46.217
v -20.918 -0.02 54.217
v -20.918 -0.02 62.217
v -28.918 -0.02 -57.783
v -28.918 -0.02 -49.783
v -28.918 -0.02 -41.783
v -28.918 -0.02 -33.783
v -28.918 -0.02 -25.783
v -28.918 -0.02 -17.783
v -28.918 -0.02 -9.783
v -28.918 -0.02 -1.783
v -28.918 -0.02 6.217
v -28.918 -0.02 14.217
v -28.918 -0.02 22.217
v -28.918 -0.02 30.217
v -28.918 -0.02 38.217
v -28.918 -0.02 46.217
v -28.918 -0.02 54.217
v -28.918 -0.02 62.217
v -36.918 -0.02 -57.783
v -36.918 -0.02 -49.783
v -36.918 -0.02 -41.783
v -36.918 -0.02 -33.783
v -36.918 -0.02 -25.783
v -36.918 -0.02 -17.783
v -36.918 -0.02 -9.783
v -36.918 -0.02 -1.783
v -36.918 -0.02 6.217
v -36.918 -0.02 14.217
v -36.918 -0.02 22.217
v -36.918 -0.02 30.217
v -36.918 -0.02 38.217
v -36.918 -0.02 46.217
v -36.918 -0.02 54.217
v -36.918 -0.02 62.217
v -44.918 -0.02 -57.783
v -44.918 -0.02 -49.783
v -44.918 -0.02 -41.783
v -44.918 -0.02 -33.783
v -44.918 -0.02 -25.783
v -44.918 -0.02 -17.783
v -44.918 -0.02 -9.783
v -44.918 -0.02 -1.783
v -44.918 -0.02 6.217
v -44.918 -0.02 14.217
v -44.918 -0.02 22.217
v -44.918 -0.02 30.217
v -44.918 -0.02 38.217
v -44.918 -0.02 46.217
v -44.918 -0.02 54.217
v -44.918 -0.02 62.217
v -52.918 -0.02 -57.783
v -52.918 -0.02 -49.783
v -52.918 -0.02 -41.783
v -52.918 -0.02 -33.783
v -52.918 -0.02 -25.783
v -52.918 -0.02 -17.783
v -52.918 -0.02 -9.783
v -52.918 -0.02 -1.783
v -52.918 -0.02 6.217
v -52.918 -0.02 14.217
v -52.918 -0.02 22.217
v -52.918 -0.02 30.217
v -52.918 -0.02 38.217
v -52.918 -0.02 46.217
v -52.918 -0.02 54.217
v -52.918 -0.02 62.217
v -60.918 -0.02 -57.783
v -60.918 -0.02 -49.783
v -60.918 -0.02 -41.783
v -60.918 -0.02 -33.783
v -60.918 -0.02 -25.783
v -60.918 -0.02 -17.783
v -60.918 -0.02 -9.783
v -60.918 -0.02 -1.783
v -60.918 -0.02 6.217
v -60.918 -0.02 14.217
v -60.918 -0.02 22.217
v -60.918 -0.02 30.217
v -60.918 -0.02 38.217
v -60.918 -0.02 46.217
v -60.918 -0.02 54.217
v -60.918 -0.02 62.217
v 60 -0.02 -57.6
v 60 -0.02 -49.6
v 60 -0.02 -41.6
v 60 -0.02 -33.6
v 60 -0.02 -25.6
v 60 -0.02 -17.6
v 60 -0.02 -9.6
v 60 -0.02 -1.6
v 60 -0.02 6.4
v 60 -0.02 14.4
v 60 -0.02 22.4
v 60 -0.02 30.4
v 60 -0.02 38.4
v 60 -0.02 46.4
v 60 -0.02 54.4
v 60 -0.02 62.4
v 52 -0.02 -57.6
v 52 -0.02 -49.6
v 52 -0.02 -41.6
v 52 -0.02 -33.6
v 52 -0.02 -25.6
v 52 -0.02 -17.6
v 52 -0.02 -9.6
v 52 -0.02 -1.6
v 52 -0.02 6.4
v 52 -0.02 14.4
v 52 -0.02 22.4
v 52 -0.02 30.4
v 52 -0.02 38.4
v 52 -0.02 46.4
v 52 -0.02 54.4
v 52 -0.02 62.4
v 44 -0.02 -57.6
v 44 -0.02 -49.6
v 44 -0.02 -41.6
v 44 -0.02 -33.6
v 44 -0.02 -25.6
v 44 -0.02 -17.6
v 44 -0.02 -9.6
v 44 -0.02 -1.6
v 44 -0.02 6.4
v 44 -0.02 14.4
v 44 -0.02 22.4
v 44 -0.02 30.4
v 44 -0.02 38.4
v 44 -0.02 46.4
v 44 -0.02 54.4
v 44 -0.02 62.4
v 36 -0.02 -57.6
v 36 -0.02 -49.6
v 36 -0.02 -41.6
v 36 -0.02 -33.6
v 36 -0.02 -25.6
v 36 -0.02 -17.6
v 36 -0.02 -9.6
v 36 -0.02 -1.6
v 36 -0.02 6.4
v 36 -0.02 14.4
v 36 -0.02 22.4
v 36 -0.02 30.4
v 36 -0.02 38.4
v 36 -0.02 46.4
v 36 -0.02 54.4
v 36 -0.02 62.4
v 28 -0.02 -57.6
v 28 -0.02 -49.6
v 28 -0.02 -41.6
v 28 -0.02 -33.6
v 28 -0.02 -25.6
v 28 -0.02 -17.6
v 28 -0.02 -9.6
v 28 -0.02 -1.6
v 28 -0.02 6.4
v 28 -0.02 14.4
v 28 -0.02 22.4
v 28 -0.02 30.4
v 28 -0.02 38.4
v 28 -0.02 46.4
v 28 -0.02 54.4
v 28 -0.02 62.4
v 20 -0.02 -57.6
v 20 -0.02 -49.6
v 20 -0.02 -41.6
v 20 -0.02 -33.6
v 20 -0.02 -25.6
v 20 -0.02 -17.6
v 20 -0.02 -9.6
v 20 -0.02 -1.6
v 20 -0.02 6.4
v 20 -0.02 14.4
v 20 -0.02 22.4
v 20 -0.02 30.4
v 20 -0.02 38.4
v 20 -0.02 46.4
v 20 -0.02 54.4
v 20 -0.02 62.4
v 12 -0.02 -57.6
v 12 -0.02 -49.6
v 12 -0.02 -41.6
v 12 -0.02 -33.6
v 12 -0.02 -25.6
v 12 -0.02 -17.6
v 12 -0.02 -9.6
v 12 -0.02 -1.6
v 12 -0.02 6.4
v 12 -0.02 14.4
v 12 -0.02 22.4
v 12 -0.02 30.4
v 12 -0.02 38.4
v 12 -0.02 46.4
v 12 -0.02 54.4
v 12 -0.02 62.4
v 4 -0.02 -57.6
v 4 -0.02 -49.6
v 4 -0.02 -41.6
v 4 -0.02 -33.6
v 4 -0.02 -25.6
v 4 -0.02 -17.6
v 4 -0.02 -9.6
v 4 -0.02 -1.6
v 4 -0.02 6.4
v 4 -0.02 14.4
v 4 -0.02 22.4
v 4 -0.02 30.4
v 4 -0.02 38.4
v 4 -0.02 46.4
v 4 -0.02 54.4
v 4 -0.02 62.4
v -4 -0.02 -57.6
v -4 -0.02 -49.6
v -4 -0.02 -41.6
v -4 -0.02 -33.6
v -4 -0.02 -25.6
v -4 -0.02 -17.6
v -4 -0.02 -9.6
v -4 -0.02 -1.6
v -4 -0.02 6.4
v -4 -0.02 14.4
v -4 -0.02 22.4
v -4 -0.02 30.4
v -4 -0.02 38.4
v -4 -0.02 46.4
v -4 -0.02 54.4
v -4 -0.02 62.4
v -12 -0.02 -57.6
v -12 -0.02 -49.6
v -12 -0.02 -41.6
v -12 -0.02 -33.6
v -12 -0.02 -25.6
v -12 -0.02 -17.6
v -12 -0.02 -9.6
v -12 -0.02 -1.6
v -12 -0.02 6.4
v -12 -0.02 14.4
v -12 -0.02 22.4
v -12 -0.02 30.4
v -12 -0.02 38.4
v -12 -0.02 46.4
v -12 -0.02 54.4
v -12 -0.02 62.4
v -20 -0.02 -57.6
v -20 -0.02 -49.6
v -20 -0.02 -41.6
v -20 -0.02 -33.6
v -20 -0.02 -25.6
v -20 -0.02 -17.6
v -20 -0.02 -9.6
v -20 -0.02 -1.6
v -20 -0.02 6.4
v -20 -0.02 14.4
v -20 -0.02 22.4
v -20 -0.02 30.4
v -20 -0.02 38.4
v -20 -0.02 46.4
v -20 -0.02 54.4
v -20 -0.02 62.4
v -28 -0.02 -57.6
v -28 -0.02 -49.6
v -28 -0.02 -41.6
v -28 -0.02 -33.6
v -28 -0.02 -25.6
v -28 -0.02 -17.6
v -28 -0.02 -9.6
v -28 -0.02 -1.6
v -28 -0.02 6.4
v -28 -0.02 14.4
v -28 -0.02 22.4
v -28 -0.02 30.4
v -28 -0.02 38.4
v -28 -0.02 46.4
v -28 -0.02 54.4
v -28 -0.02 62.4
v -36 -0.02 -57.6
v -36 -0.02 -49.6
v -36 -0.02 -41.6
v -36 -0.02 -33.6
v -36 -0.02 -25.6
v -36 -0.02 -17.6
v -36 -0.02 -9.6
v -36 -0.02 -1.6
v -36 -0.02 6.4
v -36 -0.02 14.4
v -36 -0.02 22.4
v -36 -0.02 30.4
v -36 -0.02 38.4
v -36 -0.02 46.4
v -36 -0.02 54.4
v -36 -0.02 62.4
v -44 -0.02 -57.6
v -44 -0.02 -49.6
v -44 -0.02 -41.6
v -44 -0.02 -33.6
v -44 -0.02 -25.6
v -44 -0.02 -17.6
v -44 -0.02 -9.6
v -44 -0.02 -1.6
v -44 -0.02 6.4
v -44 -0.02 14.4
v -44 -0.02 22.4
v -44 -0.02 30.4
v -44 -0.02 38.4
v -44 -0.02 46.4
v -44 -0.02 54.4
v -44 -0.02 62.4
v -52 -0.02 -57.6
v -52 -0.02 -49.6
v -52 -0.02 -41.6
v -52 -0.02 -33.6
v -52 -0.02 -25.6
v -52 -0.02 -17.6
v -52 -0.02 -9.6
v -52 -0.02 -1.6
v -52 -0.02 6.4
v -52 -0.02 14.4
v -52 -0.02 22.4
v -52 -0.02 30.4
v -52 -0.02 38.4
v -52 -0.02 46.4
v -52 -0.02 54.4
v -52 -0.02 62.4
v -60 -0.02 -57.6
v -60 -0.02 -49.6
v -60 -0.02 -41.6
v -60 -0.02 -33.6
v -60 -0.02 -25.6
v -60 -0.02 -17.6
v -60 -0.02 -9.6
v -60 -0.02 -1.6
v -60 -0.02 6.4
v -60 -0.02 14.4
v -60 -0.02 22.4
v -60 -0.02 30.4
v -60 -0.02 38.4
v -60 -0.02 46.4
v -60 -0.02 54.4
v -60 -0.02 62.4
v 60.918 -0.02 -57.783
v 60.918 -0.02 -49.783
v 60.918 -0.02 -41.783
v 60.918 -0.02 -33.783
v 60.918 -0.02 -25.783
v 60.918 -0.02 -17.783
v 60.918 -0.02 -9.783
v 60.918 -0.02 -1.783
v 60.918 -0.02 6.217
v 60.918 -0.02 14.217
v 60.918 -0.02 22.217
v 60.918 -0.02 30.217
v 60.918 -0.02 38.217
v 60.918 -0.02 46.217
v 60.918 -0.02 54.217
v 60.918 -0.02 62.217
v 52.918 -0.02 -57.783
v 52.918 -0.02 -49.783
v 52.918 -0.02 -41.783
v 52.918 -0.02 -33.783
v 52.918 -0.02 -25.783
v 52.918 -0.02 -17.783
v 52.918 -0.02 -9.783
v 52.918 -0.02 -1.783
v 52.918 -0.02 6.217
v 52.918 -0.02 14.217
v 52.918 -0.02 22.217
v 52.918 -0.02 30.217
v 52.918 -0.02 38.217
v 52.918 -0.02 46.217
v 52.918 -0.02 54.217
v 52.918 -0.02 62.217
v 44.918 -0.02 -57.783
v 44.918 -0.02 -49.783
v 44.918 -0.02 -41.783
v 44.918 -0.02 -33.783
v 44.918 -0.02 -25.783
v 44.918 -0.02 -17.783
v 44.918 -0.02 -9.783
v 44.918 -0.02 -1.783
v 44.918 -0.02 6.217
v 44.918 -0.02 14.217
v 44.918 -0.02 22.217
v 44.918 -0.02 30.217
v 44.918 -0.02 38.217
v 44.918 -0.02 46.217
v 44.918 -0.02 54.217
v 44.918 -0.02 62.217
v 36.918 -0.02 -57.783
v 36.918 -0.02 -49.783
v 36.918 -0.02 -41.783
v 36.918 -0.02 -33.783
v 36.918 -0.02 -25.783
v 36.918 -0.02 -17.783
v 36.918 -0.02 -9.783
v 36.918 -0.02 -1.783
v 36.918 -0.02 6.217
v 36.918 -0.02 14.217
v 36.918 -0.02 22.217
v 36.918 -0.02 30.217
v 36.918 -0.02 38.217
v 36.918 -0.02 46.217
v 36.918 -0.02 54.217
v 36.918 -0.02 62.217
v 28.918 -0.02 -57.783
v 28.918 -0.02 -49.783
v 28.918 -0.02 -41.783
v 28.918 -0.02 -33.783
v 28.918 -0.02 -25.783
v 28.918 -0.02 -17.783
v 28.918 -0.02 -9.783
v 28.918 -0.02 -1.783
v 28.918 -0.02 6.217
v 28.918 -0.02 14.217
v 28.918 -0.02 22.217
v 28.918 -0.02 30.217
v 28.918 -0.02 38.217
v 28.918 -0.02 46.217
v 28.918 -0.02 54.217
v 28.918 -0.02 62.217
v 20.918 -0.02 -57.783
v 20.918 -0.02 -49.783
v 20.918 -0.02 -41.783
v 20.918 -0.02 -33.783
v 20.918 -0.02 -25.783
v 20.918 -0.02 -17.783
v 20.918 -0.02 -9.783
v 20.918 -0.02 -1.783
v 20.918 -0.02 6.217
v 20.918 -0.02 14.217
v 20.918 -0.02 22.217
v 20.918 -0.02 30.217
v 20.918 -0.02 38.217
v 20.918 -0.02 46.217
v 20.918 -0.02 54.217
v 20.918 -0.02 62.217
v 12.918 -0.02 -57.783
v 12.918 -0.02 -49.783
v 12.918 -0.02 -41.783
v 12.918 -0.02 -33.783
v 12.918 -0.02 -25.783
v 12.918 -0.02 -17.783
v 12.918 -0.02 -9.783
v 12.918 -0.02 -1.783
v 12.918 -0.02 6.217
v 12.918 -0.02 14.217
v 12.918 -0.02 22.217
v 12.918 -0.02 30.217
v 12.918 -0.02 38.217
v 12.918 -0.02 46.217
v 12.918 -0.02 54.217
v 12.918 -0.02 62.217
v 4.918 -0.02 -57.783
v 4.918 -0.02 -49.783
v 4.918 -0.02 -41.783
v 4.918 -0.02 -33.783
v 4.918 -0.02 -25.783
v 4.918 -0.02 -17.783
v 4.918 -0.02 -9.783
v 4.918 -0.02 -1.783
v 4.918 -0.02 6.217
v 4.918 -0.02 14.217
v 4.918 -0.02 22.217
v 4.918 -0.02 30.217
v 4.918 -0.02 38.217
v 4.918 -0.02 46.217
v 4.918 -0.02 54.217
v 4.918 -0.02 62.217
v -3.082 -0.02 -57.783
v -3.082 -0.02 -49.783
v -3.082 -0.02 -41.783
v -3.082 -0.02 -33.783
v -3.082 -0.02 -25.783
v -3.082 -0.02 -17.783
v -3.082 -0.02 -9.783
v -3.082 -0.02 -1.783
v -3.082 -0.02 6.217
v -3.082 -0.02 14.217
v -3.082 -0.02 22.217
v -3.082 -0.02 30.217
v -3.082 -0.02 38.217
v -3.082 -0.02 46.217
v -3.082 -0.02 54.217
v -3.082 -0.02 62.217
v -11.082 -0.02 -57.783
v -11.082 -0.02 -49.783
v -11.082 -0.02 -41.783
v -11.082 -0.02 -33.783
v -11.082 -0.02 -25.783
v -11.082 -0.02 -17.783
v -11.082 -0.02 -9.783
v -11.082 -0.02 -1.783
v -11.082 -0.02 6.217
v -11.082 -0.02 14.217
v -11.082 -0.02 22.217
v -11.082 -0.02 30.217
v -11.082 -0.02 38.217
v -11.082 -0.02 46.217
v -11.082 -0.02 54.217
v -11.082 -0.02 62.217
v -19.082 -0.02 -57.783
v -19.082 -0.02 -49.783
v -19.082 -0.02 -41.783
v -19.082 -0.02 -33.783
v -19.082 -0.02 -25.783
v -19.082 -0.02 -17.783
v -19.082 -0.02 -9.783
v -19.082 -0.02 -1.783
v -19.082 -0.02 6.217
v -19.082 -0.02 14.217
v -19.082 -0.02 22.217
v -19.082 -0.02 30.217
v -19.082 -0.02 38.217
v -19.082 -0.02 46.217
v -19.082 -0.02 54.217
v -19.082 -0.02 62.217
v -27.082 -0.02 -57.783
v -27.082 -0.02 -49.783
v -27.082 -0.02 -41.783
v -27.082 -0.02 -33.783
v -27.082 -0.02 -25.783
v -27.082 -0.02 -17.783
v -27.082 -0.02 -9.783
v -27.082 -0.02 -1.783
v -27.082 -0.02 6.217
v -27.082 -0.02 14.217
v -27.082 -0.02 22.217
v -27.082 -0.02 30.217
v -27.082 -0.02 38.217
v -27.082 -0.02 46.217
v -27.082 -0.02 54.217
v -27.082 -0.02 62.217
v -35.082 -0.02 -57.783
v -35.082 -0.02 -49.783
v -35.082 -0.02 -41.783
v -35.082 -0.02 -33.783
v -35.082 -0.02 -25.783
v -35.082 -0.02 -17.783
v -35.082 -0.02 -9.783
v -35.082 -0.02 -1.783
v -35.082 -0.02 6.217
v -35.082 -0.02 14.217
v -35.082 -0.02 22.217
v -35.082 -0.02 30.217
v -35.082 -0.02 38.217
v -35.082 -0.02 46.217
v -35.082 -0.02 54.217
v -35.082 -0.02 62.217
v -43.082 -0.02 -57.783
v -43.082 -0.02 -49.783
v -43.082 -0.02 -41.783
v -43.082 -0.02 -33.783
v -43.082 -0.02 -25.783
v -43.082 -0.02 -17.783
v -43.082 -0.02 -9.783
v -43.082 -0.02 -1.783
v -43.082 -0.02 6.217
v -43.082 -0.02 14.217
v -43.082 -0.02 22.217
v -43.082 -0.02 30.217
v -43.082 -0.02 38.217
v -43.082 -0.02 46.217
v -43.082 -0.02 54.217
v -43.082 -0.02 62.217
v -51.082 -0.02 -57.783
v -51.082 -0.02 -49.783
v -51.082 -0.02 -41.783
v -51.082 -0.02 -33.783
v -51.082 -0.02 -25.783
v -51.082 -0.02 -17.783
v -51.082 -0.02 -9.783
v -51.082 -0.02 -1.783
v -51.082 -0.02 6.217
v -51.082 -0.02 14.217
v -51.082 -0.02 22.217
v -51.082 -0.02 30.217
v -51.082 -0.02 38.217
v -51.082 -0.02 46.217
v -51.082 -0.02 54.217
v -51.082 -0.02 62.217
v -59.082 -0.02 -57.783
v -59.082 -0.02 -49.783
v -59.082 -0.02 -41.783
v -59.082 -0.02 -33.783
v -59.082 -0.02 -25.783
v -59.082 -0.02 -17.783
v -59.082 -0.02 -9.783
v -59.082 -0.02 -1.783
v -59.082 -0.02 6.217
v -59.082 -0.02 14.217
v -59.082 -0.02 22.217
v -59.082 -0.02 30.217
v -59.082 -0.02 38.217
v -59.082 -0.02 46.217
v -59.082 -0.02 54.217
v -59.082 -0.02 62.217
v 61.697 -0.02 -58.303
v 61.697 -0.02 -50.303
v 61.697 -0.02 -42.303
v 61.697 -0.02 -34.303
v 61.697 -0.02 -26.303
v 61.697 -0.02 -18.303
v 61.697 -0.02 -10.303
v 61.697 -0.02 -2.303
v 61.697 -0.02 5.697
v 61.697 -0.02 13.697
v 61.697 -0.02 21.697
v 61.697 -0.02 29.697
v 61.697 -0.02 37.697
v 61.697 -0.02 45.697
v 61.697 -0.02 53.697
v 61.697 -0.02 61.697
v 53.697 -0.02 -58.303
v 53.697 -0.02 -50.303
v 53.697 -0.02 -42.303
v 53.697 -0.02 -34.303
v 53.697 -0.02 -26.303
v 53.697 -0.02 -18.303
v 53.697 -0.02 -10.303
v 53.697 -0.02 -2.303
v 53.697 -0.02 5.697
v 53.697 -0.02 13.697
v 53.697 -0.02 21.697
v 53.697 -0.02 29.697
v 53.697 -0.02 37.697
v 53.697 -0.02 45.697
v 53.697 -0.02 53.697
v 53.697 -0.02 61.697
v 45.697 -0.02 -58.303
v 45.697 -0.02 -50.303
v 45.697 -0.02 -42.303
v 45.697 -0.02 -34.303
v 45.697 -0.02 -26.303
v 45.697 -0.02 -18.303
v 45.697 -0.02 -10.303
v 45.697 -0.02 -2.303
v 45.697 -0.02 5.697
v 45.697 -0.02 13.697
v 45.697 -0.02 21.697
v 45.697 -0.02 29.697
v 45.697 -0.02 37.697
v 45.697 -0.02 45.697
v 45.697 -0.02 53.697
v 45.697 -0.02 61.697
v 37.697 -0.02 -58.303
v 37.697 -0.02 -50.303
v 37.697 -0.02 -42.303
v 37.697 -0.02 -34.303
v 37.697 -0.02 -26.303
v 37.697 -0.02 -18.303
v 37.697 -0.02 -10.303
v 37.697 -0.02 -2.303
v 37.697 -0.02 5.697
v 37.697 -0.02 13.697
v 37.697 -0.02 21.697
v 37.697 -0.02 29.697
v 37.697 -0.02 37.697
v 37.697 -0.02 45.697
v 37.697 -0.02 53.697
v 37.697 -0.02 61.697
v 29.697 -0.02 -58.303
v 29.697 -0.02 -50.303
v 29.697 -0.02 -42.303
v 29.697 -0.02 -34.303
v 29.697 -0.02 -26.303
v 29.697 -0.02 -18.303
v 29.697 -0.02 -10.303
v 29.697 -0.02 -2.303
v 29.697 -0.02 5.697
v 29.697 -0.02 13.697
v 29.697 -0.02 21.697
v 29.697 -0.02 29.697
v 29.697 -0.02 37.697
v 29.697 -0.02 45.697
v 29.697 -0.02 53.697
v 29.697 -0.02 61.697
v 21.697 -0.02 -58.303
v 21.697 -0.02 -50.303
v 21.697 -0.02 -42.303
v 21.697 -0.02 -34.303
v 21.697 -0.02 -26.303
v 21.697 -0.02 -18.303
v 21.697 -0.02 -10.303
v 21.697 -0.02 -2.303
v 21.697 -0.02 5.697
v 21.697 -0.02 13.697
v 21.697 -0.02 21.697
v 21.697 -0.02 29.697
v 21.697 -0.02 37.697
v 21.697 -0.02 45.697
v 21.697 -0.02 53.697
v 21.697 -0.02 61.697
v 13.697 -0.02 -58.303
v 13.697 -0.02 -50.303
v 13.697 -0.02 -42.303
v 13.697 -0.02 -34.303
v 13.697 -0.02 -26.303
v 13.697 -0.02 -18.303
v 13.697 -0.02 -10.303
v 13.697 -0.02 -2.303
v 13.697 -0.02 5.697
v 13.697 -0.02 13.697
v 13.697 -0.02 21.697
v 13.697 -0.02 29.697
v 13.697 -0.02 37.697
v 13.697 -0.02 45.697
v 13.697 -0.02 53.697
v 13.697 -0.02 61.697
v 5.697 -0.02 -58.303
v 5.697 -0.02 -50.303
v 5.697 -0.02 -42.303
v 5.697 -0.02 -34.303
v 5.697 -0.02 -26.303
v 5.697 -0.02 -18.303
v 5.697 -0.02 -10.303
v 5.697 -0.02 -2.303
v 5.697 -0.02 5.697
v 5.697 -0.02 13.697
v 5.697 -0.02 21.697
v 5.697 -0.02 29.697
v 5.697 -0.02 37.697
v 5.697 -0.02 45.697
v 5.697 -0.02 53.697
v 5.697 -0.02 61.697
v -2.303 -0.02 -58.303
v -2.303 -0.02 -50.303
v -2.303 -0.02 -42.303
v -2.303 -0.02 -34.303
v -2.303 -0.02 -26.303
v -2.303 -0.02 -18.303
v -2.303 -0.02 -10.303
v -2.303 -0.02 -2.303
v -2.303 -0.02 5.697
v -2.303 -0.02 13.697
v -2.303 -0.02 21.697
v -2.303 -0.02 29.697
v -2.303 -0.02 37.697
v -2.303 -0.02 45.697
v -2.303 -0.02 53.697
v -2.303 -0.02 61.697
v -10.303 -0.02 -58.303
v -10.303 -0.02 -50.303
v -10.303 -0.02 -42.303
v -10.303 -0.02 -34.303
v -10.303 -0.02 -26.303
v -10.303 -0.02 -18.303
v -10.303 -0.02 -10.303
v -10.303 -0.02 -2.303
v -10.303 -0.02 5.697
v -10.303 -0.02 13.697
v -10.303 -0.02 21.697
v -10.303 -0.02 29.697
v -10.303 -0.02 37.697
v -10.303 -0.02 45.697
v -10.303 -0.02 53.697
v -10.303 -0.02 61.697
v -18.303 -0.02 -58.303
v -18.303 -0.02 -50.303
v -18.303 -0.02 -42.303
v -18.303 -0.02 -34.303
v -18.303 -0.02 -26.303
v -18.303 -0.02 -18.303
v -18.303 -0.02 -10.303
v -18.303 -0.02 -2.303
v -18.303 -0.02 5.697
v -18.303 -0.02 13.697
v -18.303 -0.02 21.697
v -18.303 -0.02 29.697
v -18.303 -0.02 37.697
v -18.303 -0.02 45.697
v -18.303 -0.02 53.697
v -18.303 -0.02 61.697
v -26.303 -0.02 -58.303
v -26.303 -0.02 -50.303
v -26.303 -0.02 -42.303
v -26.303 -0.02 -34.303
v -26.303 -0.02 -26.303
v -26.303 -0.02 -18.303
v -26.303 -0.02 -10.303
v -26.303 -0.02 -2.303
v -26.303 -0.02 5.697
v -26.303 -0.02 13.697
v -26.303 -0.02 21.697
v -26.303 -0.02 29.697
v -26.303 -0.02 37.697
v -26.303 -0.02 45.697
v -26.303 -0.02 53.697
v -26.303 -0.02 61.697
v -34.303 -0.02 -58.303
v -34.303 -0.02 -50.303
v -34.303 -0.02 -42.303
v -34.303 -0.02 -34.303
v -34.303 -0.02 -26.303
v -34.303 -0.02 -18.303
v -34.303 -0.02 -10.303
v -34.303 -0.02 -2.303
v -34.303 -0.02 5.697
v -34.303 -0.02 13.697
v -34.303 -0.02 21.697
v -34.303 -0.02 29.697
v -34.303 -0.02 37.697
v -34.303 -0.02 45.697
v -34.303 -0.02 53.697
v -34.303 -0.02 61.697
v -42.303 -0.02 -58.303
v -42.303 -0.02 -50.303
v -42.303 -0.02 -42.303
v -42.303 -0.02 -34.303
v -42.303 -0.02 -26.303
v -42.303 -0.02 -18.303
v -42.303 -0.02 -10.303
v -42.303 -0.02 -2.303
v -42.303 -0.02 5.697
v -42.303 -0.02 13.697
v -42.303 -0.02 21.697
v -42.303 -0.02 29.697
v -42.303 -0.02 37.697
v -42.303 -0.02 45.697
v -42.303 -0.02 53.697
v -42.303 -0.02 61.697
v -50.303 -0.02 -58.303
v -50.303 -0.02 -50.303
v -50.303 -0.02 -42.303
v -50.303 -0.02 -34.303
v -50.303 -0.02 -26.303
v -50.303 -0.02 -18.303
v -50.303 -0.02 -10.303
v -50.303 -0.02 -2.303
v -50.303 -0.02 5.697
v -50.303 -0.02 13.697
v -50.303 -0.02 21.697
v -50.303 -0.02 29.697
v -50.303 -0.02 37.697
v -50.303 -0.02 45.697
v -50.303 -0.02 53.697
v -50.303 -0.02 61.697
v -58.303 -0.02 -58.303
v -58.303 -0.02 -50.303
v -58.303 -0.02 -42.303
v -58.303 -0.02 -34.303
v -58.303 -0.02 -26.303
v -58.303 -0.02 -18.303
v -58.303 -0.02 -10.303
v -58.303 -0.02 -2.303
v -58.303 -0.02 5.697
v -58.303 -0.02 13.697
v -58.303 -0.02 21.697
v -58.303 -0.02 29.697
v -58.303 -0.02 37.697
v -58.303 -0.02 45.697
v -58.303 -0.02 53.697
v -58.303 -0.02 61.697
v 62.217 -0.02 -59.082
v 62.217 -0.02 -51.082
v 62.217 -0.02 -43.082
v 62.217 -0.02 -35.082
v 62.217 -0.02 -27.082
v 62.217 -0.02 -19.082
v 62.217 -0.02 -11.082
v 62.217 -0.02 -3.082
v 62.217 -0.02 4.918
v 62.217 -0.02 12.918
v 62.217 -0.02 20.918
v 62.217 -0.02 28.918
v 62.217 -0.02 36.918
v 62.217 -0.02 44.918
v 62.217 -0.02 52.918
v 62.217 -0.02 60.918
v 54.217 -0.02 -59.082
v 54.217 -0.02 -51.082
v 54.217 -0.02 -43.082
v 54.217 -0.02 -35.082
v 54.217 -0.02 -27.082
v 54.217 -0.02 -19.082
v 54.217 -0.02 -11.082
v 54.217 -0.02 -3.082
v 54.217 -0.02 4.918
v 54.217 -0.02 12.918
v 54.217 -0.02 20.918
v 54.217 -0.02 28.918
v 54.217 -0.02 36.918
v 54.217 -0.02 44.918
v 54.217 -0.02 52.918
v 54.217 -0.02 60.918
v 46.217 -0.02 -59.082
v 46.217 -0.02 -51.082
v 46.217 -0.02 -43.082
v 46.217 -0.02 -35.082
v 46.217 -0.02 -27.082
v 46.217 -0.02 -19.082
v 46.217 -0.02 -11.082
v 46.217 -0.02 -3.082
v 46.217 -0.02 4.918
v 46.217 -0.02 12.918
v 46.217 -0.02 20.918
v 46.217 -0.02 28.918
v 46.217 -0.02 36.918
v 46.217 -0.02 44.918
v 46.217 -0.02 52.918
v 46.217 -0.02 60.918
v 38.217 -0.02 -59.082
v 38.217 -0.02 -51.082
v 38.217 -0.02 -43.082
v 38.217 -0.02 -35.082
v 38.217 -0.02 -27.082
v 38.217 -0.02 -19.082
v 38.217 -0.02 -11.082
v 38.217 -0.02 -3.082
v 38.217 -0.02 4.918
v 38.217 -0.02 12.918
v 38.217 -0.02 20.918
v 38.217 -0.02 28.918
v 38.217 -0.02 36.918
v 38.217 -0.02 44.918
v 38.217 -0.02 52.918
v 38.217 -0.02 60.918
v 30.217 -0.02 -59.082
v 30.217 -0.02 -51.082
v 30.217 -0.02 -43.082
v 30.217 -0.02 -35.082
v 30.217 -0.02 -27.082
v 30.217 -0.02 -19.082
v 30.217 -0.02 -11.082
v 30.217 -0.02 -3.082
v 30.217 -0.02 4.918
v 30.217 -0.02 12.918
v 30.217 -0.02 20.918
v 30.217 -0.02 28.918
v 30.217 -0.02 36.918
v 30.217 -0.02 44.918
v 30.217 -0.02 52.918
v 30.217 -0.02 60.918
v 22.217 -0.02 -59.082
v 22.217 -0.02 -51.082
v 22.217 -0.02 -43.082
v 22.217 -0.02 -35.082
v 22.217 -0.02 -27.082
v 22.217 -0.02 -19.082
v 22.217 -0.02 -11.082
v 22.217 -0.02 -3.082
v 22.217 -0.02 4.918
v 22.217 -0.02 12.918
v 22.217 -0.02 20.918
v 22.217 -0.02 28.918
v 22.217 -0.02 36.918
v 22.217 -0.02 44.918
v 22.217 -0.02 52.918
v 22.217 -0.02 60.918
v 14.217 -0.02 -59.082
v 14.217 -0.02 -51.082
v 14.217 -0.02 -43.082
v 14.217 -0.02 -35.082
v 14.217 -0.02 -27.082
v 14.217 -0.02 -19.082
v 14.217 -0.02 -11.082
v 14.217 -0.02 -3.082
v 14.217 -0.02 4.918
v 14.217 -0.02 12.918
v 14.217 -0.02 20.918
v 14.217 -0.02 28.918
v 14.217 -0.02 36.918
v 14.217 -0.02 44.918
v 14.217 -0.02 52.918
v 14.217 -0.02 60.918
v 6.217 -0.02 -59.082
v 6.217 -0.02 -51.082
v 6.217 -0.02 -43.082
v 6.217 -0.02 -35.082
v 6.217 -0.02 -27.082
v 6.217 -0.02 -19.082
v 6.217 -0.02 -11.082
v 6.217 -0.02 -3.082
v 6.217 -0.02 4.918
v 6.217 -0.02 12.918
v 6.217 -0.02 20.918
v 6.217 -0.02 28.918
v 6.217 -0.02 36.918
v 6.217 -0.02 44.918
v 6.217 -0.02 52.918
v 6.217 -0.02 60.918
v -1.783 -0.02 -59.082
v -1.783 -0.02 -51.082
v -1.783 -0.02 -43.082
v -1.783 -0.02 -35.082
v -1.783 -0.02 -27.082
v -1.783 -0.02 -19.082
v -1.783 -0.02 -11.082
v -1.783 -0.02 -3.082
v -1.783 -0.02 4.918
v -1.783 -0.02 12.918
v -1.783 -0.02 20.918
v -1.783 -0.02 28.918
v -1.783 -0.02 36.918
v -1.783 -0.02 44.918
v -1.783 -0.02 52.918
v -1.783 -0.02 60.918
v -9.783 -0.02 -59.082
v -9.783 -0.02 -51.082
v -9.783 -0.02 -43.082
v -9.783 -0.02 -35.082
v -9.783 -0.02 -27.082
v -9.783 -0.02 -19.082
v -9.783 -0.02 -11.082
v -9.783 -0.02 -3.082
v -9.783 -0.02 4.918
v -9.783 -0.02 12.918
v -9.783 -0.02 20.918
v -9.783 -0.02 28.918
v -9.783 -0.02 36.918
v -9.783 -0.02 44.918
v -9.783 -0.02 52.918
v -9.783 -0.02 60.918
v -17.783 -0.02 -59.082
v -17.783 -0.02 -51.082
v -17.783 -0.02 -43.082
v -17.783 -0.02 -35.082
v -17.783 -0.02 -27.082
v -17.783 -0.02 -19.082
v -17.783 -0.02 -11.082
v -17.783 -0.02 -3.082
v -17.783 -0.02 4.918
v -17.783 -0.02 12.918
v -17.783 -0.02 20.918
v -17.783 -0.02 28.918
v -17.783 -0.02 36.918
v -17.783 -0.02 44.918
v -17.783 -0.02 52.918
v -17.783 -0.02 60.918
v -25.783 -0.02 -59.082
v -25.783 -0.02 -51.082
v -25.783 -0.02 -43.082
v -25.783 -0.02 -35.082
v -25.783 -0.02 -27.082
v -25.783 -0.02 -19.082
v -25.783 -0.02 -11.082
v -25.783 -0.02 -3.082
v -25.783 -0.02 4.918
v -25.783 -0.02 12.918
v -25.783 -0.02 20.918
v -25.783 -0.02 28.918
v -25.783 -0.02 36.918
v -25.783 -0.02 44.918
v -25.783 -0.02 52.918
v -25.783 -0.02 60.918
v -33.783 -0.02 -59.082
v -33.783 -0.02 -51.082
v -33.783 -0.02 -43.082
v -33.783 -0.02 -35.082
v -33.783 -0.02 -27.082
v -33.783 -0.02 -19.082
v -33.783 -0.02 -11.082
v -33.783 -0.02 -3.082
v -33.783 -0.02 4.918
v -33.783 -0.02 12.918
v -33.783 -0.02 20.918
v -33.783 -0.02 28.918
v -33.783 -0.02 36.918
v -33.783 -0.02 44.918
v -33.783 -0.02 52.918
v -33.783 -0.02 60.918
v -41.783 -0.02 -59.082
v -41.783 -0.02 -51.082
v -41.783 -0.02 -43.082
v -41.783 -0.02 -35.082
v -41.783 -0.02 -27.082
v -41.783 -0.02 -19.082
v -41.783 -0.02 -11.082
v -41.783 -0.02 -3.082
v -41.783 -0.02 4.918
v -41.783 -0.02 12.918
v -41.783 -0.02 20.918
v -41.783 -0.02 28.918
v -41.783 -0.02 36.918
v -41.783 -0.02 44.918
v -41.783 -0.02 52.918
v -41.783 -0.02 60.918
v -49.783 -0.02 -59.082
v -49.783 -0.02 -51.082
v -49.783 -0.02 -43.082
v -49.783 -0.02 -35.082
v -49.783 -0.02 -27.082
v -49.783 -0.02 -19.082
v -49.783 -0.02 -11.082
v -49.783 -0.02 -3.082
v -49.783 -0.02 4.918
v -49.783 -0.02 12.918
v -49.783 -0.02 20.918
v -49.783 -0.02 28.918
v -49.783 -0.02 36.918
v -49.783 -0.02 44.918
v -49.783 -0.02 52.918
v -49.783 -0.02 60.918
v -57.783 -0.02 -59.082
v -57.783 -0.02 -51.082
v -57.783 -0.02 -43.082
v -57.783 -0.02 -35.082
v -57.783 -0.02 -27.082
v -57.783 -0.02 -19.082
v -57.783 -0.02 -11.082
v -57.783 -0.02 -3.082
v -57.783 -0.02 4.918
v -57.783 -0.02 12.918
v -57.783 -0.02 20.918
v -57.783 -0.02 28.918
v -57.783 -0.02 36.918
v -57.783 -0.02 44.918
v -57.783 -0.02 52.918
v -57.783 -0.02 60.918
v 62.4 -0.02 -60
v 62.4 -0.02 -52
v 62.4 -0.02 -44
v 62.4 -0.02 -36
v 62.4 -0.02 -28
v 62.4 -0.02 -20
v 62.4 -0.02 -12
v 62.4 -0.02 -4
v 62.4 -0.02 4
v 62.4 -0.02 12
v 62.4 -0.02 20
v 62.4 -0.02 28
v 62.4 -0.02 36
v 62.4 -0.02 44
v 62.4 -0.02 52
v 62.4 -0.02 60
v 54.4 -0.02 -60
v 54.4 -0.02 -52
v 54.4 -0.02 -44
v 54.4 -0.02 -36
v 54.4 -0.02 -28
v 54.4 -0.02 -20
v 54.4 -0.02 -12
v 54.4 -0.02 -4
v 54.4 -0.02 4
v 54.4 -0.02 12
v 54.4 -0.02 20
v 54.4 -0.02 28
v 54.4 -0.02 36
v 54.4 -0.02 44
v 54.4 -0.02 52
v 54.4 -0.02 60
v 46.4 -0.02 -60
v 46.4 -0.02 -52
v 46.4 -0.02 -44
v 46.4 -0.02 -36
v 46.4 -0.02 -28
v 46.4 -0.02 -20
v 46.4 -0.02 -12
v 46.4 -0.02 -4
v 46.4 -0.02 4
v 46.4 -0.02 12
v 46.4 -0.02 20
v 46.4 -0.02 28
v 46.4 -0.02 36
v 46.4 -0.02 44
v 46.4 -0.02 52
v 46.4 -0.02 60
v 38.4 -0.02 -60
v 38.4 -0.02 -52
v 38.4 -0.02 -44
v 38.4 -0.02 -36
v 38.4 -0.02 -28
v 38.4 -0.02 -20
v 38.4 -0.02 -12
v 38.4 -0.02 -4
v 38.4 -0.02 4
v 38.4 -0.02 12
v 38.4 -0.02 20
v 38.4 -0.02 28
v 38.4 -0.02 36
v 38.4 -0.02 44
v 38.4 -0.02 52
v 38.4 -0.02 60
v 30.4 -0.02 -60
v 30.4 -0.02 -52
v 30.4 -0.02 -44
v 30.4 -0.02 -36
v 30.4 -0.02 -28
v 30.4 -0.02 -20
v 30.4 -0.02 -12
v 30.4 -0.02 -4
v 30.4 -0.02 4
v 30.4 -0.02 12
v 30.4 -0.02 20
v 30.4 -0.02 28
v 30.4 -0.02 36
v 30.4 -0.02 44
v 30.4 -0.02 52
v 30.4 -0.02 60
v 22.4 -0.02 -60
v 22.4 -0.02 -52
v 22.4 -0.02 -44
v 22.4 -0.02 -36
v 22.4 -0.02 -28
v 22.4 -0.02 -20
v 22.4 -0.02 -12
v 22.4 -0.02 -4
v 22.4 -0.02 4
v 22.4 -0.02 12
v 22.4 -0.02 20
v 22.4 -0.02 28
v 22.4 -0.02 36
v 22.4 -0.02 44
v 22.4 -0.02 52
v 22.4 -0.02 60
v 14.4 -0.02 -60
v 14.4 -0.02 -52
v 14.4 -0.02 -44
v 14.4 -0.02 -36
v 14.4 -0.02 -28
v 14.4 -0.02 -20
v 14.4 -0.02 -12
v 14.4 -0.02 -4
v 14.4 -0.02 4
v 14.4 -0.02 12
v 14.4 -0.02 20
v 14.4 -0.02 28
v 14.4 -0.02 36
v 14.4 -0.02 44
v 14.4 -0.02 52
v 14.4 -0.02 60
v 6.4 -0.02 -60
v 6.4 -0.02 -52
v 6.4 -0.02 -44
v 6.4 -0.02 -36
v 6.4 -0.02 -28
v 6.4 -0.02 -20
v 6.4 -0.02 -12
v 6.4 -0.02 -4
v 6.4 -0.02 4
v 6.4 -0.02 12
v 6.4 -0.02 20
v 6.4 -0.02 28
v 6.4 -0.02 36
v 6.4 -0.02 44
v 6.4 -0.02 52
v 6.4 -0.02 60
v -1.6 -0.02 -60
v -1.6 -0.02 -52
v -1.6 -0.02 -44
v -1.6 -0.02 -36
v -1.6 -0.02 -28
v -1.6 -0.02 -20
v -1.6 -0.02 -12
v -1.6 -0.02 -4
v -1.6 -0.02 4
v -1.6 -0.02 12
v -1.6 -0.02 20
v -1.6 -0.02 28
v -1.6 -0.02 36
v -1.6 -0.02 44
v -1.6 -0.02 52
v -1.6 -0.02 60
v -9.6 -0.02 -60
v -9.6 -0.02 -52
v -9.6 -0.02 -44
v -9.6 -0.02 -36
v -9.6 -0.02 -28
v -9.6 -0.02 -20
v -9.6 -0.02 -12
v -9.6 -0.02 -4
v -9.6 -0.02 4
v -9.6 -0.02 12
v -9.6 -0.02 20
v -9.6 -0.02 28
v -9.6 -0.02 36
v -9.6 -0.02 44
v -9.6 -0.02 52
v -9.6 -0.02 60
v -17.6 -0.02 -60
v -17.6 -0.02 -52
v -17.6 -0.02 -44
v -17.6 -0.02 -36
v -17.6 -0.02 -28
v -17.6 -0.02 -20
v -17.6 -0.02 -12
v -17.6 -0.02 -4
v -17.6 -0.02 4
v -17.6 -0.02 12
v -17.6 -0.02 20
v -17.6 -0.02 28
v -17.6 -0.02 36
v -17.6 -0.02 44
v -17.6 -0.02 52
v -17.6 -0.02 60
v -25.6 -0.02 -60
v -25.6 -0.02 -52
v -25.6 -0.02 -44
v -25.6 -0.02 -36
v -25.6 -0.02 -28
v -25.6 -0.02 -20
v -25.6 -0.02 -12
v -25.6 -0.02 -4
v -25.6 -0.02 4
v -25.6 -0.02 12
v -25.6 -0.02 20
v -25.6 -0.02 28
v -25.6 -0.02 36
v -25.6 -0.02 44
v -25.6 -0.02 52
v -25.6 -0.02 60
v -33.6 -0.02 -60
v -33.6 -0.02 -52
v -33.6 -0.02 -44
v -33.6 -0.02 -36
v -33.6 -0.02 -28
v -33.6 -0.02 -20
v -33.6 -0.02 -12
v -33.6 -0.02 -4
v -33.6 -0.02 4
v -33.6 -0.02 12
v -33.6 -0.02 20
v -33.6 -0.02 28
v -33.6 -0.02 36
v -33.6 -0.02 44
v -33.6 -0.02 52
v -33.6 -0.02 60
v -41.6 -0.02 -60
v -41.6 -0.02 -52
v -41.6 -0.02 -44
v -41.6 -0.02 -36
v -41.6 -0.02 -28
v -41.6 -0.02 -20
v -41.6 -0.02 -12
v -41.6 -0.02 -4
v -41.6 -0.02 4
v -41.6 -0.02 12
v -41.6 -0.02 20
v -41.6 -0.02 28
v -41.6 -0.02 36
v -41.6 -0.02 44
v -41.6 -0.02 52
v -41.6 -0.02 60
v -49.6 -0.02 -60
v -49.6 -0.02 -52
v -49.6 -0.02 -44
v -49.6 -0.02 -36
v -49.6 -0.02 -28
v -49.6 -0.02 -20
v -49.6 -0.02 -12
v -49.6 -0.02 -4
v -49.6 -0.02 4
v -49.6 -0.02 12
v -49.6 -0.02 20
v -49.6 -0.02 28
v -49.6 -0.02 36
v -49.6 -0.02 44
v -49.6 -0.02 52
v -49.6 -0.02 60
v -57.6 -0.02 -60
v -57.6 -0.02 -52
v -57.6 -0.02 -44
v -57.6 -0.02 -36
v -57.6 -0.02 -28
v -57.6 -0.02 -20
v -57.6 -0.02 -12
v -57.6 -0.02 -4
v -57.6 -0.02 4
v -57.6 -0.02 12
v -57.6 -0.02 20
v -57.6 -0.02 28
v -57.6 -0.02 36
v -57.6 -0.02 44
v -57.6 -0.02 52
v -57.6 -0.02 60
v 62.217 -0.02 -60.918
v 62.217 -0.02 -52.918
v 62.217 -0.02 -44.918
v 62.217 -0.02 -36.918
v 62.217 -0.02 -28.918
v 62.217 -0.02 -20.918
v 62.217 -0.02 -12.918
v 62.217 -0.02 -4.918
v 62.217 -0.02 3.082
v 62.217 -0.02 11.082
v 62.217 -0.02 19.082
v 62.217 -0.02 27.082
v 62.217 -0.02 35.082
v 62.217 -0.02 43.082
v 62.217 -0.02 51.082
v 62.217 -0.02 59.082
v 54.217 -0.02 -60.918
v 54.217 -0.02 -52.918
v 54.217 -0.02 -44.918
v 54.217 -0.02 -36.918
v 54.217 -0.02 -28.918
v 54.217 -0.02 -20.918
v 54.217 -0.02 -12.918
v 54.217 -0.02 -4.918
v 54.217 -0.02 3.082
v 54.217 -0.02 11.082
v 54.217 -0.02 19.082
v 54.217 -0.02 27.082
v 54.217 -0.02 35.082
v 54.217 -0.02 43.082
v 54.217 -0.02 51.082
v 54.217 -0.02 59.082
v 46.217 -0.02 -60.918
v 46.217 -0.02 -52.918
v 46.217 -0.02 -44.918
v 46.217 -0.02 -36.918
v 46.217 -0.02 -28.918
v 46.217 -0.02 -20.918
v 46.217 -0.02 -12.918
v 46.217 -0.02 -4.918
v 46.217 -0.02 3.082
v 46.217 -0.02 11.082
v 46.217 -0.02 19.082
v 46.217 -0.02 27.082
v 46.217 -0.02 35.082
v 46.217 -0.02 43.082
v 46.217 -0.02 51.082
v 46.217 -0.02 59.082
v 38.217 -0.02 -60.918
v 38.217 -0.02 -52.918
v 38.217 -0.02 -44.918
v 38.217 -0.02 -36.918
v 38.217 -0.02 -28.918
v 38.217 -0.02 -20.918
v 38.217 -0.02 -12.918
v 38.217 -0.02 -4.918
v 38.217 -0.02 3.082
v 38.217 -0.02 11.082
v 38.217 -0.02 19.082
v 38.217 -0.02 27.082
v 38.217 -0.02 35.082
v 38.217 -0.02 43.082
v 38.217 -0.02 51.082
v 38.217 -0.02 59.082
v 30.217 -0.02 -60.918
v 30.217 -0.02 -52.918
v 30.217 -0.02 -44.918
v 30.217 -0.02 -36.918
v 30.217 -0.02 -28.918
v 30.217 -0.02 -20.918
v 30.217 -0.02 -12.918
v 30.217 -0.02 -4.918
v 30.217 -0.02 3.082
v 30.217 -0.02 11.082
v 30.217 -0.02 19.082
v 30.217 -0.02 27.082
v 30.217 -0.02 35.082
v 30.217 -0.02 43.082
v 30.217 -0.02 51.082
v 30.217 -0.02 59.082
v 22.217 -0.02 -60.918
v 22.217 -0.02 -52.918
v 22.217 -0.02 -44.918
v 22.217 -0.02 -36.918
v 22.217 -0.02 -28.918
v 22.217 -0.02 -20.918
v 22.217 -0.02 -12.918
v 22.217 -0.02 -4.918
v 22.217 -0.02 3.082
v 22.217 -0.02 11.082
v 22.217 -0.02 19.082
v 22.217 -0.02 27.082
v 22.217 -0.02 35.082
v 22.217 -0.02 43.082
v 22.217 -0.02 51.082
v 22.217 -0.02 59.082
v 14.217 -0.02 -60.918
v 14.217 -0.02 -52.918
v 14.217 -0.02 -44.918
v 14.217 -0.02 -36.918
v 14.217 -0.02 -28.918
v 14.217 -0.02 -20.918
v 14.217 -0.02 -12.918
v 14.217 -0.02 -4.918
v 14.217 -0.02 3.082
v 14.217 -0.02 11.082
v 14.217 -0.02 19.082
v 14.217 -0.02 27.082
v 14.217 -0.02 35.082
v 14.217 -0.02 43.082
v 14.217 -0.02 51.082
v 14.217 -0.02 59.082
v 6.217 -0.02 -60.918
v 6.217 -0.02 -52.918
v 6.217 -0.02 -44.918
v 6.217 -0.02 -36.918
v 6.217 -0.02 -28.918
v 6.217 -0.02 -20.918
v 6.217 -0.02 -12.918
v 6.217 -0.02 -4.918
v 6.217 -0.02 3.082
v 6.217 -0.02 11.082
v 6.217 -0.02 19.082
v 6.217 -0.02 27.082
v 6.217 -0.02 35.082
v 6.217 -0.02 43.082
v 6.217 -0.02 51.082
v 6.217 -0.02 59.082
v -1.783 -0.02 -60.918
v -1.783 -0.02 -52.918
v -1.783 -0.02 -44.918
v -1.783 -0.02 -36.918
v -1.783 -0.02 -28.918
v -1.783 -0.02 -20.918
v -1.783 -0.02 -12.918
v -1.783 -0.02 -4.918
v -1.783 -0.02 3.082
v -1.783 -0.02 11.082
v -1.783 -0.02 19.082
v -1.783 -0.02 27.082
v -1.783 -0.02 35.082
v -1.783 -0.02 43.082
v -1.783 -0.02 51.082
v -1.783 -0.02 59.082
v -9.783 -0.02 -60.918
v -9.783 -0.02 -52.918
v -9.783 -0.02 -44.918
v -9.783 -0.02 -36.918
v -9.783 -0.02 -28.918
v -9.783 -0.02 -20.918
v -9.783 -0.02 -12.918
v -9.783 -0.02 -4.918
v -9.783 -0.02 3.082
v -9.783 -0.02 11.082
v -9.783 -0.02 19.082
v -9.783 -0.02 27.082
v -9.783 -0.02 35.082
v -9.783 -0.02 43.082
v -9.783 -0.02 51.082
v -9.783 -0.02 59.082
v -17.783 -0.02 -60.918
v -17.783 -0.02 -52.918
v -17.783 -0.02 -44.918
v -17.783 -0.02 -36.918
v -17.783 -0.02 -28.918
v -17.783 -0.02 -20.918
v -17.783 -0.02 -12.918
v -17.783 -0.02 -4.918
v -17.783 -0.02 3.082
v -17.783 -0.02 11.082
v -17.783 -0.02 19.082
v -17.783 -0.02 27.082
v -17.783 -0.02 35.082
v -17.783 -0.02 43.082
v -17.783 -0.02 51.082
v -17.783 -0.02 59.082
v -25.783 -0.02 -60.918
v -25.783 -0.02 -52.918
v -25.783 -0.02 -44.918
v -25.783 -0.02 -36.918
v -25.783 -0.02 -28.918
v -25.783 -0.02 -20.918
v -25.783 -0.02 -12.918
v -25.783 -0.02 -4.918
v -25.783 -0.02 3.082
v -25.783 -0.02 11.082
v -25.783 -0.02 19.082
v -25.783 -0.02 27.082
v -25.783 -0.02 35.082
v -25.783 -0.02 43.082
v -25.783 -0.02 51.082
v -25.783 -0.02 59.082
v -33.783 -0.02 -60.918
v -33.783 -0.02 -52.918
v -33.783 -0.02 -44.918
v -33.783 -0.02 -36.918
v -33.783 -0.02 -28.918
v -33.783 -0.02 -20.918
v -33.783 -0.02 -12.918
v -33.783 -0.02 -4.918
v -33.783 -0.02 3.082
v -33.783 -0.02 11.082
v -33.783 -0.02 19.082
v -33.783 -0.02 27.082
v -33.783 -0.02 35.082
v -33.783 -0.02 43.082
v -33.783 -0.02 51.082
v -33.783 -0.02 59.082
v -41.783 -0.02 -60.918
v -41.783 -0.02 -52.918
v -41.783 -0.02 -44.918
v -41.783 -0.02 -36.918
v -41.783 -0.02 -28.918
v -41.783 -0.02 -20.918
v -41.783 -0.02 -12.918
v -41.783 -0.02 -4.918
v -41.783 -0.02 3.082
v -41.783 -0.02 11.082
v -41.783 -0.02 19.082
v -41.783 -0.02 27.082
v -41.783 -0.02 35.082
v -41.783 -0.02 43.082
v -41.783 -0.02 51.082
v -41.783 -0.02 59.082
v -49.783 -0.02 -60.918
v -49.783 -0.02 -52.918
v -49.783 -0.02 -44.918
v -49.783 -0.02 -36.918
v -49.783 -0.02 -28.918
v -49.783 -0.02 -20.918
v -49.783 -0.02 -12.918
v -49.783 -0.02 -4.918
v -49.783 -0.02 3.082
v -49.783 -0.02 11.082
v -49.783 -0.02 19.082
v -49.783 -0.02 27.082
v -49.783 -0.02 35.082
v -49.783 -0.02 43.082
v -49.783 -0.02 51.082
v -49.783 -0.02 59.082
v -57.783 -0.02 -60.918
v -57.783 -0.02 -52.918
v -57.783 -0.02 -44.918
v -57.783 -0.02 -36.918
v -57.783 -0.02 -28.918
v -57.783 -0.02 -20.918
v -57.783 -0.02 -12.918
v -57.783 -0.02 -4.918
v -57.783 -0.02 3.082
v -57.783 -0.02 11.082
v -57.783 -0.02 19.082
v -57.783 -0.02 27.082
v -57.783 -0.02 35.082
v -57.783 -0.02 43.082
v -57.783 -0.02 51.082
v -57.783 -0.02 59.082
v 61.697 -0.02 -61.697
v 61.697 -0.02 -53.697
v 61.697 -0.02 -45.697
v 61.697 -0.02 -37.697
v 61.697 -0.02 -29.697
v 61.697 -0.02 -21.697
v 61.697 -0.02 -13.697
v 61.697 -0.02 -5.697
v 61.697 -0.02 2.303
v 61.697 -0.02 10.303
v 61.697 -0.02 18.303
v 61.697 -0.02 26.303
v 61.697 -0.02 34.303
v 61.697 -0.02 42.303
v 61.697 -0.02 50.303
v 61.697 -0.02 58.303
v 53.697 -0.02 -61.697
v 53.697 -0.02 -53.697
v 53.697 -0.02 -45.697
v 53.697 -0.02 -37.697
v 53.697 -0.02 -29.697
v 53.697 -0.02 -21.697
v 53.697 -0.02 -13.697
v 53.697 -0.02 -5.697
v 53.697 -0.02 2.303
v 53.697 -0.02 10.303
v 53.697 -0.02 18.303
v 53.697 -0.02 26.303
v 53.697 -0.02 34.303
v 53.697 -0.02 42.303
v 53.697 -0.02 50.303
v 53.697 -0.02 58.303
v 45.697 -0.02 -61.697
v 45.697 -0.02 -53.697
v 45.697 -0.02 -45.697
v 45.697 -0.02 -37.697
v 45.697 -0.02 -29.697
v 45.697 -0.02 -21.697
v 45.697 -0.02 -13.697
v 45.697 -0.02 -5.697
v 45.697 -0.02 2.303
v 45.697 -0.02 10.303
v 45.697 -0.02 18.303
v 45.697 -0.02 26.303
v 45.697 -0.02 34.303
v 45.697 -0.02 42.303
v 45.697 -0.02 50.303
v 45.697 -0.02 58.303
v 37.697 -0.02 -61.697
v 37.697 -0.02 -53.697
v 37.697 -0.02 -45.697
v 37.697 -0.02 -37.697
v 37.697 -0.02 -29.697
v 37.697 -0.02 -21.697
v 37.697 -0.02 -13.697
v 37.697 -0.02 -5.697
v 37.697 -0.02 2.303
v 37.697 -0.02 10.303
v 37.697 -0.02 18.303
v 37.697 -0.02 26.303
v 37.697 -0.02 34.303
v 37.697 -0.02 42.303
v 37.697 -0.02 50.303
v 37.697 -0.02 58.303
v 29.697 -0.02 -61.697
v 29.697 -0.02 -53.697
v 29.697 -0.02 -45.697
v 29.697 -0.02 -37.697
v 29.697 -0.02 -29.697
v 29.697 -0.02 -21.697
v 29.697 -0.02 -13.697
v 29.697 -0.02 -5.697
v 29.697 -0.02 2.303
v 29.697 -0.02 10.303
v 29.697 -0.02 18.303
v 29.697 -0.02 26.303
v 29.697 -0.02 34.303
v 29.697 -0.02 42.303
v 29.697 -0.02 50.303
v 29.697 -0.02 58.303
v 21.697 -0.02 -61.697
v 21.697 -0.02 -53.697
v 21.697 -0.02 -45.697
v 21.697 -0.02 -37.697
v 21.697 -0.02 -29.697
v 21.697 -0.02 -21.697
v 21.697 -0.02 -13.697
v 21.697 -0.02 -5.697
v 21.697 -0.02 2.303
v 21.697 -0.02 10.303
v 21.697 -0.02 18.303
v 21.697 -0.02 26.303
v 21.697 -0.02 34.303
v 21.697 -0.02 42.303
v 21.697 -0.02 50.303
v 21.697 -0.02 58.303
v 13.697 -0.02 -61.697
v 13.697 -0.02 -53.697
v 13.697 -0.02 -45.697
v 13.697 -0.02 -37.697
v 13.697 -0.02 -29.697
v 13.697 -0.02 -21.697
v 13.697 -0.02 -13.697
v 13.697 -0.02 -5.697
v 13.697 -0.02 2.303
v 13.697 -0.02 10.303
v 13.697 -0.02 18.303
v 13.697 -0.02 26.303
v 13.697 -0.02 34.303
v 13.697 -0.02 42.303
v 13.697 -0.02 50.303
v 13.697 -0.02 58.303
v 5.697 -0.02 -61.697
v 5.697 -0.02 -53.697
v 5.697 -0.02 -45.697
v 5.697 -0.02 -37.697
v 5.697 -0.02 -29.697
v 5.697 -0.02 -21.697
v 5.697 -0.02 -13.697
v 5.697 -0.02 -5.697
v 5.697 -0.02 2.303
v 5.697 -0.02 10.303
v 5.697 -0.02 18.303
v 5.697 -0.02 26.303
v 5.697 -0.02 34.303
v 5.697 -0.02 42.303
v 5.697 -0.02 50.303
v 5.697 -0.02 58.303
v -2.303 -0.02 -61.697
v -2.303 -0.02 -53.697
v -2.303 -0.02 -45.697
v -2.303 -0.02 -37.697
v -2.303 -0.02 -29.697
v -2.303 -0.02 -21.697
v -2.303 -0.02 -13.697
v -2.303 -0.02 -5.697
v -2.303 -0.02 2.303
v -2.303 -0.02 10.303
v -2.303 -0.02 18.303
v -2.303 -0.02 26.303
v -2.303 -0.02 34.303
v -2.303 -0.02 42.303
v -2.303 -0.02 50.303
v -2.303 -0.02 58.303
v -10.303 -0.02 -61.697
v -10.303 -0.02 -53.697
v -10.303 -0.02 -45.697
v -10.303 -0.02 -37.697
v -10.303 -0.02 -29.697
v -10.303 -0.02 -21.697
v -10.303 -0.02 -13.697
v -10.303 -0.02 -5.697
v -10.303 -0.02 2.303
v -10.303 -0.02 10.303
v -10.303 -0.02 18.303
v -10.303 -0.02 26.303
v -10.303 -0.02 34.303
v -10.303 -0.02 42.303
v -10.303 -0.02 50.303
v -10.303 -0.02 58.303
v -18.303 -0.02 -61.697
v -18.303 -0.02 -53.697
v -18.303 -0.02 -45.697
v -18.303 -0.02 -37.697
v -18.303 -0.02 -29.697
v -18.303 -0.02 -21.697
v -18.303 -0.02 -13.697
v -18.303 -0.02 -5.697
v -18.303 -0.02 2.303
v -18.303 -0.02 10.303
v -18.303 -0.02 18.303
v -18.303 -0.02 26.303
v -18.303 -0.02 34.303
v -18.303 -0.02 42.303
v -18.303 -0.02 50.303
v -18.303 -0.02 58.303
v -26.303 -0.02 -61.697
v -26.303 -0.02 -53.697
v -26.303 -0.02 -45.697
v -26.303 -0.02 -37.697
v -26.303 -0.02 -29.697
v -26.303 -0.02 -21.697
v -26.303 -0.02 -13.697
v -26.303 -0.02 -5.697
v -26.303 -0.02 2.303
v -26.303 -0.02 10.303
v -26.303 -0.02 18.303
v -26.303 -0.02 26.303
v -26.303 -0.02 34.303
v -26.303 -0.02 42.303
v -26.303 -0.02 50.303
v -26.303 -0.02 58.303
v -34.303 -0.02 -61.697
v -34.303 -0.02 -53.697
v -34.303 -0.02 -45.697
v -34.303 -0.02 -37.697
v -34.303 -0.02 -29.697
v -34.303 -0.02 -21.697
v -34.303 -0.02 -13.697
v -34.303 -0.02 -5.697
v -34.303 -0.02 2.303
v -34.303 -0.02 10.303
v -34.303 -0.02 18.303
v -34.303 -0.02 26.303
v -34.303 -0.02 34.303
v -34.303 -0.02 42.303
v -34.303 -0.02 50.303
v -34.303 -0.02 58.303
v -42.303 -0.02 -61.697
v -42.303 -0.02 -53.697
v -42.303 -0.02 -45.697
v -42.303 -0.02 -37.697
v -42.303 -0.02 -29.697
v -42.303 -0.02 -21.697
v -42.303 -0.02 -13.697
v -42.303 -0.02 -5.697
v -42.303 -0.02 2.303
v -42.303 -0.02 10.303
v -42.303 -0.02 18.303
v -42.303 -0.02 26.303
v -42.303 -0.02 34.303
v -42.303 -0.02 42.303
v -42.303 -0.02 50.303
v -42.303 -0.02 58.303
v -50.303 -0.02 -61.697
v -50.303 -0.02 -53.697
v -50.303 -0.02 -45.697
v -50.303 -0.02 -37.697
v -50.303 -0.02 -29.697
v -50.303 -0.02 -21.697
v -50.303 -0.02 -13.697
v -50.303 -0.02 -5.697
v -50.303 -0.02 2.303
v -50.303 -0.02 10.303
v -50.303 -0.02 18.303
v -50.303 -0.02 26.303
v -50.303 -0.02 34.303
v -50.303 -0.02 42.303
v -50.303 -0.02 50.303
v -50.303 -0.02 58.303
v -58.303 -0.02 -61.697
v -58.303 -0.02 -53.697
v -58.303 -0.02 -45.697
v -58.303 -0.02 -37.697
v -58.303 -0.02 -29.697
v -58.303 -0.02 -21.697
v -58.303 -0.02 -13.697
v -58.303 -0.02 -5.697
v -58.303 -0.02 2.303
v -58.303 -0.02 10.303
v -58.303 -0.02 18.303
v -58.303 -0.02 26.303
v -58.303 -0.02 34.303
v -58.303 -0.02 42.303
v -58.303 -0.02 50.303
v -58.303 -0.02 58.303
v 60.918 -0.02 -62.217
v 60.918 -0.02 -54.217
v 60.918 -0.02 -46.217
v 60.918 -0.02 -38.217
v 60.918 -0.02 -30.217
v 60.918 -0.02 -22.217
v 60.918 -0.02 -14.217
v 60.918 -0.02 -6.217
v 60.918 -0.02 1.783
v 60.918 -0.02 9.783
v 60.918 -0.02 17.783
v 60.918 -0.02 25.783
v 60.918 -0.02 33.783
v 60.918 -0.02 41.783
v 60.918 -0.02 49.783
v 60.918 -0.02 57.783
v 52.918 -0.02 -62.217
v 52.918 -0.02 -54.217
v 52.918 -0.02 -46.217
v 52.918 -0.02 -38.217
v 52.918 -0.02 -30.217
v 52.918 -0.02 -22.217
v 52.918 -0.02 -14.217
v 52.918 -0.02 -6.217
v 52.918 -0.02 1.783
v 52.918 -0.02 9.783
v 52.918 -0.02 17.783
v 52.918 -0.02 25.783
v 52.918 -0.02 33.783
v 52.918 -0.02 41.783
v 52.918 -0.02 49.783
v 52.918 -0.02 57.783
v 44.918 -0.02 -62.217
v 44.918 -0.02 -54.217
v 44.918 -0.02 -46.217
v 44.918 -0.02 -38.217
v 44.918 -0.02 -30.217
v 44.918 -0.02 -22.217
v 44.918 -0.02 -14.217
v 44.918 -0.02 -6.217
v 44.918 -0.02 1.783
v 44.918 -0.02 9.783
v 44.918 -0.02 17.783
v 44.918 -0.02 25.783
v 44.918 -0.02 33.783
v 44.918 -0.02 41.783
v 44.918 -0.02 49.783
v 44.918 -0.02 57.783
v 36.918 -0.02 -62.217
v 36.918 -0.02 -54.217
v 36.918 -0.02 -46.217
v 36.918 -0.02 -38.217
v 36.918 -0.02 -30.217
v 36.918 -0.02 -22.217
v 36.918 -0.02 -14.217
v 36.918 -0.02 -6.217
v 36.918 -0.02 1.783
v 36.918 -0.02 9.783
v 36.918 -0.02 17.783
v 36.918 -0.02 25.783
v 36.918 -0.02 33.783
v 36.918 -0.02 41.783
v 36.918 -0.02 49.783
v 36.918 -0.02 57.783
v 28.918 -0.02 -62.217
v 28.918 -0.02 -54.217
v 28.918 -0.02 -46.217
v 28.918 -0.02 -38.217
v 28.918 -0.02 -30.217
v 28.918 -0.02 -22.217
v 28.918 -0.02 -14.217
v 28.918 -0.02 -6.217
v 28.918 -0.02 1.783
v 28.918 -0.02 9.783
v 28.918 -0.02 17.783
v 28.918 -0.02 25.783
v 28.918 -0.02 33.783
v 28.918 -0.02 41.783
v 28.918 -0.02 49.783
v 28.918 -0.02 57.783
v 20.918 -0.02 -62.217
v 20.918 -0.02 -54.217
v 20.918 -0.02 -46.217
v 20.918 -0.02 -38.217
v 20.918 -0.02 -30.217
v 20.918 -0.02 -22.217
v 20.918 -0.02 -14.217
v 20.918 -0.02 -6.217
v 20.918 -0.02 1.783
v 20.918 -0.02 9.783
v 20.918 -0.02 17.783
v 20.918 -0.02 25.783
v 20.918 -0.02 33.783
v 20.918 -0.02 41.783
v 20.918 -0.02 49.783
v 20.918 -0.02 57.783
v 12.918 -0.02 -62.217
v 12.918 -0.02 -54.217
v 12.918 -0.02 -46.217
v 12.918 -0.02 -38.217
v 12.918 -0.02 -30.217
v 12.918 -0.02 -22.217
v 12.918 -0.02 -14.217
v 12.918 -0.02 -6.217
v 12.918 -0.02 1.783
v 12.918 -0.02 9.783
v 12.918 -0.02 17.783
v 12.918 -0.02 25.783
v 12.918 -0.02 33.783
v 12.918 -0.02 41.783
v 12.918 -0.02 49.783
v 12.918 -0.02 57.783
v 4.918 -0.02 -62.217
v 4.918 -0.02 -54.217
v 4.918 -0.02 -46.217
v 4.918 -0.02 -38.217
v 4.918 -0.02 -30.217
v 4.918 -0.02 -22.217
v 4.918 -0.02 -14.217
v 4.918 -0.02 -6.217
v 4.918 -0.02 1.783
v 4.918 -0.02 9.783
v 4.918 -0.02 17.783
v 4.918 -0.02 25.783
v 4.918 -0.02 33.783
v 4.918 -0.02 41.783
v 4.918 -0.02 49.783
v 4.918 -0.02 57.783
v -3.082 -0.02 -62.217
v -3.082 -0.02 -54.217
v -3.082 -0.02 -46.217
v -3.082 -0.02 -38.217
v -3.082 -0.02 -30.217
v -3.082 -0.02 -22.217
v -3.082 -0.02 -14.217
v -3.082 -0.02 -6.217
v -3.082 -0.02 1.783
v -3.082 -0.02 9.783
v -3.082 -0.02 17.783
v -3.082 -0.02 25.783
v -3.082 -0.02 33.783
v -3.082 -0.02 41.783
v -3.082 -0.02 49.783
v -3.082 -0.02 57.783
v -11.082 -0.02 -62.217
v -11.082 -0.02 -54.217
v -11.082 -0.02 -46.217
v -11.082 -0.02 -38.217
v -11.082 -0.02 -30.217
v -11.082 -0.02 -22.217
v -11.082 -0.02 -14.217
v -11.082 -0.02 -6.217
v -11.082 -0.02 1.783
v -11.082 -0.02 9.783
v -11.082 -0.02 17.783
v -11.082 -0.02 25.783
v -11.082 -0.02 33.783
v -11.082 -0.02 41.783
v -11.082 -0.02 49.783
v -11.082 -0.02 57.783
v -19.082 -0.02 -62.217
v -19.082 -0.02 -54.217
v -19.082 -0.02 -46.217
v -19.082 -0.02 -38.217
v -19.082 -0.02 -30.217
v -19.082 -0.02 -22.217
v -19.082 -0.02 -14.217
v -19.082 -0.02 -6.217
v -19.082 -0.02 1.783
v -19.082 -0.02 9.783
v -19.082 -0.02 17.783
v -19.082 -0.02 25.783
v -19.082 -0.02 33.783
v -19.082 -0.02 41.783
v -19.082 -0.02 49.783
v -19.082 -0.02 57.783
v -27.082 -0.02 -62.217
v -27.082 -0.02 -54.217
v -27.082 -0.02 -46.217
v -27.082 -0.02 -38.217
v -27.082 -0.02 -30.217
v -27.082 -0.02 -22.217
v -27.082 -0.02 -14.217
v -27.082 -0.02 -6.217
v -27.082 -0.02 1.783
v -27.082 -0.02 9.783
v -27.082 -0.02 17.783
v -27.082 -0.02 25.783
v -27.082 -0.02 33.783
v -27.082 -0.02 41.783
v -27.082 -0.02 49.783
v -27.082 -0.02 57.783
v -35.082 -0.02 -62.217
v -35.082 -0.02 -54.217
v -35.082 -0.02 -46.217
v -35.082 -0.02 -38.217
v -35.082 -0.02 -30.217
v -35.082 -0.02 -22.217
v -35.082 -0.02 -14.217
v -35.082 -0.02 -6.217
v -35.082 -0.02 1.783
v -35.082 -0.02 9.783
v -35.082 -0.02 17.783
v -35.082 -0.02 25.783
v -35.082 -0.02 33.783
v -35.082 -0.02 41.783
v -35.082 -0.02 49.783
v -35.082 -0.02 57.783
v -43.082 -0.02 -62.217
v -43.082 -0.02 -54.217
v -43.082 -0.02 -46.217
v -43.082 -0.02 -38.217
v -43.082 -0.02 -30.217
v -43.082 -0.02 -22.217
v -43.082 -0.02 -14.217
v -43.082 -0.02 -6.217
v -43.082 -0.02 1.783
v -43.082 -0.02 9.783
v -43.082 -0.02 17.783
v -43.082 -0.02 25.783
v -43.082 -0.02 33.783
v -43.082 -0.02 41.783
v -43.082 -0.02 49.783
v -43.082 -0.02 57.783
v -51.082 -0.02 -62.217
v -51.082 -0.02 -54.217
v -51.082 -0.02 -46.217
v -51.082 -0.02 -38.217
v -51.082 -0.02 -30.217
v -51.082 -0.02 -22.217
v -51.082 -0.02 -14.217
v -51.082 -0.02 -6.217
v -51.082 -0.02 1.783
v -51.082 -0.02 9.783
v -51.082 -0.02 17.783
v -51.082 -0.02 25.783
v -51.082 -0.02 33.783
v -51.082 -0.02 41.783
v -51.082 -0.02 49.783
v -51.082 -0.02 57.783
v -59.082 -0.02 -62.217
v -59.082 -0.02 -54.217
v -59.082 -0.02 -46.217
v -59.082 -0.02 -38.217
v -59.082 -0.02 -30.217
v -59.082 -0.02 -22.217
v -59.082 -0.02 -14.217
v -59.082 -0.02 -6.217
v -59.082 -0.02 1.783
v -59.082 -0.02 9.783
v -59.082 -0.02 17.783
v -59.082 -0.02 25.783
v -59.082 -0.02 33.783
v -59.082 -0.02 41.783
v -59.082 -0.02 49.783
v -59.082 -0.02 57.783
v 60 -0.02 -62.4
v 60 -0.02 -54.4
v 60 -0.02 -46.4
v 60 -0.02 -38.4
v 60 -0.02 -30.4
v 60 -0.02 -22.4
v 60 -0.02 -14.4
v 60 -0.02 -6.4
v 60 -0.02 1.6
v 60 -0.02 9.6
v 60 -0.02 17.6
v 60 -0.02 25.6
v 60 -0.02 33.6
v 60 -0.02 41.6
v 60 -0.02 49.6
v 60 -0.02 57.6
v 52 -0.02 -62.4
v 52 -0.02 -54.4
v 52 -0.02 -46.4
v 52 -0.02 -38.4
v 52 -0.02 -30.4
v 52 -0.02 -22.4
v 52 -0.02 -14.4
v 52 -0.02 -6.4
v 52 -0.02 1.6
v 52 -0.02 9.6
v 52 -0.02 17.6
v 52 -0.02 25.6
v 52 -0.02 33.6
v 52 -0.02 41.6
v 52 -0.02 49.6
v 52 -0.02 57.6
v 44 -0.02 -62.4
v 44 -0.02 -54.4
v 44 -0.02 -46.4
v 44 -0.02 -38.4
v 44 -0.02 -30.4
v 44 -0.02 -22.4
v 44 -0.02 -14.4
v 44 -0.02 -6.4
v 44 -0.02 1.6
v 44 -0.02 9.6
v 44 -0.02 17.6
v 44 -0.02 25.6
v 44 -0.02 33.6
v 44 -0.02 41.6
v 44 -0.02 49.6
v 44 -0.02 57.6
v 36 -0.02 -62.4
v 36 -0.02 -54.4
v 36 -0.02 -46.4
v 36 -0.02 -38.4
v 36 -0.02 -30.4
v 36 -0.02 -22.4
v 36 -0.02 -14.4
v 36 -0.02 -6.4
v 36 -0.02 1.6
v 36 -0.02 9.6
v 36 -0.02 17.6
v 36 -0.02 25.6
v 36 -0.02 33.6
v 36 -0.02 41.6
v 36 -0.02 49.6
v 36 -0.02 57.6
v 28 -0.02 -62.4
v 28 -0.02 -54.4
v 28 -0.02 -46.4
v 28 -0.02 -38.4
v 28 -0.02 -30.4
v 28 -0.02 -22.4
v 28 -0.02 -14.4
v 28 -0.02 -6.4
v 28 -0.02 1.6
v 28 -0.02 9.6
v 28 -0.02 17.6
v 28 -0.02 25.6
v 28 -0.02 33.6
v 28 -0.02 41.6
v 28 -0.02 49.6
v 28 -0.02 57.6
v 20 -0.02 -62.4
v 20 -0.02 -54.4
v 20 -0.02 -46.4
v 20 -0.02 -38.4
v 20 -0.02 -30.4
v 20 -0.02 -22.4
v 20 -0.02 -14.4
v 20 -0.02 -6.4
v 20 -0.02 1.6
v 20 -0.02 9.6
v 20 -0.02 17.6
v 20 -0.02 25.6
v 20 -0.02 33.6
v 20 -0.02 41.6
v 20 -0.02 49.6
v 20 -0.02 57.6
v 12 -0.02 -62.4
v 12 -0.02 -54.4
v 12 -0.02 -46.4
v 12 -0.02 -38.4
v 12 -0.02 -30.4
v 12 -0.02 -22.4
v 12 -0.02 -14.4
v 12 -0.02 -6.4
v 12 -0.02 1.6
v 12 -0.02 9.6
v 12 -0.02 17.6
v 12 -0.02 25.6
v 12 -0.02 33.6
v 12 -0.02 41.6
v 12 -0.02 49.6
v 12 -0.02 57.6
v 4 -0.02 -62.4
v 4 -0.02 -54.4
v 4 -0.02 -46.4
v 4 -0.02 -38.4
v 4 -0.02 -30.4
v 4 -0.02 -22.4
v 4 -0.02 -14.4
v 4 -0.02 -6.4
v 4 -0.02 1.6
v 4 -0.02 9.6
v 4 -0.02 17.6
v 4 -0.02 25.6
v 4 -0.02 33.6
v 4 -0.02 41.6
v 4 -0.02 49.6
v 4 -0.02 57.6
v -4 -0.02 -62.4
v -4 -0.02 -54.4
v -4 -0.02 -46.4
v -4 -0.02 -38.4
v -4 -0.02 -30.4
v -4 -0.02 -22.4
v -4 -0.02 -14.4
v -4 -0.02 -6.4
v -4 -0.02 1.6
v -4 -0.02 9.6
v -4 -0.02 17.6
v -4 -0.02 25.6
v -4 -0.02 33.6
v -4 -0.02 41.6
v -4 -0.02 49.6
v -4 -0.02 57.6
v -12 -0.02 -62.4
v -12 -0.02 -54.4
v -12 -0.02 -46.4
v -12 -0.02 -38.4
v -12 -0.02 -30.4
v -12 -0.02 -22.4
v -12 -0.02 -14.4
v -12 -0.02 -6.4
v -12 -0.02 1.6
v -12 -0.02 9.6
v -12 -0.02 17.6
v -12 -0.02 25.6
v -12 -0.02 33.6
v -12 -0.02 41.6
v -12 -0.02 49.6
v -12 -0.02 57.6
v -20 -0.02 -62.4
v -20 -0.02 -54.4
v -20 -0.02 -46.4
v -20 -0.02 -38.4
v -20 -0.02 -30.4
v -20 -0.02 -22.4
v -20 -0.02 -14.4
v -20 -0.02 -6.4
v -20 -0.02 1.6
v -20 -0.02 9.6
v -20 -0.02 17.6
v -20 -0.02 25.6
v -20 -0.02 33.6
v -20 -0.02 41.6
v -20 -0.02 49.6
v -20 -0.02 57.6
v -28 -0.02 -62.4
v -28 -0.02 -54.4
v -28 -0.02 -46.4
v -28 -0.02 -38.4
v -28 -0.02 -30.4
v -28 -0.02 -22.4
v -28 -0.02 -14.4
v -28 -0.02 -6.4
v -28 -0.02 1.6
v -28 -0.02 9.6
v -28 -0.02 17.6
v -28 -0.02 25.6
v -28 -0.02 33.6
v -28 -0.02 41.6
v -28 -0.02 49.6
v -28 -0.02 57.6
v -36 -0.02 -62.4
v -36 -0.02 -54.4
v -36 -0.02 -46.4
v -36 -0.02 -38.4
v -36 -0.02 -30.4
v -36 -0.02 -22.4
v -36 -0.02 -14.4
v -36 -0.02 -6.4
v -36 -0.02 1.6
v -36 -0.02 9.6
v -36 -0.02 17.6
v -36 -0.02 25.6
v -36 -0.02 33.6
v -36 -0.02 41.6
v -36 -0.02 49.6
v -36 -0.02 57.6
v -44 -0.02 -62.4
v -44 -0.02 -54.4
v -44 -0.02 -46.4
v -44 -0.02 -38.4
v -44 -0.02 -30.4
v -44 -0.02 -22.4
v -44 -0.02 -14.4
v -44 -0.02 -6.4
v -44 -0.02 1.6
v -44 -0.02 9.6
v -44 -0.02 17.6
v -44 -0.02 25.6
v -44 -0.02 33.6
v -44 -0.02 41.6
v -44 -0.02 49.6
v -44 -0.02 57.6
v -52 -0.02 -62.4
v -52 -0.02 -54.4
v -52 -0.02 -46.4
v -52 -0.02 -38.4
v -52 -0.02 -30.4
v -52 -0.02 -22.4
v -52 -0.02 -14.4
v -52 -0.02 -6.4
v -52 -0.02 1.6
v -52 -0.02 9.6
v -52 -0.02 17.6
v -52 -0.02 25.6
v -52 -0.02 33.6
v -52 -0.02 41.6
v -52 -0.02 49.6
v -52 -0.02 57.6
v -60 -0.02 -62.4
v -60 -0.02 -54.4
v -60 -0.02 -46.4
v -60 -0.02 -38.4
v -60 -0.02 -30.4
v -60 -0.02 -22.4
v -60 -0.02 -14.4
v -60 -0.02 -6.4
v -60 -0.02 1.6
v -60 -0.02 9.6
v -60 -0.02 17.6
v -60 -0.02 25.6
v -60 -0.02 33.6
v -60 -0.02 41.6
v -60 -0.02 49.6
v -60 -0.02 57.6
v -61.46 -1.38 63.96
v -62.417 -1.38 63.77
v -63.228 -1.38 63.228
v -63.77 -1.38 62.417
v -63.96 -1.38 61.46
v -61.5 -1.38 61.5
v -61.5 -1.38 -61.5
v -61.46 -1.38 -63.96
v -62.417 -1.38 -63.77
v -63.228 -1.38 -63.228
v -63.77 -1.38 -62.417
v -63.96 -1.38 -61.46
v 61.46 -1.38 -63.96
v 62.417 -1.38 -63.77
v 63.228 -1.38 -63.228
v 63.77 -1.38 -62.417
v 63.96 -1.38 -61.46
v 61.5 -1.38 -61.5
v 61.5 -1.38 61.5
v 61.46 -1.38 63.96
v 62.417 -1.38 63.77
v 63.228 -1.38 63.228
v 63.77 -1.38 62.417
v 63.96 -1.38 61.46
v 63.96 -0.02 61.46
v 63.77 -0.02 62.417
v 63.228 -0.02 63.228
v 62.417 -0.02 63.77
v 61.46 -0.02 63.96
v 61.5 -0.02 61.5
v 61.5 -0.02 -61.5
v 63.96 -0.02 -61.46
v 63.77 -0.02 -62.417
v 63.228 -0.02 -63.228
v 62.417 -0.02 -63.77
v 61.46 -0.02 -63.96
v -63.96 -0.02 -61.46
v -63.77 -0.02 -62.417
v -63.228 -0.02 -63.228
v -62.417 -0.02 -63.77
v -61.46 -0.02 -63.96
v -61.5 -0.02 -61.5
v -61.5 -0.02 61.5
v -63.96 -0.02 61.46
v -63.77 -0.02 62.417
v -63.228 -0.02 63.228
v -62.417 -0.02 63.77
v -61.46 -0.02 63.96
v 60 1.8 -62.4
v 60.918 1.8 -62.217
v 60 1.8 -54.4
v 60.918 1.8 -54.217
v 60 1.8 -46.4
v 60.918 1.8 -46.217
v 60 1.8 -38.4
v 60.918 1.8 -38.217
v 60 1.8 -30.4
v 60.918 1.8 -30.217
v 60 1.8 -22.4
v 60.918 1.8 -22.217
v 60 1.8 -14.4
v 60.918 1.8 -14.217
v 60 1.8 -6.4
v 60.918 1.8 -6.217
v 60 1.8 1.6
v 60.918 1.8 1.783
v 60 1.8 9.6
v 60.918 1.8 9.783
v 60 1.8 17.6
v 60.918 1.8 17.783
v 60 1.8 25.6
v 60.918 1.8 25.783
v 60 1.8 33.6
v 60.918 1.8 33.783
v 60 1.8 41.6
v 60.918 1.8 41.783
v 60 1.8 49.6
v 60.918 1.8 49.783
v 60 1.8 57.6
v 60.918 1.8 57.783
v 52 1.8 -62.4
v 52.918 1.8 -62.217
v 52 1.8 -54.4
v 52.918 1.8 -54.217
v 52 1.8 -46.4
v 52.918 1.8 -46.217
v 52 1.8 -38.4
v 52.918 1.8 -38.217
v 52 1.8 -30.4
v 52.918 1.8 -30.217
v 52 1.8 -22.4
v 52.918 1.8 -22.217
v 52 1.8 -14.4
v 52.918 1.8 -14.217
v 52 1.8 -6.4
v 52.918 1.8 -6.217
v 52 1.8 1.6
v 52.918 1.8 1.783
v 52 1.8 9.6
v 52.918 1.8 9.783
v 52 1.8 17.6
v 52.918 1.8 17.783
v 52 1.8 25.6
v 52.918 1.8 25.783
v 52 1.8 33.6
v 52.918 1.8 33.783
v 52 1.8 41.6
v 52.918 1.8 41.783
v 52 1.8 49.6
v 52.918 1.8 49.783
v 52 1.8 57.6
v 52.918 1.8 57.783
v 44 1.8 -62.4
v 44.918 1.8 -62.217
v 44 1.8 -54.4
v 44.918 1.8 -54.217
v 44 1.8 -46.4
v 44.918 1.8 -46.217
v 44 1.8 -38.4
v 44.918 1.8 -38.217
v 44 1.8 -30.4
v 44.918 1.8 -30.217
v 44 1.8 -22.4
v 44.918 1.8 -22.217
v 44 1.8 -14.4
v 44.918 1.8 -14.217
v 44 1.8 -6.4
v 44.918 1.8 -6.217
v 44 1.8 1.6
v 44.918 1.8 1.783
v 44 1.8 9.6
v 44.918 1.8 9.783
v 44 1.8 17.6
v 44.918 1.8 17.783
v 44 1.8 25.6
v 44.918 1.8 25.783
v 44 1.8 33.6
v 44.918 1.8 33.783
v 44 1.8 41.6
v 44.918 1.8 41.783
v 44 1.8 49.6
v 44.918 1.8 49.783
v 44 1.8 57.6
v 44.918 1.8 57.783
v 36 1.8 -62.4
v 36.918 1.8 -62.217
v 36 1.8 -54.4
v 36.918 1.8 -54.217
v 36 1.8 -46.4
v 36.918 1.8 -46.217
v 36 1.8 -38.4
v 36.918 1.8 -38.217
v 36 1.8 -30.4
v 36.918 1.8 -30.217
v 36 1.8 -22.4
v 36.918 1.8 -22.217
v 36 1.8 -14.4
v 36.918 1.8 -14.217
v 36 1.8 -6.4
v 36.918 1.8 -6.217
v 36 1.8 1.6
v 36.918 1.8 1.783
v 36 1.8 9.6
v 36.918 1.8 9.783
v 36 1.8 17.6
v 36.918 1.8 17.783
v 36 1.8 25.6
v 36.918 1.8 25.783
v 36 1.8 33.6
v 36.918 1.8 33.783
v 36 1.8 41.6
v 36.918 1.8 41.783
v 36 1.8 49.6
v 36.918 1.8 49.783
v 36 1.8 57.6
v 36.918 1.8 57.783
v 28 1.8 -62.4
v 28.918 1.8 -62.217
v 28 1.8 -54.4
v 28.918 1.8 -54.217
v 28 1.8 -46.4
v 28.918 1.8 -46.217
v 28 1.8 -38.4
v 28.918 1.8 -38.217
v 28 1.8 -30.4
v 28.918 1.8 -30.217
v 28 1.8 -22.4
v 28.918 1.8 -22.217
v 28 1.8 -14.4
v 28.918 1.8 -14.217
v 28 1.8 -6.4
v 28.918 1.8 -6.217
v 28 1.8 1.6
v 28.918 1.8 1.783
v 28 1.8 9.6
v 28.918 1.8 9.783
v 28 1.8 17.6
v 28.918 1.8 17.783
v 28 1.8 25.6
v 28.918 1.8 25.783
v 28 1.8 33.6
v 28.918 1.8 33.783
v 28 1.8 41.6
v 28.918 1.8 41.783
v 28 1.8 49.6
v 28.918 1.8 49.783
v 28 1.8 57.6
v 28.918 1.8 57.783
v 20 1.8 -62.4
v 20.918 1.8 -62.217
v 20 1.8 -54.4
v 20.918 1.8 -54.217
v 20 1.8 -46.4
v 20.918 1.8 -46.217
v 20 1.8 -38.4
v 20.918 1.8 -38.217
v 20 1.8 -30.4
v 20.918 1.8 -30.217
v 20 1.8 -22.4
v 20.918 1.8 -22.217
v 20 1.8 -14.4
v 20.918 1.8 -14.217
v 20 1.8 -6.4
v 20.918 1.8 -6.217
v 20 1.8 1.6
v 20.918 1.8 1.783
v 20 1.8 9.6
v 20.918 1.8 9.783
v 20 1.8 17.6
v 20.918 1.8 17.783
v 20 1.8 25.6
v 20.918 1.8 25.783
v 20 1.8 33.6
v 20.918 1.8 33.783
v 20 1.8 41.6
v 20.918 1.8 41.783
v 20 1.8 49.6
v 20.918 1.8 49.783
v 20 1.8 57.6
v 20.918 1.8 57.783
v 12 1.8 -62.4
v 12.918 1.8 -62.217
v 12 1.8 -54.4
v 12.918 1.8 -54.217
v 12 1.8 -46.4
v 12.918 1.8 -46.217
v 12 1.8 -38.4
v 12.918 1.8 -38.217
v 12 1.8 -30.4
v 12.918 1.8 -30.217
v 12 1.8 -22.4
v 12.918 1.8 -22.217
v 12 1.8 -14.4
v 12.918 1.8 -14.217
v 12 1.8 -6.4
v 12.918 1.8 -6.217
v 12 1.8 1.6
v 12.918 1.8 1.783
v 12 1.8 9.6
v 12.918 1.8 9.783
v 12 1.8 17.6
v 12.918 1.8 17.783
v 12 1.8 25.6
v 12.918 1.8 25.783
v 12 1.8 33.6
v 12.918 1.8 33.783
v 12 1.8 41.6
v 12.918 1.8 41.783
v 12 1.8 49.6
v 12.918 1.8 49.783
v 12 1.8 57.6
v 12.918 1.8 57.783
v 4 1.8 -62.4
v 4.918 1.8 -62.217
v 4 1.8 -54.4
v 4.918 1.8 -54.217
v 4 1.8 -46.4
v 4.918 1.8 -46.217
v 4 1.8 -38.4
v 4.918 1.8 -38.217
v 4 1.8 -30.4
v 4.918 1.8 -30.217
v 4 1.8 -22.4
v 4.918 1.8 -22.217
v 4 1.8 -14.4
v 4.918 1.8 -14.217
v 4 1.8 -6.4
v 4.918 1.8 -6.217
v 4 1.8 1.6
v 4.918 1.8 1.783
v 4 1.8 9.6
v 4.918 1.8 9.783
v 4 1.8 17.6
v 4.918 1.8 17.783
v 4 1.8 25.6
v 4.918 1.8 25.783
v 4 1.8 33.6
v 4.918 1.8 33.783
v 4 1.8 41.6
v 4.918 1.8 41.783
v 4 1.8 49.6
v 4.918 1.8 49.783
v 4 1.8 57.6
v 4.918 1.8 57.783
v -4 1.8 -62.4
v -3.082 1.8 -62.217
v -4 1.8 -54.4
v -3.082 1.8 -54.217
v -4 1.8 -46.4
v -3.082 1.8 -46.217
v -4 1.8 -38.4
v -3.082 1.8 -38.217
v -4 1.8 -30.4
v -3.082 1.8 -30.217
v -4 1.8 -22.4
v -3.082 1.8 -22.217
v -4 1.8 -14.4
v -3.082 1.8 -14.217
v -4 1.8 -6.4
v -3.082 1.8 -6.217
v -4 1.8 1.6
v -3.082 1.8 1.783
v -4 1.8 9.6
v -3.082 1.8 9.783
v -4 1.8 17.6
v -3.082 1.8 17.783
v -4 1.8 25.6
v -3.082 1.8 25.783
v -4 1.8 33.6
v -3.082 1.8 33.783
v -4 1.8 41.6
v -3.082 1.8 41.783
v -4 1.8 49.6
v -3.082 1.8 49.783
v -4 1.8 57.6
v -3.082 1.8 57.783
v -12 1.8 -62.4
v -11.082 1.8 -62.217
v -12 1.8 -54.4
v -11.082 1.8 -54.217
v -12 1.8 -46.4
v -11.082 1.8 -46.217
v -12 1.8 -38.4
v -11.082 1.8 -38.217
v -12 1.8 -30.4
v -11.082 1.8 -30.217
v -12 1.8 -22.4
v -11.082 1.8 -22.217
v -12 1.8 -14.4
v -11.082 1.8 -14.217
v -12 1.8 -6.4
v -11.082 1.8 -6.217
v -12 1.8 1.6
v -11.082 1.8 1.783
v -12 1.8 9.6
v -11.082 1.8 9.783
v -12 1.8 17.6
v -11.082 1.8 17.783
v -12 1.8 25.6
v -11.082 1.8 25.783
v -12 1.8 33.6
v -11.082 1.8 33.783
v -12 1.8 41.6
v -11.082 1.8 41.783
v -12 1.8 49.6
v -11.082 1.8 49.783
v -12 1.8 57.6
v -11.082 1.8 57.783
v -20 1.8 -62.4
v -19.082 1.8 -62.217
v -20 1.8 -54.4
v -19.082 1.8 -54.217
v -20 1.8 -46.4
v -19.082 1.8 -46.217
v -20 1.8 -38.4
v -19.082 1.8 -38.217
v -20 1.8 -30.4
v -19.082 1.8 -30.217
v -20 1.8 -22.4
v -19.082 1.8 -22.217
v -20 1.8 -14.4
v -19.082 1.8 -14.217
v -20 1.8 -6.4
v -19.082 1.8 -6.217
v -20 1.8 1.6
v -19.082 1.8 1.783
v -20 1.8 9.6
v -19.082 1.8 9.783
v -20 1.8 17.6
v -19.082 1.8 17.783
v -20 1.8 25.6
v -19.082 1.8 25.783
v -20 1.8 33.6
v -19.082 1.8 33.783
v -20 1.8 41.6
v -19.082 1.8 41.783
v -20 1.8 49.6
v -19.082 1.8 49.783
v -20 1.8 57.6
v -19.082 1.8 57.783
v -28 1.8 -62.4
v -27.082 1.8 -62.217
v -28 1.8 -54.4
v -27.082 1.8 -54.217
v -28 1.8 -46.4
v -27.082 1.8 -46.217
v -28 1.8 -38.4
v -27.082 1.8 -38.217
v -28 1.8 -30.4
v -27.082 1.8 -30.217
v -28 1.8 -22.4
v -27.082 1.8 -22.217
v -28 1.8 -14.4
v -27.082 1.8 -14.217
v -28 1.8 -6.4
v -27.082 1.8 -6.217
v -28 1.8 1.6
v -27.082 1.8 1.783
v -28 1.8 9.6
v -27.082 1.8 9.783
v -28 1.8 17.6
v -27.082 1.8 17.783
v -28 1.8 25.6
v -27.082 1.8 25.783
v -28 1.8 33.6
v -27.082 1.8 33.783
v -28 1.8 41.6
v -27.082 1.8 41.783
v -28 1.8 49.6
v -27.082 1.8 49.783
v -28 1.8 57.6
v -27.082 1.8 57.783
v -36 1.8 -62.4
v -35.082 1.8 -62.217
v -36 1.8 -54.4
v -35.082 1.8 -54.217
v -36 1.8 -46.4
v -35.082 1.8 -46.217
v -36 1.8 -38.4
v -35.082 1.8 -38.217
v -36 1.8 -30.4
v -35.082 1.8 -30.217
v -36 1.8 -22.4
v -35.082 1.8 -22.217
v -36 1.8 -14.4
v -35.082 1.8 -14.217
v -36 1.8 -6.4
v -35.082 1.8 -6.217
v -36 1.8 1.6
v -35.082 1.8 1.783
v -36 1.8 9.6
v -35.082 1.8 9.783
v -36 1.8 17.6
v -35.082 1.8 17.783
v -36 1.8 25.6
v -35.082 1.8 25.783
v -36 1.8 33.6
v -35.082 1.8 33.783
v -36 1.8 41.6
v -35.082 1.8 41.783
v -36 1.8 49.6
v -35.082 1.8 49.783
v -36 1.8 57.6
v -35.082 1.8 57.783
v -44 1.8 -62.4
v -43.082 1.8 -62.217
v -44 1.8 -54.4
v -43.082 1.8 -54.217
v -44 1.8 -46.4
v -43.082 1.8 -46.217
v -44 1.8 -38.4
v -43.082 1.8 -38.217
v -44 1.8 -30.4
v -43.082 1.8 -30.217
v -44 1.8 -22.4
v -43.082 1.8 -22.217
v -44 1.8 -14.4
v -43.082 1.8 -14.217
v -44 1.8 -6.4
v -43.082 1.8 -6.217
v -44 1.8 1.6
v -43.082 1.8 1.783
v -44 1.8 9.6
v -43.082 1.8 9.783
v -44 1.8 17.6
v -43.082 1.8 17.783
v -44 1.8 25.6
v -43.082 1.8 25.783
v -44 1.8 33.6
v -43.082 1.8 33.783
v -44 1.8 41.6
v -43.082 1.8 41.783
v -44 1.8 49.6
v -43.082 1.8 49.783
v -44 1.8 57.6
v -43.082 1.8 57.783
v -52 1.8 -62.4
v -51.082 1.8 -62.217
v -52 1.8 -54.4
v -51.082 1.8 -54.217
v -52 1.8 -46.4
v -51.082 1.8 -46.217
v -52 1.8 -38.4
v -51.082 1.8 -38.217
v -52 1.8 -30.4
v -51.082 1.8 -30.217
v -52 1.8 -22.4
v -51.082 1.8 -22.217
v -52 1.8 -14.4
v -51.082 1.8 -14.217
v -52 1.8 -6.4
v -51.082 1.8 -6.217
v -52 1.8 1.6
v -51.082 1.8 1.783
v -52 1.8 9.6
v -51.082 1.8 9.783
v -52 1.8 17.6
v -51.082 1.8 17.783
v -52 1.8 25.6
v -51.082 1.8 25.783
v -52 1.8 33.6
v -51.082 1.8 33.783
v -52 1.8 41.6
v -51.082 1.8 41.783
v -52 1.8 49.6
v -51.082 1.8 49.783
v -52 1.8 57.6
v -51.082 1.8 57.783
v -60 1.8 -62.4
v -59.082 1.8 -62.217
v -60 1.8 -54.4
v -59.082 1.8 -54.217
v -60 1.8 -46.4
v -59.082 1.8 -46.217
v -60 1.8 -38.4
v -59.082 1.8 -38.217
v -60 1.8 -30.4
v -59.082 1.8 -30.217
v -60 1.8 -22.4
v -59.082 1.8 -22.217
v -60 1.8 -14.4
v -59.082 1.8 -14.217
v -60 1.8 -6.4
v -59.082 1.8 -6.217
v -60 1.8 1.6
v -59.082 1.8 1.783
v -60 1.8 9.6
v -59.082 1.8 9.783
v -60 1.8 17.6
v -59.082 1.8 17.783
v -60 1.8 25.6
v -59.082 1.8 25.783
v -60 1.8 33.6
v -59.082 1.8 33.783
v -60 1.8 41.6
v -59.082 1.8 41.783
v -60 1.8 49.6
v -59.082 1.8 49.783
v -60 1.8 57.6
v -59.082 1.8 57.783
v 61.697 1.8 -61.697
v 61.697 1.8 -53.697
v 61.697 1.8 -45.697
v 61.697 1.8 -37.697
v 61.697 1.8 -29.697
v 61.697 1.8 -21.697
v 61.697 1.8 -13.697
v 61.697 1.8 -5.697
v 61.697 1.8 2.303
v 61.697 1.8 10.303
v 61.697 1.8 18.303
v 61.697 1.8 26.303
v 61.697 1.8 34.303
v 61.697 1.8 42.303
v 61.697 1.8 50.303
v 61.697 1.8 58.303
v 53.697 1.8 -61.697
v 53.697 1.8 -53.697
v 53.697 1.8 -45.697
v 53.697 1.8 -37.697
v 53.697 1.8 -29.697
v 53.697 1.8 -21.697
v 53.697 1.8 -13.697
v 53.697 1.8 -5.697
v 53.697 1.8 2.303
v 53.697 1.8 10.303
v 53.697 1.8 18.303
v 53.697 1.8 26.303
v 53.697 1.8 34.303
v 53.697 1.8 42.303
v 53.697 1.8 50.303
v 53.697 1.8 58.303
v 45.697 1.8 -61.697
v 45.697 1.8 -53.697
v 45.697 1.8 -45.697
v 45.697 1.8 -37.697
v 45.697 1.8 -29.697
v 45.697 1.8 -21.697
v 45.697 1.8 -13.697
v 45.697 1.8 -5.697
v 45.697 1.8 2.303
v 45.697 1.8 10.303
v 45.697 1.8 18.303
v 45.697 1.8 26.303
v 45.697 1.8 34.303
v 45.697 1.8 42.303
v 45.697 1.8 50.303
v 45.697 1.8 58.303
v 37.697 1.8 -61.697
v 37.697 1.8 -53.697
v 37.697 1.8 -45.697
v 37.697 1.8 -37.697
v 37.697 1.8 -29.697
v 37.697 1.8 -21.697
v 37.697 1.8 -13.697
v 37.697 1.8 -5.697
v 37.697 1.8 2.303
v 37.697 1.8 10.303
v 37.697 1.8 18.303
v 37.697 1.8 26.303
v 37.697 1.8 34.303
v 37.697 1.8 42.303
v 37.697 1.8 50.303
v 37.697 1.8 58.303
v 29.697 1.8 -61.697
v 29.697 1.8 -53.697
v 29.697 1.8 -45.697
v 29.697 1.8 -37.697
v 29.697 1.8 -29.697
v 29.697 1.8 -21.697
v 29.697 1.8 -13.697
v 29.697 1.8 -5.697
v 29.697 1.8 2.303
v 29.697 1.8 10.303
v 29.697 1.8 18.303
v 29.697 1.8 26.303
v 29.697 1.8 34.303
v 29.697 1.8 42.303
v 29.697 1.8 50.303
v 29.697 1.8 58.303
v 21.697 1.8 -61.697
v 21.697 1.8 -53.697
v 21.697 1.8 -45.697
v 21.697 1.8 -37.697
v 21.697 1.8 -29.697
v 21.697 1.8 -21.697
v 21.697 1.8 -13.697
v 21.697 1.8 -5.697
v 21.697 1.8 2.303
v 21.697 1.8 10.303
v 21.697 1.8 18.303
v 21.697 1.8 26.303
v 21.697 1.8 34.303
v 21.697 1.8 42.303
v 21.697 1.8 50.303
v 21.697 1.8 58.303
v 13.697 1.8 -61.697
v 13.697 1.8 -53.697
v 13.697 1.8 -45.697
v 13.697 1.8 -37.697
v 13.697 1.8 -29.697
v 13.697 1.8 -21.697
v 13.697 1.8 -13.697
v 13.697 1.8 -5.697
v 13.697 1.8 2.303
v 13.697 1.8 10.303
v 13.697 1.8 18.303
v 13.697 1.8 26.303
v 13.697 1.8 34.303
v 13.697 1.8 42.303
v 13.697 1.8 50.303
v 13.697 1.8 58.303
v 5.697 1.8 -61.697
v 5.697 1.8 -53.697
v 5.697 1.8 -45.697
v 5.697 1.8 -37.697
v 5.697 1.8 -29.697
v 5.697 1.8 -21.697
v 5.697 1.8 -13.697
v 5.697 1.8 -5.697
v 5.697 1.8 2.303
v 5.697 1.8 10.303
v 5.697 1.8 18.303
v 5.697 1.8 26.303
v 5.697 1.8 34.303
v 5.697 1.8 42.303
v 5.697 1.8 50.303
v 5.697 1.8 58.303
v -2.303 1.8 -61.697
v -2.303 1.8 -53.697
v -2.303 1.8 -45.697
v -2.303 1.8 -37.697
v -2.303 1.8 -29.697
v -2.303 1.8 -21.697
v -2.303 1.8 -13.697
v -2.303 1.8 -5.697
v -2.303 1.8 2.303
v -2.303 1.8 10.303
v -2.303 1.8 18.303
v -2.303 1.8 26.303
v -2.303 1.8 34.303
v -2.303 1.8 42.303
v -2.303 1.8 50.303
v -2.303 1.8 58.303
v -10.303 1.8 -61.697
v -10.303 1.8 -53.697
v -10.303 1.8 -45.697
v -10.303 1.8 -37.697
v -10.303 1.8 -29.697
v -10.303 1.8 -21.697
v -10.303 1.8 -13.697
v -10.303 1.8 -5.697
v -10.303 1.8 2.303
v -10.303 1.8 10.303
v -10.303 1.8 18.303
v -10.303 1.8 26.303
v -10.303 1.8 34.303
v -10.303 1.8 42.303
v -10.303 1.8 50.303
v -10.303 1.8 58.303
v -18.303 1.8 -61.697
v -18.303 1.8 -53.697
v -18.303 1.8 -45.697
v -18.303 1.8 -37.697
v -18.303 1.8 -29.697
v -18.303 1.8 -21.697
v -18.303 1.8 -13.697
v -18.303 1.8 -5.697
v -18.303 1.8 2.303
v -18.303 1.8 10.303
v -18.303 1.8 18.303
v -18.303 1.8 26.303
v -18.303 1.8 34.303
v -18.303 1.8 42.303
v -18.303 1.8 50.303
v -18.303 1.8 58.303
v -26.303 1.8 -61.697
v -26.303 1.8 -53.697
v -26.303 1.8 -45.697
v -26.303 1.8 -37.697
v -26.303 1.8 -29.697
v -26.303 1.8 -21.697
v -26.303 1.8 -13.697
v -26.303 1.8 -5.697
v -26.303 1.8 2.303
v -26.303 1.8 10.303
v -26.303 1.8 18.303
v -26.303 1.8 26.303
v -26.303 1.8 34.303
v -26.303 1.8 42.303
v -26.303 1.8 50.303
v -26.303 1.8 58.303
v -34.303 1.8 -61.697
v -34.303 1.8 -53.697
v -34.303 1.8 -45.697
v -34.303 1.8 -37.697
v -34.303 1.8 -29.697
v -34.303 1.8 -21.697
v -34.303 1.8 -13.697
v -34.303 1.8 -5.697
v -34.303 1.8 2.303
v -34.303 1.8 10.303
v -34.303 1.8 18.303
v -34.303 1.8 26.303
v -34.303 1.8 34.303
v -34.303 1.8 42.303
v -34.303 1.8 50.303
v -34.303 1.8 58.303
v -42.303 1.8 -61.697
v -42.303 1.8 -53.697
v -42.303 1.8 -45.697
v -42.303 1.8 -37.697
v -42.303 1.8 -29.697
v -42.303 1.8 -21.697
v -42.303 1.8 -13.697
v -42.303 1.8 -5.697
v -42.303 1.8 2.303
v -42.303 1.8 10.303
v -42.303 1.8 18.303
v -42.303 1.8 26.303
v -42.303 1.8 34.303
v -42.303 1.8 42.303
v -42.303 1.8 50.303
v -42.303 1.8 58.303
v -50.303 1.8 -61.697
v -50.303 1.8 -53.697
v -50.303 1.8 -45.697
v -50.303 1.8 -37.697
v -50.303 1.8 -29.697
v -50.303 1.8 -21.697
v -50.303 1.8 -13.697
v -50.303 1.8 -5.697
v -50.303 1.8 2.303
v -50.303 1.8 10.303
v -50.303 1.8 18.303
v -50.303 1.8 26.303
v -50.303 1.8 34.303
v -50.303 1.8 42.303
v -50.303 1.8 50.303
v -50.303 1.8 58.303
v -58.303 1.8 -61.697
v -58.303 1.8 -53.697
v -58.303 1.8 -45.697
v -58.303 1.8 -37.697
v -58.303 1.8 -29.697
v -58.303 1.8 -21.697
v -58.303 1.8 -13.697
v -58.303 1.8 -5.697
v -58.303 1.8 2.303
v -58.303 1.8 10.303
v -58.303 1.8 18.303
v -58.303 1.8 26.303
v -58.303 1.8 34.303
v -58.303 1.8 42.303
v -58.303 1.8 50.303
v -58.303 1.8 58.303
v 62.217 1.8 -60.918
v 62.217 1.8 -52.918
v 62.217 1.8 -44.918
v 62.217 1.8 -36.918
v 62.217 1.8 -28.918
v 62.217 1.8 -20.918
v 62.217 1.8 -12.918
v 62.217 1.8 -4.918
v 62.217 1.8 3.082
v 62.217 1.8 11.082
v 62.217 1.8 19.082
v 62.217 1.8 27.082
v 62.217 1.8 35.082
v 62.217 1.8 43.082
v 62.217 1.8 51.082
v 62.217 1.8 59.082
v 54.217 1.8 -60.918
v 54.217 1.8 -52.918
v 54.217 1.8 -44.918
v 54.217 1.8 -36.918
v 54.217 1.8 -28.918
v 54.217 1.8 -20.918
v 54.217 1.8 -12.918
v 54.217 1.8 -4.918
v 54.217 1.8 3.082
v 54.217 1.8 11.082
v 54.217 1.8 19.082
v 54.217 1.8 27.082
v 54.217 1.8 35.082
v 54.217 1.8 43.082
v 54.217 1.8 51.082
v 54.217 1.8 59.082
v 46.217 1.8 -60.918
v 46.217 1.8 -52.918
v 46.217 1.8 -44.918
v 46.217 1.8 -36.918
v 46.217 1.8 -28.918
v 46.217 1.8 -20.918
v 46.217 1.8 -12.918
v 46.217 1.8 -4.918
v 46.217 1.8 3.082
v 46.217 1.8 11.082
v 46.217 1.8 19.082
v 46.217 1.8 27.082
v 46.217 1.8 35.082
v 46.217 1.8 43.082
v 46.217 1.8 51.082
v 46.217 1.8 59.082
v 38.217 1.8 -60.918
v 38.217 1.8 -52.918
v 38.217 1.8 -44.918
v 38.217 1.8 -36.918
v 38.217 1.8 -28.918
v 38.217 1.8 -20.918
v 38.217 1.8 -12.918
v 38.217 1.8 -4.918
v 38.217 1.8 3.082
v 38.217 1.8 11.082
v 38.217 1.8 19.082
v 38.217 1.8 27.082
v 38.217 1.8 35.082
v 38.217 1.8 43.082
v 38.217 1.8 51.082
v 38.217 1.8 59.082
v 30.217 1.8 -60.918
v 30.217 1.8 -52.918
v 30.217 1.8 -44.918
v 30.217 1.8 -36.918
v 30.217 1.8 -28.918
v 30.217 1.8 -20.918
v 30.217 1.8 -12.918
v 30.217 1.8 -4.918
v 30.217 1.8 3.082
v 30.217 1.8 11.082
v 30.217 1.8 19.082
v 30.217 1.8 27.082
v 30.217 1.8 35.082
v 30.217 1.8 43.082
v 30.217 1.8 51.082
v 30.217 1.8 59.082
v 22.217 1.8 -60.918
v 22.217 1.8 -52.918
v 22.217 1.8 -44.918
v 22.217 1.8 -36.918
v 22.217 1.8 -28.918
v 22.217 1.8 -20.918
v 22.217 1.8 -12.918
v 22.217 1.8 -4.918
v 22.217 1.8 3.082
v 22.217 1.8 11.082
v 22.217 1.8 19.082
v 22.217 1.8 27.082
v 22.217 1.8 35.082
v 22.217 1.8 43.082
v 22.217 1.8 51.082
v 22.217 1.8 59.082
v 14.217 1.8 -60.918
v 14.217 1.8 -52.918
v 14.217 1.8 -44.918
v 14.217 1.8 -36.918
v 14.217 1.8 -28.918
v 14.217 1.8 -20.918
v 14.217 1.8 -12.918
v 14.217 1.8 -4.918
v 14.217 1.8 3.082
v 14.217 1.8 11.082
v 14.217 1.8 19.082
v 14.217 1.8 27.082
v 14.217 1.8 35.082
v 14.217 1.8 43.082
v 14.217 1.8 51.082
v 14.217 1.8 59.082
v 6.217 1.8 -60.918
v 6.217 1.8 -52.918
v 6.217 1.8 -44.918
v 6.217 1.8 -36.918
v 6.217 1.8 -28.918
v 6.217 1.8 -20.918
v 6.217 1.8 -12.918
v 6.217 1.8 -4.918
v 6.217 1.8 3.082
v 6.217 1.8 11.082
v 6.217 1.8 19.082
v 6.217 1.8 27.082
v 6.217 1.8 35.082
v 6.217 1.8 43.082
v 6.217 1.8 51.082
v 6.217 1.8 59.082
v -1.783 1.8 -60.918
v -1.783 1.8 -52.918
v -1.783 1.8 -44.918
v -1.783 1.8 -36.918
v -1.783 1.8 -28.918
v -1.783 1.8 -20.918
v -1.783 1.8 -12.918
v -1.783 1.8 -4.918
v -1.783 1.8 3.082
v -1.783 1.8 11.082
v -1.783 1.8 19.082
v -1.783 1.8 27.082
v -1.783 1.8 35.082
v -1.783 1.8 43.082
v -1.783 1.8 51.082
v -1.783 1.8 59.082
v -9.783 1.8 -60.918
v -9.783 1.8 -52.918
v -9.783 1.8 -44.918
v -9.783 1.8 -36.918
v -9.783 1.8 -28.918
v -9.783 1.8 -20.918
v -9.783 1.8 -12.918
v -9.783 1.8 -4.918
v -9.783 1.8 3.082
v -9.783 1.8 11.082
v -9.783 1.8 19.082
v -9.783 1.8 27.082
v -9.783 1.8 35.082
v -9.783 1.8 43.082
v -9.783 1.8 51.082
v -9.783 1.8 59.082
v -17.783 1.8 -60.918
v -17.783 1.8 -52.918
v -17.783 1.8 -44.918
v -17.783 1.8 -36.918
v -17.783 1.8 -28.918
v -17.783 1.8 -20.918
v -17.783 1.8 -12.918
v -17.783 1.8 -4.918
v -17.783 1.8 3.082
v -17.783 1.8 11.082
v -17.783 1.8 19.082
v -17.783 1.8 27.082
v -17.783 1.8 35.082
v -17.783 1.8 43.082
v -17.783 1.8 51.082
v -17.783 1.8 59.082
v -25.783 1.8 -60.918
v -25.783 1.8 -52.918
v -25.783 1.8 -44.918
v -25.783 1.8 -36.918
v -25.783 1.8 -28.918
v -25.783 1.8 -20.918
v -25.783 1.8 -12.918
v -25.783 1.8 -4.918
v -25.783 1.8 3.082
v -25.783 1.8 11.082
v -25.783 1.8 19.082
v -25.783 1.8 27.082
v -25.783 1.8 35.082
v -25.783 1.8 43.082
v -25.783 1.8 51.082
v -25.783 1.8 59.082
v -33.783 1.8 -60.918
v -33.783 1.8 -52.918
v -33.783 1.8 -44.918
v -33.783 1.8 -36.918
v -33.783 1.8 -28.918
v -33.783 1.8 -20.918
v -33.783 1.8 -12.918
v -33.783 1.8 -4.918
v -33.783 1.8 3.082
v -33.783 1.8 11.082
v -33.783 1.8 19.082
v -33.783 1.8 27.082
v -33.783 1.8 35.082
v -33.783 1.8 43.082
v -33.783 1.8 51.082
v -33.783 1.8 59.082
v -41.783 1.8 -60.918
v -41.783 1.8 -52.918
v -41.783 1.8 -44.918
v -41.783 1.8 -36.918
v -41.783 1.8 -28.918
v -41.783 1.8 -20.918
v -41.783 1.8 -12.918
v -41.783 1.8 -4.918
v -41.783 1.8 3.082
v -41.783 1.8 11.082
v -41.783 1.8 19.082
v -41.783 1.8 27.082
v -41.783 1.8 35.082
v -41.783 1.8 43.082
v -41.783 1.8 51.082
v -41.783 1.8 59.082
v -49.783 1.8 -60.918
v -49.783 1.8 -52.918
v -49.783 1.8 -44.918
v -49.783 1.8 -36.918
v -49.783 1.8 -28.918
v -49.783 1.8 -20.918
v -49.783 1.8 -12.918
v -49.783 1.8 -4.918
v -49.783 1.8 3.082
v -49.783 1.8 11.082
v -49.783 1.8 19.082
v -49.783 1.8 27.082
v -49.783 1.8 35.082
v -49.783 1.8 43.082
v -49.783 1.8 51.082
v -49.783 1.8 59.082
v -57.783 1.8 -60.918
v -57.783 1.8 -52.918
v -57.783 1.8 -44.918
v -57.783 1.8 -36.918
v -57.783 1.8 -28.918
v -57.783 1.8 -20.918
v -57.783 1.8 -12.918
v -57.783 1.8 -4.918
v -57.783 1.8 3.082
v -57.783 1.8 11.082
v -57.783 1.8 19.082
v -57.783 1.8 27.082
v -57.783 1.8 35.082
v -57.783 1.8 43.082
v -57.783 1.8 51.082
v -57.783 1.8 59.082
v 62.4 1.8 -60
v 62.4 1.8 -52
v 62.4 1.8 -44
v 62.4 1.8 -36
v 62.4 1.8 -28
v 62.4 1.8 -20
v 62.4 1.8 -12
v 62.4 1.8 -4
v 62.4 1.8 4
v 62.4 1.8 12
v 62.4 1.8 20
v 62.4 1.8 28
v 62.4 1.8 36
v 62.4 1.8 44
v 62.4 1.8 52
v 62.4 1.8 60
v 54.4 1.8 -60
v 54.4 1.8 -52
v 54.4 1.8 -44
v 54.4 1.8 -36
v 54.4 1.8 -28
v 54.4 1.8 -20
v 54.4 1.8 -12
v 54.4 1.8 -4
v 54.4 1.8 4
v 54.4 1.8 12
v 54.4 1.8 20
v 54.4 1.8 28
v 54.4 1.8 36
v 54.4 1.8 44
v 54.4 1.8 52
v 54.4 1.8 60
v 46.4 1.8 -60
v 46.4 1.8 -52
v 46.4 1.8 -44
v 46.4 1.8 -36
v 46.4 1.8 -28
v 46.4 1.8 -20
v 46.4 1.8 -12
v 46.4 1.8 -4
v 46.4 1.8 4
v 46.4 1.8 12
v 46.4 1.8 20
v 46.4 1.8 28
v 46.4 1.8 36
v 46.4 1.8 44
v 46.4 1.8 52
v 46.4 1.8 60
v 38.4 1.8 -60
v 38.4 1.8 -52
v 38.4 1.8 -44
v 38.4 1.8 -36
v 38.4 1.8 -28
v 38.4 1.8 -20
v 38.4 1.8 -12
v 38.4 1.8 -4
v 38.4 1.8 4
v 38.4 1.8 12
v 38.4 1.8 20
v 38.4 1.8 28
v 38.4 1.8 36
v 38.4 1.8 44
v 38.4 1.8 52
v 38.4 1.8 60
v 30.4 1.8 -60
v 30.4 1.8 -52
v 30.4 1.8 -44
v 30.4 1.8 -36
v 30.4 1.8 -28
v 30.4 1.8 -20
v 30.4 1.8 -12
v 30.4 1.8 -4
v 30.4 1.8 4
v 30.4 1.8 12
v 30.4 1.8 20
v 30.4 1.8 28
v 30.4 1.8 36
v 30.4 1.8 44
v 30.4 1.8 52
v 30.4 1.8 60
v 22.4 1.8 -60
v 22.4 1.8 -52
v 22.4 1.8 -44
v 22.4 1.8 -36
v 22.4 1.8 -28
v 22.4 1.8 -20
v 22.4 1.8 -12
v 22.4 1.8 -4
v 22.4 1.8 4
v 22.4 1.8 12
v 22.4 1.8 20
v 22.4 1.8 28
v 22.4 1.8 36
v 22.4 1.8 44
v 22.4 1.8 52
v 22.4 1.8 60
v 14.4 1.8 -60
v 14.4 1.8 -52
v 14.4 1.8 -44
v 14.4 1.8 -36
v 14.4 1.8 -28
v 14.4 1.8 -20
v 14.4 1.8 -12
v 14.4 1.8 -4
v 14.4 1.8 4
v 14.4 1.8 12
v 14.4 1.8 20
v 14.4 1.8 28
v 14.4 1.8 36
v 14.4 1.8 44
v 14.4 1.8 52
v 14.4 1.8 60
v 6.4 1.8 -60
v 6.4 1.8 -52
v 6.4 1.8 -44
v 6.4 1.8 -36
v 6.4 1.8 -28
v 6.4 1.8 -20
v 6.4 1.8 -12
v 6.4 1.8 -4
v 6.4 1.8 4
v 6.4 1.8 12
v 6.4 1.8 20
v 6.4 1.8 28
v 6.4 1.8 36
v 6.4 1.8 44
v 6.4 1.8 52
v 6.4 1.8 60
v -1.6 1.8 -60
v -1.6 1.8 -52
v -1.6 1.8 -44
v -1.6 1.8 -36
v -1.6 1.8 -28
v -1.6 1.8 -20
v -1.6 1.8 -12
v -1.6 1.8 -4
v -1.6 1.8 4
v -1.6 1.8 12
v -1.6 1.8 20
v -1.6 1.8 28
v -1.6 1.8 36
v -1.6 1.8 44
v -1.6 1.8 52
v -1.6 1.8 60
v -9.6 1.8 -60
v -9.6 1.8 -52
v -9.6 1.8 -44
v -9.6 1.8 -36
v -9.6 1.8 -28
v -9.6 1.8 -20
v -9.6 1.8 -12
v -9.6 1.8 -4
v -9.6 1.8 4
v -9.6 1.8 12
v -9.6 1.8 20
v -9.6 1.8 28
v -9.6 1.8 36
v -9.6 1.8 44
v -9.6 1.8 52
v -9.6 1.8 60
v -17.6 1.8 -60
v -17.6 1.8 -52
v -17.6 1.8 -44
v -17.6 1.8 -36
v -17.6 1.8 -28
v -17.6 1.8 -20
v -17.6 1.8 -12
v -17.6 1.8 -4
v -17.6 1.8 4
v -17.6 1.8 12
v -17.6 1.8 20
v -17.6 1.8 28
v -17.6 1.8 36
v -17.6 1.8 44
v -17.6 1.8 52
v -17.6 1.8 60
v -25.6 1.8 -60
v -25.6 1.8 -52
v -25.6 1.8 -44
v -25.6 1.8 -36
v -25.6 1.8 -28
v -25.6 1.8 -20
v -25.6 1.8 -12
v -25.6 1.8 -4
v -25.6 1.8 4
v -25.6 1.8 12
v -25.6 1.8 20
v -25.6 1.8 28
v -25.6 1.8 36
v -25.6 1.8 44
v -25.6 1.8 52
v -25.6 1.8 60
v -33.6 1.8 -60
v -33.6 1.8 -52
v -33.6 1.8 -44
v -33.6 1.8 -36
v -33.6 1.8 -28
v -33.6 1.8 -20
v -33.6 1.8 -12
v -33.6 1.8 -4
v -33.6 1.8 4
v -33.6 1.8 12
v -33.6 1.8 20
v -33.6 1.8 28
v -33.6 1.8 36
v -33.6 1.8 44
v -33.6 1.8 52
v -33.6 1.8 60
v -41.6 1.8 -60
v -41.6 1.8 -52
v -41.6 1.8 -44
v -41.6 1.8 -36
v -41.6 1.8 -28
v -41.6 1.8 -20
v -41.6 1.8 -12
v -41.6 1.8 -4
v -41.6 1.8 4
v -41.6 1.8 12
v -41.6 1.8 20
v -41.6 1.8 28
v -41.6 1.8 36
v -41.6 1.8 44
v -41.6 1.8 52
v -41.6 1.8 60
v -49.6 1.8 -60
v -49.6 1.8 -52
v -49.6 1.8 -44
v -49.6 1.8 -36
v -49.6 1.8 -28
v -49.6 1.8 -20
v -49.6 1.8 -12
v -49.6 1.8 -4
v -49.6 1.8 4
v -49.6 1.8 12
v -49.6 1.8 20
v -49.6 1.8 28
v -49.6 1.8 36
v -49.6 1.8 44
v -49.6 1.8 52
v -49.6 1.8 60
v -57.6 1.8 -60
v -57.6 1.8 -52
v -57.6 1.8 -44
v -57.6 1.8 -36
v -57.6 1.8 -28
v -57.6 1.8 -20
v -57.6 1.8 -12
v -57.6 1.8 -4
v -57.6 1.8 4
v -57.6 1.8 12
v -57.6 1.8 20
v -57.6 1.8 28
v -57.6 1.8 36
v -57.6 1.8 44
v -57.6 1.8 52
v -57.6 1.8 60
v 62.217 1.8 -59.082
v 62.217 1.8 -51.082
v 62.217 1.8 -43.082
v 62.217 1.8 -35.082
v 62.217 1.8 -27.082
v 62.217 1.8 -19.082
v 62.217 1.8 -11.082
v 62.217 1.8 -3.082
v 62.217 1.8 4.918
v 62.217 1.8 12.918
v 62.217 1.8 20.918
v 62.217 1.8 28.918
v 62.217 1.8 36.918
v 62.217 1.8 44.918
v 62.217 1.8 52.918
v 62.217 1.8 60.918
v 54.217 1.8 -59.082
v 54.217 1.8 -51.082
v 54.217 1.8 -43.082
v 54.217 1.8 -35.082
v 54.217 1.8 -27.082
v 54.217 1.8 -19.082
v 54.217 1.8 -11.082
v 54.217 1.8 -3.082
v 54.217 1.8 4.918
v 54.217 1.8 12.918
v 54.217 1.8 20.918
v 54.217 1.8 28.918
v 54.217 1.8 36.918
v 54.217 1.8 44.918
v 54.217 1.8 52.918
v 54.217 1.8 60.918
v 46.217 1.8 -59.082
v 46.217 1.8 -51.082
v 46.217 1.8 -43.082
v 46.217 1.8 -35.082
v 46.217 1.8 -27.082
v 46.217 1.8 -19.082
v 46.217 1.8 -11.082
v 46.217 1.8 -3.082
v 46.217 1.8 4.918
v 46.217 1.8 12.918
v 46.217 1.8 20.918
v 46.217 1.8 28.918
v 46.217 1.8 36.918
v 46.217 1.8 44.918
v 46.217 1.8 52.918
v 46.217 1.8 60.918
v 38.217 1.8 -59.082
v 38.217 1.8 -51.082
v 38.217 1.8 -43.082
v 38.217 1.8 -35.082
v 38.217 1.8 -27.082
v 38.217 1.8 -19.082
v 38.217 1.8 -11.082
v 38.217 1.8 -3.082
v 38.217 1.8 4.918
v 38.217 1.8 12.918
v 38.217 1.8 20.918
v 38.217 1.8 28.918
v 38.217 1.8 36.918
v 38.217 1.8 44.918
v 38.217 1.8 52.918
v 38.217 1.8 60.918
v 30.217 1.8 -59.082
v 30.217 1.8 -51.082
v 30.217 1.8 -43.082
v 30.217 1.8 -35.082
v 30.217 1.8 -27.082
v 30.217 1.8 -19.082
v 30.217 1.8 -11.082
v 30.217 1.8 -3.082
v 30.217 1.8 4.918
v 30.217 1.8 12.918
v 30.217 1.8 20.918
v 30.217 1.8 28.918
v 30.217 1.8 36.918
v 30.217 1.8 44.918
v 30.217 1.8 52.918
v 30.217 1.8 60.918
v 22.217 1.8 -59.082
v 22.217 1.8 -51.082
v 22.217 1.8 -43.082
v 22.217 1.8 -35.082
v 22.217 1.8 -27.082
v 22.217 1.8 -19.082
v 22.217 1.8 -11.082
v 22.217 1.8 -3.082
v 22.217 1.8 4.918
v 22.217 1.8 12.918
v 22.217 1.8 20.918
v 22.217 1.8 28.918
v 22.217 1.8 36.918
v 22.217 1.8 44.918
v 22.217 1.8 52.918
v 22.217 1.8 60.918
v 14.217 1.8 -59.082
v 14.217 1.8 -51.082
v 14.217 1.8 -43.082
v 14.217 1.8 -35.082
v 14.217 1.8 -27.082
v 14.217 1.8 -19.082
v 14.217 1.8 -11.082
v 14.217 1.8 -3.082
v 14.217 1.8 4.918
v 14.217 1.8 12.918
v 14.217 1.8 20.918
v 14.217 1.8 28.918
v 14.217 1.8 36.918
v 14.217 1.8 44.918
v 14.217 1.8 52.918
v 14.217 1.8 60.918
v 6.217 1.8 -59.082
v 6.217 1.8 -51.082
v 6.217 1.8 -43.082
v 6.217 1.8 -35.082
v 6.217 1.8 -27.082
v 6.217 1.8 -19.082
v 6.217 1.8 -11.082
v 6.217 1.8 -3.082
v 6.217 1.8 4.918
v 6.217 1.8 12.918
v 6.217 1.8 20.918
v 6.217 1.8 28.918
v 6.217 1.8 36.918
v 6.217 1.8 44.918
v 6.217 1.8 52.918
v 6.217 1.8 60.918
v -1.783 1.8 -59.082
v -1.783 1.8 -51.082
v -1.783 1.8 -43.082
v -1.783 1.8 -35.082
v -1.783 1.8 -27.082
v -1.783 1.8 -19.082
v -1.783 1.8 -11.082
v -1.783 1.8 -3.082
v -1.783 1.8 4.918
v -1.783 1.8 12.918
v -1.783 1.8 20.918
v -1.783 1.8 28.918
v -1.783 1.8 36.918
v -1.783 1.8 44.918
v -1.783 1.8 52.918
v -1.783 1.8 60.918
v -9.783 1.8 -59.082
v -9.783 1.8 -51.082
v -9.783 1.8 -43.082
v -9.783 1.8 -35.082
v -9.783 1.8 -27.082
v -9.783 1.8 -19.082
v -9.783 1.8 -11.082
v -9.783 1.8 -3.082
v -9.783 1.8 4.918
v -9.783 1.8 12.918
v -9.783 1.8 20.918
v -9.783 1.8 28.918
v -9.783 1.8 36.918
v -9.783 1.8 44.918
v -9.783 1.8 52.918
v -9.783 1.8 60.918
v -17.783 1.8 -59.082
v -17.783 1.8 -51.082
v -17.783 1.8 -43.082
v -17.783 1.8 -35.082
v -17.783 1.8 -27.082
v -17.783 1.8 -19.082
v -17.783 1.8 -11.082
v -17.783 1.8 -3.082
v -17.783 1.8 4.918
v -17.783 1.8 12.918
v -17.783 1.8 20.918
v -17.783 1.8 28.918
v -17.783 1.8 36.918
v -17.783 1.8 44.918
v -17.783 1.8 52.918
v -17.783 1.8 60.918
v -25.783 1.8 -59.082
v -25.783 1.8 -51.082
v -25.783 1.8 -43.082
v -25.783 1.8 -35.082
v -25.783 1.8 -27.082
v -25.783 1.8 -19.082
v -25.783 1.8 -11.082
v -25.783 1.8 -3.082
v -25.783 1.8 4.918
v -25.783 1.8 12.918
v -25.783 1.8 20.918
v -25.783 1.8 28.918
v -25.783 1.8 36.918
v -25.783 1.8 44.918
v -25.783 1.8 52.918
v -25.783 1.8 60.918
v -33.783 1.8 -59.082
v -33.783 1.8 -51.082
v -33.783 1.8 -43.082
v -33.783 1.8 -35.082
v -33.783 1.8 -27.082
v -33.783 1.8 -19.082
v -33.783 1.8 -11.082
v -33.783 1.8 -3.082
v -33.783 1.8 4.918
v -33.783 1.8 12.918
v -33.783 1.8 20.918
v -33.783 1.8 28.918
v -33.783 1.8 36.918
v -33.783 1.8 44.918
v -33.783 1.8 52.918
v -33.783 1.8 60.918
v -41.783 1.8 -59.082
v -41.783 1.8 -51.082
v -41.783 1.8 -43.082
v -41.783 1.8 -35.082
v -41.783 1.8 -27.082
v -41.783 1.8 -19.082
v -41.783 1.8 -11.082
v -41.783 1.8 -3.082
v -41.783 1.8 4.918
v -41.783 1.8 12.918
v -41.783 1.8 20.918
v -41.783 1.8 28.918
v -41.783 1.8 36.918
v -41.783 1.8 44.918
v -41.783 1.8 52.918
v -41.783 1.8 60.918
v -49.783 1.8 -59.082
v -49.783 1.8 -51.082
v -49.783 1.8 -43.082
v -49.783 1.8 -35.082
v -49.783 1.8 -27.082
v -49.783 1.8 -19.082
v -49.783 1.8 -11.082
v -49.783 1.8 -3.082
v -49.783 1.8 4.918
v -49.783 1.8 12.918
v -49.783 1.8 20.918
v -49.783 1.8 28.918
v -49.783 1.8 36.918
v -49.783 1.8 44.918
v -49.783 1.8 52.918
v -49.783 1.8 60.918
v -57.783 1.8 -59.082
v -57.783 1.8 -51.082
v -57.783 1.8 -43.082
v -57.783 1.8 -35.082
v -57.783 1.8 -27.082
v -57.783 1.8 -19.082
v -57.783 1.8 -11.082
v -57.783 1.8 -3.082
v -57.783 1.8 4.918
v -57.783 1.8 12.918
v -57.783 1.8 20.918
v -57.783 1.8 28.918
v -57.783 1.8 36.918
v -57.783 1.8 44.918
v -57.783 1.8 52.918
v -57.783 1.8 60.918
v 61.697 1.8 -58.303
v 61.697 1.8 -50.303
v 61.697 1.8 -42.303
v 61.697 1.8 -34.303
v 61.697 1.8 -26.303
v 61.697 1.8 -18.303
v 61.697 1.8 -10.303
v 61.697 1.8 -2.303
v 61.697 1.8 5.697
v 61.697 1.8 13.697
v 61.697 1.8 21.697
v 61.697 1.8 29.697
v 61.697 1.8 37.697
v 61.697 1.8 45.697
v 61.697 1.8 53.697
v 61.697 1.8 61.697
v 53.697 1.8 -58.303
v 53.697 1.8 -50.303
v 53.697 1.8 -42.303
v 53.697 1.8 -34.303
v 53.697 1.8 -26.303
v 53.697 1.8 -18.303
v 53.697 1.8 -10.303
v 53.697 1.8 -2.303
v 53.697 1.8 5.697
v 53.697 1.8 13.697
v 53.697 1.8 21.697
v 53.697 1.8 29.697
v 53.697 1.8 37.697
v 53.697 1.8 45.697
v 53.697 1.8 53.697
v 53.697 1.8 61.697
v 45.697 1.8 -58.303
v 45.697 1.8 -50.303
v 45.697 1.8 -42.303
v 45.697 1.8 -34.303
v 45.697 1.8 -26.303
v 45.697 1.8 -18.303
v 45.697 1.8 -10.303
v 45.697 1.8 -2.303
v 45.697 1.8 5.697
v 45.697 1.8 13.697
v 45.697 1.8 21.697
v 45.697 1.8 29.697
v 45.697 1.8 37.697
v 45.697 1.8 45.697
v 45.697 1.8 53.697
v 45.697 1.8 61.697
v 37.697 1.8 -58.303
v 37.697 1.8 -50.303
v 37.697 1.8 -42.303
v 37.697 1.8 -34.303
v 37.697 1.8 -26.303
v 37.697 1.8 -18.303
v 37.697 1.8 -10.303
v 37.697 1.8 -2.303
v 37.697 1.8 5.697
v 37.697 1.8 13.697
v 37.697 1.8 21.697
v 37.697 1.8 29.697
v 37.697 1.8 37.697
v 37.697 1.8 45.697
v 37.697 1.8 53.697
v 37.697 1.8 61.697
v 29.697 1.8 -58.303
v 29.697 1.8 -50.303
v 29.697 1.8 -42.303
v 29.697 1.8 -34.303
v 29.697 1.8 -26.303
v 29.697 1.8 -18.303
v 29.697 1.8 -10.303
v 29.697 1.8 -2.303
v 29.697 1.8 5.697
v 29.697 1.8 13.697
v 29.697 1.8 21.697
v 29.697 1.8 29.697
v 29.697 1.8 37.697
v 29.697 1.8 45.697
v 29.697 1.8 53.697
v 29.697 1.8 61.697
v 21.697 1.8 -58.303
v 21.697 1.8 -50.303
v 21.697 1.8 -42.303
v 21.697 1.8 -34.303
v 21.697 1.8 -26.303
v 21.697 1.8 -18.303
v 21.697 1.8 -10.303
v 21.697 1.8 -2.303
v 21.697 1.8 5.697
v 21.697 1.8 13.697
v 21.697 1.8 21.697
v 21.697 1.8 29.697
v 21.697 1.8 37.697
v 21.697 1.8 45.697
v 21.697 1.8 53.697
v 21.697 1.8 61.697
v 13.697 1.8 -58.303
v 13.697 1.8 -50.303
v 13.697 1.8 -42.303
v 13.697 1.8 -34.303
v 13.697 1.8 -26.303
v 13.697 1.8 -18.303
v 13.697 1.8 -10.303
v 13.697 1.8 -2.303
v 13.697 1.8 5.697
v 13.697 1.8 13.697
v 13.697 1.8 21.697
v 13.697 1.8 29.697
v 13.697 1.8 37.697
v 13.697 1.8 45.697
v 13.697 1.8 53.697
v 13.697 1.8 61.697
v 5.697 1.8 -58.303
v 5.697 1.8 -50.303
v 5.697 1.8 -42.303
v 5.697 1.8 -34.303
v 5.697 1.8 -26.303
v 5.697 1.8 -18.303
v 5.697 1.8 -10.303
v 5.697 1.8 -2.303
v 5.697 1.8 5.697
v 5.697 1.8 13.697
v 5.697 1.8 21.697
v 5.697 1.8 29.697
v 5.697 1.8 37.697
v 5.697 1.8 45.697
v 5.697 1.8 53.697
v 5.697 1.8 61.697
v -2.303 1.8 -58.303
v -2.303 1.8 -50.303
v -2.303 1.8 -42.303
v -2.303 1.8 -34.303
v -2.303 1.8 -26.303
v -2.303 1.8 -18.303
v -2.303 1.8 -10.303
v -2.303 1.8 -2.303
v -2.303 1.8 5.697
v -2.303 1.8 13.697
v -2.303 1.8 21.697
v -2.303 1.8 29.697
v -2.303 1.8 37.697
v -2.303 1.8 45.697
v -2.303 1.8 53.697
v -2.303 1.8 61.697
v -10.303 1.8 -58.303
v -10.303 1.8 -50.303
v -10.303 1.8 -42.303
v -10.303 1.8 -34.303
v -10.303 1.8 -26.303
v -10.303 1.8 -18.303
v -10.303 1.8 -10.303
v -10.303 1.8 -2.303
v -10.303 1.8 5.697
v -10.303 1.8 13.697
v -10.303 1.8 21.697
v -10.303 1.8 29.697
v -10.303 1.8 37.697
v -10.303 1.8 45.697
v -10.303 1.8 53.697
v -10.303 1.8 61.697
v -18.303 1.8 -58.303
v -18.303 1.8 -50.303
v -18.303 1.8 -42.303
v -18.303 1.8 -34.303
v -18.303 1.8 -26.303
v -18.303 1.8 -18.303
v -18.303 1.8 -10.303
v -18.303 1.8 -2.303
v -18.303 1.8 5.697
v -18.303 1.8 13.697
v -18.303 1.8 21.697
v -18.303 1.8 29.697
v -18.303 1.8 37.697
v -18.303 1.8 45.697
v -18.303 1.8 53.697
v -18.303 1.8 61.697
v -26.303 1.8 -58.303
v -26.303 1.8 -50.303
v -26.303 1.8 -42.303
v -26.303 1.8 -34.303
v -26.303 1.8 -26.303
v -26.303 1.8 -18.303
v -26.303 1.8 -10.303
v -26.303 1.8 -2.303
v -26.303 1.8 5.697
v -26.303 1.8 13.697
v -26.303 1.8 21.697
v -26.303 1.8 29.697
v -26.303 1.8 37.697
v -26.303 1.8 45.697
v -26.303 1.8 53.697
v -26.303 1.8 61.697
v -34.303 1.8 -58.303
v -34.303 1.8 -50.303
v -34.303 1.8 -42.303
v -34.303 1.8 -34.303
v -34.303 1.8 -26.303
v -34.303 1.8 -18.303
v -34.303 1.8 -10.303
v -34.303 1.8 -2.303
v -34.303 1.8 5.697
v -34.303 1.8 13.697
v -34.303 1.8 21.697
v -34.303 1.8 29.697
v -34.303 1.8 37.697
v -34.303 1.8 45.697
v -34.303 1.8 53.697
v -34.303 1.8 61.697
v -42.303 1.8 -58.303
v -42.303 1.8 -50.303
v -42.303 1.8 -42.303
v -42.303 1.8 -34.303
v -42.303 1.8 -26.303
v -42.303 1.8 -18.303
v -42.303 1.8 -10.303
v -42.303 1.8 -2.303
v -42.303 1.8 5.697
v -42.303 1.8 13.697
v -42.303 1.8 21.697
v -42.303 1.8 29.697
v -42.303 1.8 37.697
v -42.303 1.8 45.697
v -42.303 1.8 53.697
v -42.303 1.8 61.697
v -50.303 1.8 -58.303
v -50.303 1.8 -50.303
v -50.303 1.8 -42.303
v -50.303 1.8 -34.303
v -50.303 1.8 -26.303
v -50.303 1.8 -18.303
v -50.303 1.8 -10.303
v -50.303 1.8 -2.303
v -50.303 1.8 5.697
v -50.303 1.8 13.697
v -50.303 1.8 21.697
v -50.303 1.8 29.697
v -50.303 1.8 37.697
v -50.303 1.8 45.697
v -50.303 1.8 53.697
v -50.303 1.8 61.697
v -58.303 1.8 -58.303
v -58.303 1.8 -50.303
v -58.303 1.8 -42.303
v -58.303 1.8 -34.303
v -58.303 1.8 -26.303
v -58.303 1.8 -18.303
v -58.303 1.8 -10.303
v -58.303 1.8 -2.303
v -58.303 1.8 5.697
v -58.303 1.8 13.697
v -58.303 1.8 21.697
v -58.303 1.8 29.697
v -58.303 1.8 37.697
v -58.303 1.8 45.697
v -58.303 1.8 53.697
v -58.303 1.8 61.697
v 60.918 1.8 -57.783
v 60.918 1.8 -49.783
v 60.918 1.8 -41.783
v 60.918 1.8 -33.783
v 60.918 1.8 -25.783
v 60.918 1.8 -17.783
v 60.918 1.8 -9.783
v 60.918 1.8 -1.783
v 60.918 1.8 6.217
v 60.918 1.8 14.217
v 60.918 1.8 22.217
v 60.918 1.8 30.217
v 60.918 1.8 38.217
v 60.918 1.8 46.217
v 60.918 1.8 54.217
v 60.918 1.8 62.217
v 52.918 1.8 -57.783
v 52.918 1.8 -49.783
v 52.918 1.8 -41.783
v 52.918 1.8 -33.783
v 52.918 1.8 -25.783
v 52.918 1.8 -17.783
v 52.918 1.8 -9.783
v 52.918 1.8 -1.783
v 52.918 1.8 6.217
v 52.918 1.8 14.217
v 52.918 1.8 22.217
v 52.918 1.8 30.217
v 52.918 1.8 38.217
v 52.918 1.8 46.217
v 52.918 1.8 54.217
v 52.918 1.8 62.217
v 44.918 1.8 -57.783
v 44.918 1.8 -49.783
v 44.918 1.8 -41.783
v 44.918 1.8 -33.783
v 44.918 1.8 -25.783
v 44.918 1.8 -17.783
v 44.918 1.8 -9.783
v 44.918 1.8 -1.783
v 44.918 1.8 6.217
v 44.918 1.8 14.217
v 44.918 1.8 22.217
v 44.918 1.8 30.217
v 44.918 1.8 38.217
v 44.918 1.8 46.217
v 44.918 1.8 54.217
v 44.918 1.8 62.217
v 36.918 1.8 -57.783
v 36.918 1.8 -49.783
v 36.918 1.8 -41.783
v 36.918 1.8 -33.783
v 36.918 1.8 -25.783
v 36.918 1.8 -17.783
v 36.918 1.8 -9.783
v 36.918 1.8 -1.783
v 36.918 1.8 6.217
v 36.918 1.8 14.217
v 36.918 1.8 22.217
v 36.918 1.8 30.217
v 36.918 1.8 38.217
v 36.918 1.8 46.217
v 36.918 1.8 54.217
v 36.918 1.8 62.217
v 28.918 1.8 -57.783
v 28.918 1.8 -49.783
v 28.918 1.8 -41.783
v 28.918 1.8 -33.783
v 28.918 1.8 -25.783
v 28.918 1.8 -17.783
v 28.918 1.8 -9.783
v 28.918 1.8 -1.783
v 28.918 1.8 6.217
v 28.918 1.8 14.217
v 28.918 1.8 22.217
v 28.918 1.8 30.217
v 28.918 1.8 38.217
v 28.918 1.8 46.217
v 28.918 1.8 54.217
v 28.918 1.8 62.217
v 20.918 1.8 -57.783
v 20.918 1.8 -49.783
v 20.918 1.8 -41.783
v 20.918 1.8 -33.783
v 20.918 1.8 -25.783
v 20.918 1.8 -17.783
v 20.918 1.8 -9.783
v 20.918 1.8 -1.783
v 20.918 1.8 6.217
v 20.918 1.8 14.217
v 20.918 1.8 22.217
v 20.918 1.8 30.217
v 20.918 1.8 38.217
v 20.918 1.8 46.217
v 20.918 1.8 54.217
v 20.918 1.8 62.217
v 12.918 1.8 -57.783
v 12.918 1.8 -49.783
v 12.918 1.8 -41.783
v 12.918 1.8 -33.783
v 12.918 1.8 -25.783
v 12.918 1.8 -17.783
v 12.918 1.8 -9.783
v 12.918 1.8 -1.783
v 12.918 1.8 6.217
v 12.918 1.8 14.217
v 12.918 1.8 22.217
v 12.918 1.8 30.217
v 12.918 1.8 38.217
v 12.918 1.8 46.217
v 12.918 1.8 54.217
v 12.918 1.8 62.217
v 4.918 1.8 -57.783
v 4.918 1.8 -49.783
v 4.918 1.8 -41.783
v 4.918 1.8 -33.783
v 4.918 1.8 -25.783
v 4.918 1.8 -17.783
v 4.918 1.8 -9.783
v 4.918 1.8 -1.783
v 4.918 1.8 6.217
v 4.918 1.8 14.217
v 4.918 1.8 22.217
v 4.918 1.8 30.217
v 4.918 1.8 38.217
v 4.918 1.8 46.217
v 4.918 1.8 54.217
v 4.918 1.8 62.217
v -3.082 1.8 -57.783
v -3.082 1.8 -49.783
v -3.082 1.8 -41.783
v -3.082 1.8 -33.783
v -3.082 1.8 -25.783
v -3.082 1.8 -17.783
v -3.082 1.8 -9.783
v -3.082 1.8 -1.783
v -3.082 1.8 6.217
v -3.082 1.8 14.217
v -3.082 1.8 22.217
v -3.082 1.8 30.217
v -3.082 1.8 38.217
v -3.082 1.8 46.217
v -3.082 1.8 54.217
v -3.082 1.8 62.217
v -11.082 1.8 -57.783
v -11.082 1.8 -49.783
v -11.082 1.8 -41.783
v -11.082 1.8 -33.783
v -11.082 1.8 -25.783
v -11.082 1.8 -17.783
v -11.082 1.8 -9.783
v -11.082 1.8 -1.783
v -11.082 1.8 6.217
v -11.082 1.8 14.217
v -11.082 1.8 22.217
v -11.082 1.8 30.217
v -11.082 1.8 38.217
v -11.082 1.8 46.217
v -11.082 1.8 54.217
v -11.082 1.8 62.217
v -19.082 1.8 -57.783
v -19.082 1.8 -49.783
v -19.082 1.8 -41.783
v -19.082 1.8 -33.783
v -19.082 1.8 -25.783
v -19.082 1.8 -17.783
v -19.082 1.8 -9.783
v -19.082 1.8 -1.783
v -19.082 1.8 6.217
v -19.082 1.8 14.217
v -19.082 1.8 22.217
v -19.082 1.8 30.217
v -19.082 1.8 38.217
v -19.082 1.8 46.217
v -19.082 1.8 54.217
v -19.082 1.8 62.217
v -27.082 1.8 -57.783
v -27.082 1.8 -49.783
v -27.082 1.8 -41.783
v -27.082 1.8 -33.783
v -27.082 1.8 -25.783
v -27.082 1.8 -17.783
v -27.082 1.8 -9.783
v -27.082 1.8 -1.783
v -27.082 1.8 6.217
v -27.082 1.8 14.217
v -27.082 1.8 22.217
v -27.082 1.8 30.217
v -27.082 1.8 38.217
v -27.082 1.8 46.217
v -27.082 1.8 54.217
v -27.082 1.8 62.217
v -35.082 1.8 -57.783
v -35.082 1.8 -49.783
v -35.082 1.8 -41.783
v -35.082 1.8 -33.783
v -35.082 1.8 -25.783
v -35.082 1.8 -17.783
v -35.082 1.8 -9.783
v -35.082 1.8 -1.783
v -35.082 1.8 6.217
v -35.082 1.8 14.217
v -35.082 1.8 22.217
v -35.082 1.8 30.217
v -35.082 1.8 38.217
v -35.082 1.8 46.217
v -35.082 1.8 54.217
v -35.082 1.8 62.217
v -43.082 1.8 -57.783
v -43.082 1.8 -49.783
v -43.082 1.8 -41.783
v -43.082 1.8 -33.783
v -43.082 1.8 -25.783
v -43.082 1.8 -17.783
v -43.082 1.8 -9.783
v -43.082 1.8 -1.783
v -43.082 1.8 6.217
v -43.082 1.8 14.217
v -43.082 1.8 22.217
v -43.082 1.8 30.217
v -43.082 1.8 38.217
v -43.082 1.8 46.217
v -43.082 1.8 54.217
v -43.082 1.8 62.217
v -51.082 1.8 -57.783
v -51.082 1.8 -49.783
v -51.082 1.8 -41.783
v -51.082 1.8 -33.783
v -51.082 1.8 -25.783
v -51.082 1.8 -17.783
v -51.082 1.8 -9.783
v -51.082 1.8 -1.783
v -51.082 1.8 6.217
v -51.082 1.8 14.217
v -51.082 1.8 22.217
v -51.082 1.8 30.217
v -51.082 1.8 38.217
v -51.082 1.8 46.217
v -51.082 1.8 54.217
v -51.082 1.8 62.217
v -59.082 1.8 -57.783
v -59.082 1.8 -49.783
v -59.082 1.8 -41.783
v -59.082 1.8 -33.783
v -59.082 1.8 -25.783
v -59.082 1.8 -17.783
v -59.082 1.8 -9.783
v -59.082 1.8 -1.783
v -59.082 1.8 6.217
v -59.082 1.8 14.217
v -59.082 1.8 22.217
v -59.082 1.8 30.217
v -59.082 1.8 38.217
v -59.082 1.8 46.217
v -59.082 1.8 54.217
v -59.082 1.8 62.217
v 60 1.8 -57.6
v 60 1.8 -49.6
v 60 1.8 -41.6
v 60 1.8 -33.6
v 60 1.8 -25.6
v 60 1.8 -17.6
v 60 1.8 -9.6
v 60 1.8 -1.6
v 60 1.8 6.4
v 60 1.8 14.4
v 60 1.8 22.4
v 60 1.8 30.4
v 60 1.8 38.4
v 60 1.8 46.4
v 60 1.8 54.4
v 60 1.8 62.4
v 52 1.8 -57.6
v 52 1.8 -49.6
v 52 1.8 -41.6
v 52 1.8 -33.6
v 52 1.8 -25.6
v 52 1.8 -17.6
v 52 1.8 -9.6
v 52 1.8 -1.6
v 52 1.8 6.4
v 52 1.8 14.4
v 52 1.8 22.4
v 52 1.8 30.4
v 52 1.8 38.4
v 52 1.8 46.4
v 52 1.8 54.4
v 52 1.8 62.4
v 44 1.8 -57.6
v 44 1.8 -49.6
v 44 1.8 -41.6
v 44 1.8 -33.6
v 44 1.8 -25.6
v 44 1.8 -17.6
v 44 1.8 -9.6
v 44 1.8 -1.6
v 44 1.8 6.4
v 44 1.8 14.4
v 44 1.8 22.4
v 44 1.8 30.4
v 44 1.8 38.4
v 44 1.8 46.4
v 44 1.8 54.4
v 44 1.8 62.4
v 36 1.8 -57.6
v 36 1.8 -49.6
v 36 1.8 -41.6
v 36 1.8 -33.6
v 36 1.8 -25.6
v 36 1.8 -17.6
v 36 1.8 -9.6
v 36 1.8 -1.6
v 36 1.8 6.4
v 36 1.8 14.4
v 36 1.8 22.4
v 36 1.8 30.4
v 36 1.8 38.4
v 36 1.8 46.4
v 36 1.8 54.4
v 36 1.8 62.4
v 28 1.8 -57.6
v 28 1.8 -49.6
v 28 1.8 -41.6
v 28 1.8 -33.6
v 28 1.8 -25.6
v 28 1.8 -17.6
v 28 1.8 -9.6
v 28 1.8 -1.6
v 28 1.8 6.4
v 28 1.8 14.4
v 28 1.8 22.4
v 28 1.8 30.4
v 28 1.8 38.4
v 28 1.8 46.4
v 28 1.8 54.4
v 28 1.8 62.4
v 20 1.8 -57.6
v 20 1.8 -49.6
v 20 1.8 -41.6
v 20 1.8 -33.6
v 20 1.8 -25.6
v 20 1.8 -17.6
v 20 1.8 -9.6
v 20 1.8 -1.6
v 20 1.8 6.4
v 20 1.8 14.4
v 20 1.8 22.4
v 20 1.8 30.4
v 20 1.8 38.4
v 20 1.8 46.4
v 20 1.8 54.4
v 20 1.8 62.4
v 12 1.8 -57.6
v 12 1.8 -49.6
v 12 1.8 -41.6
v 12 1.8 -33.6
v 12 1.8 -25.6
v 12 1.8 -17.6
v 12 1.8 -9.6
v 12 1.8 -1.6
v 12 1.8 6.4
v 12 1.8 14.4
v 12 1.8 22.4
v 12 1.8 30.4
v 12 1.8 38.4
v 12 1.8 46.4
v 12 1.8 54.4
v 12 1.8 62.4
v 4 1.8 -57.6
v 4 1.8 -49.6
v 4 1.8 -41.6
v 4 1.8 -33.6
v 4 1.8 -25.6
v 4 1.8 -17.6
v 4 1.8 -9.6
v 4 1.8 -1.6
v 4 1.8 6.4
v 4 1.8 14.4
v 4 1.8 22.4
v 4 1.8 30.4
v 4 1.8 38.4
v 4 1.8 46.4
v 4 1.8 54.4
v 4 1.8 62.4
v -4 1.8 -57.6
v -4 1.8 -49.6
v -4 1.8 -41.6
v -4 1.8 -33.6
v -4 1.8 -25.6
v -4 1.8 -17.6
v -4 1.8 -9.6
v -4 1.8 -1.6
v -4 1.8 6.4
v -4 1.8 14.4
v -4 1.8 22.4
v -4 1.8 30.4
v -4 1.8 38.4
v -4 1.8 46.4
v -4 1.8 54.4
v -4 1.8 62.4
v -12 1.8 -57.6
v -12 1.8 -49.6
v -12 1.8 -41.6
v -12 1.8 -33.6
v -12 1.8 -25.6
v -12 1.8 -17.6
v -12 1.8 -9.6
v -12 1.8 -1.6
v -12 1.8 6.4
v -12 1.8 14.4
v -12 1.8 22.4
v -12 1.8 30.4
v -12 1.8 38.4
v -12 1.8 46.4
v -12 1.8 54.4
v -12 1.8 62.4
v -20 1.8 -57.6
v -20 1.8 -49.6
v -20 1.8 -41.6
v -20 1.8 -33.6
v -20 1.8 -25.6
v -20 1.8 -17.6
v -20 1.8 -9.6
v -20 1.8 -1.6
v -20 1.8 6.4
v -20 1.8 14.4
v -20 1.8 22.4
v -20 1.8 30.4
v -20 1.8 38.4
v -20 1.8 46.4
v -20 1.8 54.4
v -20 1.8 62.4
v -28 1.8 -57.6
v -28 1.8 -49.6
v -28 1.8 -41.6
v -28 1.8 -33.6
v -28 1.8 -25.6
v -28 1.8 -17.6
v -28 1.8 -9.6
v -28 1.8 -1.6
v -28 1.8 6.4
v -28 1.8 14.4
v -28 1.8 22.4
v -28 1.8 30.4
v -28 1.8 38.4
v -28 1.8 46.4
v -28 1.8 54.4
v -28 1.8 62.4
v -36 1.8 -57.6
v -36 1.8 -49.6
v -36 1.8 -41.6
v -36 1.8 -33.6
v -36 1.8 -25.6
v -36 1.8 -17.6
v -36 1.8 -9.6
v -36 1.8 -1.6
v -36 1.8 6.4
v -36 1.8 14.4
v -36 1.8 22.4
v -36 1.8 30.4
v -36 1.8 38.4
v -36 1.8 46.4
v -36 1.8 54.4
v -36 1.8 62.4
v -44 1.8 -57.6
v -44 1.8 -49.6
v -44 1.8 -41.6
v -44 1.8 -33.6
v -44 1.8 -25.6
v -44 1.8 -17.6
v -44 1.8 -9.6
v -44 1.8 -1.6
v -44 1.8 6.4
v -44 1.8 14.4
v -44 1.8 22.4
v -44 1.8 30.4
v -44 1.8 38.4
v -44 1.8 46.4
v -44 1.8 54.4
v -44 1.8 62.4
v -52 1.8 -57.6
v -52 1.8 -49.6
v -52 1.8 -41.6
v -52 1.8 -33.6
v -52 1.8 -25.6
v -52 1.8 -17.6
v -52 1.8 -9.6
v -52 1.8 -1.6
v -52 1.8 6.4
v -52 1.8 14.4
v -52 1.8 22.4
v -52 1.8 30.4
v -52 1.8 38.4
v -52 1.8 46.4
v -52 1.8 54.4
v -52 1.8 62.4
v -60 1.8 -57.6
v -60 1.8 -49.6
v -60 1.8 -41.6
v -60 1.8 -33.6
v -60 1.8 -25.6
v -60 1.8 -17.6
v -60 1.8 -9.6
v -60 1.8 -1.6
v -60 1.8 6.4
v -60 1.8 14.4
v -60 1.8 22.4
v -60 1.8 30.4
v -60 1.8 38.4
v -60 1.8 46.4
v -60 1.8 54.4
v -60 1.8 62.4
v 59.082 1.8 -57.783
v 59.082 1.8 -49.783
v 59.082 1.8 -41.783
v 59.082 1.8 -33.783
v 59.082 1.8 -25.783
v 59.082 1.8 -17.783
v 59.082 1.8 -9.783
v 59.082 1.8 -1.783
v 59.082 1.8 6.217
v 59.082 1.8 14.217
v 59.082 1.8 22.217
v 59.082 1.8 30.217
v 59.082 1.8 38.217
v 59.082 1.8 46.217
v 59.082 1.8 54.217
v 59.082 1.8 62.217
v 51.082 1.8 -57.783
v 51.082 1.8 -49.783
v 51.082 1.8 -41.783
v 51.082 1.8 -33.783
v 51.082 1.8 -25.783
v 51.082 1.8 -17.783
v 51.082 1.8 -9.783
v 51.082 1.8 -1.783
v 51.082 1.8 6.217
v 51.082 1.8 14.217
v 51.082 1.8 22.217
v 51.082 1.8 30.217
v 51.082 1.8 38.217
v 51.082 1.8 46.217
v 51.082 1.8 54.217
v 51.082 1.8 62.217
v 43.082 1.8 -57.783
v 43.082 1.8 -49.783
v 43.082 1.8 -41.783
v 43.082 1.8 -33.783
v 43.082 1.8 -25.783
v 43.082 1.8 -17.783
v 43.082 1.8 -9.783
v 43.082 1.8 -1.783
v 43.082 1.8 6.217
v 43.082 1.8 14.217
v 43.082 1.8 22.217
v 43.082 1.8 30.217
v 43.082 1.8 38.217
v 43.082 1.8 46.217
v 43.082 1.8 54.217
v 43.082 1.8 62.217
v 35.082 1.8 -57.783
v 35.082 1.8 -49.783
v 35.082 1.8 -41.783
v 35.082 1.8 -33.783
v 35.082 1.8 -25.783
v 35.082 1.8 -17.783
v 35.082 1.8 -9.783
v 35.082 1.8 -1.783
v 35.082 1.8 6.217
v 35.082 1.8 14.217
v 35.082 1.8 22.217
v 35.082 1.8 30.217
v 35.082 1.8 38.217
v 35.082 1.8 46.217
v 35.082 1.8 54.217
v 35.082 1.8 62.217
v 27.082 1.8 -57.783
v 27.082 1.8 -49.783
v 27.082 1.8 -41.783
v 27.082 1.8 -33.783
v 27.082 1.8 -25.783
v 27.082 1.8 -17.783
v 27.082 1.8 -9.783
v 27.082 1.8 -1.783
v 27.082 1.8 6.217
v 27.082 1.8 14.217
v 27.082 1.8 22.217
v 27.082 1.8 30.217
v 27.082 1.8 38.217
v 27.082 1.8 46.217
v 27.082 1.8 54.217
v 27.082 1.8 62.217
v 19.082 1.8 -57.783
v 19.082 1.8 -49.783
v 19.082 1.8 -41.783
v 19.082 1.8 -33.783
v 19.082 1.8 -25.783
v 19.082 1.8 -17.783
v 19.082 1.8 -9.783
v 19.082 1.8 -1.783
v 19.082 1.8 6.217
v 19.082 1.8 14.217
v 19.082 1.8 22.217
v 19.082 1.8 30.217
v 19.082 1.8 38.217
v 19.082 1.8 46.217
v 19.082 1.8 54.217
v 19.082 1.8 62.217
v 11.082 1.8 -57.783
v 11.082 1.8 -49.783
v 11.082 1.8 -41.783
v 11.082 1.8 -33.783
v 11.082 1.8 -25.783
v 11.082 1.8 -17.783
v 11.082 1.8 -9.783
v 11.082 1.8 -1.783
v 11.082 1.8 6.217
v 11.082 1.8 14.217
v 11.082 1.8 22.217
v 11.082 1.8 30.217
v 11.082 1.8 38.217
v 11.082 1.8 46.217
v 11.082 1.8 54.217
v 11.082 1.8 62.217
v 3.082 1.8 -57.783
v 3.082 1.8 -49.783
v 3.082 1.8 -41.783
v 3.082 1.8 -33.783
v 3.082 1.8 -25.783
v 3.082 1.8 -17.783
v 3.082 1.8 -9.783
v 3.082 1.8 -1.783
v 3.082 1.8 6.217
v 3.082 1.8 14.217
v 3.082 1.8 22.217
v 3.082 1.8 30.217
v 3.082 1.8 38.217
v 3.082 1.8 46.217
v 3.082 1.8 54.217
v 3.082 1.8 62.217
v -4.918 1.8 -57.783
v -4.918 1.8 -49.783
v -4.918 1.8 -41.783
v -4.918 1.8 -33.783
v -4.918 1.8 -25.783
v -4.918 1.8 -17.783
v -4.918 1.8 -9.783
v -4.918 1.8 -1.783
v -4.918 1.8 6.217
v -4.918 1.8 14.217
v -4.918 1.8 22.217
v -4.918 1.8 30.217
v -4.918 1.8 38.217
v -4.918 1.8 46.217
v -4.918 1.8 54.217
v -4.918 1.8 62.217
v -12.918 1.8 -57.783
v -12.918 1.8 -49.783
v -12.918 1.8 -41.783
v -12.918 1.8 -33.783
v -12.918 1.8 -25.783
v -12.918 1.8 -17.783
v -12.918 1.8 -9.783
v -12.918 1.8 -1.783
v -12.918 1.8 6.217
v -12.918 1.8 14.217
v -12.918 1.8 22.217
v -12.918 1.8 30.217
v -12.918 1.8 38.217
v -12.918 1.8 46.217
v -12.918 1.8 54.217
v -12.918 1.8 62.217
v -20.918 1.8 -57.783
v -20.918 1.8 -49.783
v -20.918 1.8 -41.783
v -20.918 1.8 -33.783
v -20.918 1.8 -25.783
v -20.918 1.8 -17.783
v -20.918 1.8 -9.783
v -20.918 1.8 -1.783
v -20.918 1.8 6.217
v -20.918 1.8 14.217
v -20.918 1.8 22.217
v -20.918 1.8 30.217
v -20.918 1.8 38.217
v -20.918 1.8 46.217
v -20.918 1.8 54.217
v -20.918 1.8 62.217
v -28.918 1.8 -57.783
v -28.918 1.8 -49.783
v -28.918 1.8 -41.783
v -28.918 1.8 -33.783
v -28.918 1.8 -25.783
v -28.918 1.8 -17.783
v -28.918 1.8 -9.783
v -28.918 1.8 -1.783
v -28.918 1.8 6.217
v -28.918 1.8 14.217
v -28.918 1.8 22.217
v -28.918 1.8 30.217
v -28.918 1.8 38.217
v -28.918 1.8 46.217
v -28.918 1.8 54.217
v -28.918 1.8 62.217
v -36.918 1.8 -57.783
v -36.918 1.8 -49.783
v -36.918 1.8 -41.783
v -36.918 1.8 -33.783
v -36.918 1.8 -25.783
v -36.918 1.8 -17.783
v -36.918 1.8 -9.783
v -36.918 1.8 -1.783
v -36.918 1.8 6.217
v -36.918 1.8 14.217
v -36.918 1.8 22.217
v -36.918 1.8 30.217
v -36.918 1.8 38.217
v -36.918 1.8 46.217
v -36.918 1.8 54.217
v -36.918 1.8 62.217
v -44.918 1.8 -57.783
v -44.918 1.8 -49.783
v -44.918 1.8 -41.783
v -44.918 1.8 -33.783
v -44.918 1.8 -25.783
v -44.918 1.8 -17.783
v -44.918 1.8 -9.783
v -44.918 1.8 -1.783
v -44.918 1.8 6.217
v -44.918 1.8 14.217
v -44.918 1.8 22.217
v -44.918 1.8 30.217
v -44.918 1.8 38.217
v -44.918 1.8 46.217
v -44.918 1.8 54.217
v -44.918 1.8 62.217
v -52.918 1.8 -57.783
v -52.918 1.8 -49.783
v -52.918 1.8 -41.783
v -52.918 1.8 -33.783
v -52.918 1.8 -25.783
v -52.918 1.8 -17.783
v -52.918 1.8 -9.783
v -52.918 1.8 -1.783
v -52.918 1.8 6.217
v -52.918 1.8 14.217
v -52.918 1.8 22.217
v -52.918 1.8 30.217
v -52.918 1.8 38.217
v -52.918 1.8 46.217
v -52.918 1.8 54.217
v -52.918 1.8 62.217
v -60.918 1.8 -57.783
v -60.918 1.8 -49.783
v -60.918 1.8 -41.783
v -60.918 1.8 -33.783
v -60.918 1.8 -25.783
v -60.918 1.8 -17.783
v -60.918 1.8 -9.783
v -60.918 1.8 -1.783
v -60.918 1.8 6.217
v -60.918 1.8 14.217
v -60.918 1.8 22.217
v -60.918 1.8 30.217
v -60.918 1.8 38.217
v -60.918 1.8 46.217
v -60.918 1.8 54.217
v -60.918 1.8 62.217
v 58.303 1.8 -58.303
v 58.303 1.8 -50.303
v 58.303 1.8 -42.303
v 58.303 1.8 -34.303
v 58.303 1.8 -26.303
v 58.303 1.8 -18.303
v 58.303 1.8 -10.303
v 58.303 1.8 -2.303
v 58.303 1.8 5.697
v 58.303 1.8 13.697
v 58.303 1.8 21.697
v 58.303 1.8 29.697
v 58.303 1.8 37.697
v 58.303 1.8 45.697
v 58.303 1.8 53.697
v 58.303 1.8 61.697
v 50.303 1.8 -58.303
v 50.303 1.8 -50.303
v 50.303 1.8 -42.303
v 50.303 1.8 -34.303
v 50.303 1.8 -26.303
v 50.303 1.8 -18.303
v 50.303 1.8 -10.303
v 50.303 1.8 -2.303
v 50.303 1.8 5.697
v 50.303 1.8 13.697
v 50.303 1.8 21.697
v 50.303 1.8 29.697
v 50.303 1.8 37.697
v 50.303 1.8 45.697
v 50.303 1.8 53.697
v 50.303 1.8 61.697
v 42.303 1.8 -58.303
v 42.303 1.8 -50.303
v 42.303 1.8 -42.303
v 42.303 1.8 -34.303
v 42.303 1.8 -26.303
v 42.303 1.8 -18.303
v 42.303 1.8 -10.303
v 42.303 1.8 -2.303
v 42.303 1.8 5.697
v 42.303 1.8 13.697
v 42.303 1.8 21.697
v 42.303 1.8 29.697
v 42.303 1.8 37.697
v 42.303 1.8 45.697
v 42.303 1.8 53.697
v 42.303 1.8 61.697
v 34.303 1.8 -58.303
v 34.303 1.8 -50.303
v 34.303 1.8 -42.303
v 34.303 1.8 -34.303
v 34.303 1.8 -26.303
v 34.303 1.8 -18.303
v 34.303 1.8 -10.303
v 34.303 1.8 -2.303
v 34.303 1.8 5.697
v 34.303 1.8 13.697
v 34.303 1.8 21.697
v 34.303 1.8 29.697
v 34.303 1.8 37.697
v 34.303 1.8 45.697
v 34.303 1.8 53.697
v 34.303 1.8 61.697
v 26.303 1.8 -58.303
v 26.303 1.8 -50.303
v 26.303 1.8 -42.303
v 26.303 1.8 -34.303
v 26.303 1.8 -26.303
v 26.303 1.8 -18.303
v 26.303 1.8 -10.303
v 26.303 1.8 -2.303
v 26.303 1.8 5.697
v 26.303 1.8 13.697
v 26.303 1.8 21.697
v 26.303 1.8 29.697
v 26.303 1.8 37.697
v 26.303 1.8 45.697
v 26.303 1.8 53.697
v 26.303 1.8 61.697
v 18.303 1.8 -58.303
v 18.303 1.8 -50.303
v 18.303 1.8 -42.303
v 18.303 1.8 -34.303
v 18.303 1.8 -26.303
v 18.303 1.8 -18.303
v 18.303 1.8 -10.303
v 18.303 1.8 -2.303
v 18.303 1.8 5.697
v 18.303 1.8 13.697
v 18.303 1.8 21.697
v 18.303 1.8 29.697
v 18.303 1.8 37.697
v 18.303 1.8 45.697
v 18.303 1.8 53.697
v 18.303 1.8 61.697
v 10.303 1.8 -58.303
v 10.303 1.8 -50.303
v 10.303 1.8 -42.303
v 10.303 1.8 -34.303
v 10.303 1.8 -26.303
v 10.303 1.8 -18.303
v 10.303 1.8 -10.303
v 10.303 1.8 -2.303
v 10.303 1.8 5.697
v 10.303 1.8 13.697
v 10.303 1.8 21.697
v 10.303 1.8 29.697
v 10.303 1.8 37.697
v 10.303 1.8 45.697
v 10.303 1.8 53.697
v 10.303 1.8 61.697
v 2.303 1.8 -58.303
v 2.303 1.8 -50.303
v 2.303 1.8 -42.303
v 2.303 1.8 -34.303
v 2.303 1.8 -26.303
v 2.303 1.8 -18.303
v 2.303 1.8 -10.303
v 2.303 1.8 -2.303
v 2.303 1.8 5.697
v 2.303 1.8 13.697
v 2.303 1.8 21.697
v 2.303 1.8 29.697
v 2.303 1.8 37.697
v 2.303 1.8 45.697
v 2.303 1.8 53.697
v 2.303 1.8 61.697
v -5.697 1.8 -58.303
v -5.697 1.8 -50.303
v -5.697 1.8 -42.303
v -5.697 1.8 -34.303
v -5.697 1.8 -26.303
v -5.697 1.8 -18.303
v -5.697 1.8 -10.303
v -5.697 1.8 -2.303
v -5.697 1.8 5.697
v -5.697 1.8 13.697
v -5.697 1.8 21.697
v -5.697 1.8 29.697
v -5.697 1.8 37.697
v -5.697 1.8 45.697
v -5.697 1.8 53.697
v -5.697 1.8 61.697
v -13.697 1.8 -58.303
v -13.697 1.8 -50.303
v -13.697 1.8 -42.303
v -13.697 1.8 -34.303
v -13.697 1.8 -26.303
v -13.697 1.8 -18.303
v -13.697 1.8 -10.303
v -13.697 1.8 -2.303
v -13.697 1.8 5.697
v -13.697 1.8 13.697
v -13.697 1.8 21.697
v -13.697 1.8 29.697
v -13.697 1.8 37.697
v -13.697 1.8 45.697
v -13.697 1.8 53.697
v -13.697 1.8 61.697
v -21.697 1.8 -58.303
v -21.697 1.8 -50.303
v -21.697 1.8 -42.303
v -21.697 1.8 -34.303
v -21.697 1.8 -26.303
v -21.697 1.8 -18.303
v -21.697 1.8 -10.303
v -21.697 1.8 -2.303
v -21.697 1.8 5.697
v -21.697 1.8 13.697
v -21.697 1.8 21.697
v -21.697 1.8 29.697
v -21.697 1.8 37.697
v -21.697 1.8 45.697
v -21.697 1.8 53.697
v -21.697 1.8 61.697
v -29.697 1.8 -58.303
v -29.697 1.8 -50.303
v -29.697 1.8 -42.303
v -29.697 1.8 -34.303
v -29.697 1.8 -26.303
v -29.697 1.8 -18.303
v -29.697 1.8 -10.303
v -29.697 1.8 -2.303
v -29.697 1.8 5.697
v -29.697 1.8 13.697
v -29.697 1.8 21.697
v -29.697 1.8 29.697
v -29.697 1.8 37.697
v -29.697 1.8 45.697
v -29.697 1.8 53.697
v -29.697 1.8 61.697
v -37.697 1.8 -58.303
v -37.697 1.8 -50.303
v -37.697 1.8 -42.303
v -37.697 1.8 -34.303
v -37.697 1.8 -26.303
v -37.697 1.8 -18.303
v -37.697 1.8 -10.303
v -37.697 1.8 -2.303
v -37.697 1.8 5.697
v -37.697 1.8 13.697
v -37.697 1.8 21.697
v -37.697 1.8 29.697
v -37.697 1.8 37.697
v -37.697 1.8 45.697
v -37.697 1.8 53.697
v -37.697 1.8 61.697
v -45.697 1.8 -58.303
v -45.697 1.8 -50.303
v -45.697 1.8 -42.303
v -45.697 1.8 -34.303
v -45.697 1.8 -26.303
v -45.697 1.8 -18.303
v -45.697 1.8 -10.303
v -45.697 1.8 -2.303
v -45.697 1.8 5.697
v -45.697 1.8 13.697
v -45.697 1.8 21.697
v -45.697 1.8 29.697
v -45.697 1.8 37.697
v -45.697 1.8 45.697
v -45.697 1.8 53.697
v -45.697 1.8 61.697
v -53.697 1.8 -58.303
v -53.697 1.8 -50.303
v -53.697 1.8 -42.303
v -53.697 1.8 -34.303
v -53.697 1.8 -26.303
v -53.697 1.8 -18.303
v -53.697 1.8 -10.303
v -53.697 1.8 -2.303
v -53.697 1.8 5.697
v -53.697 1.8 13.697
v -53.697 1.8 21.697
v -53.697 1.8 29.697
v -53.697 1.8 37.697
v -53.697 1.8 45.697
v -53.697 1.8 53.697
v -53.697 1.8 61.697
v -61.697 1.8 -58.303
v -61.697 1.8 -50.303
v -61.697 1.8 -42.303
v -61.697 1.8 -34.303
v -61.697 1.8 -26.303
v -61.697 1.8 -18.303
v -61.697 1.8 -10.303
v -61.697 1.8 -2.303
v -61.697 1.8 5.697
v -61.697 1.8 13.697
v -61.697 1.8 21.697
v -61.697 1.8 29.697
v -61.697 1.8 37.697
v -61.697 1.8 45.697
v -61.697 1.8 53.697
v -61.697 1.8 61.697
v 57.783 1.8 -59.082
v 57.783 1.8 -51.082
v 57.783 1.8 -43.082
v 57.783 1.8 -35.082
v 57.783 1.8 -27.082
v 57.783 1.8 -19.082
v 57.783 1.8 -11.082
v 57.783 1.8 -3.082
v 57.783 1.8 4.918
v 57.783 1.8 12.918
v 57.783 1.8 20.918
v 57.783 1.8 28.918
v 57.783 1.8 36.918
v 57.783 1.8 44.918
v 57.783 1.8 52.918
v 57.783 1.8 60.918
v 49.783 1.8 -59.082
v 49.783 1.8 -51.082
v 49.783 1.8 -43.082
v 49.783 1.8 -35.082
v 49.783 1.8 -27.082
v 49.783 1.8 -19.082
v 49.783 1.8 -11.082
v 49.783 1.8 -3.082
v 49.783 1.8 4.918
v 49.783 1.8 12.918
v 49.783 1.8 20.918
v 49.783 1.8 28.918
v 49.783 1.8 36.918
v 49.783 1.8 44.918
v 49.783 1.8 52.918
v 49.783 1.8 60.918
v 41.783 1.8 -59.082
v 41.783 1.8 -51.082
v 41.783 1.8 -43.082
v 41.783 1.8 -35.082
v 41.783 1.8 -27.082
v 41.783 1.8 -19.082
v 41.783 1.8 -11.082
v 41.783 1.8 -3.082
v 41.783 1.8 4.918
v 41.783 1.8 12.918
v 41.783 1.8 20.918
v 41.783 1.8 28.918
v 41.783 1.8 36.918
v 41.783 1.8 44.918
v 41.783 1.8 52.918
v 41.783 1.8 60.918
v 33.783 1.8 -59.082
v 33.783 1.8 -51.082
v 33.783 1.8 -43.082
v 33.783 1.8 -35.082
v 33.783 1.8 -27.082
v 33.783 1.8 -19.082
v 33.783 1.8 -11.082
v 33.783 1.8 -3.082
v 33.783 1.8 4.918
v 33.783 1.8 12.918
v 33.783 1.8 20.918
v 33.783 1.8 28.918
v 33.783 1.8 36.918
v 33.783 1.8 44.918
v 33.783 1.8 52.918
v 33.783 1.8 60.918
v 25.783 1.8 -59.082
v 25.783 1.8 -51.082
v 25.783 1.8 -43.082
v 25.783 1.8 -35.082
v 25.783 1.8 -27.082
v 25.783 1.8 -19.082
v 25.783 1.8 -11.082
v 25.783 1.8 -3.082
v 25.783 1.8 4.918
v 25.783 1.8 12.918
v 25.783 1.8 20.918
v 25.783 1.8 28.918
v 25.783 1.8 36.918
v 25.783 1.8 44.918
v 25.783 1.8 52.918
v 25.783 1.8 60.918
v 17.783 1.8 -59.082
v 17.783 1.8 -51.082
v 17.783 1.8 -43.082
v 17.783 1.8 -35.082
v 17.783 1.8 -27.082
v 17.783 1.8 -19.082
v 17.783 1.8 -11.082
v 17.783 1.8 -3.082
v 17.783 1.8 4.918
v 17.783 1.8 12.918
v 17.783 1.8 20.918
v 17.783 1.8 28.918
v 17.783 1.8 36.918
v 17.783 1.8 44.918
v 17.783 1.8 52.918
v 17.783 1.8 60.918
v 9.783 1.8 -59.082
v 9.783 1.8 -51.082
v 9.783 1.8 -43.082
v 9.783 1.8 -35.082
v 9.783 1.8 -27.082
v 9.783 1.8 -19.082
v 9.783 1.8 -11.082
v 9.783 1.8 -3.082
v 9.783 1.8 4.918
v 9.783 1.8 12.918
v 9.783 1.8 20.918
v 9.783 1.8 28.918
v 9.783 1.8 36.918
v 9.783 1.8 44.918
v 9.783 1.8 52.918
v 9.783 1.8 60.918
v 1.783 1.8 -59.082
v 1.783 1.8 -51.082
v 1.783 1.8 -43.082
v 1.783 1.8 -35.082
v 1.783 1.8 -27.082
v 1.783 1.8 -19.082
v 1.783 1.8 -11.082
v 1.783 1.8 -3.082
v 1.783 1.8 4.918
v 1.783 1.8 12.918
v 1.783 1.8 20.918
v 1.783 1.8 28.918
v 1.783 1.8 36.918
v 1.783 1.8 44.918
v 1.783 1.8 52.918
v 1.783 1.8 60.918
v -6.217 1.8 -59.082
v -6.217 1.8 -51.082
v -6.217 1.8 -43.082
v -6.217 1.8 -35.082
v -6.217 1.8 -27.082
v -6.217 1.8 -19.082
v -6.217 1.8 -11.082
v -6.217 1.8 -3.082
v -6.217 1.8 4.918
v -6.217 1.8 12.918
v -6.217 1.8 20.918
v -6.217 1.8 28.918
v -6.217 1.8 36.918
v -6.217 1.8 44.918
v -6.217 1.8 52.918
v -6.217 1.8 60.918
v -14.217 1.8 -59.082
v -14.217 1.8 -51.082
v -14.217 1.8 -43.082
v -14.217 1.8 -35.082
v -14.217 1.8 -27.082
v -14.217 1.8 -19.082
v -14.217 1.8 -11.082
v -14.217 1.8 -3.082
v -14.217 1.8 4.918
v -14.217 1.8 12.918
v -14.217 1.8 20.918
v -14.217 1.8 28.918
v -14.217 1.8 36.918
v -14.217 1.8 44.918
v -14.217 1.8 52.918
v -14.217 1.8 60.918
v -22.217 1.8 -59.082
v -22.217 1.8 -51.082
v -22.217 1.8 -43.082
v -22.217 1.8 -35.082
v -22.217 1.8 -27.082
v -22.217 1.8 -19.082
v -22.217 1.8 -11.082
v -22.217 1.8 -3.082
v -22.217 1.8 4.918
v -22.217 1.8 12.918
v -22.217 1.8 20.918
v -22.217 1.8 28.918
v -22.217 1.8 36.918
v -22.217 1.8 44.918
v -22.217 1.8 52.918
v -22.217 1.8 60.918
v -30.217 1.8 -59.082
v -30.217 1.8 -51.082
v -30.217 1.8 -43.082
v -30.217 1.8 -35.082
v -30.217 1.8 -27.082
v -30.217 1.8 -19.082
v -30.217 1.8 -11.082
v -30.217 1.8 -3.082
v -30.217 1.8 4.918
v -30.217 1.8 12.918
v -30.217 1.8 20.918
v -30.217 1.8 28.918
v -30.217 1.8 36.918
v -30.217 1.8 44.918
v -30.217 1.8 52.918
v -30.217 1.8 60.918
v -38.217 1.8 -59.082
v -38.217 1.8 -51.082
v -38.217 1.8 -43.082
v -38.217 1.8 -35.082
v -38.217 1.8 -27.082
v -38.217 1.8 -19.082
v -38.217 1.8 -11.082
v -38.217 1.8 -3.082
v -38.217 1.8 4.918
v -38.217 1.8 12.918
v -38.217 1.8 20.918
v -38.217 1.8 28.918
v -38.217 1.8 36.918
v -38.217 1.8 44.918
v -38.217 1.8 52.918
v -38.217 1.8 60.918
v -46.217 1.8 -59.082
v -46.217 1.8 -51.082
v -46.217 1.8 -43.082
v -46.217 1.8 -35.082
v -46.217 1.8 -27.082
v -46.217 1.8 -19.082
v -46.217 1.8 -11.082
v -46.217 1.8 -3.082
v -46.217 1.8 4.918
v -46.217 1.8 12.918
v -46.217 1.8 20.918
v -46.217 1.8 28.918
v -46.217 1.8 36.918
v -46.217 1.8 44.918
v -46.217 1.8 52.918
v -46.217 1.8 60.918
v -54.217 1.8 -59.082
v -54.217 1.8 -51.082
v -54.217 1.8 -43.082
v -54.217 1.8 -35.082
v -54.217 1.8 -27.082
v -54.217 1.8 -19.082
v -54.217 1.8 -11.082
v -54.217 1.8 -3.082
v -54.217 1.8 4.918
v -54.217 1.8 12.918
v -54.217 1.8 20.918
v -54.217 1.8 28.918
v -54.217 1.8 36.918
v -54.217 1.8 44.918
v -54.217 1.8 52.918
v -54.217 1.8 60.918
v -62.217 1.8 -59.082
v -62.217 1.8 -51.082
v -62.217 1.8 -43.082
v -62.217 1.8 -35.082
v -62.217 1.8 -27.082
v -62.217 1.8 -19.082
v -62.217 1.8 -11.082
v -62.217 1.8 -3.082
v -62.217 1.8 4.918
v -62.217 1.8 12.918
v -62.217 1.8 20.918
v -62.217 1.8 28.918
v -62.217 1.8 36.918
v -62.217 1.8 44.918
v -62.217 1.8 52.918
v -62.217 1.8 60.918
v 57.6 1.8 -60
v 57.6 1.8 -52
v 57.6 1.8 -44
v 57.6 1.8 -36
v 57.6 1.8 -28
v 57.6 1.8 -20
v 57.6 1.8 -12
v 57.6 1.8 -4
v 57.6 1.8 4
v 57.6 1.8 12
v 57.6 1.8 20
v 57.6 1.8 28
v 57.6 1.8 36
v 57.6 1.8 44
v 57.6 1.8 52
v 57.6 1.8 60
v 49.6 1.8 -60
v 49.6 1.8 -52
v 49.6 1.8 -44
v 49.6 1.8 -36
v 49.6 1.8 -28
v 49.6 1.8 -20
v 49.6 1.8 -12
v 49.6 1.8 -4
v 49.6 1.8 4
v 49.6 1.8 12
v 49.6 1.8 20
v 49.6 1.8 28
v 49.6 1.8 36
v 49.6 1.8 44
v 49.6 1.8 52
v 49.6 1.8 60
v 41.6 1.8 -60
v 41.6 1.8 -52
v 41.6 1.8 -44
v 41.6 1.8 -36
v 41.6 1.8 -28
v 41.6 1.8 -20
v 41.6 1.8 -12
v 41.6 1.8 -4
v 41.6 1.8 4
v 41.6 1.8 12
v 41.6 1.8 20
v 41.6 1.8 28
v 41.6 1.8 36
v 41.6 1.8 44
v 41.6 1.8 52
v 41.6 1.8 60
v 33.6 1.8 -60
v 33.6 1.8 -52
v 33.6 1.8 -44
v 33.6 1.8 -36
v 33.6 1.8 -28
v 33.6 1.8 -20
v 33.6 1.8 -12
v 33.6 1.8 -4
v 33.6 1.8 4
v 33.6 1.8 12
v 33.6 1.8 20
v 33.6 1.8 28
v 33.6 1.8 36
v 33.6 1.8 44
v 33.6 1.8 52
v 33.6 1.8 60
v 25.6 1.8 -60
v 25.6 1.8 -52
v 25.6 1.8 -44
v 25.6 1.8 -36
v 25.6 1.8 -28
v 25.6 1.8 -20
v 25.6 1.8 -12
v 25.6 1.8 -4
v 25.6 1.8 4
v 25.6 1.8 12
v 25.6 1.8 20
v 25.6 1.8 28
v 25.6 1.8 36
v 25.6 1.8 44
v 25.6 1.8 52
v 25.6 1.8 60
v 17.6 1.8 -60
v 17.6 1.8 -52
v 17.6 1.8 -44
v 17.6 1.8 -36
v 17.6 1.8 -28
v 17.6 1.8 -20
v 17.6 1.8 -12
v 17.6 1.8 -4
v 17.6 1.8 4
v 17.6 1.8 12
v 17.6 1.8 20
v 17.6 1.8 28
v 17.6 1.8 36
v 17.6 1.8 44
v 17.6 1.8 52
v 17.6 1.8 60
v 9.6 1.8 -60
v 9.6 1.8 -52
v 9.6 1.8 -44
v 9.6 1.8 -36
v 9.6 1.8 -28
v 9.6 1.8 -20
v 9.6 1.8 -12
v 9.6 1.8 -4
v 9.6 1.8 4
v 9.6 1.8 12
v 9.6 1.8 20
v 9.6 1.8 28
v 9.6 1.8 36
v 9.6 1.8 44
v 9.6 1.8 52
v 9.6 1.8 60
v 1.6 1.8 -60
v 1.6 1.8 -52
v 1.6 1.8 -44
v 1.6 1.8 -36
v 1.6 1.8 -28
v 1.6 1.8 -20
v 1.6 1.8 -12
v 1.6 1.8 -4
v 1.6 1.8 4
v 1.6 1.8 12
v 1.6 1.8 20
v 1.6 1.8 28
v 1.6 1.8 36
v 1.6 1.8 44
v 1.6 1.8 52
v 1.6 1.8 60
v -6.4 1.8 -60
v -6.4 1.8 -52
v -6.4 1.8 -44
v -6.4 1.8 -36
v -6.4 1.8 -28
v -6.4 1.8 -20
v -6.4 1.8 -12
v -6.4 1.8 -4
v -6.4 1.8 4
v -6.4 1.8 12
v -6.4 1.8 20
v -6.4 1.8 28
v -6.4 1.8 36
v -6.4 1.8 44
v -6.4 1.8 52
v -6.4 1.8 60
v -14.4 1.8 -60
v -14.4 1.8 -52
v -14.4 1.8 -44
v -14.4 1.8 -36
v -14.4 1.8 -28
v -14.4 1.8 -20
v -14.4 1.8 -12
v -14.4 1.8 -4
v -14.4 1.8 4
v -14.4 1.8 12
v -14.4 1.8 20
v -14.4 1.8 28
v -14.4 1.8 36
v -14.4 1.8 44
v -14.4 1.8 52
v -14.4 1.8 60
v -22.4 1.8 -60
v -22.4 1.8 -52
v -22.4 1.8 -44
v -22.4 1.8 -36
v -22.4 1.8 -28
v -22.4 1.8 -20
v -22.4 1.8 -12
v -22.4 1.8 -4
v -22.4 1.8 4
v -22.4 1.8 12
v -22.4 1.8 20
v -22.4 1.8 28
v -22.4 1.8 36
v -22.4 1.8 44
v -22.4 1.8 52
v -22.4 1.8 60
v -30.4 1.8 -60
v -30.4 1.8 -52
v -30.4 1.8 -44
v -30.4 1.8 -36
v -30.4 1.8 -28
v -30.4 1.8 -20
v -30.4 1.8 -12
v -30.4 1.8 -4
v -30.4 1.8 4
v -30.4 1.8 12
v -30.4 1.8 20
v -30.4 1.8 28
v -30.4 1.8 36
v -30.4 1.8 44
v -30.4 1.8 52
v -30.4 1.8 60
v -38.4 1.8 -60
v -38.4 1.8 -52
v -38.4 1.8 -44
v -38.4 1.8 -36
v -38.4 1.8 -28
v -38.4 1.8 -20
v -38.4 1.8 -12
v -38.4 1.8 -4
v -38.4 1.8 4
v -38.4 1.8 12
v -38.4 1.8 20
v -38.4 1.8 28
v -38.4 1.8 36
v -38.4 1.8 44
v -38.4 1.8 52
v -38.4 1.8 60
v -46.4 1.8 -60
v -46.4 1.8 -52
v -46.4 1.8 -44
v -46.4 1.8 -36
v -46.4 1.8 -28
v -46.4 1.8 -20
v -46.4 1.8 -12
v -46.4 1.8 -4
v -46.4 1.8 4
v -46.4 1.8 12
v -46.4 1.8 20
v -46.4 1.8 28
v -46.4 1.8 36
v -46.4 1.8 44
v -46.4 1.8 52
v -46.4 1.8 60
v -54.4 1.8 -60
v -54.4 1.8 -52
v -54.4 1.8 -44
v -54.4 1.8 -36
v -54.4 1.8 -28
v -54.4 1.8 -20
v -54.4 1.8 -12
v -54.4 1.8 -4
v -54.4 1.8 4
v -54.4 1.8 12
v -54.4 1.8 20
v -54.4 1.8 28
v -54.4 1.8 36
v -54.4 1.8 44
v -54.4 1.8 52
v -54.4 1.8 60
v -62.4 1.8 -60
v -62.4 1.8 -52
v -62.4 1.8 -44
v -62.4 1.8 -36
v -62.4 1.8 -28
v -62.4 1.8 -20
v -62.4 1.8 -12
v -62.4 1.8 -4
v -62.4 1.8 4
v -62.4 1.8 12
v -62.4 1.8 20
v -62.4 1.8 28
v -62.4 1.8 36
v -62.4 1.8 44
v -62.4 1.8 52
v -62.4 1.8 60
v 57.783 1.8 -60.918
v 57.783 1.8 -52.918
v 57.783 1.8 -44.918
v 57.783 1.8 -36.918
v 57.783 1.8 -28.918
v 57.783 1.8 -20.918
v 57.783 1.8 -12.918
v 57.783 1.8 -4.918
v 57.783 1.8 3.082
v 57.783 1.8 11.082
v 57.783 1.8 19.082
v 57.783 1.8 27.082
v 57.783 1.8 35.082
v 57.783 1.8 43.082
v 57.783 1.8 51.082
v 57.783 1.8 59.082
v 49.783 1.8 -60.918
v 49.783 1.8 -52.918
v 49.783 1.8 -44.918
v 49.783 1.8 -36.918
v 49.783 1.8 -28.918
v 49.783 1.8 -20.918
v 49.783 1.8 -12.918
v 49.783 1.8 -4.918
v 49.783 1.8 3.082
v 49.783 1.8 11.082
v 49.783 1.8 19.082
v 49.783 1.8 27.082
v 49.783 1.8 35.082
v 49.783 1.8 43.082
v 49.783 1.8 51.082
v 49.783 1.8 59.082
v 41.783 1.8 -60.918
v 41.783 1.8 -52.918
v 41.783 1.8 -44.918
v 41.783 1.8 -36.918
v 41.783 1.8 -28.918
v 41.783 1.8 -20.918
v 41.783 1.8 -12.918
v 41.783 1.8 -4.918
v 41.783 1.8 3.082
v 41.783 1.8 11.082
v 41.783 1.8 19.082
v 41.783 1.8 27.082
v 41.783 1.8 35.082
v 41.783 1.8 43.082
v 41.783 1.8 51.082
v 41.783 1.8 59.082
v 33.783 1.8 -60.918
v 33.783 1.8 -52.918
v 33.783 1.8 -44.918
v 33.783 1.8 -36.918
v 33.783 1.8 -28.918
v 33.783 1.8 -20.918
v 33.783 1.8 -12.918
v 33.783 1.8 -4.918
v 33.783 1.8 3.082
v 33.783 1.8 11.082
v 33.783 1.8 19.082
v 33.783 1.8 27.082
v 33.783 1.8 35.082
v 33.783 1.8 43.082
v 33.783 1.8 51.082
v 33.783 1.8 59.082
v 25.783 1.8 -60.918
v 25.783 1.8 -52.918
v 25.783 1.8 -44.918
v 25.783 1.8 -36.918
v 25.783 1.8 -28.918
v 25.783 1.8 -20.918
v 25.783 1.8 -12.918
v 25.783 1.8 -4.918
v 25.783 1.8 3.082
v 25.783 1.8 11.082
v 25.783 1.8 19.082
v 25.783 1.8 27.082
v 25.783 1.8 35.082
v 25.783 1.8 43.082
v 25.783 1.8 51.082
v 25.783 1.8 59.082
v 17.783 1.8 -60.918
v 17.783 1.8 -52.918
v 17.783 1.8 -44.918
v 17.783 1.8 -36.918
v 17.783 1.8 -28.918
v 17.783 1.8 -20.918
v 17.783 1.8 -12.918
v 17.783 1.8 -4.918
v 17.783 1.8 3.082
v 17.783 1.8 11.082
v 17.783 1.8 19.082
v 17.783 1.8 27.082
v 17.783 1.8 35.082
v 17.783 1.8 43.082
v 17.783 1.8 51.082
v 17.783 1.8 59.082
v 9.783 1.8 -60.918
v 9.783 1.8 -52.918
v 9.783 1.8 -44.918
v 9.783 1.8 -36.918
v 9.783 1.8 -28.918
v 9.783 1.8 -20.918
v 9.783 1.8 -12.918
v 9.783 1.8 -4.918
v 9.783 1.8 3.082
v 9.783 1.8 11.082
v 9.783 1.8 19.082
v 9.783 1.8 27.082
v 9.783 1.8 35.082
v 9.783 1.8 43.082
v 9.783 1.8 51.082
v 9.783 1.8 59.082
v 1.783 1.8 -60.918
v 1.783 1.8 -52.918
v 1.783 1.8 -44.918
v 1.783 1.8 -36.918
v 1.783 1.8 -28.918
v 1.783 1.8 -20.918
v 1.783 1.8 -12.918
v 1.783 1.8 -4.918
v 1.783 1.8 3.082
v 1.783 1.8 11.082
v 1.783 1.8 19.082
v 1.783 1.8 27.082
v 1.783 1.8 35.082
v 1.783 1.8 43.082
v 1.783 1.8 51.082
v 1.783 1.8 59.082
v -6.217 1.8 -60.918
v -6.217 1.8 -52.918
v -6.217 1.8 -44.918
v -6.217 1.8 -36.918
v -6.217 1.8 -28.918
v -6.217 1.8 -20.918
v -6.217 1.8 -12.918
v -6.217 1.8 -4.918
v -6.217 1.8 3.082
v -6.217 1.8 11.082
v -6.217 1.8 19.082
v -6.217 1.8 27.082
v -6.217 1.8 35.082
v -6.217 1.8 43.082
v -6.217 1.8 51.082
v -6.217 1.8 59.082
v -14.217 1.8 -60.918
v -14.217 1.8 -52.918
v -14.217 1.8 -44.918
v -14.217 1.8 -36.918
v -14.217 1.8 -28.918
v -14.217 1.8 -20.918
v -14.217 1.8 -12.918
v -14.217 1.8 -4.918
v -14.217 1.8 3.082
v -14.217 1.8 11.082
v -14.217 1.8 19.082
v -14.217 1.8 27.082
v -14.217 1.8 35.082
v -14.217 1.8 43.082
v -14.217 1.8 51.082
v -14.217 1.8 59.082
v -22.217 1.8 -60.918
v -22.217 1.8 -52.918
v -22.217 1.8 -44.918
v -22.217 1.8 -36.918
v -22.217 1.8 -28.918
v -22.217 1.8 -20.918
v -22.217 1.8 -12.918
v -22.217 1.8 -4.918
v -22.217 1.8 3.082
v -22.217 1.8 11.082
v -22.217 1.8 19.082
v -22.217 1.8 27.082
v -22.217 1.8 35.082
v -22.217 1.8 43.082
v -22.217 1.8 51.082
v -22.217 1.8 59.082
v -30.217 1.8 -60.918
v -30.217 1.8 -52.918
v -30.217 1.8 -44.918
v -30.217 1.8 -36.918
v -30.217 1.8 -28.918
v -30.217 1.8 -20.918
v -30.217 1.8 -12.918
v -30.217 1.8 -4.918
v -30.217 1.8 3.082
v -30.217 1.8 11.082
v -30.217 1.8 19.082
v -30.217 1.8 27.082
v -30.217 1.8 35.082
v -30.217 1.8 43.082
v -30.217 1.8 51.082
v -30.217 1.8 59.082
v -38.217 1.8 -60.918
v -38.217 1.8 -52.918
v -38.217 1.8 -44.918
v -38.217 1.8 -36.918
v -38.217 1.8 -28.918
v -38.217 1.8 -20.918
v -38.217 1.8 -12.918
v -38.217 1.8 -4.918
v -38.217 1.8 3.082
v -38.217 1.8 11.082
v -38.217 1.8 19.082
v -38.217 1.8 27.082
v -38.217 1.8 35.082
v -38.217 1.8 43.082
v -38.217 1.8 51.082
v -38.217 1.8 59.082
v -46.217 1.8 -60.918
v -46.217 1.8 -52.918
v -46.217 1.8 -44.918
v -46.217 1.8 -36.918
v -46.217 1.8 -28.918
v -46.217 1.8 -20.918
v -46.217 1.8 -12.918
v -46.217 1.8 -4.918
v -46.217 1.8 3.082
v -46.217 1.8 11.082
v -46.217 1.8 19.082
v -46.217 1.8 27.082
v -46.217 1.8 35.082
v -46.217 1.8 43.082
v -46.217 1.8 51.082
v -46.217 1.8 59.082
v -54.217 1.8 -60.918
v -54.217 1.8 -52.918
v -54.217 1.8 -44.918
v -54.217 1.8 -36.918
v -54.217 1.8 -28.918
v -54.217 1.8 -20.918
v -54.217 1.8 -12.918
v -54.217 1.8 -4.918
v -54.217 1.8 3.082
v -54.217 1.8 11.082
v -54.217 1.8 19.082
v -54.217 1.8 27.082
v -54.217 1.8 35.082
v -54.217 1.8 43.082
v -54.217 1.8 51.082
v -54.217 1.8 59.082
v -62.217 1.8 -60.918
v -62.217 1.8 -52.918
v -62.217 1.8 -44.918
v -62.217 1.8 -36.918
v -62.217 1.8 -28.918
v -62.217 1.8 -20.918
v -62.217 1.8 -12.918
v -62.217 1.8 -4.918
v -62.217 1.8 3.082
v -62.217 1.8 11.082
v -62.217 1.8 19.082
v -62.217 1.8 27.082
v -62.217 1.8 35.082
v -62.217 1.8 43.082
v -62.217 1.8 51.082
v -62.217 1.8 59.082
v 58.303 1.8 -61.697
v 58.303 1.8 -53.697
v 58.303 1.8 -45.697
v 58.303 1.8 -37.697
v 58.303 1.8 -29.697
v 58.303 1.8 -21.697
v 58.303 1.8 -13.697
v 58.303 1.8 -5.697
v 58.303 1.8 2.303
v 58.303 1.8 10.303
v 58.303 1.8 18.303
v 58.303 1.8 26.303
v 58.303 1.8 34.303
v 58.303 1.8 42.303
v 58.303 1.8 50.303
v 58.303 1.8 58.303
v 50.303 1.8 -61.697
v 50.303 1.8 -53.697
v 50.303 1.8 -45.697
v 50.303 1.8 -37.697
v 50.303 1.8 -29.697
v 50.303 1.8 -21.697
v 50.303 1.8 -13.697
v 50.303 1.8 -5.697
v 50.303 1.8 2.303
v 50.303 1.8 10.303
v 50.303 1.8 18.303
v 50.303 1.8 26.303
v 50.303 1.8 34.303
v 50.303 1.8 42.303
v 50.303 1.8 50.303
v 50.303 1.8 58.303
v 42.303 1.8 -61.697
v 42.303 1.8 -53.697
v 42.303 1.8 -45.697
v 42.303 1.8 -37.697
v 42.303 1.8 -29.697
v 42.303 1.8 -21.697
v 42.303 1.8 -13.697
v 42.303 1.8 -5.697
v 42.303 1.8 2.303
v 42.303 1.8 10.303
v 42.303 1.8 18.303
v 42.303 1.8 26.303
v 42.303 1.8 34.303
v 42.303 1.8 42.303
v 42.303 1.8 50.303
v 42.303 1.8 58.303
v 34.303 1.8 -61.697
v 34.303 1.8 -53.697
v 34.303 1.8 -45.697
v 34.303 1.8 -37.697
v 34.303 1.8 -29.697
v 34.303 1.8 -21.697
v 34.303 1.8 -13.697
v 34.303 1.8 -5.697
v 34.303 1.8 2.303
v 34.303 1.8 10.303
v 34.303 1.8 18.303
v 34.303 1.8 26.303
v 34.303 1.8 34.303
v 34.303 1.8 42.303
v 34.303 1.8 50.303
v 34.303 1.8 58.303
v 26.303 1.8 -61.697
v 26.303 1.8 -53.697
v 26.303 1.8 -45.697
v 26.303 1.8 -37.697
v 26.303 1.8 -29.697
v 26.303 1.8 -21.697
v 26.303 1.8 -13.697
v 26.303 1.8 -5.697
v 26.303 1.8 2.303
v 26.303 1.8 10.303
v 26.303 1.8 18.303
v 26.303 1.8 26.303
v 26.303 1.8 34.303
v 26.303 1.8 42.303
v 26.303 1.8 50.303
v 26.303 1.8 58.303
v 18.303 1.8 -61.697
v 18.303 1.8 -53.697
v 18.303 1.8 -45.697
v 18.303 1.8 -37.697
v 18.303 1.8 -29.697
v 18.303 1.8 -21.697
v 18.303 1.8 -13.697
v 18.303 1.8 -5.697
v 18.303 1.8 2.303
v 18.303 1.8 10.303
v 18.303 1.8 18.303
v 18.303 1.8 26.303
v 18.303 1.8 34.303
v 18.303 1.8 42.303
v 18.303 1.8 50.303
v 18.303 1.8 58.303
v 10.303 1.8 -61.697
v 10.303 1.8 -53.697
v 10.303 1.8 -45.697
v 10.303 1.8 -37.697
v 10.303 1.8 -29.697
v 10.303 1.8 -21.697
v 10.303 1.8 -13.697
v 10.303 1.8 -5.697
v 10.303 1.8 2.303
v 10.303 1.8 10.303
v 10.303 1.8 18.303
v 10.303 1.8 26.303
v 10.303 1.8 34.303
v 10.303 1.8 42.303
v 10.303 1.8 50.303
v 10.303 1.8 58.303
v 2.303 1.8 -61.697
v 2.303 1.8 -53.697
v 2.303 1.8 -45.697
v 2.303 1.8 -37.697
v 2.303 1.8 -29.697
v 2.303 1.8 -21.697
v 2.303 1.8 -13.697
v 2.303 1.8 -5.697
v 2.303 1.8 2.303
v 2.303 1.8 10.303
v 2.303 1.8 18.303
v 2.303 1.8 26.303
v 2.303 1.8 34.303
v 2.303 1.8 42.303
v 2.303 1.8 50.303
v 2.303 1.8 58.303
v -5.697 1.8 -61.697
v -5.697 1.8 -53.697
v -5.697 1.8 -45.697
v -5.697 1.8 -37.697
v -5.697 1.8 -29.697
v -5.697 1.8 -21.697
v -5.697 1.8 -13.697
v -5.697 1.8 -5.697
v -5.697 1.8 2.303
v -5.697 1.8 10.303
v -5.697 1.8 18.303
v -5.697 1.8 26.303
v -5.697 1.8 34.303
v -5.697 1.8 42.303
v -5.697 1.8 50.303
v -5.697 1.8 58.303
v -13.697 1.8 -61.697
v -13.697 1.8 -53.697
v -13.697 1.8 -45.697
v -13.697 1.8 -37.697
v -13.697 1.8 -29.697
v -13.697 1.8 -21.697
v -13.697 1.8 -13.697
v -13.697 1.8 -5.697
v -13.697 1.8 2.303
v -13.697 1.8 10.303
v -13.697 1.8 18.303
v -13.697 1.8 26.303
v -13.697 1.8 34.303
v -13.697 1.8 42.303
v -13.697 1.8 50.303
v -13.697 1.8 58.303
v -21.697 1.8 -61.697
v -21.697 1.8 -53.697
v -21.697 1.8 -45.697
v -21.697 1.8 -37.697
v -21.697 1.8 -29.697
v -21.697 1.8 -21.697
v -21.697 1.8 -13.697
v -21.697 1.8 -5.697
v -21.697 1.8 2.303
v -21.697 1.8 10.303
v -21.697 1.8 18.303
v -21.697 1.8 26.303
v -21.697 1.8 34.303
v -21.697 1.8 42.303
v -21.697 1.8 50.303
v -21.697 1.8 58.303
v -29.697 1.8 -61.697
v -29.697 1.8 -53.697
v -29.697 1.8 -45.697
v -29.697 1.8 -37.697
v -29.697 1.8 -29.697
v -29.697 1.8 -21.697
v -29.697 1.8 -13.697
v -29.697 1.8 -5.697
v -29.697 1.8 2.303
v -29.697 1.8 10.303
v -29.697 1.8 18.303
v -29.697 1.8 26.303
v -29.697 1.8 34.303
v -29.697 1.8 42.303
v -29.697 1.8 50.303
v -29.697 1.8 58.303
v -37.697 1.8 -61.697
v -37.697 1.8 -53.697
v -37.697 1.8 -45.697
v -37.697 1.8 -37.697
v -37.697 1.8 -29.697
v -37.697 1.8 -21.697
v -37.697 1.8 -13.697
v -37.697 1.8 -5.697
v -37.697 1.8 2.303
v -37.697 1.8 10.303
v -37.697 1.8 18.303
v -37.697 1.8 26.303
v -37.697 1.8 34.303
v -37.697 1.8 42.303
v -37.697 1.8 50.303
v -37.697 1.8 58.303
v -45.697 1.8 -61.697
v -45.697 1.8 -53.697
v -45.697 1.8 -45.697
v -45.697 1.8 -37.697
v -45.697 1.8 -29.697
v -45.697 1.8 -21.697
v -45.697 1.8 -13.697
v -45.697 1.8 -5.697
v -45.697 1.8 2.303
v -45.697 1.8 10.303
v -45.697 1.8 18.303
v -45.697 1.8 26.303
v -45.697 1.8 34.303
v -45.697 1.8 42.303
v -45.697 1.8 50.303
v -45.697 1.8 58.303
v -53.697 1.8 -61.697
v -53.697 1.8 -53.697
v -53.697 1.8 -45.697
v -53.697 1.8 -37.697
v -53.697 1.8 -29.697
v -53.697 1.8 -21.697
v -53.697 1.8 -13.697
v -53.697 1.8 -5.697
v -53.697 1.8 2.303
v -53.697 1.8 10.303
v -53.697 1.8 18.303
v -53.697 1.8 26.303
v -53.697 1.8 34.303
v -53.697 1.8 42.303
v -53.697 1.8 50.303
v -53.697 1.8 58.303
v -61.697 1.8 -61.697
v -61.697 1.8 -53.697
v -61.697 1.8 -45.697
v -61.697 1.8 -37.697
v -61.697 1.8 -29.697
v -61.697 1.8 -21.697
v -61.697 1.8 -13.697
v -61.697 1.8 -5.697
v -61.697 1.8 2.303
v -61.697 1.8 10.303
v -61.697 1.8 18.303
v -61.697 1.8 26.303
v -61.697 1.8 34.303
v -61.697 1.8 42.303
v -61.697 1.8 50.303
v -61.697 1.8 58.303
v 59.082 1.8 -62.217
v 59.082 1.8 -54.217
v 59.082 1.8 -46.217
v 59.082 1.8 -38.217
v 59.082 1.8 -30.217
v 59.082 1.8 -22.217
v 59.082 1.8 -14.217
v 59.082 1.8 -6.217
v 59.082 1.8 1.783
v 59.082 1.8 9.783
v 59.082 1.8 17.783
v 59.082 1.8 25.783
v 59.082 1.8 33.783
v 59.082 1.8 41.783
v 59.082 1.8 49.783
v 59.082 1.8 57.783
v 51.082 1.8 -62.217
v 51.082 1.8 -54.217
v 51.082 1.8 -46.217
v 51.082 1.8 -38.217
v 51.082 1.8 -30.217
v 51.082 1.8 -22.217
v 51.082 1.8 -14.217
v 51.082 1.8 -6.217
v 51.082 1.8 1.783
v 51.082 1.8 9.783
v 51.082 1.8 17.783
v 51.082 1.8 25.783
v 51.082 1.8 33.783
v 51.082 1.8 41.783
v 51.082 1.8 49.783
v 51.082 1.8 57.783
v 43.082 1.8 -62.217
v 43.082 1.8 -54.217
v 43.082 1.8 -46.217
v 43.082 1.8 -38.217
v 43.082 1.8 -30.217
v 43.082 1.8 -22.217
v 43.082 1.8 -14.217
v 43.082 1.8 -6.217
v 43.082 1.8 1.783
v 43.082 1.8 9.783
v 43.082 1.8 17.783
v 43.082 1.8 25.783
v 43.082 1.8 33.783
v 43.082 1.8 41.783
v 43.082 1.8 49.783
v 43.082 1.8 57.783
v 35.082 1.8 -62.217
v 35.082 1.8 -54.217
v 35.082 1.8 -46.217
v 35.082 1.8 -38.217
v 35.082 1.8 -30.217
v 35.082 1.8 -22.217
v 35.082 1.8 -14.217
v 35.082 1.8 -6.217
v 35.082 1.8 1.783
v 35.082 1.8 9.783
v 35.082 1.8 17.783
v 35.082 1.8 25.783
v 35.082 1.8 33.783
v 35.082 1.8 41.783
v 35.082 1.8 49.783
v 35.082 1.8 57.783
v 27.082 1.8 -62.217
v 27.082 1.8 -54.217
v 27.082 1.8 -46.217
v 27.082 1.8 -38.217
v 27.082 1.8 -30.217
v 27.082 1.8 -22.217
v 27.082 1.8 -14.217
v 27.082 1.8 -6.217
v 27.082 1.8 1.783
v 27.082 1.8 9.783
v 27.082 1.8 17.783
v 27.082 1.8 25.783
v 27.082 1.8 33.783
v 27.082 1.8 41.783
v 27.082 1.8 49.783
v 27.082 1.8 57.783
v 19.082 1.8 -62.217
v 19.082 1.8 -54.217
v 19.082 1.8 -46.217
v 19.082 1.8 -38.217
v 19.082 1.8 -30.217
v 19.082 1.8 -22.217
v 19.082 1.8 -14.217
v 19.082 1.8 -6.217
v 19.082 1.8 1.783
v 19.082 1.8 9.783
v 19.082 1.8 17.783
v 19.082 1.8 25.783
v 19.082 1.8 33.783
v 19.082 1.8 41.783
v 19.082 1.8 49.783
v 19.082 1.8 57.783
v 11.082 1.8 -62.217
v 11.082 1.8 -54.217
v 11.082 1.8 -46.217
v 11.082 1.8 -38.217
v 11.082 1.8 -30.217
v 11.082 1.8 -22.217
v 11.082 1.8 -14.217
v 11.082 1.8 -6.217
v 11.082 1.8 1.783
v 11.082 1.8 9.783
v 11.082 1.8 17.783
v 11.082 1.8 25.783
v 11.082 1.8 33.783
v 11.082 1.8 41.783
v 11.082 1.8 49.783
v 11.082 1.8 57.783
v 3.082 1.8 -62.217
v 3.082 1.8 -54.217
v 3.082 1.8 -46.217
v 3.082 1.8 -38.217
v 3.082 1.8 -30.217
v 3.082 1.8 -22.217
v 3.082 1.8 -14.217
v 3.082 1.8 -6.217
v 3.082 1.8 1.783
v 3.082 1.8 9.783
v 3.082 1.8 17.783
v 3.082 1.8 25.783
v 3.082 1.8 33.783
v 3.082 1.8 41.783
v 3.082 1.8 49.783
v 3.082 1.8 57.783
v -4.918 1.8 -62.217
v -4.918 1.8 -54.217
v -4.918 1.8 -46.217
v -4.918 1.8 -38.217
v -4.918 1.8 -30.217
v -4.918 1.8 -22.217
v -4.918 1.8 -14.217
v -4.918 1.8 -6.217
v -4.918 1.8 1.783
v -4.918 1.8 9.783
v -4.918 1.8 17.783
v -4.918 1.8 25.783
v -4.918 1.8 33.783
v -4.918 1.8 41.783
v -4.918 1.8 49.783
v -4.918 1.8 57.783
v -12.918 1.8 -62.217
v -12.918 1.8 -54.217
v -12.918 1.8 -46.217
v -12.918 1.8 -38.217
v -12.918 1.8 -30.217
v -12.918 1.8 -22.217
v -12.918 1.8 -14.217
v -12.918 1.8 -6.217
v -12.918 1.8 1.783
v -12.918 1.8 9.783
v -12.918 1.8 17.783
v -12.918 1.8 25.783
v -12.918 1.8 33.783
v -12.918 1.8 41.783
v -12.918 1.8 49.783
v -12.918 1.8 57.783
v -20.918 1.8 -62.217
v -20.918 1.8 -54.217
v -20.918 1.8 -46.217
v -20.918 1.8 -38.217
v -20.918 1.8 -30.217
v -20.918 1.8 -22.217
v -20.918 1.8 -14.217
v -20.918 1.8 -6.217
v -20.918 1.8 1.783
v -20.918 1.8 9.783
v -20.918 1.8 17.783
v -20.918 1.8 25.783
v -20.918 1.8 33.783
v -20.918 1.8 41.783
v -20.918 1.8 49.783
v -20.918 1.8 57.783
v -28.918 1.8 -62.217
v -28.918 1.8 -54.217
v -28.918 1.8 -46.217
v -28.918 1.8 -38.217
v -28.918 1.8 -30.217
v -28.918 1.8 -22.217
v -28.918 1.8 -14.217
v -28.918 1.8 -6.217
v -28.918 1.8 1.783
v -28.918 1.8 9.783
v -28.918 1.8 17.783
v -28.918 1.8 25.783
v -28.918 1.8 33.783
v -28.918 1.8 41.783
v -28.918 1.8 49.783
v -28.918 1.8 57.783
v -36.918 1.8 -62.217
v -36.918 1.8 -54.217
v -36.918 1.8 -46.217
v -36.918 1.8 -38.217
v -36.918 1.8 -30.217
v -36.918 1.8 -22.217
v -36.918 1.8 -14.217
v -36.918 1.8 -6.217
v -36.918 1.8 1.783
v -36.918 1.8 9.783
v -36.918 1.8 17.783
v -36.918 1.8 25.783
v -36.918 1.8 33.783
v -36.918 1.8 41.783
v -36.918 1.8 49.783
v -36.918 1.8 57.783
v -44.918 1.8 -62.217
v -44.918 1.8 -54.217
v -44.918 1.8 -46.217
v -44.918 1.8 -38.217
v -44.918 1.8 -30.217
v -44.918 1.8 -22.217
v -44.918 1.8 -14.217
v -44.918 1.8 -6.217
v -44.918 1.8 1.783
v -44.918 1.8 9.783
v -44.918 1.8 17.783
v -44.918 1.8 25.783
v -44.918 1.8 33.783
v -44.918 1.8 41.783
v -44.918 1.8 49.783
v -44.918 1.8 57.783
v -52.918 1.8 -62.217
v -52.918 1.8 -54.217
v -52.918 1.8 -46.217
v -52.918 1.8 -38.217
v -52.918 1.8 -30.217
v -52.918 1.8 -22.217
v -52.918 1.8 -14.217
v -52.918 1.8 -6.217
v -52.918 1.8 1.783
v -52.918 1.8 9.783
v -52.918 1.8 17.783
v -52.918 1.8 25.783
v -52.918 1.8 33.783
v -52.918 1.8 41.783
v -52.918 1.8 49.783
v -52.918 1.8 57.783
v -60.918 1.8 -62.217
v -60.918 1.8 -54.217
v -60.918 1.8 -46.217
v -60.918 1.8 -38.217
v -60.918 1.8 -30.217
v -60.918 1.8 -22.217
v -60.918 1.8 -14.217
v -60.918 1.8 -6.217
v -60.918 1.8 1.783
v -60.918 1.8 9.783
v -60.918 1.8 17.783
v -60.918 1.8 25.783
v -60.918 1.8 33.783
v -60.918 1.8 41.783
v -60.918 1.8 49.783
v -60.918 1.8 57.783
v -61.46 -1.38 63.96
v -62.417 -1.38 63.77
v -63.228 -1.38 63.228
v -63.77 -1.38 62.417
v -63.96 -1.38 61.46
v -61.46 -1.38 -63.96
v -62.417 -1.38 -63.77
v -63.228 -1.38 -63.228
v -63.77 -1.38 -62.417
v -63.96 -1.38 -61.46
v 61.46 -1.38 -63.96
v 62.417 -1.38 -63.77
v 63.228 -1.38 -63.228
v 63.77 -1.38 -62.417
v 63.96 -1.38 -61.46
v 61.46 -1.38 63.96
v 62.417 -1.38 63.77
v 63.228 -1.38 63.228
v 63.77 -1.38 62.417
v 63.96 -1.38 61.46
v 63.96 -0.02 61.46
v 63.96 -0.02 -61.46
v 61.46 -0.02 -63.96
v -61.46 -0.02 -63.96
v -63.96 -0.02 -61.46
v -63.96 -0.02 61.46
v 61.46 -0.02 63.96
v -61.46 -0.02 63.96
v 63.77 -0.02 62.417
v 63.228 -0.02 63.228
v 62.417 -0.02 63.77
v 63.77 -0.02 -62.417
v 63.228 -0.02 -63.228
v 62.417 -0.02 -63.77
v -63.77 -0.02 -62.417
v -63.228 -0.02 -63.228
v -62.417 -0.02 -63.77
v -63.77 -0.02 62.417
v -63.228 -0.02 63.228
v -62.417 -0.02 63.77
usemtl MB_26
s off
f 5699 1603 1859
f 5700 1604 1860
f 5701 1605 1861
f 5702 1606 1862
f 5703 1607 1863
f 5704 1608 1864
f 5705 1609 1865
f 5706 1610 1866
f 5707 1611 1867
f 5708 1612 1868
f 5709 1613 1869
f 5710 1614 1870
f 5711 1615 1871
f 5712 1616 1872
f 5713 1617 1873
f 5714 1618 1874
f 5715 1619 1875
f 5716 1620 1876
f 5717 1621 1877
f 5718 1622 1878
f 5719 1623 1879
f 5720 1624 1880
f 5721 1625 1881
f 5722 1626 1882
f 5723 1627 1883
f 5724 1628 1884
f 5725 1629 1885
f 5726 1630 1886
f 5727 1631 1887
f 5728 1632 1888
f 5729 1633 1889
f 5730 1634 1890
f 5731 1635 1891
f 5732 1636 1892
f 5733 1637 1893
f 5734 1638 1894
f 5735 1639 1895
f 5736 1640 1896
f 5737 1641 1897
f 5738 1642 1898
f 5739 1643 1899
f 5740 1644 1900
f 5741 1645 1901
f 5742 1646 1902
f 5743 1647 1903
f 5744 1648 1904
f 5745 1649 1905
f 5746 1650 1906
f 5747 1651 1907
f 5748 1652 1908
f 5749 1653 1909
f 5750 1654 1910
f 5751 1655 1911
f 5752 1656 1912
f 5753 1657 1913
f 5754 1658 1914
f 5755 1659 1915
f 5756 1660 1916
f 5757 1661 1917
f 5758 1662 1918
f 5759 1663 1919
f 5760 1664 1920
f 5761 1665 1921
f 5762 1666 1922
f 5763 1667 1923
f 5764 1668 1924
f 5765 1669 1925
f 5766 1670 1926
f 5767 1671 1927
f 5768 1672 1928
f 5769 1673 1929
f 5770 1674 1930
f 5771 1675 1931
f 5772 1676 1932
f 5773 1677 1933
f 5774 1678 1934
f 5775 1679 1935
f 5776 1680 1936
f 5777 1681 1937
f 5778 1682 1938
f 5779 1683 1939
f 5780 1684 1940
f 5781 1685 1941
f 5782 1686 1942
f 5783 1687 1943
f 5784 1688 1944
f 5785 1689 1945
f 5786 1690 1946
f 5787 1691 1947
f 5788 1692 1948
f 5789 1693 1949
f 5790 1694 1950
f 5791 1695 1951
f 5792 1696 1952
f 5793 1697 1953
f 5794 1698 1954
f 5795 1699 1955
f 5796 1700 1956
f 5797 1701 1957
f 5798 1702 1958
f 5799 1703 1959
f 5800 1704 1960
f 5801 1705 1961
f 5802 1706 1962
f 5803 1707 1963
f 5804 1708 1964
f 5805 1709 1965
f 5806 1710 1966
f 5807 1711 1967
f 5808 1712 1968
f 5809 1713 1969
f 5810 1714 1970
f 5811 1715 1971
f 5812 1716 1972
f 5813 1717 1973
f 5814 1718 1974
f 5815 1719 1975
f 5816 1720 1976
f 5817 1721 1977
f 5818 1722 1978
f 5819 1723 1979
f 5820 1724 1980
f 5821 1725 1981
f 5822 1726 1982
f 5823 1727 1983
f 5824 1728 1984
f 5825 1729 1985
f 5826 1730 1986
f 5827 1731 1987
f 5828 1732 1988
f 5829 1733 1989
f 5830 1734 1990
f 5831 1735 1991
f 5832 1736 1992
f 5833 1737 1993
f 5834 1738 1994
f 5835 1739 1995
f 5836 1740 1996
f 5837 1741 1997
f 5838 1742 1998
f 5839 1743 1999
f 5840 1744 2000
f 5841 1745 2001
f 5842 1746 2002
f 5843 1747 2003
f 5844 1748 2004
f 5845 1749 2005
f 5846 1750 2006
f 5847 1751 2007
f 5848 1752 2008
f 5849 1753 2009
f 5850 1754 2010
f 5851 1755 2011
f 5852 1756 2012
f 5853 1757 2013
f 5854 1758 2014
f 5855 1759 2015
f 5856 1760 2016
f 5857 1761 2017
f 5858 1762 2018
f 5859 1763 2019
f 5860 1764 2020
f 5861 1765 2021
f 5862 1766 2022
f 5863 1767 2023
f 5864 1768 2024
f 5865 1769 2025
f 5866 1770 2026
f 5867 1771 2027
f 5868 1772 2028
f 5869 1773 2029
f 5870 1774 2030
f 5871 1775 2031
f 5872 1776 2032
f 5873 1777 2033
f 5874 1778 2034
f 5875 1779 2035
f 5876 1780 2036
f 5877 1781 2037
f 5878 1782 2038
f 5879 1783 2039
f 5880 1784 2040
f 5881 1785 2041
f 5882 1786 2042
f 5883 1787 2043
f 5884 1788 2044
f 5885 1789 2045
f 5886 1790 2046
f 5887 1791 2047
f 5888 1792 2048
f 5889 1793 2049
f 5890 1794 2050
f 5891 1795 2051
f 5892 1796 2052
f 5893 1797 2053
f 5894 1798 2054
f 5895 1799 2055
f 5896 1800 2056
f 5897 1801 2057
f 5898 1802 2058
f 5899 1803 2059
f 5900 1804 2060
f 5901 1805 2061
f 5902 1806 2062
f 5903 1807 2063
f 5904 1808 2064
f 5905 1809 2065
f 5906 1810 2066
f 5907 1811 2067
f 5908 1812 2068
f 5909 1813 2069
f 5910 1814 2070
f 5911 1815 2071
f 5912 1816 2072
f 5913 1817 2073
f 5914 1818 2074
f 5915 1819 2075
f 5916 1820 2076
f 5917 1821 2077
f 5918 1822 2078
f 5919 1823 2079
f 5920 1824 2080
f 5921 1825 2081
f 5922 1826 2082
f 5923 1827 2083
f 5924 1828 2084
f 5925 1829 2085
f 5926 1830 2086
f 5927 1831 2087
f 5928 1832 2088
f 5929 1833 2089
f 5930 1834 2090
f 5931 1835 2091
f 5932 1836 2092
f 5933 1837 2093
f 5934 1838 2094
f 5935 1839 2095
f 5936 1840 2096
f 5937 1841 2097
f 5938 1842 2098
f 5939 1843 2099
f 5940 1844 2100
f 5941 1845 2101
f 5942 1846 2102
f 5943 1847 2103
f 5944 1848 2104
f 5945 1849 2105
f 5946 1850 2106
f 5947 1851 2107
f 5948 1852 2108
f 5949 1853 2109
f 5950 1854 2110
f 5951 1855 2111
f 5952 1856 2112
f 5953 1857 2113
f 5954 1858 2114
f 5443 1603 5699
f 5444 1604 5700
f 5445 1605 5701
f 5446 1606 5702
f 5447 1607 5703
f 5448 1608 5704
f 5449 1609 5705
f 5450 1610 5706
f 5451 1611 5707
f 5452 1612 5708
f 5453 1613 5709
f 5454 1614 5710
f 5455 1615 5711
f 5456 1616 5712
f 5457 1617 5713
f 5458 1618 5714
f 5459 1619 5715
f 5460 1620 5716
f 5461 1621 5717
f 5462 1622 5718
f 5463 1623 5719
f 5464 1624 5720
f 5465 1625 5721
f 5466 1626 5722
f 5467 1627 5723
f 5468 1628 5724
f 5469 1629 5725
f 5470 1630 5726
f 5471 1631 5727
f 5472 1632 5728
f 5473 1633 5729
f 5474 1634 5730
f 5475 1635 5731
f 5476 1636 5732
f 5477 1637 5733
f 5478 1638 5734
f 5479 1639 5735
f 5480 1640 5736
f 5481 1641 5737
f 5482 1642 5738
f 5483 1643 5739
f 5484 1644 5740
f 5485 1645 5741
f 5486 1646 5742
f 5487 1647 5743
f 5488 1648 5744
f 5489 1649 5745
f 5490 1650 5746
f 5491 1651 5747
f 5492 1652 5748
f 5493 1653 5749
f 5494 1654 5750
f 5495 1655 5751
f 5496 1656 5752
f 5497 1657 5753
f 5498 1658 5754
f 5499 1659 5755
f 5500 1660 5756
f 5501 1661 5757
f 5502 1662 5758
f 5503 1663 5759
f 5504 1664 5760
f 5505 1665 5761
f 5506 1666 5762
f 5507 1667 5763
f 5508 1668 5764
f 5509 1669 5765
f 5510 1670 5766
f 5511 1671 5767
f 5512 1672 5768
f 5513 1673 5769
f 5514 1674 5770
f 5515 1675 5771
f 5516 1676 5772
f 5517 1677 5773
f 5518 1678 5774
f 5519 1679 5775
f 5520 1680 5776
f 5521 1681 5777
f 5522 1682 5778
f 5523 1683 5779
f 5524 1684 5780
f 5525 1685 5781
f 5526 1686 5782
f 5527 1687 5783
f 5528 1688 5784
f 5529 1689 5785
f 5530 1690 5786
f 5531 1691 5787
f 5532 1692 5788
f 5533 1693 5789
f 5534 1694 5790
f 5535 1695 5791
f 5536 1696 5792
f 5537 1697 5793
f 5538 1698 5794
f 5539 1699 5795
f 5540 1700 5796
f 5541 1701 5797
f 5542 1702 5798
f 5543 1703 5799
f 5544 1704 5800
f 5545 1705 5801
f 5546 1706 5802
f 5547 1707 5803
f 5548 1708 5804
f 5549 1709 5805
f 5550 1710 5806
f 5551 1711 5807
f 5552 1712 5808
f 5553 1713 5809
f 5554 1714 5810
f 5555 1715 5811
f 5556 1716 5812
f 5557 1717 5813
f 5558 1718 5814
f 5559 1719 5815
f 5560 1720 5816
f 5561 1721 5817
f 5562 1722 5818
f 5563 1723 5819
f 5564 1724 5820
f 5565 1725 5821
f 5566 1726 5822
f 5567 1727 5823
f 5568 1728 5824
f 5569 1729 5825
f 5570 1730 5826
f 5571 1731 5827
f 5572 1732 5828
f 5573 1733 5829
f 5574 1734 5830
f 5575 1735 5831
f 5576 1736 5832
f 5577 1737 5833
f 5578 1738 5834
f 5579 1739 5835
f 5580 1740 5836
f 5581 1741 5837
f 5582 1742 5838
f 5583 1743 5839
f 5584 1744 5840
f 5585 1745 5841
f 5586 1746 5842
f 5587 1747 5843
f 5588 1748 5844
f 5589 1749 5845
f 5590 1750 5846
f 5591 1751 5847
f 5592 1752 5848
f 5593 1753 5849
f 5594 1754 5850
f 5595 1755 5851
f 5596 1756 5852
f 5597 1757 5853
f 5598 1758 5854
f 5599 1759 5855
f 5600 1760 5856
f 5601 1761 5857
f 5602 1762 5858
f 5603 1763 5859
f 5604 1764 5860
f 5605 1765 5861
f 5606 1766 5862
f 5607 1767 5863
f 5608 1768 5864
f 5609 1769 5865
f 5610 1770 5866
f 5611 1771 5867
f 5612 1772 5868
f 5613 1773 5869
f 5614 1774 5870
f 5615 1775 5871
f 5616 1776 5872
f 5617 1777 5873
f 5618 1778 5874
f 5619 1779 5875
f 5620 1780 5876
f 5621 1781 5877
f 5622 1782 5878
f 5623 1783 5879
f 5624 1784 5880
f 5625 1785 5881
f 5626 1786 5882
f 5627 1787 5883
f 5628 1788 5884
f 5629 1789 5885
f 5630 1790 5886
f 5631 1791 5887
f 5632 1792 5888
f 5633 1793 5889
f 5634 1794 5890
f 5635 1795 5891
f 5636 1796 5892
f 5637 1797 5893
f 5638 1798 5894
f 5639 1799 5895
f 5640 1800 5896
f 5641 1801 5897
f 5642 1802 5898
f 5643 1803 5899
f 5644 1804 5900
f 5645 1805 5901
f 5646 1806 5902
f 5647 1807 5903
f 5648 1808 5904
f 5649 1809 5905
f 5650 1810 5906
f 5651 1811 5907
f 5652 1812 5908
f 5653 1813 5909
f 5654 1814 5910
f 5655 1815 5911
f 5656 1816 5912
f 5657 1817 5913
f 5658 1818 5914
f 5659 1819 5915
f 5660 1820 5916
f 5661 1821 5917
f 5662 1822 5918
f 5663 1823 5919
f 5664 1824 5920
f 5665 1825 5921
f 5666 1826 5922
f 5667 1827 5923
f 5668 1828 5924
f 5669 1829 5925
f 5670 1830 5926
f 5671 1831 5927
f 5672 1832 5928
f 5673 1833 5929
f 5674 1834 5930
f 5675 1835 5931
f 5676 1836 5932
f 5677 1837 5933
f 5678 1838 5934
f 5679 1839 5935
f 5680 1840 5936
f 5681 1841 5937
f 5682 1842 5938
f 5683 1843 5939
f 5684 1844 5940
f 5685 1845 5941
f 5686 1846 5942
f 5687 1847 5943
f 5688 1848 5944
f 5689 1849 5945
f 5690 1850 5946
f 5691 1851 5947
f 5692 1852 5948
f 5693 1853 5949
f 5694 1854 5950
f 5695 1855 5951
f 5696 1856 5952
f 5697 1857 5953
f 5698 1858 5954
f 5187 1603 5443
f 5188 1604 5444
f 5189 1605 5445
f 5190 1606 5446
f 5191 1607 5447
f 5192 1608 5448
f 5193 1609 5449
f 5194 1610 5450
f 5195 1611 5451
f 5196 1612 5452
f 5197 1613 5453
f 5198 1614 5454
f 5199 1615 5455
f 5200 1616 5456
f 5201 1617 5457
f 5202 1618 5458
f 5203 1619 5459
f 5204 1620 5460
f 5205 1621 5461
f 5206 1622 5462
f 5207 1623 5463
f 5208 1624 5464
f 5209 1625 5465
f 5210 1626 5466
f 5211 1627 5467
f 5212 1628 5468
f 5213 1629 5469
f 5214 1630 5470
f 5215 1631 5471
f 5216 1632 5472
f 5217 1633 5473
f 5218 1634 5474
f 5219 1635 5475
f 5220 1636 5476
f 5221 1637 5477
f 5222 1638 5478
f 5223 1639 5479
f 5224 1640 5480
f 5225 1641 5481
f 5226 1642 5482
f 5227 1643 5483
f 5228 1644 5484
f 5229 1645 5485
f 5230 1646 5486
f 5231 1647 5487
f 5232 1648 5488
f 5233 1649 5489
f 5234 1650 5490
f 5235 1651 5491
f 5236 1652 5492
f 5237 1653 5493
f 5238 1654 5494
f 5239 1655 5495
f 5240 1656 5496
f 5241 1657 5497
f 5242 1658 5498
f 5243 1659 5499
f 5244 1660 5500
f 5245 1661 5501
f 5246 1662 5502
f 5247 1663 5503
f 5248 1664 5504
f 5249 1665 5505
f 5250 1666 5506
f 5251 1667 5507
f 5252 1668 5508
f 5253 1669 5509
f 5254 1670 5510
f 5255 1671 5511
f 5256 1672 5512
f 5257 1673 5513
f 5258 1674 5514
f 5259 1675 5515
f 5260 1676 5516
f 5261 1677 5517
f 5262 1678 5518
f 5263 1679 5519
f 5264 1680 5520
f 5265 1681 5521
f 5266 1682 5522
f 5267 1683 5523
f 5268 1684 5524
f 5269 1685 5525
f 5270 1686 5526
f 5271 1687 5527
f 5272 1688 5528
f 5273 1689 5529
f 5274 1690 5530
f 5275 1691 5531
f 5276 1692 5532
f 5277 1693 5533
f 5278 1694 5534
f 5279 1695 5535
f 5280 1696 5536
f 5281 1697 5537
f 5282 1698 5538
f 5283 1699 5539
f 5284 1700 5540
f 5285 1701 5541
f 5286 1702 5542
f 5287 1703 5543
f 5288 1704 5544
f 5289 1705 5545
f 5290 1706 5546
f 5291 1707 5547
f 5292 1708 5548
f 5293 1709 5549
f 5294 1710 5550
f 5295 1711 5551
f 5296 1712 5552
f 5297 1713 5553
f 5298 1714 5554
f 5299 1715 5555
f 5300 1716 5556
f 5301 1717 5557
f 5302 1718 5558
f 5303 1719 5559
f 5304 1720 5560
f 5305 1721 5561
f 5306 1722 5562
f 5307 1723 5563
f 5308 1724 5564
f 5309 1725 5565
f 5310 1726 5566
f 5311 1727 5567
f 5312 1728 5568
f 5313 1729 5569
f 5314 1730 5570
f 5315 1731 5571
f 5316 1732 5572
f 5317 1733 5573
f 5318 1734 5574
f 5319 1735 5575
f 5320 1736 5576
f 5321 1737 5577
f 5322 1738 5578
f 5323 1739 5579
f 5324 1740 5580
f 5325 1741 5581
f 5326 1742 5582
f 5327 1743 5583
f 5328 1744 5584
f 5329 1745 5585
f 5330 1746 5586
f 5331 1747 5587
f 5332 1748 5588
f 5333 1749 5589
f 5334 1750 5590
f 5335 1751 5591
f 5336 1752 5592
f 5337 1753 5593
f 5338 1754 5594
f 5339 1755 5595
f 5340 1756 5596
f 5341 1757 5597
f 5342 1758 5598
f 5343 1759 5599
f 5344 1760 5600
f 5345 1761 5601
f 5346 1762 5602
f 5347 1763 5603
f 5348 1764 5604
f 5349 1765 5605
f 5350 1766 5606
f 5351 1767 5607
f 5352 1768 5608
f 5353 1769 5609
f 5354 1770 5610
f 5355 1771 5611
f 5356 1772 5612
f 5357 1773 5613
f 5358 1774 5614
f 5359 1775 5615
f 5360 1776 5616
f 5361 1777 5617
f 5362 1778 5618
f 5363 1779 5619
f 5364 1780 5620
f 5365 1781 5621
f 5366 1782 5622
f 5367 1783 5623
f 5368 1784 5624
f 5369 1785 5625
f 5370 1786 5626
f 5371 1787 5627
f 5372 1788 5628
f 5373 1789 5629
f 5374 1790 5630
f 5375 1791 5631
f 5376 1792 5632
f 5377 1793 5633
f 5378 1794 5634
f 5379 1795 5635
f 5380 1796 5636
f 5381 1797 5637
f 5382 1798 5638
f 5383 1799 5639
f 5384 1800 5640
f 5385 1801 5641
f 5386 1802 5642
f 5387 1803 5643
f 5388 1804 5644
f 5389 1805 5645
f 5390 1806 5646
f 5391 1807 5647
f 5392 1808 5648
f 5393 1809 5649
f 5394 1810 5650
f 5395 1811 5651
f 5396 1812 5652
f 5397 1813 5653
f 5398 1814 5654
f 5399 1815 5655
f 5400 1816 5656
f 5401 1817 5657
f 5402 1818 5658
f 5403 1819 5659
f 5404 1820 5660
f 5405 1821 5661
f 5406 1822 5662
f 5407 1823 5663
f 5408 1824 5664
f 5409 1825 5665
f 5410 1826 5666
f 5411 1827 5667
f 5412 1828 5668
f 5413 1829 5669
f 5414 1830 5670
f 5415 1831 5671
f 5416 1832 5672
f 5417 1833 5673
f 5418 1834 5674
f 5419 1835 5675
f 5420 1836 5676
f 5421 1837 5677
f 5422 1838 5678
f 5423 1839 5679
f 5424 1840 5680
f 5425 1841 5681
f 5426 1842 5682
f 5427 1843 5683
f 5428 1844 5684
f 5429 1845 5685
f 5430 1846 5686
f 5431 1847 5687
f 5432 1848 5688
f 5433 1849 5689
f 5434 1850 5690
f 5435 1851 5691
f 5436 1852 5692
f 5437 1853 5693
f 5438 1854 5694
f 5439 1855 5695
f 5440 1856 5696
f 5441 1857 5697
f 5442 1858 5698
f 4931 1603 5187
f 4932 1604 5188
f 4933 1605 5189
f 4934 1606 5190
f 4935 1607 5191
f 4936 1608 5192
f 4937 1609 5193
f 4938 1610 5194
f 4939 1611 5195
f 4940 1612 5196
f 4941 1613 5197
f 4942 1614 5198
f 4943 1615 5199
f 4944 1616 5200
f 4945 1617 5201
f 4946 1618 5202
f 4947 1619 5203
f 4948 1620 5204
f 4949 1621 5205
f 4950 1622 5206
f 4951 1623 5207
f 4952 1624 5208
f 4953 1625 5209
f 4954 1626 5210
f 4955 1627 5211
f 4956 1628 5212
f 4957 1629 5213
f 4958 1630 5214
f 4959 1631 5215
f 4960 1632 5216
f 4961 1633 5217
f 4962 1634 5218
f 4963 1635 5219
f 4964 1636 5220
f 4965 1637 5221
f 4966 1638 5222
f 4967 1639 5223
f 4968 1640 5224
f 4969 1641 5225
f 4970 1642 5226
f 4971 1643 5227
f 4972 1644 5228
f 4973 1645 5229
f 4974 1646 5230
f 4975 1647 5231
f 4976 1648 5232
f 4977 1649 5233
f 4978 1650 5234
f 4979 1651 5235
f 4980 1652 5236
f 4981 1653 5237
f 4982 1654 5238
f 4983 1655 5239
f 4984 1656 5240
f 4985 1657 5241
f 4986 1658 5242
f 4987 1659 5243
f 4988 1660 5244
f 4989 1661 5245
f 4990 1662 5246
f 4991 1663 5247
f 4992 1664 5248
f 4993 1665 5249
f 4994 1666 5250
f 4995 1667 5251
f 4996 1668 5252
f 4997 1669 5253
f 4998 1670 5254
f 4999 1671 5255
f 5000 1672 5256
f 5001 1673 5257
f 5002 1674 5258
f 5003 1675 5259
f 5004 1676 5260
f 5005 1677 5261
f 5006 1678 5262
f 5007 1679 5263
f 5008 1680 5264
f 5009 1681 5265
f 5010 1682 5266
f 5011 1683 5267
f 5012 1684 5268
f 5013 1685 5269
f 5014 1686 5270
f 5015 1687 5271
f 5016 1688 5272
f 5017 1689 5273
f 5018 1690 5274
f 5019 1691 5275
f 5020 1692 5276
f 5021 1693 5277
f 5022 1694 5278
f 5023 1695 5279
f 5024 1696 5280
f 5025 1697 5281
f 5026 1698 5282
f 5027 1699 5283
f 5028 1700 5284
f 5029 1701 5285
f 5030 1702 5286
f 5031 1703 5287
f 5032 1704 5288
f 5033 1705 5289
f 5034 1706 5290
f 5035 1707 5291
f 5036 1708 5292
f 5037 1709 5293
f 5038 1710 5294
f 5039 1711 5295
f 5040 1712 5296
f 5041 1713 5297
f 5042 1714 5298
f 5043 1715 5299
f 5044 1716 5300
f 5045 1717 5301
f 5046 1718 5302
f 5047 1719 5303
f 5048 1720 5304
f 5049 1721 5305
f 5050 1722 5306
f 5051 1723 5307
f 5052 1724 5308
f 5053 1725 5309
f 5054 1726 5310
f 5055 1727 5311
f 5056 1728 5312
f 5057 1729 5313
f 5058 1730 5314
f 5059 1731 5315
f 5060 1732 5316
f 5061 1733 5317
f 5062 1734 5318
f 5063 1735 5319
f 5064 1736 5320
f 5065 1737 5321
f 5066 1738 5322
f 5067 1739 5323
f 5068 1740 5324
f 5069 1741 5325
f 5070 1742 5326
f 5071 1743 5327
f 5072 1744 5328
f 5073 1745 5329
f 5074 1746 5330
f 5075 1747 5331
f 5076 1748 5332
f 5077 1749 5333
f 5078 1750 5334
f 5079 1751 5335
f 5080 1752 5336
f 5081 1753 5337
f 5082 1754 5338
f 5083 1755 5339
f 5084 1756 5340
f 5085 1757 5341
f 5086 1758 5342
f 5087 1759 5343
f 5088 1760 5344
f 5089 1761 5345
f 5090 1762 5346
f 5091 1763 5347
f 5092 1764 5348
f 5093 1765 5349
f 5094 1766 5350
f 5095 1767 5351
f 5096 1768 5352
f 5097 1769 5353
f 5098 1770 5354
f 5099 1771 5355
f 5100 1772 5356
f 5101 1773 5357
f 5102 1774 5358
f 5103 1775 5359
f 5104 1776 5360
f 5105 1777 5361
f 5106 1778 5362
f 5107 1779 5363
f 5108 1780 5364
f 5109 1781 5365
f 5110 1782 5366
f 5111 1783 5367
f 5112 1784 5368
f 5113 1785 5369
f 5114 1786 5370
f 5115 1787 5371
f 5116 1788 5372
f 5117 1789 5373
f 5118 1790 5374
f 5119 1791 5375
f 5120 1792 5376
f 5121 1793 5377
f 5122 1794 5378
f 5123 1795 5379
f 5124 1796 5380
f 5125 1797 5381
f 5126 1798 5382
f 5127 1799 5383
f 5128 1800 5384
f 5129 1801 5385
f 5130 1802 5386
f 5131 1803 5387
f 5132 1804 5388
f 5133 1805 5389
f 5134 1806 5390
f 5135 1807 5391
f 5136 1808 5392
f 5137 1809 5393
f 5138 1810 5394
f 5139 1811 5395
f 5140 1812 5396
f 5141 1813 5397
f 5142 1814 5398
f 5143 1815 5399
f 5144 1816 5400
f 5145 1817 5401
f 5146 1818 5402
f 5147 1819 5403
f 5148 1820 5404
f 5149 1821 5405
f 5150 1822 5406
f 5151 1823 5407
f 5152 1824 5408
f 5153 1825 5409
f 5154 1826 5410
f 5155 1827 5411
f 5156 1828 5412
f 5157 1829 5413
f 5158 1830 5414
f 5159 1831 5415
f 5160 1832 5416
f 5161 1833 5417
f 5162 1834 5418
f 5163 1835 5419
f 5164 1836 5420
f 5165 1837 5421
f 5166 1838 5422
f 5167 1839 5423
f 5168 1840 5424
f 5169 1841 5425
f 5170 1842 5426
f 5171 1843 5427
f 5172 1844 5428
f 5173 1845 5429
f 5174 1846 5430
f 5175 1847 5431
f 5176 1848 5432
f 5177 1849 5433
f 5178 1850 5434
f 5179 1851 5435
f 5180 1852 5436
f 5181 1853 5437
f 5182 1854 5438
f 5183 1855 5439
f 5184 1856 5440
f 5185 1857 5441
f 5186 1858 5442
f 4675 1603 4931
f 4676 1604 4932
f 4677 1605 4933
f 4678 1606 4934
f 4679 1607 4935
f 4680 1608 4936
f 4681 1609 4937
f 4682 1610 4938
f 4683 1611 4939
f 4684 1612 4940
f 4685 1613 4941
f 4686 1614 4942
f 4687 1615 4943
f 4688 1616 4944
f 4689 1617 4945
f 4690 1618 4946
f 4691 1619 4947
f 4692 1620 4948
f 4693 1621 4949
f 4694 1622 4950
f 4695 1623 4951
f 4696 1624 4952
f 4697 1625 4953
f 4698 1626 4954
f 4699 1627 4955
f 4700 1628 4956
f 4701 1629 4957
f 4702 1630 4958
f 4703 1631 4959
f 4704 1632 4960
f 4705 1633 4961
f 4706 1634 4962
f 4707 1635 4963
f 4708 1636 4964
f 4709 1637 4965
f 4710 1638 4966
f 4711 1639 4967
f 4712 1640 4968
f 4713 1641 4969
f 4714 1642 4970
f 4715 1643 4971
f 4716 1644 4972
f 4717 1645 4973
f 4718 1646 4974
f 4719 1647 4975
f 4720 1648 4976
f 4721 1649 4977
f 4722 1650 4978
f 4723 1651 4979
f 4724 1652 4980
f 4725 1653 4981
f 4726 1654 4982
f 4727 1655 4983
f 4728 1656 4984
f 4729 1657 4985
f 4730 1658 4986
f 4731 1659 4987
f 4732 1660 4988
f 4733 1661 4989
f 4734 1662 4990
f 4735 1663 4991
f 4736 1664 4992
f 4737 1665 4993
f 4738 1666 4994
f 4739 1667 4995
f 4740 1668 4996
f 4741 1669 4997
f 4742 1670 4998
f 4743 1671 4999
f 4744 1672 5000
f 4745 1673 5001
f 4746 1674 5002
f 4747 1675 5003
f 4748 1676 5004
f 4749 1677 5005
f 4750 1678 5006
f 4751 1679 5007
f 4752 1680 5008
f 4753 1681 5009
f 4754 1682 5010
f 4755 1683 5011
f 4756 1684 5012
f 4757 1685 5013
f 4758 1686 5014
f 4759 1687 5015
f 4760 1688 5016
f 4761 1689 5017
f 4762 1690 5018
f 4763 1691 5019
f 4764 1692 5020
f 4765 1693 5021
f 4766 1694 5022
f 4767 1695 5023
f 4768 1696 5024
f 4769 1697 5025
f 4770 1698 5026
f 4771 1699 5027
f 4772 1700 5028
f 4773 1701 5029
f 4774 1702 5030
f 4775 1703 5031
f 4776 1704 5032
f 4777 1705 5033
f 4778 1706 5034
f 4779 1707 5035
f 4780 1708 5036
f 4781 1709 5037
f 4782 1710 5038
f 4783 1711 5039
f 4784 1712 5040
f 4785 1713 5041
f 4786 1714 5042
f 4787 1715 5043
f 4788 1716 5044
f 4789 1717 5045
f 4790 1718 5046
f 4791 1719 5047
f 4792 1720 5048
f 4793 1721 5049
f 4794 1722 5050
f 4795 1723 5051
f 4796 1724 5052
f 4797 1725 5053
f 4798 1726 5054
f 4799 1727 5055
f 4800 1728 5056
f 4801 1729 5057
f 4802 1730 5058
f 4803 1731 5059
f 4804 1732 5060
f 4805 1733 5061
f 4806 1734 5062
f 4807 1735 5063
f 4808 1736 5064
f 4809 1737 5065
f 4810 1738 5066
f 4811 1739 5067
f 4812 1740 5068
f 4813 1741 5069
f 4814 1742 5070
f 4815 1743 5071
f 4816 1744 5072
f 4817 1745 5073
f 4818 1746 5074
f 4819 1747 5075
f 4820 1748 5076
f 4821 1749 5077
f 4822 1750 5078
f 4823 1751 5079
f 4824 1752 5080
f 4825 1753 5081
f 4826 1754 5082
f 4827 1755 5083
f 4828 1756 5084
f 4829 1757 5085
f 4830 1758 5086
f 4831 1759 5087
f 4832 1760 5088
f 4833 1761 5089
f 4834 1762 5090
f 4835 1763 5091
f 4836 1764 5092
f 4837 1765 5093
f 4838 1766 5094
f 4839 1767 5095
f 4840 1768 5096
f 4841 1769 5097
f 4842 1770 5098
f 4843 1771 5099
f 4844 1772 5100
f 4845 1773 5101
f 4846 1774 5102
f 4847 1775 5103
f 4848 1776 5104
f 4849 1777 5105
f 4850 1778 5106
f 4851 1779 5107
f 4852 1780 5108
f 4853 1781 5109
f 4854 1782 5110
f 4855 1783 5111
f 4856 1784 5112
f 4857 1785 5113
f 4858 1786 5114
f 4859 1787 5115
f 4860 1788 5116
f 4861 1789 5117
f 4862 1790 5118
f 4863 1791 5119
f 4864 1792 5120
f 4865 1793 5121
f 4866 1794 5122
f 4867 1795 5123
f 4868 1796 5124
f 4869 1797 5125
f 4870 1798 5126
f 4871 1799 5127
f 4872 1800 5128
f 4873 1801 5129
f 4874 1802 5130
f 4875 1803 5131
f 4876 1804 5132
f 4877 1805 5133
f 4878 1806 5134
f 4879 1807 5135
f 4880 1808 5136
f 4881 1809 5137
f 4882 1810 5138
f 4883 1811 5139
f 4884 1812 5140
f 4885 1813 5141
f 4886 1814 5142
f 4887 1815 5143
f 4888 1816 5144
f 4889 1817 5145
f 4890 1818 5146
f 4891 1819 5147
f 4892 1820 5148
f 4893 1821 5149
f 4894 1822 5150
f 4895 1823 5151
f 4896 1824 5152
f 4897 1825 5153
f 4898 1826 5154
f 4899 1827 5155
f 4900 1828 5156
f 4901 1829 5157
f 4902 1830 5158
f 4903 1831 5159
f 4904 1832 5160
f 4905 1833 5161
f 4906 1834 5162
f 4907 1835 5163
f 4908 1836 5164
f 4909 1837 5165
f 4910 1838 5166
f 4911 1839 5167
f 4912 1840 5168
f 4913 1841 5169
f 4914 1842 5170
f 4915 1843 5171
f 4916 1844 5172
f 4917 1845 5173
f 4918 1846 5174
f 4919 1847 5175
f 4920 1848 5176
f 4921 1849 5177
f 4922 1850 5178
f 4923 1851 5179
f 4924 1852 5180
f 4925 1853 5181
f 4926 1854 5182
f 4927 1855 5183
f 4928 1856 5184
f 4929 1857 5185
f 4930 1858 5186
f 4419 1603 4675
f 4420 1604 4676
f 4421 1605 4677
f 4422 1606 4678
f 4423 1607 4679
f 4424 1608 4680
f 4425 1609 4681
f 4426 1610 4682
f 4427 1611 4683
f 4428 1612 4684
f 4429 1613 4685
f 4430 1614 4686
f 4431 1615 4687
f 4432 1616 4688
f 4433 1617 4689
f 4434 1618 4690
f 4435 1619 4691
f 4436 1620 4692
f 4437 1621 4693
f 4438 1622 4694
f 4439 1623 4695
f 4440 1624 4696
f 4441 1625 4697
f 4442 1626 4698
f 4443 1627 4699
f 4444 1628 4700
f 4445 1629 4701
f 4446 1630 4702
f 4447 1631 4703
f 4448 1632 4704
f 4449 1633 4705
f 4450 1634 4706
f 4451 1635 4707
f 4452 1636 4708
f 4453 1637 4709
f 4454 1638 4710
f 4455 1639 4711
f 4456 1640 4712
f 4457 1641 4713
f 4458 1642 4714
f 4459 1643 4715
f 4460 1644 4716
f 4461 1645 4717
f 4462 1646 4718
f 4463 1647 4719
f 4464 1648 4720
f 4465 1649 4721
f 4466 1650 4722
f 4467 1651 4723
f 4468 1652 4724
f 4469 1653 4725
f 4470 1654 4726
f 4471 1655 4727
f 4472 1656 4728
f 4473 1657 4729
f 4474 1658 4730
f 4475 1659 4731
f 4476 1660 4732
f 4477 1661 4733
f 4478 1662 4734
f 4479 1663 4735
f 4480 1664 4736
f 4481 1665 4737
f 4482 1666 4738
f 4483 1667 4739
f 4484 1668 4740
f 4485 1669 4741
f 4486 1670 4742
f 4487 1671 4743
f 4488 1672 4744
f 4489 1673 4745
f 4490 1674 4746
f 4491 1675 4747
f 4492 1676 4748
f 4493 1677 4749
f 4494 1678 4750
f 4495 1679 4751
f 4496 1680 4752
f 4497 1681 4753
f 4498 1682 4754
f 4499 1683 4755
f 4500 1684 4756
f 4501 1685 4757
f 4502 1686 4758
f 4503 1687 4759
f 4504 1688 4760
f 4505 1689 4761
f 4506 1690 4762
f 4507 1691 4763
f 4508 1692 4764
f 4509 1693 4765
f 4510 1694 4766
f 4511 1695 4767
f 4512 1696 4768
f 4513 1697 4769
f 4514 1698 4770
f 4515 1699 4771
f 4516 1700 4772
f 4517 1701 4773
f 4518 1702 4774
f 4519 1703 4775
f 4520 1704 4776
f 4521 1705 4777
f 4522 1706 4778
f 4523 1707 4779
f 4524 1708 4780
f 4525 1709 4781
f 4526 1710 4782
f 4527 1711 4783
f 4528 1712 4784
f 4529 1713 4785
f 4530 1714 4786
f 4531 1715 4787
f 4532 1716 4788
f 4533 1717 4789
f 4534 1718 4790
f 4535 1719 4791
f 4536 1720 4792
f 4537 1721 4793
f 4538 1722 4794
f 4539 1723 4795
f 4540 1724 4796
f 4541 1725 4797
f 4542 1726 4798
f 4543 1727 4799
f 4544 1728 4800
f 4545 1729 4801
f 4546 1730 4802
f 4547 1731 4803
f 4548 1732 4804
f 4549 1733 4805
f 4550 1734 4806
f 4551 1735 4807
f 4552 1736 4808
f 4553 1737 4809
f 4554 1738 4810
f 4555 1739 4811
f 4556 1740 4812
f 4557 1741 4813
f 4558 1742 4814
f 4559 1743 4815
f 4560 1744 4816
f 4561 1745 4817
f 4562 1746 4818
f 4563 1747 4819
f 4564 1748 4820
f 4565 1749 4821
f 4566 1750 4822
f 4567 1751 4823
f 4568 1752 4824
f 4569 1753 4825
f 4570 1754 4826
f 4571 1755 4827
f 4572 1756 4828
f 4573 1757 4829
f 4574 1758 4830
f 4575 1759 4831
f 4576 1760 4832
f 4577 1761 4833
f 4578 1762 4834
f 4579 1763 4835
f 4580 1764 4836
f 4581 1765 4837
f 4582 1766 4838
f 4583 1767 4839
f 4584 1768 4840
f 4585 1769 4841
f 4586 1770 4842
f 4587 1771 4843
f 4588 1772 4844
f 4589 1773 4845
f 4590 1774 4846
f 4591 1775 4847
f 4592 1776 4848
f 4593 1777 4849
f 4594 1778 4850
f 4595 1779 4851
f 4596 1780 4852
f 4597 1781 4853
f 4598 1782 4854
f 4599 1783 4855
f 4600 1784 4856
f 4601 1785 4857
f 4602 1786 4858
f 4603 1787 4859
f 4604 1788 4860
f 4605 1789 4861
f 4606 1790 4862
f 4607 1791 4863
f 4608 1792 4864
f 4609 1793 4865
f 4610 1794 4866
f 4611 1795 4867
f 4612 1796 4868
f 4613 1797 4869
f 4614 1798 4870
f 4615 1799 4871
f 4616 1800 4872
f 4617 1801 4873
f 4618 1802 4874
f 4619 1803 4875
f 4620 1804 4876
f 4621 1805 4877
f 4622 1806 4878
f 4623 1807 4879
f 4624 1808 4880
f 4625 1809 4881
f 4626 1810 4882
f 4627 1811 4883
f 4628 1812 4884
f 4629 1813 4885
f 4630 1814 4886
f 4631 1815 4887
f 4632 1816 4888
f 4633 1817 4889
f 4634 1818 4890
f 4635 1819 4891
f 4636 1820 4892
f 4637 1821 4893
f 4638 1822 4894
f 4639 1823 4895
f 4640 1824 4896
f 4641 1825 4897
f 4642 1826 4898
f 4643 1827 4899
f 4644 1828 4900
f 4645 1829 4901
f 4646 1830 4902
f 4647 1831 4903
f 4648 1832 4904
f 4649 1833 4905
f 4650 1834 4906
f 4651 1835 4907
f 4652 1836 4908
f 4653 1837 4909
f 4654 1838 4910
f 4655 1839 4911
f 4656 1840 4912
f 4657 1841 4913
f 4658 1842 4914
f 4659 1843 4915
f 4660 1844 4916
f 4661 1845 4917
f 4662 1846 4918
f 4663 1847 4919
f 4664 1848 4920
f 4665 1849 4921
f 4666 1850 4922
f 4667 1851 4923
f 4668 1852 4924
f 4669 1853 4925
f 4670 1854 4926
f 4671 1855 4927
f 4672 1856 4928
f 4673 1857 4929
f 4674 1858 4930
f 4163 1603 4419
f 4164 1604 4420
f 4165 1605 4421
f 4166 1606 4422
f 4167 1607 4423
f 4168 1608 4424
f 4169 1609 4425
f 4170 1610 4426
f 4171 1611 4427
f 4172 1612 4428
f 4173 1613 4429
f 4174 1614 4430
f 4175 1615 4431
f 4176 1616 4432
f 4177 1617 4433
f 4178 1618 4434
f 4179 1619 4435
f 4180 1620 4436
f 4181 1621 4437
f 4182 1622 4438
f 4183 1623 4439
f 4184 1624 4440
f 4185 1625 4441
f 4186 1626 4442
f 4187 1627 4443
f 4188 1628 4444
f 4189 1629 4445
f 4190 1630 4446
f 4191 1631 4447
f 4192 1632 4448
f 4193 1633 4449
f 4194 1634 4450
f 4195 1635 4451
f 4196 1636 4452
f 4197 1637 4453
f 4198 1638 4454
f 4199 1639 4455
f 4200 1640 4456
f 4201 1641 4457
f 4202 1642 4458
f 4203 1643 4459
f 4204 1644 4460
f 4205 1645 4461
f 4206 1646 4462
f 4207 1647 4463
f 4208 1648 4464
f 4209 1649 4465
f 4210 1650 4466
f 4211 1651 4467
f 4212 1652 4468
f 4213 1653 4469
f 4214 1654 4470
f 4215 1655 4471
f 4216 1656 4472
f 4217 1657 4473
f 4218 1658 4474
f 4219 1659 4475
f 4220 1660 4476
f 4221 1661 4477
f 4222 1662 4478
f 4223 1663 4479
f 4224 1664 4480
f 4225 1665 4481
f 4226 1666 4482
f 4227 1667 4483
f 4228 1668 4484
f 4229 1669 4485
f 4230 1670 4486
f 4231 1671 4487
f 4232 1672 4488
f 4233 1673 4489
f 4234 1674 4490
f 4235 1675 4491
f 4236 1676 4492
f 4237 1677 4493
f 4238 1678 4494
f 4239 1679 4495
f 4240 1680 4496
f 4241 1681 4497
f 4242 1682 4498
f 4243 1683 4499
f 4244 1684 4500
f 4245 1685 4501
f 4246 1686 4502
f 4247 1687 4503
f 4248 1688 4504
f 4249 1689 4505
f 4250 1690 4506
f 4251 1691 4507
f 4252 1692 4508
f 4253 1693 4509
f 4254 1694 4510
f 4255 1695 4511
f 4256 1696 4512
f 4257 1697 4513
f 4258 1698 4514
f 4259 1699 4515
f 4260 1700 4516
f 4261 1701 4517
f 4262 1702 4518
f 4263 1703 4519
f 4264 1704 4520
f 4265 1705 4521
f 4266 1706 4522
f 4267 1707 4523
f 4268 1708 4524
f 4269 1709 4525
f 4270 1710 4526
f 4271 1711 4527
f 4272 1712 4528
f 4273 1713 4529
f 4274 1714 4530
f 4275 1715 4531
f 4276 1716 4532
f 4277 1717 4533
f 4278 1718 4534
f 4279 1719 4535
f 4280 1720 4536
f 4281 1721 4537
f 4282 1722 4538
f 4283 1723 4539
f 4284 1724 4540
f 4285 1725 4541
f 4286 1726 4542
f 4287 1727 4543
f 4288 1728 4544
f 4289 1729 4545
f 4290 1730 4546
f 4291 1731 4547
f 4292 1732 4548
f 4293 1733 4549
f 4294 1734 4550
f 4295 1735 4551
f 4296 1736 4552
f 4297 1737 4553
f 4298 1738 4554
f 4299 1739 4555
f 4300 1740 4556
f 4301 1741 4557
f 4302 1742 4558
f 4303 1743 4559
f 4304 1744 4560
f 4305 1745 4561
f 4306 1746 4562
f 4307 1747 4563
f 4308 1748 4564
f 4309 1749 4565
f 4310 1750 4566
f 4311 1751 4567
f 4312 1752 4568
f 4313 1753 4569
f 4314 1754 4570
f 4315 1755 4571
f 4316 1756 4572
f 4317 1757 4573
f 4318 1758 4574
f 4319 1759 4575
f 4320 1760 4576
f 4321 1761 4577
f 4322 1762 4578
f 4323 1763 4579
f 4324 1764 4580
f 4325 1765 4581
f 4326 1766 4582
f 4327 1767 4583
f 4328 1768 4584
f 4329 1769 4585
f 4330 1770 4586
f 4331 1771 4587
f 4332 1772 4588
f 4333 1773 4589
f 4334 1774 4590
f 4335 1775 4591
f 4336 1776 4592
f 4337 1777 4593
f 4338 1778 4594
f 4339 1779 4595
f 4340 1780 4596
f 4341 1781 4597
f 4342 1782 4598
f 4343 1783 4599
f 4344 1784 4600
f 4345 1785 4601
f 4346 1786 4602
f 4347 1787 4603
f 4348 1788 4604
f 4349 1789 4605
f 4350 1790 4606
f 4351 1791 4607
f 4352 1792 4608
f 4353 1793 4609
f 4354 1794 4610
f 4355 1795 4611
f 4356 1796 4612
f 4357 1797 4613
f 4358 1798 4614
f 4359 1799 4615
f 4360 1800 4616
f 4361 1801 4617
f 4362 1802 4618
f 4363 1803 4619
f 4364 1804 4620
f 4365 1805 4621
f 4366 1806 4622
f 4367 1807 4623
f 4368 1808 4624
f 4369 1809 4625
f 4370 1810 4626
f 4371 1811 4627
f 4372 1812 4628
f 4373 1813 4629
f 4374 1814 4630
f 4375 1815 4631
f 4376 1816 4632
f 4377 1817 4633
f 4378 1818 4634
f 4379 1819 4635
f 4380 1820 4636
f 4381 1821 4637
f 4382 1822 4638
f 4383 1823 4639
f 4384 1824 4640
f 4385 1825 4641
f 4386 1826 4642
f 4387 1827 4643
f 4388 1828 4644
f 4389 1829 4645
f 4390 1830 4646
f 4391 1831 4647
f 4392 1832 4648
f 4393 1833 4649
f 4394 1834 4650
f 4395 1835 4651
f 4396 1836 4652
f 4397 1837 4653
f 4398 1838 4654
f 4399 1839 4655
f 4400 1840 4656
f 4401 1841 4657
f 4402 1842 4658
f 4403 1843 4659
f 4404 1844 4660
f 4405 1845 4661
f 4406 1846 4662
f 4407 1847 4663
f 4408 1848 4664
f 4409 1849 4665
f 4410 1850 4666
f 4411 1851 4667
f 4412 1852 4668
f 4413 1853 4669
f 4414 1854 4670
f 4415 1855 4671
f 4416 1856 4672
f 4417 1857 4673
f 4418 1858 4674
f 3907 1603 4163
f 3908 1604 4164
f 3909 1605 4165
f 3910 1606 4166
f 3911 1607 4167
f 3912 1608 4168
f 3913 1609 4169
f 3914 1610 4170
f 3915 1611 4171
f 3916 1612 4172
f 3917 1613 4173
f 3918 1614 4174
f 3919 1615 4175
f 3920 1616 4176
f 3921 1617 4177
f 3922 1618 4178
f 3923 1619 4179
f 3924 1620 4180
f 3925 1621 4181
f 3926 1622 4182
f 3927 1623 4183
f 3928 1624 4184
f 3929 1625 4185
f 3930 1626 4186
f 3931 1627 4187
f 3932 1628 4188
f 3933 1629 4189
f 3934 1630 4190
f 3935 1631 4191
f 3936 1632 4192
f 3937 1633 4193
f 3938 1634 4194
f 3939 1635 4195
f 3940 1636 4196
f 3941 1637 4197
f 3942 1638 4198
f 3943 1639 4199
f 3944 1640 4200
f 3945 1641 4201
f 3946 1642 4202
f 3947 1643 4203
f 3948 1644 4204
f 3949 1645 4205
f 3950 1646 4206
f 3951 1647 4207
f 3952 1648 4208
f 3953 1649 4209
f 3954 1650 4210
f 3955 1651 4211
f 3956 1652 4212
f 3957 1653 4213
f 3958 1654 4214
f 3959 1655 4215
f 3960 1656 4216
f 3961 1657 4217
f 3962 1658 4218
f 3963 1659 4219
f 3964 1660 4220
f 3965 1661 4221
f 3966 1662 4222
f 3967 1663 4223
f 3968 1664 4224
f 3969 1665 4225
f 3970 1666 4226
f 3971 1667 4227
f 3972 1668 4228
f 3973 1669 4229
f 3974 1670 4230
f 3975 1671 4231
f 3976 1672 4232
f 3977 1673 4233
f 3978 1674 4234
f 3979 1675 4235
f 3980 1676 4236
f 3981 1677 4237
f 3982 1678 4238
f 3983 1679 4239
f 3984 1680 4240
f 3985 1681 4241
f 3986 1682 4242
f 3987 1683 4243
f 3988 1684 4244
f 3989 1685 4245
f 3990 1686 4246
f 3991 1687 4247
f 3992 1688 4248
f 3993 1689 4249
f 3994 1690 4250
f 3995 1691 4251
f 3996 1692 4252
f 3997 1693 4253
f 3998 1694 4254
f 3999 1695 4255
f 4000 1696 4256
f 4001 1697 4257
f 4002 1698 4258
f 4003 1699 4259
f 4004 1700 4260
f 4005 1701 4261
f 4006 1702 4262
f 4007 1703 4263
f 4008 1704 4264
f 4009 1705 4265
f 4010 1706 4266
f 4011 1707 4267
f 4012 1708 4268
f 4013 1709 4269
f 4014 1710 4270
f 4015 1711 4271
f 4016 1712 4272
f 4017 1713 4273
f 4018 1714 4274
f 4019 1715 4275
f 4020 1716 4276
f 4021 1717 4277
f 4022 1718 4278
f 4023 1719 4279
f 4024 1720 4280
f 4025 1721 4281
f 4026 1722 4282
f 4027 1723 4283
f 4028 1724 4284
f 4029 1725 4285
f 4030 1726 4286
f 4031 1727 4287
f 4032 1728 4288
f 4033 1729 4289
f 4034 1730 4290
f 4035 1731 4291
f 4036 1732 4292
f 4037 1733 4293
f 4038 1734 4294
f 4039 1735 4295
f 4040 1736 4296
f 4041 1737 4297
f 4042 1738 4298
f 4043 1739 4299
f 4044 1740 4300
f 4045 1741 4301
f 4046 1742 4302
f 4047 1743 4303
f 4048 1744 4304
f 4049 1745 4305
f 4050 1746 4306
f 4051 1747 4307
f 4052 1748 4308
f 4053 1749 4309
f 4054 1750 4310
f 4055 1751 4311
f 4056 1752 4312
f 4057 1753 4313
f 4058 1754 4314
f 4059 1755 4315
f 4060 1756 4316
f 4061 1757 4317
f 4062 1758 4318
f 4063 1759 4319
f 4064 1760 4320
f 4065 1761 4321
f 4066 1762 4322
f 4067 1763 4323
f 4068 1764 4324
f 4069 1765 4325
f 4070 1766 4326
f 4071 1767 4327
f 4072 1768 4328
f 4073 1769 4329
f 4074 1770 4330
f 4075 1771 4331
f 4076 1772 4332
f 4077 1773 4333
f 4078 1774 4334
f 4079 1775 4335
f 4080 1776 4336
f 4081 1777 4337
f 4082 1778 4338
f 4083 1779 4339
f 4084 1780 4340
f 4085 1781 4341
f 4086 1782 4342
f 4087 1783 4343
f 4088 1784 4344
f 4089 1785 4345
f 4090 1786 4346
f 4091 1787 4347
f 4092 1788 4348
f 4093 1789 4349
f 4094 1790 4350
f 4095 1791 4351
f 4096 1792 4352
f 4097 1793 4353
f 4098 1794 4354
f 4099 1795 4355
f 4100 1796 4356
f 4101 1797 4357
f 4102 1798 4358
f 4103 1799 4359
f 4104 1800 4360
f 4105 1801 4361
f 4106 1802 4362
f 4107 1803 4363
f 4108 1804 4364
f 4109 1805 4365
f 4110 1806 4366
f 4111 1807 4367
f 4112 1808 4368
f 4113 1809 4369
f 4114 1810 4370
f 4115 1811 4371
f 4116 1812 4372
f 4117 1813 4373
f 4118 1814 4374
f 4119 1815 4375
f 4120 1816 4376
f 4121 1817 4377
f 4122 1818 4378
f 4123 1819 4379
f 4124 1820 4380
f 4125 1821 4381
f 4126 1822 4382
f 4127 1823 4383
f 4128 1824 4384
f 4129 1825 4385
f 4130 1826 4386
f 4131 1827 4387
f 4132 1828 4388
f 4133 1829 4389
f 4134 1830 4390
f 4135 1831 4391
f 4136 1832 4392
f 4137 1833 4393
f 4138 1834 4394
f 4139 1835 4395
f 4140 1836 4396
f 4141 1837 4397
f 4142 1838 4398
f 4143 1839 4399
f 4144 1840 4400
f 4145 1841 4401
f 4146 1842 4402
f 4147 1843 4403
f 4148 1844 4404
f 4149 1845 4405
f 4150 1846 4406
f 4151 1847 4407
f 4152 1848 4408
f 4153 1849 4409
f 4154 1850 4410
f 4155 1851 4411
f 4156 1852 4412
f 4157 1853 4413
f 4158 1854 4414
f 4159 1855 4415
f 4160 1856 4416
f 4161 1857 4417
f 4162 1858 4418
f 3651 1603 3907
f 3652 1604 3908
f 3653 1605 3909
f 3654 1606 3910
f 3655 1607 3911
f 3656 1608 3912
f 3657 1609 3913
f 3658 1610 3914
f 3659 1611 3915
f 3660 1612 3916
f 3661 1613 3917
f 3662 1614 3918
f 3663 1615 3919
f 3664 1616 3920
f 3665 1617 3921
f 3666 1618 3922
f 3667 1619 3923
f 3668 1620 3924
f 3669 1621 3925
f 3670 1622 3926
f 3671 1623 3927
f 3672 1624 3928
f 3673 1625 3929
f 3674 1626 3930
f 3675 1627 3931
f 3676 1628 3932
f 3677 1629 3933
f 3678 1630 3934
f 3679 1631 3935
f 3680 1632 3936
f 3681 1633 3937
f 3682 1634 3938
f 3683 1635 3939
f 3684 1636 3940
f 3685 1637 3941
f 3686 1638 3942
f 3687 1639 3943
f 3688 1640 3944
f 3689 1641 3945
f 3690 1642 3946
f 3691 1643 3947
f 3692 1644 3948
f 3693 1645 3949
f 3694 1646 3950
f 3695 1647 3951
f 3696 1648 3952
f 3697 1649 3953
f 3698 1650 3954
f 3699 1651 3955
f 3700 1652 3956
f 3701 1653 3957
f 3702 1654 3958
f 3703 1655 3959
f 3704 1656 3960
f 3705 1657 3961
f 3706 1658 3962
f 3707 1659 3963
f 3708 1660 3964
f 3709 1661 3965
f 3710 1662 3966
f 3711 1663 3967
f 3712 1664 3968
f 3713 1665 3969
f 3714 1666 3970
f 3715 1667 3971
f 3716 1668 3972
f 3717 1669 3973
f 3718 1670 3974
f 3719 1671 3975
f 3720 1672 3976
f 3721 1673 3977
f 3722 1674 3978
f 3723 1675 3979
f 3724 1676 3980
f 3725 1677 3981
f 3726 1678 3982
f 3727 1679 3983
f 3728 1680 3984
f 3729 1681 3985
f 3730 1682 3986
f 3731 1683 3987
f 3732 1684 3988
f 3733 1685 3989
f 3734 1686 3990
f 3735 1687 3991
f 3736 1688 3992
f 3737 1689 3993
f 3738 1690 3994
f 3739 1691 3995
f 3740 1692 3996
f 3741 1693 3997
f 3742 1694 3998
f 3743 1695 3999
f 3744 1696 4000
f 3745 1697 4001
f 3746 1698 4002
f 3747 1699 4003
f 3748 1700 4004
f 3749 1701 4005
f 3750 1702 4006
f 3751 1703 4007
f 3752 1704 4008
f 3753 1705 4009
f 3754 1706 4010
f 3755 1707 4011
f 3756 1708 4012
f 3757 1709 4013
f 3758 1710 4014
f 3759 1711 4015
f 3760 1712 4016
f 3761 1713 4017
f 3762 1714 4018
f 3763 1715 4019
f 3764 1716 4020
f 3765 1717 4021
f 3766 1718 4022
f 3767 1719 4023
f 3768 1720 4024
f 3769 1721 4025
f 3770 1722 4026
f 3771 1723 4027
f 3772 1724 4028
f 3773 1725 4029
f 3774 1726 4030
f 3775 1727 4031
f 3776 1728 4032
f 3777 1729 4033
f 3778 1730 4034
f 3779 1731 4035
f 3780 1732 4036
f 3781 1733 4037
f 3782 1734 4038
f 3783 1735 4039
f 3784 1736 4040
f 3785 1737 4041
f 3786 1738 4042
f 3787 1739 4043
f 3788 1740 4044
f 3789 1741 4045
f 3790 1742 4046
f 3791 1743 4047
f 3792 1744 4048
f 3793 1745 4049
f 3794 1746 4050
f 3795 1747 4051
f 3796 1748 4052
f 3797 1749 4053
f 3798 1750 4054
f 3799 1751 4055
f 3800 1752 4056
f 3801 1753 4057
f 3802 1754 4058
f 3803 1755 4059
f 3804 1756 4060
f 3805 1757 4061
f 3806 1758 4062
f 3807 1759 4063
f 3808 1760 4064
f 3809 1761 4065
f 3810 1762 4066
f 3811 1763 4067
f 3812 1764 4068
f 3813 1765 4069
f 3814 1766 4070
f 3815 1767 4071
f 3816 1768 4072
f 3817 1769 4073
f 3818 1770 4074
f 3819 1771 4075
f 3820 1772 4076
f 3821 1773 4077
f 3822 1774 4078
f 3823 1775 4079
f 3824 1776 4080
f 3825 1777 4081
f 3826 1778 4082
f 3827 1779 4083
f 3828 1780 4084
f 3829 1781 4085
f 3830 1782 4086
f 3831 1783 4087
f 3832 1784 4088
f 3833 1785 4089
f 3834 1786 4090
f 3835 1787 4091
f 3836 1788 4092
f 3837 1789 4093
f 3838 1790 4094
f 3839 1791 4095
f 3840 1792 4096
f 3841 1793 4097
f 3842 1794 4098
f 3843 1795 4099
f 3844 1796 4100
f 3845 1797 4101
f 3846 1798 4102
f 3847 1799 4103
f 3848 1800 4104
f 3849 1801 4105
f 3850 1802 4106
f 3851 1803 4107
f 3852 1804 4108
f 3853 1805 4109
f 3854 1806 4110
f 3855 1807 4111
f 3856 1808 4112
f 3857 1809 4113
f 3858 1810 4114
f 3859 1811 4115
f 3860 1812 4116
f 3861 1813 4117
f 3862 1814 4118
f 3863 1815 4119
f 3864 1816 4120
f 3865 1817 4121
f 3866 1818 4122
f 3867 1819 4123
f 3868 1820 4124
f 3869 1821 4125
f 3870 1822 4126
f 3871 1823 4127
f 3872 1824 4128
f 3873 1825 4129
f 3874 1826 4130
f 3875 1827 4131
f 3876 1828 4132
f 3877 1829 4133
f 3878 1830 4134
f 3879 1831 4135
f 3880 1832 4136
f 3881 1833 4137
f 3882 1834 4138
f 3883 1835 4139
f 3884 1836 4140
f 3885 1837 4141
f 3886 1838 4142
f 3887 1839 4143
f 3888 1840 4144
f 3889 1841 4145
f 3890 1842 4146
f 3891 1843 4147
f 3892 1844 4148
f 3893 1845 4149
f 3894 1846 4150
f 3895 1847 4151
f 3896 1848 4152
f 3897 1849 4153
f 3898 1850 4154
f 3899 1851 4155
f 3900 1852 4156
f 3901 1853 4157
f 3902 1854 4158
f 3903 1855 4159
f 3904 1856 4160
f 3905 1857 4161
f 3906 1858 4162
f 3395 1603 3651
f 3396 1604 3652
f 3397 1605 3653
f 3398 1606 3654
f 3399 1607 3655
f 3400 1608 3656
f 3401 1609 3657
f 3402 1610 3658
f 3403 1611 3659
f 3404 1612 3660
f 3405 1613 3661
f 3406 1614 3662
f 3407 1615 3663
f 3408 1616 3664
f 3409 1617 3665
f 3410 1618 3666
f 3411 1619 3667
f 3412 1620 3668
f 3413 1621 3669
f 3414 1622 3670
f 3415 1623 3671
f 3416 1624 3672
f 3417 1625 3673
f 3418 1626 3674
f 3419 1627 3675
f 3420 1628 3676
f 3421 1629 3677
f 3422 1630 3678
f 3423 1631 3679
f 3424 1632 3680
f 3425 1633 3681
f 3426 1634 3682
f 3427 1635 3683
f 3428 1636 3684
f 3429 1637 3685
f 3430 1638 3686
f 3431 1639 3687
f 3432 1640 3688
f 3433 1641 3689
f 3434 1642 3690
f 3435 1643 3691
f 3436 1644 3692
f 3437 1645 3693
f 3438 1646 3694
f 3439 1647 3695
f 3440 1648 3696
f 3441 1649 3697
f 3442 1650 3698
f 3443 1651 3699
f 3444 1652 3700
f 3445 1653 3701
f 3446 1654 3702
f 3447 1655 3703
f 3448 1656 3704
f 3449 1657 3705
f 3450 1658 3706
f 3451 1659 3707
f 3452 1660 3708
f 3453 1661 3709
f 3454 1662 3710
f 3455 1663 3711
f 3456 1664 3712
f 3457 1665 3713
f 3458 1666 3714
f 3459 1667 3715
f 3460 1668 3716
f 3461 1669 3717
f 3462 1670 3718
f 3463 1671 3719
f 3464 1672 3720
f 3465 1673 3721
f 3466 1674 3722
f 3467 1675 3723
f 3468 1676 3724
f 3469 1677 3725
f 3470 1678 3726
f 3471 1679 3727
f 3472 1680 3728
f 3473 1681 3729
f 3474 1682 3730
f 3475 1683 3731
f 3476 1684 3732
f 3477 1685 3733
f 3478 1686 3734
f 3479 1687 3735
f 3480 1688 3736
f 3481 1689 3737
f 3482 1690 3738
f 3483 1691 3739
f 3484 1692 3740
f 3485 1693 3741
f 3486 1694 3742
f 3487 1695 3743
f 3488 1696 3744
f 3489 1697 3745
f 3490 1698 3746
f 3491 1699 3747
f 3492 1700 3748
f 3493 1701 3749
f 3494 1702 3750
f 3495 1703 3751
f 3496 1704 3752
f 3497 1705 3753
f 3498 1706 3754
f 3499 1707 3755
f 3500 1708 3756
f 3501 1709 3757
f 3502 1710 3758
f 3503 1711 3759
f 3504 1712 3760
f 3505 1713 3761
f 3506 1714 3762
f 3507 1715 3763
f 3508 1716 3764
f 3509 1717 3765
f 3510 1718 3766
f 3511 1719 3767
f 3512 1720 3768
f 3513 1721 3769
f 3514 1722 3770
f 3515 1723 3771
f 3516 1724 3772
f 3517 1725 3773
f 3518 1726 3774
f 3519 1727 3775
f 3520 1728 3776
f 3521 1729 3777
f 3522 1730 3778
f 3523 1731 3779
f 3524 1732 3780
f 3525 1733 3781
f 3526 1734 3782
f 3527 1735 3783
f 3528 1736 3784
f 3529 1737 3785
f 3530 1738 3786
f 3531 1739 3787
f 3532 1740 3788
f 3533 1741 3789
f 3534 1742 3790
f 3535 1743 3791
f 3536 1744 3792
f 3537 1745 3793
f 3538 1746 3794
f 3539 1747 3795
f 3540 1748 3796
f 3541 1749 3797
f 3542 1750 3798
f 3543 1751 3799
f 3544 1752 3800
f 3545 1753 3801
f 3546 1754 3802
f 3547 1755 3803
f 3548 1756 3804
f 3549 1757 3805
f 3550 1758 3806
f 3551 1759 3807
f 3552 1760 3808
f 3553 1761 3809
f 3554 1762 3810
f 3555 1763 3811
f 3556 1764 3812
f 3557 1765 3813
f 3558 1766 3814
f 3559 1767 3815
f 3560 1768 3816
f 3561 1769 3817
f 3562 1770 3818
f 3563 1771 3819
f 3564 1772 3820
f 3565 1773 3821
f 3566 1774 3822
f 3567 1775 3823
f 3568 1776 3824
f 3569 1777 3825
f 3570 1778 3826
f 3571 1779 3827
f 3572 1780 3828
f 3573 1781 3829
f 3574 1782 3830
f 3575 1783 3831
f 3576 1784 3832
f 3577 1785 3833
f 3578 1786 3834
f 3579 1787 3835
f 3580 1788 3836
f 3581 1789 3837
f 3582 1790 3838
f 3583 1791 3839
f 3584 1792 3840
f 3585 1793 3841
f 3586 1794 3842
f 3587 1795 3843
f 3588 1796 3844
f 3589 1797 3845
f 3590 1798 3846
f 3591 1799 3847
f 3592 1800 3848
f 3593 1801 3849
f 3594 1802 3850
f 3595 1803 3851
f 3596 1804 3852
f 3597 1805 3853
f 3598 1806 3854
f 3599 1807 3855
f 3600 1808 3856
f 3601 1809 3857
f 3602 1810 3858
f 3603 1811 3859
f 3604 1812 3860
f 3605 1813 3861
f 3606 1814 3862
f 3607 1815 3863
f 3608 1816 3864
f 3609 1817 3865
f 3610 1818 3866
f 3611 1819 3867
f 3612 1820 3868
f 3613 1821 3869
f 3614 1822 3870
f 3615 1823 3871
f 3616 1824 3872
f 3617 1825 3873
f 3618 1826 3874
f 3619 1827 3875
f 3620 1828 3876
f 3621 1829 3877
f 3622 1830 3878
f 3623 1831 3879
f 3624 1832 3880
f 3625 1833 3881
f 3626 1834 3882
f 3627 1835 3883
f 3628 1836 3884
f 3629 1837 3885
f 3630 1838 3886
f 3631 1839 3887
f 3632 1840 3888
f 3633 1841 3889
f 3634 1842 3890
f 3635 1843 3891
f 3636 1844 3892
f 3637 1845 3893
f 3638 1846 3894
f 3639 1847 3895
f 3640 1848 3896
f 3641 1849 3897
f 3642 1850 3898
f 3643 1851 3899
f 3644 1852 3900
f 3645 1853 3901
f 3646 1854 3902
f 3647 1855 3903
f 3648 1856 3904
f 3649 1857 3905
f 3650 1858 3906
f 3139 1603 3395
f 3140 1604 3396
f 3141 1605 3397
f 3142 1606 3398
f 3143 1607 3399
f 3144 1608 3400
f 3145 1609 3401
f 3146 1610 3402
f 3147 1611 3403
f 3148 1612 3404
f 3149 1613 3405
f 3150 1614 3406
f 3151 1615 3407
f 3152 1616 3408
f 3153 1617 3409
f 3154 1618 3410
f 3155 1619 3411
f 3156 1620 3412
f 3157 1621 3413
f 3158 1622 3414
f 3159 1623 3415
f 3160 1624 3416
f 3161 1625 3417
f 3162 1626 3418
f 3163 1627 3419
f 3164 1628 3420
f 3165 1629 3421
f 3166 1630 3422
f 3167 1631 3423
f 3168 1632 3424
f 3169 1633 3425
f 3170 1634 3426
f 3171 1635 3427
f 3172 1636 3428
f 3173 1637 3429
f 3174 1638 3430
f 3175 1639 3431
f 3176 1640 3432
f 3177 1641 3433
f 3178 1642 3434
f 3179 1643 3435
f 3180 1644 3436
f 3181 1645 3437
f 3182 1646 3438
f 3183 1647 3439
f 3184 1648 3440
f 3185 1649 3441
f 3186 1650 3442
f 3187 1651 3443
f 3188 1652 3444
f 3189 1653 3445
f 3190 1654 3446
f 3191 1655 3447
f 3192 1656 3448
f 3193 1657 3449
f 3194 1658 3450
f 3195 1659 3451
f 3196 1660 3452
f 3197 1661 3453
f 3198 1662 3454
f 3199 1663 3455
f 3200 1664 3456
f 3201 1665 3457
f 3202 1666 3458
f 3203 1667 3459
f 3204 1668 3460
f 3205 1669 3461
f 3206 1670 3462
f 3207 1671 3463
f 3208 1672 3464
f 3209 1673 3465
f 3210 1674 3466
f 3211 1675 3467
f 3212 1676 3468
f 3213 1677 3469
f 3214 1678 3470
f 3215 1679 3471
f 3216 1680 3472
f 3217 1681 3473
f 3218 1682 3474
f 3219 1683 3475
f 3220 1684 3476
f 3221 1685 3477
f 3222 1686 3478
f 3223 1687 3479
f 3224 1688 3480
f 3225 1689 3481
f 3226 1690 3482
f 3227 1691 3483
f 3228 1692 3484
f 3229 1693 3485
f 3230 1694 3486
f 3231 1695 3487
f 3232 1696 3488
f 3233 1697 3489
f 3234 1698 3490
f 3235 1699 3491
f 3236 1700 3492
f 3237 1701 3493
f 3238 1702 3494
f 3239 1703 3495
f 3240 1704 3496
f 3241 1705 3497
f 3242 1706 3498
f 3243 1707 3499
f 3244 1708 3500
f 3245 1709 3501
f 3246 1710 3502
f 3247 1711 3503
f 3248 1712 3504
f 3249 1713 3505
f 3250 1714 3506
f 3251 1715 3507
f 3252 1716 3508
f 3253 1717 3509
f 3254 1718 3510
f 3255 1719 3511
f 3256 1720 3512
f 3257 1721 3513
f 3258 1722 3514
f 3259 1723 3515
f 3260 1724 3516
f 3261 1725 3517
f 3262 1726 3518
f 3263 1727 3519
f 3264 1728 3520
f 3265 1729 3521
f 3266 1730 3522
f 3267 1731 3523
f 3268 1732 3524
f 3269 1733 3525
f 3270 1734 3526
f 3271 1735 3527
f 3272 1736 3528
f 3273 1737 3529
f 3274 1738 3530
f 3275 1739 3531
f 3276 1740 3532
f 3277 1741 3533
f 3278 1742 3534
f 3279 1743 3535
f 3280 1744 3536
f 3281 1745 3537
f 3282 1746 3538
f 3283 1747 3539
f 3284 1748 3540
f 3285 1749 3541
f 3286 1750 3542
f 3287 1751 3543
f 3288 1752 3544
f 3289 1753 3545
f 3290 1754 3546
f 3291 1755 3547
f 3292 1756 3548
f 3293 1757 3549
f 3294 1758 3550
f 3295 1759 3551
f 3296 1760 3552
f 3297 1761 3553
f 3298 1762 3554
f 3299 1763 3555
f 3300 1764 3556
f 3301 1765 3557
f 3302 1766 3558
f 3303 1767 3559
f 3304 1768 3560
f 3305 1769 3561
f 3306 1770 3562
f 3307 1771 3563
f 3308 1772 3564
f 3309 1773 3565
f 3310 1774 3566
f 3311 1775 3567
f 3312 1776 3568
f 3313 1777 3569
f 3314 1778 3570
f 3315 1779 3571
f 3316 1780 3572
f 3317 1781 3573
f 3318 1782 3574
f 3319 1783 3575
f 3320 1784 3576
f 3321 1785 3577
f 3322 1786 3578
f 3323 1787 3579
f 3324 1788 3580
f 3325 1789 3581
f 3326 1790 3582
f 3327 1791 3583
f 3328 1792 3584
f 3329 1793 3585
f 3330 1794 3586
f 3331 1795 3587
f 3332 1796 3588
f 3333 1797 3589
f 3334 1798 3590
f 3335 1799 3591
f 3336 1800 3592
f 3337 1801 3593
f 3338 1802 3594
f 3339 1803 3595
f 3340 1804 3596
f 3341 1805 3597
f 3342 1806 3598
f 3343 1807 3599
f 3344 1808 3600
f 3345 1809 3601
f 3346 1810 3602
f 3347 1811 3603
f 3348 1812 3604
f 3349 1813 3605
f 3350 1814 3606
f 3351 1815 3607
f 3352 1816 3608
f 3353 1817 3609
f 3354 1818 3610
f 3355 1819 3611
f 3356 1820 3612
f 3357 1821 3613
f 3358 1822 3614
f 3359 1823 3615
f 3360 1824 3616
f 3361 1825 3617
f 3362 1826 3618
f 3363 1827 3619
f 3364 1828 3620
f 3365 1829 3621
f 3366 1830 3622
f 3367 1831 3623
f 3368 1832 3624
f 3369 1833 3625
f 3370 1834 3626
f 3371 1835 3627
f 3372 1836 3628
f 3373 1837 3629
f 3374 1838 3630
f 3375 1839 3631
f 3376 1840 3632
f 3377 1841 3633
f 3378 1842 3634
f 3379 1843 3635
f 3380 1844 3636
f 3381 1845 3637
f 3382 1846 3638
f 3383 1847 3639
f 3384 1848 3640
f 3385 1849 3641
f 3386 1850 3642
f 3387 1851 3643
f 3388 1852 3644
f 3389 1853 3645
f 3390 1854 3646
f 3391 1855 3647
f 3392 1856 3648
f 3393 1857 3649
f 3394 1858 3650
f 2883 1603 3139
f 2884 1604 3140
f 2885 1605 3141
f 2886 1606 3142
f 2887 1607 3143
f 2888 1608 3144
f 2889 1609 3145
f 2890 1610 3146
f 2891 1611 3147
f 2892 1612 3148
f 2893 1613 3149
f 2894 1614 3150
f 2895 1615 3151
f 2896 1616 3152
f 2897 1617 3153
f 2898 1618 3154
f 2899 1619 3155
f 2900 1620 3156
f 2901 1621 3157
f 2902 1622 3158
f 2903 1623 3159
f 2904 1624 3160
f 2905 1625 3161
f 2906 1626 3162
f 2907 1627 3163
f 2908 1628 3164
f 2909 1629 3165
f 2910 1630 3166
f 2911 1631 3167
f 2912 1632 3168
f 2913 1633 3169
f 2914 1634 3170
f 2915 1635 3171
f 2916 1636 3172
f 2917 1637 3173
f 2918 1638 3174
f 2919 1639 3175
f 2920 1640 3176
f 2921 1641 3177
f 2922 1642 3178
f 2923 1643 3179
f 2924 1644 3180
f 2925 1645 3181
f 2926 1646 3182
f 2927 1647 3183
f 2928 1648 3184
f 2929 1649 3185
f 2930 1650 3186
f 2931 1651 3187
f 2932 1652 3188
f 2933 1653 3189
f 2934 1654 3190
f 2935 1655 3191
f 2936 1656 3192
f 2937 1657 3193
f 2938 1658 3194
f 2939 1659 3195
f 2940 1660 3196
f 2941 1661 3197
f 2942 1662 3198
f 2943 1663 3199
f 2944 1664 3200
f 2945 1665 3201
f 2946 1666 3202
f 2947 1667 3203
f 2948 1668 3204
f 2949 1669 3205
f 2950 1670 3206
f 2951 1671 3207
f 2952 1672 3208
f 2953 1673 3209
f 2954 1674 3210
f 2955 1675 3211
f 2956 1676 3212
f 2957 1677 3213
f 2958 1678 3214
f 2959 1679 3215
f 2960 1680 3216
f 2961 1681 3217
f 2962 1682 3218
f 2963 1683 3219
f 2964 1684 3220
f 2965 1685 3221
f 2966 1686 3222
f 2967 1687 3223
f 2968 1688 3224
f 2969 1689 3225
f 2970 1690 3226
f 2971 1691 3227
f 2972 1692 3228
f 2973 1693 3229
f 2974 1694 3230
f 2975 1695 3231
f 2976 1696 3232
f 2977 1697 3233
f 2978 1698 3234
f 2979 1699 3235
f 2980 1700 3236
f 2981 1701 3237
f 2982 1702 3238
f 2983 1703 3239
f 2984 1704 3240
f 2985 1705 3241
f 2986 1706 3242
f 2987 1707 3243
f 2988 1708 3244
f 2989 1709 3245
f 2990 1710 3246
f 2991 1711 3247
f 2992 1712 3248
f 2993 1713 3249
f 2994 1714 3250
f 2995 1715 3251
f 2996 1716 3252
f 2997 1717 3253
f 2998 1718 3254
f 2999 1719 3255
f 3000 1720 3256
f 3001 1721 3257
f 3002 1722 3258
f 3003 1723 3259
f 3004 1724 3260
f 3005 1725 3261
f 3006 1726 3262
f 3007 1727 3263
f 3008 1728 3264
f 3009 1729 3265
f 3010 1730 3266
f 3011 1731 3267
f 3012 1732 3268
f 3013 1733 3269
f 3014 1734 3270
f 3015 1735 3271
f 3016 1736 3272
f 3017 1737 3273
f 3018 1738 3274
f 3019 1739 3275
f 3020 1740 3276
f 3021 1741 3277
f 3022 1742 3278
f 3023 1743 3279
f 3024 1744 3280
f 3025 1745 3281
f 3026 1746 3282
f 3027 1747 3283
f 3028 1748 3284
f 3029 1749 3285
f 3030 1750 3286
f 3031 1751 3287
f 3032 1752 3288
f 3033 1753 3289
f 3034 1754 3290
f 3035 1755 3291
f 3036 1756 3292
f 3037 1757 3293
f 3038 1758 3294
f 3039 1759 3295
f 3040 1760 3296
f 3041 1761 3297
f 3042 1762 3298
f 3043 1763 3299
f 3044 1764 3300
f 3045 1765 3301
f 3046 1766 3302
f 3047 1767 3303
f 3048 1768 3304
f 3049 1769 3305
f 3050 1770 3306
f 3051 1771 3307
f 3052 1772 3308
f 3053 1773 3309
f 3054 1774 3310
f 3055 1775 3311
f 3056 1776 3312
f 3057 1777 3313
f 3058 1778 3314
f 3059 1779 3315
f 3060 1780 3316
f 3061 1781 3317
f 3062 1782 3318
f 3063 1783 3319
f 3064 1784 3320
f 3065 1785 3321
f 3066 1786 3322
f 3067 1787 3323
f 3068 1788 3324
f 3069 1789 3325
f 3070 1790 3326
f 3071 1791 3327
f 3072 1792 3328
f 3073 1793 3329
f 3074 1794 3330
f 3075 1795 3331
f 3076 1796 3332
f 3077 1797 3333
f 3078 1798 3334
f 3079 1799 3335
f 3080 1800 3336
f 3081 1801 3337
f 3082 1802 3338
f 3083 1803 3339
f 3084 1804 3340
f 3085 1805 3341
f 3086 1806 3342
f 3087 1807 3343
f 3088 1808 3344
f 3089 1809 3345
f 3090 1810 3346
f 3091 1811 3347
f 3092 1812 3348
f 3093 1813 3349
f 3094 1814 3350
f 3095 1815 3351
f 3096 1816 3352
f 3097 1817 3353
f 3098 1818 3354
f 3099 1819 3355
f 3100 1820 3356
f 3101 1821 3357
f 3102 1822 3358
f 3103 1823 3359
f 3104 1824 3360
f 3105 1825 3361
f 3106 1826 3362
f 3107 1827 3363
f 3108 1828 3364
f 3109 1829 3365
f 3110 1830 3366
f 3111 1831 3367
f 3112 1832 3368
f 3113 1833 3369
f 3114 1834 3370
f 3115 1835 3371
f 3116 1836 3372
f 3117 1837 3373
f 3118 1838 3374
f 3119 1839 3375
f 3120 1840 3376
f 3121 1841 3377
f 3122 1842 3378
f 3123 1843 3379
f 3124 1844 3380
f 3125 1845 3381
f 3126 1846 3382
f 3127 1847 3383
f 3128 1848 3384
f 3129 1849 3385
f 3130 1850 3386
f 3131 1851 3387
f 3132 1852 3388
f 3133 1853 3389
f 3134 1854 3390
f 3135 1855 3391
f 3136 1856 3392
f 3137 1857 3393
f 3138 1858 3394
f 2627 1603 2883
f 2628 1604 2884
f 2629 1605 2885
f 2630 1606 2886
f 2631 1607 2887
f 2632 1608 2888
f 2633 1609 2889
f 2634 1610 2890
f 2635 1611 2891
f 2636 1612 2892
f 2637 1613 2893
f 2638 1614 2894
f 2639 1615 2895
f 2640 1616 2896
f 2641 1617 2897
f 2642 1618 2898
f 2643 1619 2899
f 2644 1620 2900
f 2645 1621 2901
f 2646 1622 2902
f 2647 1623 2903
f 2648 1624 2904
f 2649 1625 2905
f 2650 1626 2906
f 2651 1627 2907
f 2652 1628 2908
f 2653 1629 2909
f 2654 1630 2910
f 2655 1631 2911
f 2656 1632 2912
f 2657 1633 2913
f 2658 1634 2914
f 2659 1635 2915
f 2660 1636 2916
f 2661 1637 2917
f 2662 1638 2918
f 2663 1639 2919
f 2664 1640 2920
f 2665 1641 2921
f 2666 1642 2922
f 2667 1643 2923
f 2668 1644 2924
f 2669 1645 2925
f 2670 1646 2926
f 2671 1647 2927
f 2672 1648 2928
f 2673 1649 2929
f 2674 1650 2930
f 2675 1651 2931
f 2676 1652 2932
f 2677 1653 2933
f 2678 1654 2934
f 2679 1655 2935
f 2680 1656 2936
f 2681 1657 2937
f 2682 1658 2938
f 2683 1659 2939
f 2684 1660 2940
f 2685 1661 2941
f 2686 1662 2942
f 2687 1663 2943
f 2688 1664 2944
f 2689 1665 2945
f 2690 1666 2946
f 2691 1667 2947
f 2692 1668 2948
f 2693 1669 2949
f 2694 1670 2950
f 2695 1671 2951
f 2696 1672 2952
f 2697 1673 2953
f 2698 1674 2954
f 2699 1675 2955
f 2700 1676 2956
f 2701 1677 2957
f 2702 1678 2958
f 2703 1679 2959
f 2704 1680 2960
f 2705 1681 2961
f 2706 1682 2962
f 2707 1683 2963
f 2708 1684 2964
f 2709 1685 2965
f 2710 1686 2966
f 2711 1687 2967
f 2712 1688 2968
f 2713 1689 2969
f 2714 1690 2970
f 2715 1691 2971
f 2716 1692 2972
f 2717 1693 2973
f 2718 1694 2974
f 2719 1695 2975
f 2720 1696 2976
f 2721 1697 2977
f 2722 1698 2978
f 2723 1699 2979
f 2724 1700 2980
f 2725 1701 2981
f 2726 1702 2982
f 2727 1703 2983
f 2728 1704 2984
f 2729 1705 2985
f 2730 1706 2986
f 2731 1707 2987
f 2732 1708 2988
f 2733 1709 2989
f 2734 1710 2990
f 2735 1711 2991
f 2736 1712 2992
f 2737 1713 2993
f 2738 1714 2994
f 2739 1715 2995
f 2740 1716 2996
f 2741 1717 2997
f 2742 1718 2998
f 2743 1719 2999
f 2744 1720 3000
f 2745 1721 3001
f 2746 1722 3002
f 2747 1723 3003
f 2748 1724 3004
f 2749 1725 3005
f 2750 1726 3006
f 2751 1727 3007
f 2752 1728 3008
f 2753 1729 3009
f 2754 1730 3010
f 2755 1731 3011
f 2756 1732 3012
f 2757 1733 3013
f 2758 1734 3014
f 2759 1735 3015
f 2760 1736 3016
f 2761 1737 3017
f 2762 1738 3018
f 2763 1739 3019
f 2764 1740 3020
f 2765 1741 3021
f 2766 1742 3022
f 2767 1743 3023
f 2768 1744 3024
f 2769 1745 3025
f 2770 1746 3026
f 2771 1747 3027
f 2772 1748 3028
f 2773 1749 3029
f 2774 1750 3030
f 2775 1751 3031
f 2776 1752 3032
f 2777 1753 3033
f 2778 1754 3034
f 2779 1755 3035
f 2780 1756 3036
f 2781 1757 3037
f 2782 1758 3038
f 2783 1759 3039
f 2784 1760 3040
f 2785 1761 3041
f 2786 1762 3042
f 2787 1763 3043
f 2788 1764 3044
f 2789 1765 3045
f 2790 1766 3046
f 2791 1767 3047
f 2792 1768 3048
f 2793 1769 3049
f 2794 1770 3050
f 2795 1771 3051
f 2796 1772 3052
f 2797 1773 3053
f 2798 1774 3054
f 2799 1775 3055
f 2800 1776 3056
f 2801 1777 3057
f 2802 1778 3058
f 2803 1779 3059
f 2804 1780 3060
f 2805 1781 3061
f 2806 1782 3062
f 2807 1783 3063
f 2808 1784 3064
f 2809 1785 3065
f 2810 1786 3066
f 2811 1787 3067
f 2812 1788 3068
f 2813 1789 3069
f 2814 1790 3070
f 2815 1791 3071
f 2816 1792 3072
f 2817 1793 3073
f 2818 1794 3074
f 2819 1795 3075
f 2820 1796 3076
f 2821 1797 3077
f 2822 1798 3078
f 2823 1799 3079
f 2824 1800 3080
f 2825 1801 3081
f 2826 1802 3082
f 2827 1803 3083
f 2828 1804 3084
f 2829 1805 3085
f 2830 1806 3086
f 2831 1807 3087
f 2832 1808 3088
f 2833 1809 3089
f 2834 1810 3090
f 2835 1811 3091
f 2836 1812 3092
f 2837 1813 3093
f 2838 1814 3094
f 2839 1815 3095
f 2840 1816 3096
f 2841 1817 3097
f 2842 1818 3098
f 2843 1819 3099
f 2844 1820 3100
f 2845 1821 3101
f 2846 1822 3102
f 2847 1823 3103
f 2848 1824 3104
f 2849 1825 3105
f 2850 1826 3106
f 2851 1827 3107
f 2852 1828 3108
f 2853 1829 3109
f 2854 1830 3110
f 2855 1831 3111
f 2856 1832 3112
f 2857 1833 3113
f 2858 1834 3114
f 2859 1835 3115
f 2860 1836 3116
f 2861 1837 3117
f 2862 1838 3118
f 2863 1839 3119
f 2864 1840 3120
f 2865 1841 3121
f 2866 1842 3122
f 2867 1843 3123
f 2868 1844 3124
f 2869 1845 3125
f 2870 1846 3126
f 2871 1847 3127
f 2872 1848 3128
f 2873 1849 3129
f 2874 1850 3130
f 2875 1851 3131
f 2876 1852 3132
f 2877 1853 3133
f 2878 1854 3134
f 2879 1855 3135
f 2880 1856 3136
f 2881 1857 3137
f 2882 1858 3138
f 2371 1603 2627
f 2372 1604 2628
f 2373 1605 2629
f 2374 1606 2630
f 2375 1607 2631
f 2376 1608 2632
f 2377 1609 2633
f 2378 1610 2634
f 2379 1611 2635
f 2380 1612 2636
f 2381 1613 2637
f 2382 1614 2638
f 2383 1615 2639
f 2384 1616 2640
f 2385 1617 2641
f 2386 1618 2642
f 2387 1619 2643
f 2388 1620 2644
f 2389 1621 2645
f 2390 1622 2646
f 2391 1623 2647
f 2392 1624 2648
f 2393 1625 2649
f 2394 1626 2650
f 2395 1627 2651
f 2396 1628 2652
f 2397 1629 2653
f 2398 1630 2654
f 2399 1631 2655
f 2400 1632 2656
f 2401 1633 2657
f 2402 1634 2658
f 2403 1635 2659
f 2404 1636 2660
f 2405 1637 2661
f 2406 1638 2662
f 2407 1639 2663
f 2408 1640 2664
f 2409 1641 2665
f 2410 1642 2666
f 2411 1643 2667
f 2412 1644 2668
f 2413 1645 2669
f 2414 1646 2670
f 2415 1647 2671
f 2416 1648 2672
f 2417 1649 2673
f 2418 1650 2674
f 2419 1651 2675
f 2420 1652 2676
f 2421 1653 2677
f 2422 1654 2678
f 2423 1655 2679
f 2424 1656 2680
f 2425 1657 2681
f 2426 1658 2682
f 2427 1659 2683
f 2428 1660 2684
f 2429 1661 2685
f 2430 1662 2686
f 2431 1663 2687
f 2432 1664 2688
f 2433 1665 2689
f 2434 1666 2690
f 2435 1667 2691
f 2436 1668 2692
f 2437 1669 2693
f 2438 1670 2694
f 2439 1671 2695
f 2440 1672 2696
f 2441 1673 2697
f 2442 1674 2698
f 2443 1675 2699
f 2444 1676 2700
f 2445 1677 2701
f 2446 1678 2702
f 2447 1679 2703
f 2448 1680 2704
f 2449 1681 2705
f 2450 1682 2706
f 2451 1683 2707
f 2452 1684 2708
f 2453 1685 2709
f 2454 1686 2710
f 2455 1687 2711
f 2456 1688 2712
f 2457 1689 2713
f 2458 1690 2714
f 2459 1691 2715
f 2460 1692 2716
f 2461 1693 2717
f 2462 1694 2718
f 2463 1695 2719
f 2464 1696 2720
f 2465 1697 2721
f 2466 1698 2722
f 2467 1699 2723
f 2468 1700 2724
f 2469 1701 2725
f 2470 1702 2726
f 2471 1703 2727
f 2472 1704 2728
f 2473 1705 2729
f 2474 1706 2730
f 2475 1707 2731
f 2476 1708 2732
f 2477 1709 2733
f 2478 1710 2734
f 2479 1711 2735
f 2480 1712 2736
f 2481 1713 2737
f 2482 1714 2738
f 2483 1715 2739
f 2484 1716 2740
f 2485 1717 2741
f 2486 1718 2742
f 2487 1719 2743
f 2488 1720 2744
f 2489 1721 2745
f 2490 1722 2746
f 2491 1723 2747
f 2492 1724 2748
f 2493 1725 2749
f 2494 1726 2750
f 2495 1727 2751
f 2496 1728 2752
f 2497 1729 2753
f 2498 1730 2754
f 2499 1731 2755
f 2500 1732 2756
f 2501 1733 2757
f 2502 1734 2758
f 2503 1735 2759
f 2504 1736 2760
f 2505 1737 2761
f 2506 1738 2762
f 2507 1739 2763
f 2508 1740 2764
f 2509 1741 2765
f 2510 1742 2766
f 2511 1743 2767
f 2512 1744 2768
f 2513 1745 2769
f 2514 1746 2770
f 2515 1747 2771
f 2516 1748 2772
f 2517 1749 2773
f 2518 1750 2774
f 2519 1751 2775
f 2520 1752 2776
f 2521 1753 2777
f 2522 1754 2778
f 2523 1755 2779
f 2524 1756 2780
f 2525 1757 2781
f 2526 1758 2782
f 2527 1759 2783
f 2528 1760 2784
f 2529 1761 2785
f 2530 1762 2786
f 2531 1763 2787
f 2532 1764 2788
f 2533 1765 2789
f 2534 1766 2790
f 2535 1767 2791
f 2536 1768 2792
f 2537 1769 2793
f 2538 1770 2794
f 2539 1771 2795
f 2540 1772 2796
f 2541 1773 2797
f 2542 1774 2798
f 2543 1775 2799
f 2544 1776 2800
f 2545 1777 2801
f 2546 1778 2802
f 2547 1779 2803
f 2548 1780 2804
f 2549 1781 2805
f 2550 1782 2806
f 2551 1783 2807
f 2552 1784 2808
f 2553 1785 2809
f 2554 1786 2810
f 2555 1787 2811
f 2556 1788 2812
f 2557 1789 2813
f 2558 1790 2814
f 2559 1791 2815
f 2560 1792 2816
f 2561 1793 2817
f 2562 1794 2818
f 2563 1795 2819
f 2564 1796 2820
f 2565 1797 2821
f 2566 1798 2822
f 2567 1799 2823
f 2568 1800 2824
f 2569 1801 2825
f 2570 1802 2826
f 2571 1803 2827
f 2572 1804 2828
f 2573 1805 2829
f 2574 1806 2830
f 2575 1807 2831
f 2576 1808 2832
f 2577 1809 2833
f 2578 1810 2834
f 2579 1811 2835
f 2580 1812 2836
f 2581 1813 2837
f 2582 1814 2838
f 2583 1815 2839
f 2584 1816 2840
f 2585 1817 2841
f 2586 1818 2842
f 2587 1819 2843
f 2588 1820 2844
f 2589 1821 2845
f 2590 1822 2846
f 2591 1823 2847
f 2592 1824 2848
f 2593 1825 2849
f 2594 1826 2850
f 2595 1827 2851
f 2596 1828 2852
f 2597 1829 2853
f 2598 1830 2854
f 2599 1831 2855
f 2600 1832 2856
f 2601 1833 2857
f 2602 1834 2858
f 2603 1835 2859
f 2604 1836 2860
f 2605 1837 2861
f 2606 1838 2862
f 2607 1839 2863
f 2608 1840 2864
f 2609 1841 2865
f 2610 1842 2866
f 2611 1843 2867
f 2612 1844 2868
f 2613 1845 2869
f 2614 1846 2870
f 2615 1847 2871
f 2616 1848 2872
f 2617 1849 2873
f 2618 1850 2874
f 2619 1851 2875
f 2620 1852 2876
f 2621 1853 2877
f 2622 1854 2878
f 2623 1855 2879
f 2624 1856 2880
f 2625 1857 2881
f 2626 1858 2882
f 2115 1603 2371
f 2116 1604 2372
f 2117 1605 2373
f 2118 1606 2374
f 2119 1607 2375
f 2120 1608 2376
f 2121 1609 2377
f 2122 1610 2378
f 2123 1611 2379
f 2124 1612 2380
f 2125 1613 2381
f 2126 1614 2382
f 2127 1615 2383
f 2128 1616 2384
f 2129 1617 2385
f 2130 1618 2386
f 2131 1619 2387
f 2132 1620 2388
f 2133 1621 2389
f 2134 1622 2390
f 2135 1623 2391
f 2136 1624 2392
f 2137 1625 2393
f 2138 1626 2394
f 2139 1627 2395
f 2140 1628 2396
f 2141 1629 2397
f 2142 1630 2398
f 2143 1631 2399
f 2144 1632 2400
f 2145 1633 2401
f 2146 1634 2402
f 2147 1635 2403
f 2148 1636 2404
f 2149 1637 2405
f 2150 1638 2406
f 2151 1639 2407
f 2152 1640 2408
f 2153 1641 2409
f 2154 1642 2410
f 2155 1643 2411
f 2156 1644 2412
f 2157 1645 2413
f 2158 1646 2414
f 2159 1647 2415
f 2160 1648 2416
f 2161 1649 2417
f 2162 1650 2418
f 2163 1651 2419
f 2164 1652 2420
f 2165 1653 2421
f 2166 1654 2422
f 2167 1655 2423
f 2168 1656 2424
f 2169 1657 2425
f 2170 1658 2426
f 2171 1659 2427
f 2172 1660 2428
f 2173 1661 2429
f 2174 1662 2430
f 2175 1663 2431
f 2176 1664 2432
f 2177 1665 2433
f 2178 1666 2434
f 2179 1667 2435
f 2180 1668 2436
f 2181 1669 2437
f 2182 1670 2438
f 2183 1671 2439
f 2184 1672 2440
f 2185 1673 2441
f 2186 1674 2442
f 2187 1675 2443
f 2188 1676 2444
f 2189 1677 2445
f 2190 1678 2446
f 2191 1679 2447
f 2192 1680 2448
f 2193 1681 2449
f 2194 1682 2450
f 2195 1683 2451
f 2196 1684 2452
f 2197 1685 2453
f 2198 1686 2454
f 2199 1687 2455
f 2200 1688 2456
f 2201 1689 2457
f 2202 1690 2458
f 2203 1691 2459
f 2204 1692 2460
f 2205 1693 2461
f 2206 1694 2462
f 2207 1695 2463
f 2208 1696 2464
f 2209 1697 2465
f 2210 1698 2466
f 2211 1699 2467
f 2212 1700 2468
f 2213 1701 2469
f 2214 1702 2470
f 2215 1703 2471
f 2216 1704 2472
f 2217 1705 2473
f 2218 1706 2474
f 2219 1707 2475
f 2220 1708 2476
f 2221 1709 2477
f 2222 1710 2478
f 2223 1711 2479
f 2224 1712 2480
f 2225 1713 2481
f 2226 1714 2482
f 2227 1715 2483
f 2228 1716 2484
f 2229 1717 2485
f 2230 1718 2486
f 2231 1719 2487
f 2232 1720 2488
f 2233 1721 2489
f 2234 1722 2490
f 2235 1723 2491
f 2236 1724 2492
f 2237 1725 2493
f 2238 1726 2494
f 2239 1727 2495
f 2240 1728 2496
f 2241 1729 2497
f 2242 1730 2498
f 2243 1731 2499
f 2244 1732 2500
f 2245 1733 2501
f 2246 1734 2502
f 2247 1735 2503
f 2248 1736 2504
f 2249 1737 2505
f 2250 1738 2506
f 2251 1739 2507
f 2252 1740 2508
f 2253 1741 2509
f 2254 1742 2510
f 2255 1743 2511
f 2256 1744 2512
f 2257 1745 2513
f 2258 1746 2514
f 2259 1747 2515
f 2260 1748 2516
f 2261 1749 2517
f 2262 1750 2518
f 2263 1751 2519
f 2264 1752 2520
f 2265 1753 2521
f 2266 1754 2522
f 2267 1755 2523
f 2268 1756 2524
f 2269 1757 2525
f 2270 1758 2526
f 2271 1759 2527
f 2272 1760 2528
f 2273 1761 2529
f 2274 1762 2530
f 2275 1763 2531
f 2276 1764 2532
f 2277 1765 2533
f 2278 1766 2534
f 2279 1767 2535
f 2280 1768 2536
f 2281 1769 2537
f 2282 1770 2538
f 2283 1771 2539
f 2284 1772 2540
f 2285 1773 2541
f 2286 1774 2542
f 2287 1775 2543
f 2288 1776 2544
f 2289 1777 2545
f 2290 1778 2546
f 2291 1779 2547
f 2292 1780 2548
f 2293 1781 2549
f 2294 1782 2550
f 2295 1783 2551
f 2296 1784 2552
f 2297 1785 2553
f 2298 1786 2554
f 2299 1787 2555
f 2300 1788 2556
f 2301 1789 2557
f 2302 1790 2558
f 2303 1791 2559
f 2304 1792 2560
f 2305 1793 2561
f 2306 1794 2562
f 2307 1795 2563
f 2308 1796 2564
f 2309 1797 2565
f 2310 1798 2566
f 2311 1799 2567
f 2312 1800 2568
f 2313 1801 2569
f 2314 1802 2570
f 2315 1803 2571
f 2316 1804 2572
f 2317 1805 2573
f 2318 1806 2574
f 2319 1807 2575
f 2320 1808 2576
f 2321 1809 2577
f 2322 1810 2578
f 2323 1811 2579
f 2324 1812 2580
f 2325 1813 2581
f 2326 1814 2582
f 2327 1815 2583
f 2328 1816 2584
f 2329 1817 2585
f 2330 1818 2586
f 2331 1819 2587
f 2332 1820 2588
f 2333 1821 2589
f 2334 1822 2590
f 2335 1823 2591
f 2336 1824 2592
f 2337 1825 2593
f 2338 1826 2594
f 2339 1827 2595
f 2340 1828 2596
f 2341 1829 2597
f 2342 1830 2598
f 2343 1831 2599
f 2344 1832 2600
f 2345 1833 2601
f 2346 1834 2602
f 2347 1835 2603
f 2348 1836 2604
f 2349 1837 2605
f 2350 1838 2606
f 2351 1839 2607
f 2352 1840 2608
f 2353 1841 2609
f 2354 1842 2610
f 2355 1843 2611
f 2356 1844 2612
f 2357 1845 2613
f 2358 1846 2614
f 2359 1847 2615
f 2360 1848 2616
f 2361 1849 2617
f 2362 1850 2618
f 2363 1851 2619
f 2364 1852 2620
f 2365 1853 2621
f 2366 1854 2622
f 2367 1855 2623
f 2368 1856 2624
f 2369 1857 2625
f 2370 1858 2626
f 1859 1603 2115
f 1860 1604 2116
f 1861 1605 2117
f 1862 1606 2118
f 1863 1607 2119
f 1864 1608 2120
f 1865 1609 2121
f 1866 1610 2122
f 1867 1611 2123
f 1868 1612 2124
f 1869 1613 2125
f 1870 1614 2126
f 1871 1615 2127
f 1872 1616 2128
f 1873 1617 2129
f 1874 1618 2130
f 1875 1619 2131
f 1876 1620 2132
f 1877 1621 2133
f 1878 1622 2134
f 1879 1623 2135
f 1880 1624 2136
f 1881 1625 2137
f 1882 1626 2138
f 1883 1627 2139
f 1884 1628 2140
f 1885 1629 2141
f 1886 1630 2142
f 1887 1631 2143
f 1888 1632 2144
f 1889 1633 2145
f 1890 1634 2146
f 1891 1635 2147
f 1892 1636 2148
f 1893 1637 2149
f 1894 1638 2150
f 1895 1639 2151
f 1896 1640 2152
f 1897 1641 2153
f 1898 1642 2154
f 1899 1643 2155
f 1900 1644 2156
f 1901 1645 2157
f 1902 1646 2158
f 1903 1647 2159
f 1904 1648 2160
f 1905 1649 2161
f 1906 1650 2162
f 1907 1651 2163
f 1908 1652 2164
f 1909 1653 2165
f 1910 1654 2166
f 1911 1655 2167
f 1912 1656 2168
f 1913 1657 2169
f 1914 1658 2170
f 1915 1659 2171
f 1916 1660 2172
f 1917 1661 2173
f 1918 1662 2174
f 1919 1663 2175
f 1920 1664 2176
f 1921 1665 2177
f 1922 1666 2178
f 1923 1667 2179
f 1924 1668 2180
f 1925 1669 2181
f 1926 1670 2182
f 1927 1671 2183
f 1928 1672 2184
f 1929 1673 2185
f 1930 1674 2186
f 1931 1675 2187
f 1932 1676 2188
f 1933 1677 2189
f 1934 1678 2190
f 1935 1679 2191
f 1936 1680 2192
f 1937 1681 2193
f 1938 1682 2194
f 1939 1683 2195
f 1940 1684 2196
f 1941 1685 2197
f 1942 1686 2198
f 1943 1687 2199
f 1944 1688 2200
f 1945 1689 2201
f 1946 1690 2202
f 1947 1691 2203
f 1948 1692 2204
f 1949 1693 2205
f 1950 1694 2206
f 1951 1695 2207
f 1952 1696 2208
f 1953 1697 2209
f 1954 1698 2210
f 1955 1699 2211
f 1956 1700 2212
f 1957 1701 2213
f 1958 1702 2214
f 1959 1703 2215
f 1960 1704 2216
f 1961 1705 2217
f 1962 1706 2218
f 1963 1707 2219
f 1964 1708 2220
f 1965 1709 2221
f 1966 1710 2222
f 1967 1711 2223
f 1968 1712 2224
f 1969 1713 2225
f 1970 1714 2226
f 1971 1715 2227
f 1972 1716 2228
f 1973 1717 2229
f 1974 1718 2230
f 1975 1719 2231
f 1976 1720 2232
f 1977 1721 2233
f 1978 1722 2234
f 1979 1723 2235
f 1980 1724 2236
f 1981 1725 2237
f 1982 1726 2238
f 1983 1727 2239
f 1984 1728 2240
f 1985 1729 2241
f 1986 1730 2242
f 1987 1731 2243
f 1988 1732 2244
f 1989 1733 2245
f 1990 1734 2246
f 1991 1735 2247
f 1992 1736 2248
f 1993 1737 2249
f 1994 1738 2250
f 1995 1739 2251
f 1996 1740 2252
f 1997 1741 2253
f 1998 1742 2254
f 1999 1743 2255
f 2000 1744 2256
f 2001 1745 2257
f 2002 1746 2258
f 2003 1747 2259
f 2004 1748 2260
f 2005 1749 2261
f 2006 1750 2262
f 2007 1751 2263
f 2008 1752 2264
f 2009 1753 2265
f 2010 1754 2266
f 2011 1755 2267
f 2012 1756 2268
f 2013 1757 2269
f 2014 1758 2270
f 2015 1759 2271
f 2016 1760 2272
f 2017 1761 2273
f 2018 1762 2274
f 2019 1763 2275
f 2020 1764 2276
f 2021 1765 2277
f 2022 1766 2278
f 2023 1767 2279
f 2024 1768 2280
f 2025 1769 2281
f 2026 1770 2282
f 2027 1771 2283
f 2028 1772 2284
f 2029 1773 2285
f 2030 1774 2286
f 2031 1775 2287
f 2032 1776 2288
f 2033 1777 2289
f 2034 1778 2290
f 2035 1779 2291
f 2036 1780 2292
f 2037 1781 2293
f 2038 1782 2294
f 2039 1783 2295
f 2040 1784 2296
f 2041 1785 2297
f 2042 1786 2298
f 2043 1787 2299
f 2044 1788 2300
f 2045 1789 2301
f 2046 1790 2302
f 2047 1791 2303
f 2048 1792 2304
f 2049 1793 2305
f 2050 1794 2306
f 2051 1795 2307
f 2052 1796 2308
f 2053 1797 2309
f 2054 1798 2310
f 2055 1799 2311
f 2056 1800 2312
f 2057 1801 2313
f 2058 1802 2314
f 2059 1803 2315
f 2060 1804 2316
f 2061 1805 2317
f 2062 1806 2318
f 2063 1807 2319
f 2064 1808 2320
f 2065 1809 2321
f 2066 1810 2322
f 2067 1811 2323
f 2068 1812 2324
f 2069 1813 2325
f 2070 1814 2326
f 2071 1815 2327
f 2072 1816 2328
f 2073 1817 2329
f 2074 1818 2330
f 2075 1819 2331
f 2076 1820 2332
f 2077 1821 2333
f 2078 1822 2334
f 2079 1823 2335
f 2080 1824 2336
f 2081 1825 2337
f 2082 1826 2338
f 2083 1827 2339
f 2084 1828 2340
f 2085 1829 2341
f 2086 1830 2342
f 2087 1831 2343
f 2088 1832 2344
f 2089 1833 2345
f 2090 1834 2346
f 2091 1835 2347
f 2092 1836 2348
f 2093 1837 2349
f 2094 1838 2350
f 2095 1839 2351
f 2096 1840 2352
f 2097 1841 2353
f 2098 1842 2354
f 2099 1843 2355
f 2100 1844 2356
f 2101 1845 2357
f 2102 1846 2358
f 2103 1847 2359
f 2104 1848 2360
f 2105 1849 2361
f 2106 1850 2362
f 2107 1851 2363
f 2108 1852 2364
f 2109 1853 2365
f 2110 1854 2366
f 2111 1855 2367
f 2112 1856 2368
f 2113 1857 2369
f 2114 1858 2370
f 9539 9795 10100
f 9795 10099 10100
f 9540 9796 10102
f 9796 10101 10102
f 9541 9797 10104
f 9797 10103 10104
f 9542 9798 10106
f 9798 10105 10106
f 9543 9799 10108
f 9799 10107 10108
f 9544 9800 10110
f 9800 10109 10110
f 9545 9801 10112
f 9801 10111 10112
f 9546 9802 10114
f 9802 10113 10114
f 9547 9803 10116
f 9803 10115 10116
f 9548 9804 10118
f 9804 10117 10118
f 9549 9805 10120
f 9805 10119 10120
f 9550 9806 10122
f 9806 10121 10122
f 9551 9807 10124
f 9807 10123 10124
f 9552 9808 10126
f 9808 10125 10126
f 9553 9809 10128
f 9809 10127 10128
f 9554 9810 10130
f 9810 10129 10130
f 9555 9811 10132
f 9811 10131 10132
f 9556 9812 10134
f 9812 10133 10134
f 9557 9813 10136
f 9813 10135 10136
f 9558 9814 10138
f 9814 10137 10138
f 9559 9815 10140
f 9815 10139 10140
f 9560 9816 10142
f 9816 10141 10142
f 9561 9817 10144
f 9817 10143 10144
f 9562 9818 10146
f 9818 10145 10146
f 9563 9819 10148
f 9819 10147 10148
f 9564 9820 10150
f 9820 10149 10150
f 9565 9821 10152
f 9821 10151 10152
f 9566 9822 10154
f 9822 10153 10154
f 9567 9823 10156
f 9823 10155 10156
f 9568 9824 10158
f 9824 10157 10158
f 9569 9825 10160
f 9825 10159 10160
f 9570 9826 10162
f 9826 10161 10162
f 9571 9827 10164
f 9827 10163 10164
f 9572 9828 10166
f 9828 10165 10166
f 9573 9829 10168
f 9829 10167 10168
f 9574 9830 10170
f 9830 10169 10170
f 9575 9831 10172
f 9831 10171 10172
f 9576 9832 10174
f 9832 10173 10174
f 9577 9833 10176
f 9833 10175 10176
f 9578 9834 10178
f 9834 10177 10178
f 9579 9835 10180
f 9835 10179 10180
f 9580 9836 10182
f 9836 10181 10182
f 9581 9837 10184
f 9837 10183 10184
f 9582 9838 10186
f 9838 10185 10186
f 9583 9839 10188
f 9839 10187 10188
f 9584 9840 10190
f 9840 10189 10190
f 9585 9841 10192
f 9841 10191 10192
f 9586 9842 10194
f 9842 10193 10194
f 9587 9843 10196
f 9843 10195 10196
f 9588 9844 10198
f 9844 10197 10198
f 9589 9845 10200
f 9845 10199 10200
f 9590 9846 10202
f 9846 10201 10202
f 9591 9847 10204
f 9847 10203 10204
f 9592 9848 10206
f 9848 10205 10206
f 9593 9849 10208
f 9849 10207 10208
f 9594 9850 10210
f 9850 10209 10210
f 9595 9851 10212
f 9851 10211 10212
f 9596 9852 10214
f 9852 10213 10214
f 9597 9853 10216
f 9853 10215 10216
f 9598 9854 10218
f 9854 10217 10218
f 9599 9855 10220
f 9855 10219 10220
f 9600 9856 10222
f 9856 10221 10222
f 9601 9857 10224
f 9857 10223 10224
f 9602 9858 10226
f 9858 10225 10226
f 9603 9859 10228
f 9859 10227 10228
f 9604 9860 10230
f 9860 10229 10230
f 9605 9861 10232
f 9861 10231 10232
f 9606 9862 10234
f 9862 10233 10234
f 9607 9863 10236
f 9863 10235 10236
f 9608 9864 10238
f 9864 10237 10238
f 9609 9865 10240
f 9865 10239 10240
f 9610 9866 10242
f 9866 10241 10242
f 9611 9867 10244
f 9867 10243 10244
f 9612 9868 10246
f 9868 10245 10246
f 9613 9869 10248
f 9869 10247 10248
f 9614 9870 10250
f 9870 10249 10250
f 9615 9871 10252
f 9871 10251 10252
f 9616 9872 10254
f 9872 10253 10254
f 9617 9873 10256
f 9873 10255 10256
f 9618 9874 10258
f 9874 10257 10258
f 9619 9875 10260
f 9875 10259 10260
f 9620 9876 10262
f 9876 10261 10262
f 9621 9877 10264
f 9877 10263 10264
f 9622 9878 10266
f 9878 10265 10266
f 9623 9879 10268
f 9879 10267 10268
f 9624 9880 10270
f 9880 10269 10270
f 9625 9881 10272
f 9881 10271 10272
f 9626 9882 10274
f 9882 10273 10274
f 9627 9883 10276
f 9883 10275 10276
f 9628 9884 10278
f 9884 10277 10278
f 9629 9885 10280
f 9885 10279 10280
f 9630 9886 10282
f 9886 10281 10282
f 9631 9887 10284
f 9887 10283 10284
f 9632 9888 10286
f 9888 10285 10286
f 9633 9889 10288
f 9889 10287 10288
f 9634 9890 10290
f 9890 10289 10290
f 9635 9891 10292
f 9891 10291 10292
f 9636 9892 10294
f 9892 10293 10294
f 9637 9893 10296
f 9893 10295 10296
f 9638 9894 10298
f 9894 10297 10298
f 9639 9895 10300
f 9895 10299 10300
f 9640 9896 10302
f 9896 10301 10302
f 9641 9897 10304
f 9897 10303 10304
f 9642 9898 10306
f 9898 10305 10306
f 9643 9899 10308
f 9899 10307 10308
f 9644 9900 10310
f 9900 10309 10310
f 9645 9901 10312
f 9901 10311 10312
f 9646 9902 10314
f 9902 10313 10314
f 9647 9903 10316
f 9903 10315 10316
f 9648 9904 10318
f 9904 10317 10318
f 9649 9905 10320
f 9905 10319 10320
f 9650 9906 10322
f 9906 10321 10322
f 9651 9907 10324
f 9907 10323 10324
f 9652 9908 10326
f 9908 10325 10326
f 9653 9909 10328
f 9909 10327 10328
f 9654 9910 10330
f 9910 10329 10330
f 9655 9911 10332
f 9911 10331 10332
f 9656 9912 10334
f 9912 10333 10334
f 9657 9913 10336
f 9913 10335 10336
f 9658 9914 10338
f 9914 10337 10338
f 9659 9915 10340
f 9915 10339 10340
f 9660 9916 10342
f 9916 10341 10342
f 9661 9917 10344
f 9917 10343 10344
f 9662 9918 10346
f 9918 10345 10346
f 9663 9919 10348
f 9919 10347 10348
f 9664 9920 10350
f 9920 10349 10350
f 9665 9921 10352
f 9921 10351 10352
f 9666 9922 10354
f 9922 10353 10354
f 9667 9923 10356
f 9923 10355 10356
f 9668 9924 10358
f 9924 10357 10358
f 9669 9925 10360
f 9925 10359 10360
f 9670 9926 10362
f 9926 10361 10362
f 9671 9927 10364
f 9927 10363 10364
f 9672 9928 10366
f 9928 10365 10366
f 9673 9929 10368
f 9929 10367 10368
f 9674 9930 10370
f 9930 10369 10370
f 9675 9931 10372
f 9931 10371 10372
f 9676 9932 10374
f 9932 10373 10374
f 9677 9933 10376
f 9933 10375 10376
f 9678 9934 10378
f 9934 10377 10378
f 9679 9935 10380
f 9935 10379 10380
f 9680 9936 10382
f 9936 10381 10382
f 9681 9937 10384
f 9937 10383 10384
f 9682 9938 10386
f 9938 10385 10386
f 9683 9939 10388
f 9939 10387 10388
f 9684 9940 10390
f 9940 10389 10390
f 9685 9941 10392
f 9941 10391 10392
f 9686 9942 10394
f 9942 10393 10394
f 9687 9943 10396
f 9943 10395 10396
f 9688 9944 10398
f 9944 10397 10398
f 9689 9945 10400
f 9945 10399 10400
f 9690 9946 10402
f 9946 10401 10402
f 9691 9947 10404
f 9947 10403 10404
f 9692 9948 10406
f 9948 10405 10406
f 9693 9949 10408
f 9949 10407 10408
f 9694 9950 10410
f 9950 10409 10410
f 9695 9951 10412
f 9951 10411 10412
f 9696 9952 10414
f 9952 10413 10414
f 9697 9953 10416
f 9953 10415 10416
f 9698 9954 10418
f 9954 10417 10418
f 9699 9955 10420
f 9955 10419 10420
f 9700 9956 10422
f 9956 10421 10422
f 9701 9957 10424
f 9957 10423 10424
f 9702 9958 10426
f 9958 10425 10426
f 9703 9959 10428
f 9959 10427 10428
f 9704 9960 10430
f 9960 10429 10430
f 9705 9961 10432
f 9961 10431 10432
f 9706 9962 10434
f 9962 10433 10434
f 9707 9963 10436
f 9963 10435 10436
f 9708 9964 10438
f 9964 10437 10438
f 9709 9965 10440
f 9965 10439 10440
f 9710 9966 10442
f 9966 10441 10442
f 9711 9967 10444
f 9967 10443 10444
f 9712 9968 10446
f 9968 10445 10446
f 9713 9969 10448
f 9969 10447 10448
f 9714 9970 10450
f 9970 10449 10450
f 9715 9971 10452
f 9971 10451 10452
f 9716 9972 10454
f 9972 10453 10454
f 9717 9973 10456
f 9973 10455 10456
f 9718 9974 10458
f 9974 10457 10458
f 9719 9975 10460
f 9975 10459 10460
f 9720 9976 10462
f 9976 10461 10462
f 9721 9977 10464
f 9977 10463 10464
f 9722 9978 10466
f 9978 10465 10466
f 9723 9979 10468
f 9979 10467 10468
f 9724 9980 10470
f 9980 10469 10470
f 9725 9981 10472
f 9981 10471 10472
f 9726 9982 10474
f 9982 10473 10474
f 9727 9983 10476
f 9983 10475 10476
f 9728 9984 10478
f 9984 10477 10478
f 9729 9985 10480
f 9985 10479 10480
f 9730 9986 10482
f 9986 10481 10482
f 9731 9987 10484
f 9987 10483 10484
f 9732 9988 10486
f 9988 10485 10486
f 9733 9989 10488
f 9989 10487 10488
f 9734 9990 10490
f 9990 10489 10490
f 9735 9991 10492
f 9991 10491 10492
f 9736 9992 10494
f 9992 10493 10494
f 9737 9993 10496
f 9993 10495 10496
f 9738 9994 10498
f 9994 10497 10498
f 9739 9995 10500
f 9995 10499 10500
f 9740 9996 10502
f 9996 10501 10502
f 9741 9997 10504
f 9997 10503 10504
f 9742 9998 10506
f 9998 10505 10506
f 9743 9999 10508
f 9999 10507 10508
f 9744 10000 10510
f 10000 10509 10510
f 9745 10001 10512
f 10001 10511 10512
f 9746 10002 10514
f 10002 10513 10514
f 9747 10003 10516
f 10003 10515 10516
f 9748 10004 10518
f 10004 10517 10518
f 9749 10005 10520
f 10005 10519 10520
f 9750 10006 10522
f 10006 10521 10522
f 9751 10007 10524
f 10007 10523 10524
f 9752 10008 10526
f 10008 10525 10526
f 9753 10009 10528
f 10009 10527 10528
f 9754 10010 10530
f 10010 10529 10530
f 9755 10011 10532
f 10011 10531 10532
f 9756 10012 10534
f 10012 10533 10534
f 9757 10013 10536
f 10013 10535 10536
f 9758 10014 10538
f 10014 10537 10538
f 9759 10015 10540
f 10015 10539 10540
f 9760 10016 10542
f 10016 10541 10542
f 9761 10017 10544
f 10017 10543 10544
f 9762 10018 10546
f 10018 10545 10546
f 9763 10019 10548
f 10019 10547 10548
f 9764 10020 10550
f 10020 10549 10550
f 9765 10021 10552
f 10021 10551 10552
f 9766 10022 10554
f 10022 10553 10554
f 9767 10023 10556
f 10023 10555 10556
f 9768 10024 10558
f 10024 10557 10558
f 9769 10025 10560
f 10025 10559 10560
f 9770 10026 10562
f 10026 10561 10562
f 9771 10027 10564
f 10027 10563 10564
f 9772 10028 10566
f 10028 10565 10566
f 9773 10029 10568
f 10029 10567 10568
f 9774 10030 10570
f 10030 10569 10570
f 9775 10031 10572
f 10031 10571 10572
f 9776 10032 10574
f 10032 10573 10574
f 9777 10033 10576
f 10033 10575 10576
f 9778 10034 10578
f 10034 10577 10578
f 9779 10035 10580
f 10035 10579 10580
f 9780 10036 10582
f 10036 10581 10582
f 9781 10037 10584
f 10037 10583 10584
f 9782 10038 10586
f 10038 10585 10586
f 9783 10039 10588
f 10039 10587 10588
f 9784 10040 10590
f 10040 10589 10590
f 9785 10041 10592
f 10041 10591 10592
f 9786 10042 10594
f 10042 10593 10594
f 9787 10043 10596
f 10043 10595 10596
f 9788 10044 10598
f 10044 10597 10598
f 9789 10045 10600
f 10045 10599 10600
f 9790 10046 10602
f 10046 10601 10602
f 9791 10047 10604
f 10047 10603 10604
f 9792 10048 10606
f 10048 10605 10606
f 9793 10049 10608
f 10049 10607 10608
f 9794 10050 10610
f 10050 10609 10610
f 9283 9539 10611
f 9539 10100 10611
f 9284 9540 10612
f 9540 10102 10612
f 9285 9541 10613
f 9541 10104 10613
f 9286 9542 10614
f 9542 10106 10614
f 9287 9543 10615
f 9543 10108 10615
f 9288 9544 10616
f 9544 10110 10616
f 9289 9545 10617
f 9545 10112 10617
f 9290 9546 10618
f 9546 10114 10618
f 9291 9547 10619
f 9547 10116 10619
f 9292 9548 10620
f 9548 10118 10620
f 9293 9549 10621
f 9549 10120 10621
f 9294 9550 10622
f 9550 10122 10622
f 9295 9551 10623
f 9551 10124 10623
f 9296 9552 10624
f 9552 10126 10624
f 9297 9553 10625
f 9553 10128 10625
f 9298 9554 10626
f 9554 10130 10626
f 9299 9555 10627
f 9555 10132 10627
f 9300 9556 10628
f 9556 10134 10628
f 9301 9557 10629
f 9557 10136 10629
f 9302 9558 10630
f 9558 10138 10630
f 9303 9559 10631
f 9559 10140 10631
f 9304 9560 10632
f 9560 10142 10632
f 9305 9561 10633
f 9561 10144 10633
f 9306 9562 10634
f 9562 10146 10634
f 9307 9563 10635
f 9563 10148 10635
f 9308 9564 10636
f 9564 10150 10636
f 9309 9565 10637
f 9565 10152 10637
f 9310 9566 10638
f 9566 10154 10638
f 9311 9567 10639
f 9567 10156 10639
f 9312 9568 10640
f 9568 10158 10640
f 9313 9569 10641
f 9569 10160 10641
f 9314 9570 10642
f 9570 10162 10642
f 9315 9571 10643
f 9571 10164 10643
f 9316 9572 10644
f 9572 10166 10644
f 9317 9573 10645
f 9573 10168 10645
f 9318 9574 10646
f 9574 10170 10646
f 9319 9575 10647
f 9575 10172 10647
f 9320 9576 10648
f 9576 10174 10648
f 9321 9577 10649
f 9577 10176 10649
f 9322 9578 10650
f 9578 10178 10650
f 9323 9579 10651
f 9579 10180 10651
f 9324 9580 10652
f 9580 10182 10652
f 9325 9581 10653
f 9581 10184 10653
f 9326 9582 10654
f 9582 10186 10654
f 9327 9583 10655
f 9583 10188 10655
f 9328 9584 10656
f 9584 10190 10656
f 9329 9585 10657
f 9585 10192 10657
f 9330 9586 10658
f 9586 10194 10658
f 9331 9587 10659
f 9587 10196 10659
f 9332 9588 10660
f 9588 10198 10660
f 9333 9589 10661
f 9589 10200 10661
f 9334 9590 10662
f 9590 10202 10662
f 9335 9591 10663
f 9591 10204 10663
f 9336 9592 10664
f 9592 10206 10664
f 9337 9593 10665
f 9593 10208 10665
f 9338 9594 10666
f 9594 10210 10666
f 9339 9595 10667
f 9595 10212 10667
f 9340 9596 10668
f 9596 10214 10668
f 9341 9597 10669
f 9597 10216 10669
f 9342 9598 10670
f 9598 10218 10670
f 9343 9599 10671
f 9599 10220 10671
f 9344 9600 10672
f 9600 10222 10672
f 9345 9601 10673
f 9601 10224 10673
f 9346 9602 10674
f 9602 10226 10674
f 9347 9603 10675
f 9603 10228 10675
f 9348 9604 10676
f 9604 10230 10676
f 9349 9605 10677
f 9605 10232 10677
f 9350 9606 10678
f 9606 10234 10678
f 9351 9607 10679
f 9607 10236 10679
f 9352 9608 10680
f 9608 10238 10680
f 9353 9609 10681
f 9609 10240 10681
f 9354 9610 10682
f 9610 10242 10682
f 9355 9611 10683
f 9611 10244 10683
f 9356 9612 10684
f 9612 10246 10684
f 9357 9613 10685
f 9613 10248 10685
f 9358 9614 10686
f 9614 10250 10686
f 9359 9615 10687
f 9615 10252 10687
f 9360 9616 10688
f 9616 10254 10688
f 9361 9617 10689
f 9617 10256 10689
f 9362 9618 10690
f 9618 10258 10690
f 9363 9619 10691
f 9619 10260 10691
f 9364 9620 10692
f 9620 10262 10692
f 9365 9621 10693
f 9621 10264 10693
f 9366 9622 10694
f 9622 10266 10694
f 9367 9623 10695
f 9623 10268 10695
f 9368 9624 10696
f 9624 10270 10696
f 9369 9625 10697
f 9625 10272 10697
f 9370 9626 10698
f 9626 10274 10698
f 9371 9627 10699
f 9627 10276 10699
f 9372 9628 10700
f 9628 10278 10700
f 9373 9629 10701
f 9629 10280 10701
f 9374 9630 10702
f 9630 10282 10702
f 9375 9631 10703
f 9631 10284 10703
f 9376 9632 10704
f 9632 10286 10704
f 9377 9633 10705
f 9633 10288 10705
f 9378 9634 10706
f 9634 10290 10706
f 9379 9635 10707
f 9635 10292 10707
f 9380 9636 10708
f 9636 10294 10708
f 9381 9637 10709
f 9637 10296 10709
f 9382 9638 10710
f 9638 10298 10710
f 9383 9639 10711
f 9639 10300 10711
f 9384 9640 10712
f 9640 10302 10712
f 9385 9641 10713
f 9641 10304 10713
f 9386 9642 10714
f 9642 10306 10714
f 9387 9643 10715
f 9643 10308 10715
f 9388 9644 10716
f 9644 10310 10716
f 9389 9645 10717
f 9645 10312 10717
f 9390 9646 10718
f 9646 10314 10718
f 9391 9647 10719
f 9647 10316 10719
f 9392 9648 10720
f 9648 10318 10720
f 9393 9649 10721
f 9649 10320 10721
f 9394 9650 10722
f 9650 10322 10722
f 9395 9651 10723
f 9651 10324 10723
f 9396 9652 10724
f 9652 10326 10724
f 9397 9653 10725
f 9653 10328 10725
f 9398 9654 10726
f 9654 10330 10726
f 9399 9655 10727
f 9655 10332 10727
f 9400 9656 10728
f 9656 10334 10728
f 9401 9657 10729
f 9657 10336 10729
f 9402 9658 10730
f 9658 10338 10730
f 9403 9659 10731
f 9659 10340 10731
f 9404 9660 10732
f 9660 10342 10732
f 9405 9661 10733
f 9661 10344 10733
f 9406 9662 10734
f 9662 10346 10734
f 9407 9663 10735
f 9663 10348 10735
f 9408 9664 10736
f 9664 10350 10736
f 9409 9665 10737
f 9665 10352 10737
f 9410 9666 10738
f 9666 10354 10738
f 9411 9667 10739
f 9667 10356 10739
f 9412 9668 10740
f 9668 10358 10740
f 9413 9669 10741
f 9669 10360 10741
f 9414 9670 10742
f 9670 10362 10742
f 9415 9671 10743
f 9671 10364 10743
f 9416 9672 10744
f 9672 10366 10744
f 9417 9673 10745
f 9673 10368 10745
f 9418 9674 10746
f 9674 10370 10746
f 9419 9675 10747
f 9675 10372 10747
f 9420 9676 10748
f 9676 10374 10748
f 9421 9677 10749
f 9677 10376 10749
f 9422 9678 10750
f 9678 10378 10750
f 9423 9679 10751
f 9679 10380 10751
f 9424 9680 10752
f 9680 10382 10752
f 9425 9681 10753
f 9681 10384 10753
f 9426 9682 10754
f 9682 10386 10754
f 9427 9683 10755
f 9683 10388 10755
f 9428 9684 10756
f 9684 10390 10756
f 9429 9685 10757
f 9685 10392 10757
f 9430 9686 10758
f 9686 10394 10758
f 9431 9687 10759
f 9687 10396 10759
f 9432 9688 10760
f 9688 10398 10760
f 9433 9689 10761
f 9689 10400 10761
f 9434 9690 10762
f 9690 10402 10762
f 9435 9691 10763
f 9691 10404 10763
f 9436 9692 10764
f 9692 10406 10764
f 9437 9693 10765
f 9693 10408 10765
f 9438 9694 10766
f 9694 10410 10766
f 9439 9695 10767
f 9695 10412 10767
f 9440 9696 10768
f 9696 10414 10768
f 9441 9697 10769
f 9697 10416 10769
f 9442 9698 10770
f 9698 10418 10770
f 9443 9699 10771
f 9699 10420 10771
f 9444 9700 10772
f 9700 10422 10772
f 9445 9701 10773
f 9701 10424 10773
f 9446 9702 10774
f 9702 10426 10774
f 9447 9703 10775
f 9703 10428 10775
f 9448 9704 10776
f 9704 10430 10776
f 9449 9705 10777
f 9705 10432 10777
f 9450 9706 10778
f 9706 10434 10778
f 9451 9707 10779
f 9707 10436 10779
f 9452 9708 10780
f 9708 10438 10780
f 9453 9709 10781
f 9709 10440 10781
f 9454 9710 10782
f 9710 10442 10782
f 9455 9711 10783
f 9711 10444 10783
f 9456 9712 10784
f 9712 10446 10784
f 9457 9713 10785
f 9713 10448 10785
f 9458 9714 10786
f 9714 10450 10786
f 9459 9715 10787
f 9715 10452 10787
f 9460 9716 10788
f 9716 10454 10788
f 9461 9717 10789
f 9717 10456 10789
f 9462 9718 10790
f 9718 10458 10790
f 9463 9719 10791
f 9719 10460 10791
f 9464 9720 10792
f 9720 10462 10792
f 9465 9721 10793
f 9721 10464 10793
f 9466 9722 10794
f 9722 10466 10794
f 9467 9723 10795
f 9723 10468 10795
f 9468 9724 10796
f 9724 10470 10796
f 9469 9725 10797
f 9725 10472 10797
f 9470 9726 10798
f 9726 10474 10798
f 9471 9727 10799
f 9727 10476 10799
f 9472 9728 10800
f 9728 10478 10800
f 9473 9729 10801
f 9729 10480 10801
f 9474 9730 10802
f 9730 10482 10802
f 9475 9731 10803
f 9731 10484 10803
f 9476 9732 10804
f 9732 10486 10804
f 9477 9733 10805
f 9733 10488 10805
f 9478 9734 10806
f 9734 10490 10806
f 9479 9735 10807
f 9735 10492 10807
f 9480 9736 10808
f 9736 10494 10808
f 9481 9737 10809
f 9737 10496 10809
f 9482 9738 10810
f 9738 10498 10810
f 9483 9739 10811
f 9739 10500 10811
f 9484 9740 10812
f 9740 10502 10812
f 9485 9741 10813
f 9741 10504 10813
f 9486 9742 10814
f 9742 10506 10814
f 9487 9743 10815
f 9743 10508 10815
f 9488 9744 10816
f 9744 10510 10816
f 9489 9745 10817
f 9745 10512 10817
f 9490 9746 10818
f 9746 10514 10818
f 9491 9747 10819
f 9747 10516 10819
f 9492 9748 10820
f 9748 10518 10820
f 9493 9749 10821
f 9749 10520 10821
f 9494 9750 10822
f 9750 10522 10822
f 9495 9751 10823
f 9751 10524 10823
f 9496 9752 10824
f 9752 10526 10824
f 9497 9753 10825
f 9753 10528 10825
f 9498 9754 10826
f 9754 10530 10826
f 9499 9755 10827
f 9755 10532 10827
f 9500 9756 10828
f 9756 10534 10828
f 9501 9757 10829
f 9757 10536 10829
f 9502 9758 10830
f 9758 10538 10830
f 9503 9759 10831
f 9759 10540 10831
f 9504 9760 10832
f 9760 10542 10832
f 9505 9761 10833
f 9761 10544 10833
f 9506 9762 10834
f 9762 10546 10834
f 9507 9763 10835
f 9763 10548 10835
f 9508 9764 10836
f 9764 10550 10836
f 9509 9765 10837
f 9765 10552 10837
f 9510 9766 10838
f 9766 10554 10838
f 9511 9767 10839
f 9767 10556 10839
f 9512 9768 10840
f 9768 10558 10840
f 9513 9769 10841
f 9769 10560 10841
f 9514 9770 10842
f 9770 10562 10842
f 9515 9771 10843
f 9771 10564 10843
f 9516 9772 10844
f 9772 10566 10844
f 9517 9773 10845
f 9773 10568 10845
f 9518 9774 10846
f 9774 10570 10846
f 9519 9775 10847
f 9775 10572 10847
f 9520 9776 10848
f 9776 10574 10848
f 9521 9777 10849
f 9777 10576 10849
f 9522 9778 10850
f 9778 10578 10850
f 9523 9779 10851
f 9779 10580 10851
f 9524 9780 10852
f 9780 10582 10852
f 9525 9781 10853
f 9781 10584 10853
f 9526 9782 10854
f 9782 10586 10854
f 9527 9783 10855
f 9783 10588 10855
f 9528 9784 10856
f 9784 10590 10856
f 9529 9785 10857
f 9785 10592 10857
f 9530 9786 10858
f 9786 10594 10858
f 9531 9787 10859
f 9787 10596 10859
f 9532 9788 10860
f 9788 10598 10860
f 9533 9789 10861
f 9789 10600 10861
f 9534 9790 10862
f 9790 10602 10862
f 9535 9791 10863
f 9791 10604 10863
f 9536 9792 10864
f 9792 10606 10864
f 9537 9793 10865
f 9793 10608 10865
f 9538 9794 10866
f 9794 10610 10866
f 9027 9283 10867
f 9283 10611 10867
f 9028 9284 10868
f 9284 10612 10868
f 9029 9285 10869
f 9285 10613 10869
f 9030 9286 10870
f 9286 10614 10870
f 9031 9287 10871
f 9287 10615 10871
f 9032 9288 10872
f 9288 10616 10872
f 9033 9289 10873
f 9289 10617 10873
f 9034 9290 10874
f 9290 10618 10874
f 9035 9291 10875
f 9291 10619 10875
f 9036 9292 10876
f 9292 10620 10876
f 9037 9293 10877
f 9293 10621 10877
f 9038 9294 10878
f 9294 10622 10878
f 9039 9295 10879
f 9295 10623 10879
f 9040 9296 10880
f 9296 10624 10880
f 9041 9297 10881
f 9297 10625 10881
f 9042 9298 10882
f 9298 10626 10882
f 9043 9299 10883
f 9299 10627 10883
f 9044 9300 10884
f 9300 10628 10884
f 9045 9301 10885
f 9301 10629 10885
f 9046 9302 10886
f 9302 10630 10886
f 9047 9303 10887
f 9303 10631 10887
f 9048 9304 10888
f 9304 10632 10888
f 9049 9305 10889
f 9305 10633 10889
f 9050 9306 10890
f 9306 10634 10890
f 9051 9307 10891
f 9307 10635 10891
f 9052 9308 10892
f 9308 10636 10892
f 9053 9309 10893
f 9309 10637 10893
f 9054 9310 10894
f 9310 10638 10894
f 9055 9311 10895
f 9311 10639 10895
f 9056 9312 10896
f 9312 10640 10896
f 9057 9313 10897
f 9313 10641 10897
f 9058 9314 10898
f 9314 10642 10898
f 9059 9315 10899
f 9315 10643 10899
f 9060 9316 10900
f 9316 10644 10900
f 9061 9317 10901
f 9317 10645 10901
f 9062 9318 10902
f 9318 10646 10902
f 9063 9319 10903
f 9319 10647 10903
f 9064 9320 10904
f 9320 10648 10904
f 9065 9321 10905
f 9321 10649 10905
f 9066 9322 10906
f 9322 10650 10906
f 9067 9323 10907
f 9323 10651 10907
f 9068 9324 10908
f 9324 10652 10908
f 9069 9325 10909
f 9325 10653 10909
f 9070 9326 10910
f 9326 10654 10910
f 9071 9327 10911
f 9327 10655 10911
f 9072 9328 10912
f 9328 10656 10912
f 9073 9329 10913
f 9329 10657 10913
f 9074 9330 10914
f 9330 10658 10914
f 9075 9331 10915
f 9331 10659 10915
f 9076 9332 10916
f 9332 10660 10916
f 9077 9333 10917
f 9333 10661 10917
f 9078 9334 10918
f 9334 10662 10918
f 9079 9335 10919
f 9335 10663 10919
f 9080 9336 10920
f 9336 10664 10920
f 9081 9337 10921
f 9337 10665 10921
f 9082 9338 10922
f 9338 10666 10922
f 9083 9339 10923
f 9339 10667 10923
f 9084 9340 10924
f 9340 10668 10924
f 9085 9341 10925
f 9341 10669 10925
f 9086 9342 10926
f 9342 10670 10926
f 9087 9343 10927
f 9343 10671 10927
f 9088 9344 10928
f 9344 10672 10928
f 9089 9345 10929
f 9345 10673 10929
f 9090 9346 10930
f 9346 10674 10930
f 9091 9347 10931
f 9347 10675 10931
f 9092 9348 10932
f 9348 10676 10932
f 9093 9349 10933
f 9349 10677 10933
f 9094 9350 10934
f 9350 10678 10934
f 9095 9351 10935
f 9351 10679 10935
f 9096 9352 10936
f 9352 10680 10936
f 9097 9353 10937
f 9353 10681 10937
f 9098 9354 10938
f 9354 10682 10938
f 9099 9355 10939
f 9355 10683 10939
f 9100 9356 10940
f 9356 10684 10940
f 9101 9357 10941
f 9357 10685 10941
f 9102 9358 10942
f 9358 10686 10942
f 9103 9359 10943
f 9359 10687 10943
f 9104 9360 10944
f 9360 10688 10944
f 9105 9361 10945
f 9361 10689 10945
f 9106 9362 10946
f 9362 10690 10946
f 9107 9363 10947
f 9363 10691 10947
f 9108 9364 10948
f 9364 10692 10948
f 9109 9365 10949
f 9365 10693 10949
f 9110 9366 10950
f 9366 10694 10950
f 9111 9367 10951
f 9367 10695 10951
f 9112 9368 10952
f 9368 10696 10952
f 9113 9369 10953
f 9369 10697 10953
f 9114 9370 10954
f 9370 10698 10954
f 9115 9371 10955
f 9371 10699 10955
f 9116 9372 10956
f 9372 10700 10956
f 9117 9373 10957
f 9373 10701 10957
f 9118 9374 10958
f 9374 10702 10958
f 9119 9375 10959
f 9375 10703 10959
f 9120 9376 10960
f 9376 10704 10960
f 9121 9377 10961
f 9377 10705 10961
f 9122 9378 10962
f 9378 10706 10962
f 9123 9379 10963
f 9379 10707 10963
f 9124 9380 10964
f 9380 10708 10964
f 9125 9381 10965
f 9381 10709 10965
f 9126 9382 10966
f 9382 10710 10966
f 9127 9383 10967
f 9383 10711 10967
f 9128 9384 10968
f 9384 10712 10968
f 9129 9385 10969
f 9385 10713 10969
f 9130 9386 10970
f 9386 10714 10970
f 9131 9387 10971
f 9387 10715 10971
f 9132 9388 10972
f 9388 10716 10972
f 9133 9389 10973
f 9389 10717 10973
f 9134 9390 10974
f 9390 10718 10974
f 9135 9391 10975
f 9391 10719 10975
f 9136 9392 10976
f 9392 10720 10976
f 9137 9393 10977
f 9393 10721 10977
f 9138 9394 10978
f 9394 10722 10978
f 9139 9395 10979
f 9395 10723 10979
f 9140 9396 10980
f 9396 10724 10980
f 9141 9397 10981
f 9397 10725 10981
f 9142 9398 10982
f 9398 10726 10982
f 9143 9399 10983
f 9399 10727 10983
f 9144 9400 10984
f 9400 10728 10984
f 9145 9401 10985
f 9401 10729 10985
f 9146 9402 10986
f 9402 10730 10986
f 9147 9403 10987
f 9403 10731 10987
f 9148 9404 10988
f 9404 10732 10988
f 9149 9405 10989
f 9405 10733 10989
f 9150 9406 10990
f 9406 10734 10990
f 9151 9407 10991
f 9407 10735 10991
f 9152 9408 10992
f 9408 10736 10992
f 9153 9409 10993
f 9409 10737 10993
f 9154 9410 10994
f 9410 10738 10994
f 9155 9411 10995
f 9411 10739 10995
f 9156 9412 10996
f 9412 10740 10996
f 9157 9413 10997
f 9413 10741 10997
f 9158 9414 10998
f 9414 10742 10998
f 9159 9415 10999
f 9415 10743 10999
f 9160 9416 11000
f 9416 10744 11000
f 9161 9417 11001
f 9417 10745 11001
f 9162 9418 11002
f 9418 10746 11002
f 9163 9419 11003
f 9419 10747 11003
f 9164 9420 11004
f 9420 10748 11004
f 9165 9421 11005
f 9421 10749 11005
f 9166 9422 11006
f 9422 10750 11006
f 9167 9423 11007
f 9423 10751 11007
f 9168 9424 11008
f 9424 10752 11008
f 9169 9425 11009
f 9425 10753 11009
f 9170 9426 11010
f 9426 10754 11010
f 9171 9427 11011
f 9427 10755 11011
f 9172 9428 11012
f 9428 10756 11012
f 9173 9429 11013
f 9429 10757 11013
f 9174 9430 11014
f 9430 10758 11014
f 9175 9431 11015
f 9431 10759 11015
f 9176 9432 11016
f 9432 10760 11016
f 9177 9433 11017
f 9433 10761 11017
f 9178 9434 11018
f 9434 10762 11018
f 9179 9435 11019
f 9435 10763 11019
f 9180 9436 11020
f 9436 10764 11020
f 9181 9437 11021
f 9437 10765 11021
f 9182 9438 11022
f 9438 10766 11022
f 9183 9439 11023
f 9439 10767 11023
f 9184 9440 11024
f 9440 10768 11024
f 9185 9441 11025
f 9441 10769 11025
f 9186 9442 11026
f 9442 10770 11026
f 9187 9443 11027
f 9443 10771 11027
f 9188 9444 11028
f 9444 10772 11028
f 9189 9445 11029
f 9445 10773 11029
f 9190 9446 11030
f 9446 10774 11030
f 9191 9447 11031
f 9447 10775 11031
f 9192 9448 11032
f 9448 10776 11032
f 9193 9449 11033
f 9449 10777 11033
f 9194 9450 11034
f 9450 10778 11034
f 9195 9451 11035
f 9451 10779 11035
f 9196 9452 11036
f 9452 10780 11036
f 9197 9453 11037
f 9453 10781 11037
f 9198 9454 11038
f 9454 10782 11038
f 9199 9455 11039
f 9455 10783 11039
f 9200 9456 11040
f 9456 10784 11040
f 9201 9457 11041
f 9457 10785 11041
f 9202 9458 11042
f 9458 10786 11042
f 9203 9459 11043
f 9459 10787 11043
f 9204 9460 11044
f 9460 10788 11044
f 9205 9461 11045
f 9461 10789 11045
f 9206 9462 11046
f 9462 10790 11046
f 9207 9463 11047
f 9463 10791 11047
f 9208 9464 11048
f 9464 10792 11048
f 9209 9465 11049
f 9465 10793 11049
f 9210 9466 11050
f 9466 10794 11050
f 9211 9467 11051
f 9467 10795 11051
f 9212 9468 11052
f 9468 10796 11052
f 9213 9469 11053
f 9469 10797 11053
f 9214 9470 11054
f 9470 10798 11054
f 9215 9471 11055
f 9471 10799 11055
f 9216 9472 11056
f 9472 10800 11056
f 9217 9473 11057
f 9473 10801 11057
f 9218 9474 11058
f 9474 10802 11058
f 9219 9475 11059
f 9475 10803 11059
f 9220 9476 11060
f 9476 10804 11060
f 9221 9477 11061
f 9477 10805 11061
f 9222 9478 11062
f 9478 10806 11062
f 9223 9479 11063
f 9479 10807 11063
f 9224 9480 11064
f 9480 10808 11064
f 9225 9481 11065
f 9481 10809 11065
f 9226 9482 11066
f 9482 10810 11066
f 9227 9483 11067
f 9483 10811 11067
f 9228 9484 11068
f 9484 10812 11068
f 9229 9485 11069
f 9485 10813 11069
f 9230 9486 11070
f 9486 10814 11070
f 9231 9487 11071
f 9487 10815 11071
f 9232 9488 11072
f 9488 10816 11072
f 9233 9489 11073
f 9489 10817 11073
f 9234 9490 11074
f 9490 10818 11074
f 9235 9491 11075
f 9491 10819 11075
f 9236 9492 11076
f 9492 10820 11076
f 9237 9493 11077
f 9493 10821 11077
f 9238 9494 11078
f 9494 10822 11078
f 9239 9495 11079
f 9495 10823 11079
f 9240 9496 11080
f 9496 10824 11080
f 9241 9497 11081
f 9497 10825 11081
f 9242 9498 11082
f 9498 10826 11082
f 9243 9499 11083
f 9499 10827 11083
f 9244 9500 11084
f 9500 10828 11084
f 9245 9501 11085
f 9501 10829 11085
f 9246 9502 11086
f 9502 10830 11086
f 9247 9503 11087
f 9503 10831 11087
f 9248 9504 11088
f 9504 10832 11088
f 9249 9505 11089
f 9505 10833 11089
f 9250 9506 11090
f 9506 10834 11090
f 9251 9507 11091
f 9507 10835 11091
f 9252 9508 11092
f 9508 10836 11092
f 9253 9509 11093
f 9509 10837 11093
f 9254 9510 11094
f 9510 10838 11094
f 9255 9511 11095
f 9511 10839 11095
f 9256 9512 11096
f 9512 10840 11096
f 9257 9513 11097
f 9513 10841 11097
f 9258 9514 11098
f 9514 10842 11098
f 9259 9515 11099
f 9515 10843 11099
f 9260 9516 11100
f 9516 10844 11100
f 9261 9517 11101
f 9517 10845 11101
f 9262 9518 11102
f 9518 10846 11102
f 9263 9519 11103
f 9519 10847 11103
f 9264 9520 11104
f 9520 10848 11104
f 9265 9521 11105
f 9521 10849 11105
f 9266 9522 11106
f 9522 10850 11106
f 9267 9523 11107
f 9523 10851 11107
f 9268 9524 11108
f 9524 10852 11108
f 9269 9525 11109
f 9525 10853 11109
f 9270 9526 11110
f 9526 10854 11110
f 9271 9527 11111
f 9527 10855 11111
f 9272 9528 11112
f 9528 10856 11112
f 9273 9529 11113
f 9529 10857 11113
f 9274 9530 11114
f 9530 10858 11114
f 9275 9531 11115
f 9531 10859 11115
f 9276 9532 11116
f 9532 10860 11116
f 9277 9533 11117
f 9533 10861 11117
f 9278 9534 11118
f 9534 10862 11118
f 9279 9535 11119
f 9535 10863 11119
f 9280 9536 11120
f 9536 10864 11120
f 9281 9537 11121
f 9537 10865 11121
f 9282 9538 11122
f 9538 10866 11122
f 8771 9027 11123
f 9027 10867 11123
f 8772 9028 11124
f 9028 10868 11124
f 8773 9029 11125
f 9029 10869 11125
f 8774 9030 11126
f 9030 10870 11126
f 8775 9031 11127
f 9031 10871 11127
f 8776 9032 11128
f 9032 10872 11128
f 8777 9033 11129
f 9033 10873 11129
f 8778 9034 11130
f 9034 10874 11130
f 8779 9035 11131
f 9035 10875 11131
f 8780 9036 11132
f 9036 10876 11132
f 8781 9037 11133
f 9037 10877 11133
f 8782 9038 11134
f 9038 10878 11134
f 8783 9039 11135
f 9039 10879 11135
f 8784 9040 11136
f 9040 10880 11136
f 8785 9041 11137
f 9041 10881 11137
f 8786 9042 11138
f 9042 10882 11138
f 8787 9043 11139
f 9043 10883 11139
f 8788 9044 11140
f 9044 10884 11140
f 8789 9045 11141
f 9045 10885 11141
f 8790 9046 11142
f 9046 10886 11142
f 8791 9047 11143
f 9047 10887 11143
f 8792 9048 11144
f 9048 10888 11144
f 8793 9049 11145
f 9049 10889 11145
f 8794 9050 11146
f 9050 10890 11146
f 8795 9051 11147
f 9051 10891 11147
f 8796 9052 11148
f 9052 10892 11148
f 8797 9053 11149
f 9053 10893 11149
f 8798 9054 11150
f 9054 10894 11150
f 8799 9055 11151
f 9055 10895 11151
f 8800 9056 11152
f 9056 10896 11152
f 8801 9057 11153
f 9057 10897 11153
f 8802 9058 11154
f 9058 10898 11154
f 8803 9059 11155
f 9059 10899 11155
f 8804 9060 11156
f 9060 10900 11156
f 8805 9061 11157
f 9061 10901 11157
f 8806 9062 11158
f 9062 10902 11158
f 8807 9063 11159
f 9063 10903 11159
f 8808 9064 11160
f 9064 10904 11160
f 8809 9065 11161
f 9065 10905 11161
f 8810 9066 11162
f 9066 10906 11162
f 8811 9067 11163
f 9067 10907 11163
f 8812 9068 11164
f 9068 10908 11164
f 8813 9069 11165
f 9069 10909 11165
f 8814 9070 11166
f 9070 10910 11166
f 8815 9071 11167
f 9071 10911 11167
f 8816 9072 11168
f 9072 10912 11168
f 8817 9073 11169
f 9073 10913 11169
f 8818 9074 11170
f 9074 10914 11170
f 8819 9075 11171
f 9075 10915 11171
f 8820 9076 11172
f 9076 10916 11172
f 8821 9077 11173
f 9077 10917 11173
f 8822 9078 11174
f 9078 10918 11174
f 8823 9079 11175
f 9079 10919 11175
f 8824 9080 11176
f 9080 10920 11176
f 8825 9081 11177
f 9081 10921 11177
f 8826 9082 11178
f 9082 10922 11178
f 8827 9083 11179
f 9083 10923 11179
f 8828 9084 11180
f 9084 10924 11180
f 8829 9085 11181
f 9085 10925 11181
f 8830 9086 11182
f 9086 10926 11182
f 8831 9087 11183
f 9087 10927 11183
f 8832 9088 11184
f 9088 10928 11184
f 8833 9089 11185
f 9089 10929 11185
f 8834 9090 11186
f 9090 10930 11186
f 8835 9091 11187
f 9091 10931 11187
f 8836 9092 11188
f 9092 10932 11188
f 8837 9093 11189
f 9093 10933 11189
f 8838 9094 11190
f 9094 10934 11190
f 8839 9095 11191
f 9095 10935 11191
f 8840 9096 11192
f 9096 10936 11192
f 8841 9097 11193
f 9097 10937 11193
f 8842 9098 11194
f 9098 10938 11194
f 8843 9099 11195
f 9099 10939 11195
f 8844 9100 11196
f 9100 10940 11196
f 8845 9101 11197
f 9101 10941 11197
f 8846 9102 11198
f 9102 10942 11198
f 8847 9103 11199
f 9103 10943 11199
f 8848 9104 11200
f 9104 10944 11200
f 8849 9105 11201
f 9105 10945 11201
f 8850 9106 11202
f 9106 10946 11202
f 8851 9107 11203
f 9107 10947 11203
f 8852 9108 11204
f 9108 10948 11204
f 8853 9109 11205
f 9109 10949 11205
f 8854 9110 11206
f 9110 10950 11206
f 8855 9111 11207
f 9111 10951 11207
f 8856 9112 11208
f 9112 10952 11208
f 8857 9113 11209
f 9113 10953 11209
f 8858 9114 11210
f 9114 10954 11210
f 8859 9115 11211
f 9115 10955 11211
f 8860 9116 11212
f 9116 10956 11212
f 8861 9117 11213
f 9117 10957 11213
f 8862 9118 11214
f 9118 10958 11214
f 8863 9119 11215
f 9119 10959 11215
f 8864 9120 11216
f 9120 10960 11216
f 8865 9121 11217
f 9121 10961 11217
f 8866 9122 11218
f 9122 10962 11218
f 8867 9123 11219
f 9123 10963 11219
f 8868 9124 11220
f 9124 10964 11220
f 8869 9125 11221
f 9125 10965 11221
f 8870 9126 11222
f 9126 10966 11222
f 8871 9127 11223
f 9127 10967 11223
f 8872 9128 11224
f 9128 10968 11224
f 8873 9129 11225
f 9129 10969 11225
f 8874 9130 11226
f 9130 10970 11226
f 8875 9131 11227
f 9131 10971 11227
f 8876 9132 11228
f 9132 10972 11228
f 8877 9133 11229
f 9133 10973 11229
f 8878 9134 11230
f 9134 10974 11230
f 8879 9135 11231
f 9135 10975 11231
f 8880 9136 11232
f 9136 10976 11232
f 8881 9137 11233
f 9137 10977 11233
f 8882 9138 11234
f 9138 10978 11234
f 8883 9139 11235
f 9139 10979 11235
f 8884 9140 11236
f 9140 10980 11236
f 8885 9141 11237
f 9141 10981 11237
f 8886 9142 11238
f 9142 10982 11238
f 8887 9143 11239
f 9143 10983 11239
f 8888 9144 11240
f 9144 10984 11240
f 8889 9145 11241
f 9145 10985 11241
f 8890 9146 11242
f 9146 10986 11242
f 8891 9147 11243
f 9147 10987 11243
f 8892 9148 11244
f 9148 10988 11244
f 8893 9149 11245
f 9149 10989 11245
f 8894 9150 11246
f 9150 10990 11246
f 8895 9151 11247
f 9151 10991 11247
f 8896 9152 11248
f 9152 10992 11248
f 8897 9153 11249
f 9153 10993 11249
f 8898 9154 11250
f 9154 10994 11250
f 8899 9155 11251
f 9155 10995 11251
f 8900 9156 11252
f 9156 10996 11252
f 8901 9157 11253
f 9157 10997 11253
f 8902 9158 11254
f 9158 10998 11254
f 8903 9159 11255
f 9159 10999 11255
f 8904 9160 11256
f 9160 11000 11256
f 8905 9161 11257
f 9161 11001 11257
f 8906 9162 11258
f 9162 11002 11258
f 8907 9163 11259
f 9163 11003 11259
f 8908 9164 11260
f 9164 11004 11260
f 8909 9165 11261
f 9165 11005 11261
f 8910 9166 11262
f 9166 11006 11262
f 8911 9167 11263
f 9167 11007 11263
f 8912 9168 11264
f 9168 11008 11264
f 8913 9169 11265
f 9169 11009 11265
f 8914 9170 11266
f 9170 11010 11266
f 8915 9171 11267
f 9171 11011 11267
f 8916 9172 11268
f 9172 11012 11268
f 8917 9173 11269
f 9173 11013 11269
f 8918 9174 11270
f 9174 11014 11270
f 8919 9175 11271
f 9175 11015 11271
f 8920 9176 11272
f 9176 11016 11272
f 8921 9177 11273
f 9177 11017 11273
f 8922 9178 11274
f 9178 11018 11274
f 8923 9179 11275
f 9179 11019 11275
f 8924 9180 11276
f 9180 11020 11276
f 8925 9181 11277
f 9181 11021 11277
f 8926 9182 11278
f 9182 11022 11278
f 8927 9183 11279
f 9183 11023 11279
f 8928 9184 11280
f 9184 11024 11280
f 8929 9185 11281
f 9185 11025 11281
f 8930 9186 11282
f 9186 11026 11282
f 8931 9187 11283
f 9187 11027 11283
f 8932 9188 11284
f 9188 11028 11284
f 8933 9189 11285
f 9189 11029 11285
f 8934 9190 11286
f 9190 11030 11286
f 8935 9191 11287
f 9191 11031 11287
f 8936 9192 11288
f 9192 11032 11288
f 8937 9193 11289
f 9193 11033 11289
f 8938 9194 11290
f 9194 11034 11290
f 8939 9195 11291
f 9195 11035 11291
f 8940 9196 11292
f 9196 11036 11292
f 8941 9197 11293
f 9197 11037 11293
f 8942 9198 11294
f 9198 11038 11294
f 8943 9199 11295
f 9199 11039 11295
f 8944 9200 11296
f 9200 11040 11296
f 8945 9201 11297
f 9201 11041 11297
f 8946 9202 11298
f 9202 11042 11298
f 8947 9203 11299
f 9203 11043 11299
f 8948 9204 11300
f 9204 11044 11300
f 8949 9205 11301
f 9205 11045 11301
f 8950 9206 11302
f 9206 11046 11302
f 8951 9207 11303
f 9207 11047 11303
f 8952 9208 11304
f 9208 11048 11304
f 8953 9209 11305
f 9209 11049 11305
f 8954 9210 11306
f 9210 11050 11306
f 8955 9211 11307
f 9211 11051 11307
f 8956 9212 11308
f 9212 11052 11308
f 8957 9213 11309
f 9213 11053 11309
f 8958 9214 11310
f 9214 11054 11310
f 8959 9215 11311
f 9215 11055 11311
f 8960 9216 11312
f 9216 11056 11312
f 8961 9217 11313
f 9217 11057 11313
f 8962 9218 11314
f 9218 11058 11314
f 8963 9219 11315
f 9219 11059 11315
f 8964 9220 11316
f 9220 11060 11316
f 8965 9221 11317
f 9221 11061 11317
f 8966 9222 11318
f 9222 11062 11318
f 8967 9223 11319
f 9223 11063 11319
f 8968 9224 11320
f 9224 11064 11320
f 8969 9225 11321
f 9225 11065 11321
f 8970 9226 11322
f 9226 11066 11322
f 8971 9227 11323
f 9227 11067 11323
f 8972 9228 11324
f 9228 11068 11324
f 8973 9229 11325
f 9229 11069 11325
f 8974 9230 11326
f 9230 11070 11326
f 8975 9231 11327
f 9231 11071 11327
f 8976 9232 11328
f 9232 11072 11328
f 8977 9233 11329
f 9233 11073 11329
f 8978 9234 11330
f 9234 11074 11330
f 8979 9235 11331
f 9235 11075 11331
f 8980 9236 11332
f 9236 11076 11332
f 8981 9237 11333
f 9237 11077 11333
f 8982 9238 11334
f 9238 11078 11334
f 8983 9239 11335
f 9239 11079 11335
f 8984 9240 11336
f 9240 11080 11336
f 8985 9241 11337
f 9241 11081 11337
f 8986 9242 11338
f 9242 11082 11338
f 8987 9243 11339
f 9243 11083 11339
f 8988 9244 11340
f 9244 11084 11340
f 8989 9245 11341
f 9245 11085 11341
f 8990 9246 11342
f 9246 11086 11342
f 8991 9247 11343
f 9247 11087 11343
f 8992 9248 11344
f 9248 11088 11344
f 8993 9249 11345
f 9249 11089 11345
f 8994 9250 11346
f 9250 11090 11346
f 8995 9251 11347
f 9251 11091 11347
f 8996 9252 11348
f 9252 11092 11348
f 8997 9253 11349
f 9253 11093 11349
f 8998 9254 11350
f 9254 11094 11350
f 8999 9255 11351
f 9255 11095 11351
f 9000 9256 11352
f 9256 11096 11352
f 9001 9257 11353
f 9257 11097 11353
f 9002 9258 11354
f 9258 11098 11354
f 9003 9259 11355
f 9259 11099 11355
f 9004 9260 11356
f 9260 11100 11356
f 9005 9261 11357
f 9261 11101 11357
f 9006 9262 11358
f 9262 11102 11358
f 9007 9263 11359
f 9263 11103 11359
f 9008 9264 11360
f 9264 11104 11360
f 9009 9265 11361
f 9265 11105 11361
f 9010 9266 11362
f 9266 11106 11362
f 9011 9267 11363
f 9267 11107 11363
f 9012 9268 11364
f 9268 11108 11364
f 9013 9269 11365
f 9269 11109 11365
f 9014 9270 11366
f 9270 11110 11366
f 9015 9271 11367
f 9271 11111 11367
f 9016 9272 11368
f 9272 11112 11368
f 9017 9273 11369
f 9273 11113 11369
f 9018 9274 11370
f 9274 11114 11370
f 9019 9275 11371
f 9275 11115 11371
f 9020 9276 11372
f 9276 11116 11372
f 9021 9277 11373
f 9277 11117 11373
f 9022 9278 11374
f 9278 11118 11374
f 9023 9279 11375
f 9279 11119 11375
f 9024 9280 11376
f 9280 11120 11376
f 9025 9281 11377
f 9281 11121 11377
f 9026 9282 11378
f 9282 11122 11378
f 8515 8771 11379
f 8771 11123 11379
f 8516 8772 11380
f 8772 11124 11380
f 8517 8773 11381
f 8773 11125 11381
f 8518 8774 11382
f 8774 11126 11382
f 8519 8775 11383
f 8775 11127 11383
f 8520 8776 11384
f 8776 11128 11384
f 8521 8777 11385
f 8777 11129 11385
f 8522 8778 11386
f 8778 11130 11386
f 8523 8779 11387
f 8779 11131 11387
f 8524 8780 11388
f 8780 11132 11388
f 8525 8781 11389
f 8781 11133 11389
f 8526 8782 11390
f 8782 11134 11390
f 8527 8783 11391
f 8783 11135 11391
f 8528 8784 11392
f 8784 11136 11392
f 8529 8785 11393
f 8785 11137 11393
f 8530 8786 11394
f 8786 11138 11394
f 8531 8787 11395
f 8787 11139 11395
f 8532 8788 11396
f 8788 11140 11396
f 8533 8789 11397
f 8789 11141 11397
f 8534 8790 11398
f 8790 11142 11398
f 8535 8791 11399
f 8791 11143 11399
f 8536 8792 11400
f 8792 11144 11400
f 8537 8793 11401
f 8793 11145 11401
f 8538 8794 11402
f 8794 11146 11402
f 8539 8795 11403
f 8795 11147 11403
f 8540 8796 11404
f 8796 11148 11404
f 8541 8797 11405
f 8797 11149 11405
f 8542 8798 11406
f 8798 11150 11406
f 8543 8799 11407
f 8799 11151 11407
f 8544 8800 11408
f 8800 11152 11408
f 8545 8801 11409
f 8801 11153 11409
f 8546 8802 11410
f 8802 11154 11410
f 8547 8803 11411
f 8803 11155 11411
f 8548 8804 11412
f 8804 11156 11412
f 8549 8805 11413
f 8805 11157 11413
f 8550 8806 11414
f 8806 11158 11414
f 8551 8807 11415
f 8807 11159 11415
f 8552 8808 11416
f 8808 11160 11416
f 8553 8809 11417
f 8809 11161 11417
f 8554 8810 11418
f 8810 11162 11418
f 8555 8811 11419
f 8811 11163 11419
f 8556 8812 11420
f 8812 11164 11420
f 8557 8813 11421
f 8813 11165 11421
f 8558 8814 11422
f 8814 11166 11422
f 8559 8815 11423
f 8815 11167 11423
f 8560 8816 11424
f 8816 11168 11424
f 8561 8817 11425
f 8817 11169 11425
f 8562 8818 11426
f 8818 11170 11426
f 8563 8819 11427
f 8819 11171 11427
f 8564 8820 11428
f 8820 11172 11428
f 8565 8821 11429
f 8821 11173 11429
f 8566 8822 11430
f 8822 11174 11430
f 8567 8823 11431
f 8823 11175 11431
f 8568 8824 11432
f 8824 11176 11432
f 8569 8825 11433
f 8825 11177 11433
f 8570 8826 11434
f 8826 11178 11434
f 8571 8827 11435
f 8827 11179 11435
f 8572 8828 11436
f 8828 11180 11436
f 8573 8829 11437
f 8829 11181 11437
f 8574 8830 11438
f 8830 11182 11438
f 8575 8831 11439
f 8831 11183 11439
f 8576 8832 11440
f 8832 11184 11440
f 8577 8833 11441
f 8833 11185 11441
f 8578 8834 11442
f 8834 11186 11442
f 8579 8835 11443
f 8835 11187 11443
f 8580 8836 11444
f 8836 11188 11444
f 8581 8837 11445
f 8837 11189 11445
f 8582 8838 11446
f 8838 11190 11446
f 8583 8839 11447
f 8839 11191 11447
f 8584 8840 11448
f 8840 11192 11448
f 8585 8841 11449
f 8841 11193 11449
f 8586 8842 11450
f 8842 11194 11450
f 8587 8843 11451
f 8843 11195 11451
f 8588 8844 11452
f 8844 11196 11452
f 8589 8845 11453
f 8845 11197 11453
f 8590 8846 11454
f 8846 11198 11454
f 8591 8847 11455
f 8847 11199 11455
f 8592 8848 11456
f 8848 11200 11456
f 8593 8849 11457
f 8849 11201 11457
f 8594 8850 11458
f 8850 11202 11458
f 8595 8851 11459
f 8851 11203 11459
f 8596 8852 11460
f 8852 11204 11460
f 8597 8853 11461
f 8853 11205 11461
f 8598 8854 11462
f 8854 11206 11462
f 8599 8855 11463
f 8855 11207 11463
f 8600 8856 11464
f 8856 11208 11464
f 8601 8857 11465
f 8857 11209 11465
f 8602 8858 11466
f 8858 11210 11466
f 8603 8859 11467
f 8859 11211 11467
f 8604 8860 11468
f 8860 11212 11468
f 8605 8861 11469
f 8861 11213 11469
f 8606 8862 11470
f 8862 11214 11470
f 8607 8863 11471
f 8863 11215 11471
f 8608 8864 11472
f 8864 11216 11472
f 8609 8865 11473
f 8865 11217 11473
f 8610 8866 11474
f 8866 11218 11474
f 8611 8867 11475
f 8867 11219 11475
f 8612 8868 11476
f 8868 11220 11476
f 8613 8869 11477
f 8869 11221 11477
f 8614 8870 11478
f 8870 11222 11478
f 8615 8871 11479
f 8871 11223 11479
f 8616 8872 11480
f 8872 11224 11480
f 8617 8873 11481
f 8873 11225 11481
f 8618 8874 11482
f 8874 11226 11482
f 8619 8875 11483
f 8875 11227 11483
f 8620 8876 11484
f 8876 11228 11484
f 8621 8877 11485
f 8877 11229 11485
f 8622 8878 11486
f 8878 11230 11486
f 8623 8879 11487
f 8879 11231 11487
f 8624 8880 11488
f 8880 11232 11488
f 8625 8881 11489
f 8881 11233 11489
f 8626 8882 11490
f 8882 11234 11490
f 8627 8883 11491
f 8883 11235 11491
f 8628 8884 11492
f 8884 11236 11492
f 8629 8885 11493
f 8885 11237 11493
f 8630 8886 11494
f 8886 11238 11494
f 8631 8887 11495
f 8887 11239 11495
f 8632 8888 11496
f 8888 11240 11496
f 8633 8889 11497
f 8889 11241 11497
f 8634 8890 11498
f 8890 11242 11498
f 8635 8891 11499
f 8891 11243 11499
f 8636 8892 11500
f 8892 11244 11500
f 8637 8893 11501
f 8893 11245 11501
f 8638 8894 11502
f 8894 11246 11502
f 8639 8895 11503
f 8895 11247 11503
f 8640 8896 11504
f 8896 11248 11504
f 8641 8897 11505
f 8897 11249 11505
f 8642 8898 11506
f 8898 11250 11506
f 8643 8899 11507
f 8899 11251 11507
f 8644 8900 11508
f 8900 11252 11508
f 8645 8901 11509
f 8901 11253 11509
f 8646 8902 11510
f 8902 11254 11510
f 8647 8903 11511
f 8903 11255 11511
f 8648 8904 11512
f 8904 11256 11512
f 8649 8905 11513
f 8905 11257 11513
f 8650 8906 11514
f 8906 11258 11514
f 8651 8907 11515
f 8907 11259 11515
f 8652 8908 11516
f 8908 11260 11516
f 8653 8909 11517
f 8909 11261 11517
f 8654 8910 11518
f 8910 11262 11518
f 8655 8911 11519
f 8911 11263 11519
f 8656 8912 11520
f 8912 11264 11520
f 8657 8913 11521
f 8913 11265 11521
f 8658 8914 11522
f 8914 11266 11522
f 8659 8915 11523
f 8915 11267 11523
f 8660 8916 11524
f 8916 11268 11524
f 8661 8917 11525
f 8917 11269 11525
f 8662 8918 11526
f 8918 11270 11526
f 8663 8919 11527
f 8919 11271 11527
f 8664 8920 11528
f 8920 11272 11528
f 8665 8921 11529
f 8921 11273 11529
f 8666 8922 11530
f 8922 11274 11530
f 8667 8923 11531
f 8923 11275 11531
f 8668 8924 11532
f 8924 11276 11532
f 8669 8925 11533
f 8925 11277 11533
f 8670 8926 11534
f 8926 11278 11534
f 8671 8927 11535
f 8927 11279 11535
f 8672 8928 11536
f 8928 11280 11536
f 8673 8929 11537
f 8929 11281 11537
f 8674 8930 11538
f 8930 11282 11538
f 8675 8931 11539
f 8931 11283 11539
f 8676 8932 11540
f 8932 11284 11540
f 8677 8933 11541
f 8933 11285 11541
f 8678 8934 11542
f 8934 11286 11542
f 8679 8935 11543
f 8935 11287 11543
f 8680 8936 11544
f 8936 11288 11544
f 8681 8937 11545
f 8937 11289 11545
f 8682 8938 11546
f 8938 11290 11546
f 8683 8939 11547
f 8939 11291 11547
f 8684 8940 11548
f 8940 11292 11548
f 8685 8941 11549
f 8941 11293 11549
f 8686 8942 11550
f 8942 11294 11550
f 8687 8943 11551
f 8943 11295 11551
f 8688 8944 11552
f 8944 11296 11552
f 8689 8945 11553
f 8945 11297 11553
f 8690 8946 11554
f 8946 11298 11554
f 8691 8947 11555
f 8947 11299 11555
f 8692 8948 11556
f 8948 11300 11556
f 8693 8949 11557
f 8949 11301 11557
f 8694 8950 11558
f 8950 11302 11558
f 8695 8951 11559
f 8951 11303 11559
f 8696 8952 11560
f 8952 11304 11560
f 8697 8953 11561
f 8953 11305 11561
f 8698 8954 11562
f 8954 11306 11562
f 8699 8955 11563
f 8955 11307 11563
f 8700 8956 11564
f 8956 11308 11564
f 8701 8957 11565
f 8957 11309 11565
f 8702 8958 11566
f 8958 11310 11566
f 8703 8959 11567
f 8959 11311 11567
f 8704 8960 11568
f 8960 11312 11568
f 8705 8961 11569
f 8961 11313 11569
f 8706 8962 11570
f 8962 11314 11570
f 8707 8963 11571
f 8963 11315 11571
f 8708 8964 11572
f 8964 11316 11572
f 8709 8965 11573
f 8965 11317 11573
f 8710 8966 11574
f 8966 11318 11574
f 8711 8967 11575
f 8967 11319 11575
f 8712 8968 11576
f 8968 11320 11576
f 8713 8969 11577
f 8969 11321 11577
f 8714 8970 11578
f 8970 11322 11578
f 8715 8971 11579
f 8971 11323 11579
f 8716 8972 11580
f 8972 11324 11580
f 8717 8973 11581
f 8973 11325 11581
f 8718 8974 11582
f 8974 11326 11582
f 8719 8975 11583
f 8975 11327 11583
f 8720 8976 11584
f 8976 11328 11584
f 8721 8977 11585
f 8977 11329 11585
f 8722 8978 11586
f 8978 11330 11586
f 8723 8979 11587
f 8979 11331 11587
f 8724 8980 11588
f 8980 11332 11588
f 8725 8981 11589
f 8981 11333 11589
f 8726 8982 11590
f 8982 11334 11590
f 8727 8983 11591
f 8983 11335 11591
f 8728 8984 11592
f 8984 11336 11592
f 8729 8985 11593
f 8985 11337 11593
f 8730 8986 11594
f 8986 11338 11594
f 8731 8987 11595
f 8987 11339 11595
f 8732 8988 11596
f 8988 11340 11596
f 8733 8989 11597
f 8989 11341 11597
f 8734 8990 11598
f 8990 11342 11598
f 8735 8991 11599
f 8991 11343 11599
f 8736 8992 11600
f 8992 11344 11600
f 8737 8993 11601
f 8993 11345 11601
f 8738 8994 11602
f 8994 11346 11602
f 8739 8995 11603
f 8995 11347 11603
f 8740 8996 11604
f 8996 11348 11604
f 8741 8997 11605
f 8997 11349 11605
f 8742 8998 11606
f 8998 11350 11606
f 8743 8999 11607
f 8999 11351 11607
f 8744 9000 11608
f 9000 11352 11608
f 8745 9001 11609
f 9001 11353 11609
f 8746 9002 11610
f 9002 11354 11610
f 8747 9003 11611
f 9003 11355 11611
f 8748 9004 11612
f 9004 11356 11612
f 8749 9005 11613
f 9005 11357 11613
f 8750 9006 11614
f 9006 11358 11614
f 8751 9007 11615
f 9007 11359 11615
f 8752 9008 11616
f 9008 11360 11616
f 8753 9009 11617
f 9009 11361 11617
f 8754 9010 11618
f 9010 11362 11618
f 8755 9011 11619
f 9011 11363 11619
f 8756 9012 11620
f 9012 11364 11620
f 8757 9013 11621
f 9013 11365 11621
f 8758 9014 11622
f 9014 11366 11622
f 8759 9015 11623
f 9015 11367 11623
f 8760 9016 11624
f 9016 11368 11624
f 8761 9017 11625
f 9017 11369 11625
f 8762 9018 11626
f 9018 11370 11626
f 8763 9019 11627
f 9019 11371 11627
f 8764 9020 11628
f 9020 11372 11628
f 8765 9021 11629
f 9021 11373 11629
f 8766 9022 11630
f 9022 11374 11630
f 8767 9023 11631
f 9023 11375 11631
f 8768 9024 11632
f 9024 11376 11632
f 8769 9025 11633
f 9025 11377 11633
f 8770 9026 11634
f 9026 11378 11634
f 8259 8515 11635
f 8515 11379 11635
f 8260 8516 11636
f 8516 11380 11636
f 8261 8517 11637
f 8517 11381 11637
f 8262 8518 11638
f 8518 11382 11638
f 8263 8519 11639
f 8519 11383 11639
f 8264 8520 11640
f 8520 11384 11640
f 8265 8521 11641
f 8521 11385 11641
f 8266 8522 11642
f 8522 11386 11642
f 8267 8523 11643
f 8523 11387 11643
f 8268 8524 11644
f 8524 11388 11644
f 8269 8525 11645
f 8525 11389 11645
f 8270 8526 11646
f 8526 11390 11646
f 8271 8527 11647
f 8527 11391 11647
f 8272 8528 11648
f 8528 11392 11648
f 8273 8529 11649
f 8529 11393 11649
f 8274 8530 11650
f 8530 11394 11650
f 8275 8531 11651
f 8531 11395 11651
f 8276 8532 11652
f 8532 11396 11652
f 8277 8533 11653
f 8533 11397 11653
f 8278 8534 11654
f 8534 11398 11654
f 8279 8535 11655
f 8535 11399 11655
f 8280 8536 11656
f 8536 11400 11656
f 8281 8537 11657
f 8537 11401 11657
f 8282 8538 11658
f 8538 11402 11658
f 8283 8539 11659
f 8539 11403 11659
f 8284 8540 11660
f 8540 11404 11660
f 8285 8541 11661
f 8541 11405 11661
f 8286 8542 11662
f 8542 11406 11662
f 8287 8543 11663
f 8543 11407 11663
f 8288 8544 11664
f 8544 11408 11664
f 8289 8545 11665
f 8545 11409 11665
f 8290 8546 11666
f 8546 11410 11666
f 8291 8547 11667
f 8547 11411 11667
f 8292 8548 11668
f 8548 11412 11668
f 8293 8549 11669
f 8549 11413 11669
f 8294 8550 11670
f 8550 11414 11670
f 8295 8551 11671
f 8551 11415 11671
f 8296 8552 11672
f 8552 11416 11672
f 8297 8553 11673
f 8553 11417 11673
f 8298 8554 11674
f 8554 11418 11674
f 8299 8555 11675
f 8555 11419 11675
f 8300 8556 11676
f 8556 11420 11676
f 8301 8557 11677
f 8557 11421 11677
f 8302 8558 11678
f 8558 11422 11678
f 8303 8559 11679
f 8559 11423 11679
f 8304 8560 11680
f 8560 11424 11680
f 8305 8561 11681
f 8561 11425 11681
f 8306 8562 11682
f 8562 11426 11682
f 8307 8563 11683
f 8563 11427 11683
f 8308 8564 11684
f 8564 11428 11684
f 8309 8565 11685
f 8565 11429 11685
f 8310 8566 11686
f 8566 11430 11686
f 8311 8567 11687
f 8567 11431 11687
f 8312 8568 11688
f 8568 11432 11688
f 8313 8569 11689
f 8569 11433 11689
f 8314 8570 11690
f 8570 11434 11690
f 8315 8571 11691
f 8571 11435 11691
f 8316 8572 11692
f 8572 11436 11692
f 8317 8573 11693
f 8573 11437 11693
f 8318 8574 11694
f 8574 11438 11694
f 8319 8575 11695
f 8575 11439 11695
f 8320 8576 11696
f 8576 11440 11696
f 8321 8577 11697
f 8577 11441 11697
f 8322 8578 11698
f 8578 11442 11698
f 8323 8579 11699
f 8579 11443 11699
f 8324 8580 11700
f 8580 11444 11700
f 8325 8581 11701
f 8581 11445 11701
f 8326 8582 11702
f 8582 11446 11702
f 8327 8583 11703
f 8583 11447 11703
f 8328 8584 11704
f 8584 11448 11704
f 8329 8585 11705
f 8585 11449 11705
f 8330 8586 11706
f 8586 11450 11706
f 8331 8587 11707
f 8587 11451 11707
f 8332 8588 11708
f 8588 11452 11708
f 8333 8589 11709
f 8589 11453 11709
f 8334 8590 11710
f 8590 11454 11710
f 8335 8591 11711
f 8591 11455 11711
f 8336 8592 11712
f 8592 11456 11712
f 8337 8593 11713
f 8593 11457 11713
f 8338 8594 11714
f 8594 11458 11714
f 8339 8595 11715
f 8595 11459 11715
f 8340 8596 11716
f 8596 11460 11716
f 8341 8597 11717
f 8597 11461 11717
f 8342 8598 11718
f 8598 11462 11718
f 8343 8599 11719
f 8599 11463 11719
f 8344 8600 11720
f 8600 11464 11720
f 8345 8601 11721
f 8601 11465 11721
f 8346 8602 11722
f 8602 11466 11722
f 8347 8603 11723
f 8603 11467 11723
f 8348 8604 11724
f 8604 11468 11724
f 8349 8605 11725
f 8605 11469 11725
f 8350 8606 11726
f 8606 11470 11726
f 8351 8607 11727
f 8607 11471 11727
f 8352 8608 11728
f 8608 11472 11728
f 8353 8609 11729
f 8609 11473 11729
f 8354 8610 11730
f 8610 11474 11730
f 8355 8611 11731
f 8611 11475 11731
f 8356 8612 11732
f 8612 11476 11732
f 8357 8613 11733
f 8613 11477 11733
f 8358 8614 11734
f 8614 11478 11734
f 8359 8615 11735
f 8615 11479 11735
f 8360 8616 11736
f 8616 11480 11736
f 8361 8617 11737
f 8617 11481 11737
f 8362 8618 11738
f 8618 11482 11738
f 8363 8619 11739
f 8619 11483 11739
f 8364 8620 11740
f 8620 11484 11740
f 8365 8621 11741
f 8621 11485 11741
f 8366 8622 11742
f 8622 11486 11742
f 8367 8623 11743
f 8623 11487 11743
f 8368 8624 11744
f 8624 11488 11744
f 8369 8625 11745
f 8625 11489 11745
f 8370 8626 11746
f 8626 11490 11746
f 8371 8627 11747
f 8627 11491 11747
f 8372 8628 11748
f 8628 11492 11748
f 8373 8629 11749
f 8629 11493 11749
f 8374 8630 11750
f 8630 11494 11750
f 8375 8631 11751
f 8631 11495 11751
f 8376 8632 11752
f 8632 11496 11752
f 8377 8633 11753
f 8633 11497 11753
f 8378 8634 11754
f 8634 11498 11754
f 8379 8635 11755
f 8635 11499 11755
f 8380 8636 11756
f 8636 11500 11756
f 8381 8637 11757
f 8637 11501 11757
f 8382 8638 11758
f 8638 11502 11758
f 8383 8639 11759
f 8639 11503 11759
f 8384 8640 11760
f 8640 11504 11760
f 8385 8641 11761
f 8641 11505 11761
f 8386 8642 11762
f 8642 11506 11762
f 8387 8643 11763
f 8643 11507 11763
f 8388 8644 11764
f 8644 11508 11764
f 8389 8645 11765
f 8645 11509 11765
f 8390 8646 11766
f 8646 11510 11766
f 8391 8647 11767
f 8647 11511 11767
f 8392 8648 11768
f 8648 11512 11768
f 8393 8649 11769
f 8649 11513 11769
f 8394 8650 11770
f 8650 11514 11770
f 8395 8651 11771
f 8651 11515 11771
f 8396 8652 11772
f 8652 11516 11772
f 8397 8653 11773
f 8653 11517 11773
f 8398 8654 11774
f 8654 11518 11774
f 8399 8655 11775
f 8655 11519 11775
f 8400 8656 11776
f 8656 11520 11776
f 8401 8657 11777
f 8657 11521 11777
f 8402 8658 11778
f 8658 11522 11778
f 8403 8659 11779
f 8659 11523 11779
f 8404 8660 11780
f 8660 11524 11780
f 8405 8661 11781
f 8661 11525 11781
f 8406 8662 11782
f 8662 11526 11782
f 8407 8663 11783
f 8663 11527 11783
f 8408 8664 11784
f 8664 11528 11784
f 8409 8665 11785
f 8665 11529 11785
f 8410 8666 11786
f 8666 11530 11786
f 8411 8667 11787
f 8667 11531 11787
f 8412 8668 11788
f 8668 11532 11788
f 8413 8669 11789
f 8669 11533 11789
f 8414 8670 11790
f 8670 11534 11790
f 8415 8671 11791
f 8671 11535 11791
f 8416 8672 11792
f 8672 11536 11792
f 8417 8673 11793
f 8673 11537 11793
f 8418 8674 11794
f 8674 11538 11794
f 8419 8675 11795
f 8675 11539 11795
f 8420 8676 11796
f 8676 11540 11796
f 8421 8677 11797
f 8677 11541 11797
f 8422 8678 11798
f 8678 11542 11798
f 8423 8679 11799
f 8679 11543 11799
f 8424 8680 11800
f 8680 11544 11800
f 8425 8681 11801
f 8681 11545 11801
f 8426 8682 11802
f 8682 11546 11802
f 8427 8683 11803
f 8683 11547 11803
f 8428 8684 11804
f 8684 11548 11804
f 8429 8685 11805
f 8685 11549 11805
f 8430 8686 11806
f 8686 11550 11806
f 8431 8687 11807
f 8687 11551 11807
f 8432 8688 11808
f 8688 11552 11808
f 8433 8689 11809
f 8689 11553 11809
f 8434 8690 11810
f 8690 11554 11810
f 8435 8691 11811
f 8691 11555 11811
f 8436 8692 11812
f 8692 11556 11812
f 8437 8693 11813
f 8693 11557 11813
f 8438 8694 11814
f 8694 11558 11814
f 8439 8695 11815
f 8695 11559 11815
f 8440 8696 11816
f 8696 11560 11816
f 8441 8697 11817
f 8697 11561 11817
f 8442 8698 11818
f 8698 11562 11818
f 8443 8699 11819
f 8699 11563 11819
f 8444 8700 11820
f 8700 11564 11820
f 8445 8701 11821
f 8701 11565 11821
f 8446 8702 11822
f 8702 11566 11822
f 8447 8703 11823
f 8703 11567 11823
f 8448 8704 11824
f 8704 11568 11824
f 8449 8705 11825
f 8705 11569 11825
f 8450 8706 11826
f 8706 11570 11826
f 8451 8707 11827
f 8707 11571 11827
f 8452 8708 11828
f 8708 11572 11828
f 8453 8709 11829
f 8709 11573 11829
f 8454 8710 11830
f 8710 11574 11830
f 8455 8711 11831
f 8711 11575 11831
f 8456 8712 11832
f 8712 11576 11832
f 8457 8713 11833
f 8713 11577 11833
f 8458 8714 11834
f 8714 11578 11834
f 8459 8715 11835
f 8715 11579 11835
f 8460 8716 11836
f 8716 11580 11836
f 8461 8717 11837
f 8717 11581 11837
f 8462 8718 11838
f 8718 11582 11838
f 8463 8719 11839
f 8719 11583 11839
f 8464 8720 11840
f 8720 11584 11840
f 8465 8721 11841
f 8721 11585 11841
f 8466 8722 11842
f 8722 11586 11842
f 8467 8723 11843
f 8723 11587 11843
f 8468 8724 11844
f 8724 11588 11844
f 8469 8725 11845
f 8725 11589 11845
f 8470 8726 11846
f 8726 11590 11846
f 8471 8727 11847
f 8727 11591 11847
f 8472 8728 11848
f 8728 11592 11848
f 8473 8729 11849
f 8729 11593 11849
f 8474 8730 11850
f 8730 11594 11850
f 8475 8731 11851
f 8731 11595 11851
f 8476 8732 11852
f 8732 11596 11852
f 8477 8733 11853
f 8733 11597 11853
f 8478 8734 11854
f 8734 11598 11854
f 8479 8735 11855
f 8735 11599 11855
f 8480 8736 11856
f 8736 11600 11856
f 8481 8737 11857
f 8737 11601 11857
f 8482 8738 11858
f 8738 11602 11858
f 8483 8739 11859
f 8739 11603 11859
f 8484 8740 11860
f 8740 11604 11860
f 8485 8741 11861
f 8741 11605 11861
f 8486 8742 11862
f 8742 11606 11862
f 8487 8743 11863
f 8743 11607 11863
f 8488 8744 11864
f 8744 11608 11864
f 8489 8745 11865
f 8745 11609 11865
f 8490 8746 11866
f 8746 11610 11866
f 8491 8747 11867
f 8747 11611 11867
f 8492 8748 11868
f 8748 11612 11868
f 8493 8749 11869
f 8749 11613 11869
f 8494 8750 11870
f 8750 11614 11870
f 8495 8751 11871
f 8751 11615 11871
f 8496 8752 11872
f 8752 11616 11872
f 8497 8753 11873
f 8753 11617 11873
f 8498 8754 11874
f 8754 11618 11874
f 8499 8755 11875
f 8755 11619 11875
f 8500 8756 11876
f 8756 11620 11876
f 8501 8757 11877
f 8757 11621 11877
f 8502 8758 11878
f 8758 11622 11878
f 8503 8759 11879
f 8759 11623 11879
f 8504 8760 11880
f 8760 11624 11880
f 8505 8761 11881
f 8761 11625 11881
f 8506 8762 11882
f 8762 11626 11882
f 8507 8763 11883
f 8763 11627 11883
f 8508 8764 11884
f 8764 11628 11884
f 8509 8765 11885
f 8765 11629 11885
f 8510 8766 11886
f 8766 11630 11886
f 8511 8767 11887
f 8767 11631 11887
f 8512 8768 11888
f 8768 11632 11888
f 8513 8769 11889
f 8769 11633 11889
f 8514 8770 11890
f 8770 11634 11890
f 8003 8259 11891
f 8259 11635 11891
f 8004 8260 11892
f 8260 11636 11892
f 8005 8261 11893
f 8261 11637 11893
f 8006 8262 11894
f 8262 11638 11894
f 8007 8263 11895
f 8263 11639 11895
f 8008 8264 11896
f 8264 11640 11896
f 8009 8265 11897
f 8265 11641 11897
f 8010 8266 11898
f 8266 11642 11898
f 8011 8267 11899
f 8267 11643 11899
f 8012 8268 11900
f 8268 11644 11900
f 8013 8269 11901
f 8269 11645 11901
f 8014 8270 11902
f 8270 11646 11902
f 8015 8271 11903
f 8271 11647 11903
f 8016 8272 11904
f 8272 11648 11904
f 8017 8273 11905
f 8273 11649 11905
f 8018 8274 11906
f 8274 11650 11906
f 8019 8275 11907
f 8275 11651 11907
f 8020 8276 11908
f 8276 11652 11908
f 8021 8277 11909
f 8277 11653 11909
f 8022 8278 11910
f 8278 11654 11910
f 8023 8279 11911
f 8279 11655 11911
f 8024 8280 11912
f 8280 11656 11912
f 8025 8281 11913
f 8281 11657 11913
f 8026 8282 11914
f 8282 11658 11914
f 8027 8283 11915
f 8283 11659 11915
f 8028 8284 11916
f 8284 11660 11916
f 8029 8285 11917
f 8285 11661 11917
f 8030 8286 11918
f 8286 11662 11918
f 8031 8287 11919
f 8287 11663 11919
f 8032 8288 11920
f 8288 11664 11920
f 8033 8289 11921
f 8289 11665 11921
f 8034 8290 11922
f 8290 11666 11922
f 8035 8291 11923
f 8291 11667 11923
f 8036 8292 11924
f 8292 11668 11924
f 8037 8293 11925
f 8293 11669 11925
f 8038 8294 11926
f 8294 11670 11926
f 8039 8295 11927
f 8295 11671 11927
f 8040 8296 11928
f 8296 11672 11928
f 8041 8297 11929
f 8297 11673 11929
f 8042 8298 11930
f 8298 11674 11930
f 8043 8299 11931
f 8299 11675 11931
f 8044 8300 11932
f 8300 11676 11932
f 8045 8301 11933
f 8301 11677 11933
f 8046 8302 11934
f 8302 11678 11934
f 8047 8303 11935
f 8303 11679 11935
f 8048 8304 11936
f 8304 11680 11936
f 8049 8305 11937
f 8305 11681 11937
f 8050 8306 11938
f 8306 11682 11938
f 8051 8307 11939
f 8307 11683 11939
f 8052 8308 11940
f 8308 11684 11940
f 8053 8309 11941
f 8309 11685 11941
f 8054 8310 11942
f 8310 11686 11942
f 8055 8311 11943
f 8311 11687 11943
f 8056 8312 11944
f 8312 11688 11944
f 8057 8313 11945
f 8313 11689 11945
f 8058 8314 11946
f 8314 11690 11946
f 8059 8315 11947
f 8315 11691 11947
f 8060 8316 11948
f 8316 11692 11948
f 8061 8317 11949
f 8317 11693 11949
f 8062 8318 11950
f 8318 11694 11950
f 8063 8319 11951
f 8319 11695 11951
f 8064 8320 11952
f 8320 11696 11952
f 8065 8321 11953
f 8321 11697 11953
f 8066 8322 11954
f 8322 11698 11954
f 8067 8323 11955
f 8323 11699 11955
f 8068 8324 11956
f 8324 11700 11956
f 8069 8325 11957
f 8325 11701 11957
f 8070 8326 11958
f 8326 11702 11958
f 8071 8327 11959
f 8327 11703 11959
f 8072 8328 11960
f 8328 11704 11960
f 8073 8329 11961
f 8329 11705 11961
f 8074 8330 11962
f 8330 11706 11962
f 8075 8331 11963
f 8331 11707 11963
f 8076 8332 11964
f 8332 11708 11964
f 8077 8333 11965
f 8333 11709 11965
f 8078 8334 11966
f 8334 11710 11966
f 8079 8335 11967
f 8335 11711 11967
f 8080 8336 11968
f 8336 11712 11968
f 8081 8337 11969
f 8337 11713 11969
f 8082 8338 11970
f 8338 11714 11970
f 8083 8339 11971
f 8339 11715 11971
f 8084 8340 11972
f 8340 11716 11972
f 8085 8341 11973
f 8341 11717 11973
f 8086 8342 11974
f 8342 11718 11974
f 8087 8343 11975
f 8343 11719 11975
f 8088 8344 11976
f 8344 11720 11976
f 8089 8345 11977
f 8345 11721 11977
f 8090 8346 11978
f 8346 11722 11978
f 8091 8347 11979
f 8347 11723 11979
f 8092 8348 11980
f 8348 11724 11980
f 8093 8349 11981
f 8349 11725 11981
f 8094 8350 11982
f 8350 11726 11982
f 8095 8351 11983
f 8351 11727 11983
f 8096 8352 11984
f 8352 11728 11984
f 8097 8353 11985
f 8353 11729 11985
f 8098 8354 11986
f 8354 11730 11986
f 8099 8355 11987
f 8355 11731 11987
f 8100 8356 11988
f 8356 11732 11988
f 8101 8357 11989
f 8357 11733 11989
f 8102 8358 11990
f 8358 11734 11990
f 8103 8359 11991
f 8359 11735 11991
f 8104 8360 11992
f 8360 11736 11992
f 8105 8361 11993
f 8361 11737 11993
f 8106 8362 11994
f 8362 11738 11994
f 8107 8363 11995
f 8363 11739 11995
f 8108 8364 11996
f 8364 11740 11996
f 8109 8365 11997
f 8365 11741 11997
f 8110 8366 11998
f 8366 11742 11998
f 8111 8367 11999
f 8367 11743 11999
f 8112 8368 12000
f 8368 11744 12000
f 8113 8369 12001
f 8369 11745 12001
f 8114 8370 12002
f 8370 11746 12002
f 8115 8371 12003
f 8371 11747 12003
f 8116 8372 12004
f 8372 11748 12004
f 8117 8373 12005
f 8373 11749 12005
f 8118 8374 12006
f 8374 11750 12006
f 8119 8375 12007
f 8375 11751 12007
f 8120 8376 12008
f 8376 11752 12008
f 8121 8377 12009
f 8377 11753 12009
f 8122 8378 12010
f 8378 11754 12010
f 8123 8379 12011
f 8379 11755 12011
f 8124 8380 12012
f 8380 11756 12012
f 8125 8381 12013
f 8381 11757 12013
f 8126 8382 12014
f 8382 11758 12014
f 8127 8383 12015
f 8383 11759 12015
f 8128 8384 12016
f 8384 11760 12016
f 8129 8385 12017
f 8385 11761 12017
f 8130 8386 12018
f 8386 11762 12018
f 8131 8387 12019
f 8387 11763 12019
f 8132 8388 12020
f 8388 11764 12020
f 8133 8389 12021
f 8389 11765 12021
f 8134 8390 12022
f 8390 11766 12022
f 8135 8391 12023
f 8391 11767 12023
f 8136 8392 12024
f 8392 11768 12024
f 8137 8393 12025
f 8393 11769 12025
f 8138 8394 12026
f 8394 11770 12026
f 8139 8395 12027
f 8395 11771 12027
f 8140 8396 12028
f 8396 11772 12028
f 8141 8397 12029
f 8397 11773 12029
f 8142 8398 12030
f 8398 11774 12030
f 8143 8399 12031
f 8399 11775 12031
f 8144 8400 12032
f 8400 11776 12032
f 8145 8401 12033
f 8401 11777 12033
f 8146 8402 12034
f 8402 11778 12034
f 8147 8403 12035
f 8403 11779 12035
f 8148 8404 12036
f 8404 11780 12036
f 8149 8405 12037
f 8405 11781 12037
f 8150 8406 12038
f 8406 11782 12038
f 8151 8407 12039
f 8407 11783 12039
f 8152 8408 12040
f 8408 11784 12040
f 8153 8409 12041
f 8409 11785 12041
f 8154 8410 12042
f 8410 11786 12042
f 8155 8411 12043
f 8411 11787 12043
f 8156 8412 12044
f 8412 11788 12044
f 8157 8413 12045
f 8413 11789 12045
f 8158 8414 12046
f 8414 11790 12046
f 8159 8415 12047
f 8415 11791 12047
f 8160 8416 12048
f 8416 11792 12048
f 8161 8417 12049
f 8417 11793 12049
f 8162 8418 12050
f 8418 11794 12050
f 8163 8419 12051
f 8419 11795 12051
f 8164 8420 12052
f 8420 11796 12052
f 8165 8421 12053
f 8421 11797 12053
f 8166 8422 12054
f 8422 11798 12054
f 8167 8423 12055
f 8423 11799 12055
f 8168 8424 12056
f 8424 11800 12056
f 8169 8425 12057
f 8425 11801 12057
f 8170 8426 12058
f 8426 11802 12058
f 8171 8427 12059
f 8427 11803 12059
f 8172 8428 12060
f 8428 11804 12060
f 8173 8429 12061
f 8429 11805 12061
f 8174 8430 12062
f 8430 11806 12062
f 8175 8431 12063
f 8431 11807 12063
f 8176 8432 12064
f 8432 11808 12064
f 8177 8433 12065
f 8433 11809 12065
f 8178 8434 12066
f 8434 11810 12066
f 8179 8435 12067
f 8435 11811 12067
f 8180 8436 12068
f 8436 11812 12068
f 8181 8437 12069
f 8437 11813 12069
f 8182 8438 12070
f 8438 11814 12070
f 8183 8439 12071
f 8439 11815 12071
f 8184 8440 12072
f 8440 11816 12072
f 8185 8441 12073
f 8441 11817 12073
f 8186 8442 12074
f 8442 11818 12074
f 8187 8443 12075
f 8443 11819 12075
f 8188 8444 12076
f 8444 11820 12076
f 8189 8445 12077
f 8445 11821 12077
f 8190 8446 12078
f 8446 11822 12078
f 8191 8447 12079
f 8447 11823 12079
f 8192 8448 12080
f 8448 11824 12080
f 8193 8449 12081
f 8449 11825 12081
f 8194 8450 12082
f 8450 11826 12082
f 8195 8451 12083
f 8451 11827 12083
f 8196 8452 12084
f 8452 11828 12084
f 8197 8453 12085
f 8453 11829 12085
f 8198 8454 12086
f 8454 11830 12086
f 8199 8455 12087
f 8455 11831 12087
f 8200 8456 12088
f 8456 11832 12088
f 8201 8457 12089
f 8457 11833 12089
f 8202 8458 12090
f 8458 11834 12090
f 8203 8459 12091
f 8459 11835 12091
f 8204 8460 12092
f 8460 11836 12092
f 8205 8461 12093
f 8461 11837 12093
f 8206 8462 12094
f 8462 11838 12094
f 8207 8463 12095
f 8463 11839 12095
f 8208 8464 12096
f 8464 11840 12096
f 8209 8465 12097
f 8465 11841 12097
f 8210 8466 12098
f 8466 11842 12098
f 8211 8467 12099
f 8467 11843 12099
f 8212 8468 12100
f 8468 11844 12100
f 8213 8469 12101
f 8469 11845 12101
f 8214 8470 12102
f 8470 11846 12102
f 8215 8471 12103
f 8471 11847 12103
f 8216 8472 12104
f 8472 11848 12104
f 8217 8473 12105
f 8473 11849 12105
f 8218 8474 12106
f 8474 11850 12106
f 8219 8475 12107
f 8475 11851 12107
f 8220 8476 12108
f 8476 11852 12108
f 8221 8477 12109
f 8477 11853 12109
f 8222 8478 12110
f 8478 11854 12110
f 8223 8479 12111
f 8479 11855 12111
f 8224 8480 12112
f 8480 11856 12112
f 8225 8481 12113
f 8481 11857 12113
f 8226 8482 12114
f 8482 11858 12114
f 8227 8483 12115
f 8483 11859 12115
f 8228 8484 12116
f 8484 11860 12116
f 8229 8485 12117
f 8485 11861 12117
f 8230 8486 12118
f 8486 11862 12118
f 8231 8487 12119
f 8487 11863 12119
f 8232 8488 12120
f 8488 11864 12120
f 8233 8489 12121
f 8489 11865 12121
f 8234 8490 12122
f 8490 11866 12122
f 8235 8491 12123
f 8491 11867 12123
f 8236 8492 12124
f 8492 11868 12124
f 8237 8493 12125
f 8493 11869 12125
f 8238 8494 12126
f 8494 11870 12126
f 8239 8495 12127
f 8495 11871 12127
f 8240 8496 12128
f 8496 11872 12128
f 8241 8497 12129
f 8497 11873 12129
f 8242 8498 12130
f 8498 11874 12130
f 8243 8499 12131
f 8499 11875 12131
f 8244 8500 12132
f 8500 11876 12132
f 8245 8501 12133
f 8501 11877 12133
f 8246 8502 12134
f 8502 11878 12134
f 8247 8503 12135
f 8503 11879 12135
f 8248 8504 12136
f 8504 11880 12136
f 8249 8505 12137
f 8505 11881 12137
f 8250 8506 12138
f 8506 11882 12138
f 8251 8507 12139
f 8507 11883 12139
f 8252 8508 12140
f 8508 11884 12140
f 8253 8509 12141
f 8509 11885 12141
f 8254 8510 12142
f 8510 11886 12142
f 8255 8511 12143
f 8511 11887 12143
f 8256 8512 12144
f 8512 11888 12144
f 8257 8513 12145
f 8513 11889 12145
f 8258 8514 12146
f 8514 11890 12146
f 7747 8003 12147
f 8003 11891 12147
f 7748 8004 12148
f 8004 11892 12148
f 7749 8005 12149
f 8005 11893 12149
f 7750 8006 12150
f 8006 11894 12150
f 7751 8007 12151
f 8007 11895 12151
f 7752 8008 12152
f 8008 11896 12152
f 7753 8009 12153
f 8009 11897 12153
f 7754 8010 12154
f 8010 11898 12154
f 7755 8011 12155
f 8011 11899 12155
f 7756 8012 12156
f 8012 11900 12156
f 7757 8013 12157
f 8013 11901 12157
f 7758 8014 12158
f 8014 11902 12158
f 7759 8015 12159
f 8015 11903 12159
f 7760 8016 12160
f 8016 11904 12160
f 7761 8017 12161
f 8017 11905 12161
f 7762 8018 12162
f 8018 11906 12162
f 7763 8019 12163
f 8019 11907 12163
f 7764 8020 12164
f 8020 11908 12164
f 7765 8021 12165
f 8021 11909 12165
f 7766 8022 12166
f 8022 11910 12166
f 7767 8023 12167
f 8023 11911 12167
f 7768 8024 12168
f 8024 11912 12168
f 7769 8025 12169
f 8025 11913 12169
f 7770 8026 12170
f 8026 11914 12170
f 7771 8027 12171
f 8027 11915 12171
f 7772 8028 12172
f 8028 11916 12172
f 7773 8029 12173
f 8029 11917 12173
f 7774 8030 12174
f 8030 11918 12174
f 7775 8031 12175
f 8031 11919 12175
f 7776 8032 12176
f 8032 11920 12176
f 7777 8033 12177
f 8033 11921 12177
f 7778 8034 12178
f 8034 11922 12178
f 7779 8035 12179
f 8035 11923 12179
f 7780 8036 12180
f 8036 11924 12180
f 7781 8037 12181
f 8037 11925 12181
f 7782 8038 12182
f 8038 11926 12182
f 7783 8039 12183
f 8039 11927 12183
f 7784 8040 12184
f 8040 11928 12184
f 7785 8041 12185
f 8041 11929 12185
f 7786 8042 12186
f 8042 11930 12186
f 7787 8043 12187
f 8043 11931 12187
f 7788 8044 12188
f 8044 11932 12188
f 7789 8045 12189
f 8045 11933 12189
f 7790 8046 12190
f 8046 11934 12190
f 7791 8047 12191
f 8047 11935 12191
f 7792 8048 12192
f 8048 11936 12192
f 7793 8049 12193
f 8049 11937 12193
f 7794 8050 12194
f 8050 11938 12194
f 7795 8051 12195
f 8051 11939 12195
f 7796 8052 12196
f 8052 11940 12196
f 7797 8053 12197
f 8053 11941 12197
f 7798 8054 12198
f 8054 11942 12198
f 7799 8055 12199
f 8055 11943 12199
f 7800 8056 12200
f 8056 11944 12200
f 7801 8057 12201
f 8057 11945 12201
f 7802 8058 12202
f 8058 11946 12202
f 7803 8059 12203
f 8059 11947 12203
f 7804 8060 12204
f 8060 11948 12204
f 7805 8061 12205
f 8061 11949 12205
f 7806 8062 12206
f 8062 11950 12206
f 7807 8063 12207
f 8063 11951 12207
f 7808 8064 12208
f 8064 11952 12208
f 7809 8065 12209
f 8065 11953 12209
f 7810 8066 12210
f 8066 11954 12210
f 7811 8067 12211
f 8067 11955 12211
f 7812 8068 12212
f 8068 11956 12212
f 7813 8069 12213
f 8069 11957 12213
f 7814 8070 12214
f 8070 11958 12214
f 7815 8071 12215
f 8071 11959 12215
f 7816 8072 12216
f 8072 11960 12216
f 7817 8073 12217
f 8073 11961 12217
f 7818 8074 12218
f 8074 11962 12218
f 7819 8075 12219
f 8075 11963 12219
f 7820 8076 12220
f 8076 11964 12220
f 7821 8077 12221
f 8077 11965 12221
f 7822 8078 12222
f 8078 11966 12222
f 7823 8079 12223
f 8079 11967 12223
f 7824 8080 12224
f 8080 11968 12224
f 7825 8081 12225
f 8081 11969 12225
f 7826 8082 12226
f 8082 11970 12226
f 7827 8083 12227
f 8083 11971 12227
f 7828 8084 12228
f 8084 11972 12228
f 7829 8085 12229
f 8085 11973 12229
f 7830 8086 12230
f 8086 11974 12230
f 7831 8087 12231
f 8087 11975 12231
f 7832 8088 12232
f 8088 11976 12232
f 7833 8089 12233
f 8089 11977 12233
f 7834 8090 12234
f 8090 11978 12234
f 7835 8091 12235
f 8091 11979 12235
f 7836 8092 12236
f 8092 11980 12236
f 7837 8093 12237
f 8093 11981 12237
f 7838 8094 12238
f 8094 11982 12238
f 7839 8095 12239
f 8095 11983 12239
f 7840 8096 12240
f 8096 11984 12240
f 7841 8097 12241
f 8097 11985 12241
f 7842 8098 12242
f 8098 11986 12242
f 7843 8099 12243
f 8099 11987 12243
f 7844 8100 12244
f 8100 11988 12244
f 7845 8101 12245
f 8101 11989 12245
f 7846 8102 12246
f 8102 11990 12246
f 7847 8103 12247
f 8103 11991 12247
f 7848 8104 12248
f 8104 11992 12248
f 7849 8105 12249
f 8105 11993 12249
f 7850 8106 12250
f 8106 11994 12250
f 7851 8107 12251
f 8107 11995 12251
f 7852 8108 12252
f 8108 11996 12252
f 7853 8109 12253
f 8109 11997 12253
f 7854 8110 12254
f 8110 11998 12254
f 7855 8111 12255
f 8111 11999 12255
f 7856 8112 12256
f 8112 12000 12256
f 7857 8113 12257
f 8113 12001 12257
f 7858 8114 12258
f 8114 12002 12258
f 7859 8115 12259
f 8115 12003 12259
f 7860 8116 12260
f 8116 12004 12260
f 7861 8117 12261
f 8117 12005 12261
f 7862 8118 12262
f 8118 12006 12262
f 7863 8119 12263
f 8119 12007 12263
f 7864 8120 12264
f 8120 12008 12264
f 7865 8121 12265
f 8121 12009 12265
f 7866 8122 12266
f 8122 12010 12266
f 7867 8123 12267
f 8123 12011 12267
f 7868 8124 12268
f 8124 12012 12268
f 7869 8125 12269
f 8125 12013 12269
f 7870 8126 12270
f 8126 12014 12270
f 7871 8127 12271
f 8127 12015 12271
f 7872 8128 12272
f 8128 12016 12272
f 7873 8129 12273
f 8129 12017 12273
f 7874 8130 12274
f 8130 12018 12274
f 7875 8131 12275
f 8131 12019 12275
f 7876 8132 12276
f 8132 12020 12276
f 7877 8133 12277
f 8133 12021 12277
f 7878 8134 12278
f 8134 12022 12278
f 7879 8135 12279
f 8135 12023 12279
f 7880 8136 12280
f 8136 12024 12280
f 7881 8137 12281
f 8137 12025 12281
f 7882 8138 12282
f 8138 12026 12282
f 7883 8139 12283
f 8139 12027 12283
f 7884 8140 12284
f 8140 12028 12284
f 7885 8141 12285
f 8141 12029 12285
f 7886 8142 12286
f 8142 12030 12286
f 7887 8143 12287
f 8143 12031 12287
f 7888 8144 12288
f 8144 12032 12288
f 7889 8145 12289
f 8145 12033 12289
f 7890 8146 12290
f 8146 12034 12290
f 7891 8147 12291
f 8147 12035 12291
f 7892 8148 12292
f 8148 12036 12292
f 7893 8149 12293
f 8149 12037 12293
f 7894 8150 12294
f 8150 12038 12294
f 7895 8151 12295
f 8151 12039 12295
f 7896 8152 12296
f 8152 12040 12296
f 7897 8153 12297
f 8153 12041 12297
f 7898 8154 12298
f 8154 12042 12298
f 7899 8155 12299
f 8155 12043 12299
f 7900 8156 12300
f 8156 12044 12300
f 7901 8157 12301
f 8157 12045 12301
f 7902 8158 12302
f 8158 12046 12302
f 7903 8159 12303
f 8159 12047 12303
f 7904 8160 12304
f 8160 12048 12304
f 7905 8161 12305
f 8161 12049 12305
f 7906 8162 12306
f 8162 12050 12306
f 7907 8163 12307
f 8163 12051 12307
f 7908 8164 12308
f 8164 12052 12308
f 7909 8165 12309
f 8165 12053 12309
f 7910 8166 12310
f 8166 12054 12310
f 7911 8167 12311
f 8167 12055 12311
f 7912 8168 12312
f 8168 12056 12312
f 7913 8169 12313
f 8169 12057 12313
f 7914 8170 12314
f 8170 12058 12314
f 7915 8171 12315
f 8171 12059 12315
f 7916 8172 12316
f 8172 12060 12316
f 7917 8173 12317
f 8173 12061 12317
f 7918 8174 12318
f 8174 12062 12318
f 7919 8175 12319
f 8175 12063 12319
f 7920 8176 12320
f 8176 12064 12320
f 7921 8177 12321
f 8177 12065 12321
f 7922 8178 12322
f 8178 12066 12322
f 7923 8179 12323
f 8179 12067 12323
f 7924 8180 12324
f 8180 12068 12324
f 7925 8181 12325
f 8181 12069 12325
f 7926 8182 12326
f 8182 12070 12326
f 7927 8183 12327
f 8183 12071 12327
f 7928 8184 12328
f 8184 12072 12328
f 7929 8185 12329
f 8185 12073 12329
f 7930 8186 12330
f 8186 12074 12330
f 7931 8187 12331
f 8187 12075 12331
f 7932 8188 12332
f 8188 12076 12332
f 7933 8189 12333
f 8189 12077 12333
f 7934 8190 12334
f 8190 12078 12334
f 7935 8191 12335
f 8191 12079 12335
f 7936 8192 12336
f 8192 12080 12336
f 7937 8193 12337
f 8193 12081 12337
f 7938 8194 12338
f 8194 12082 12338
f 7939 8195 12339
f 8195 12083 12339
f 7940 8196 12340
f 8196 12084 12340
f 7941 8197 12341
f 8197 12085 12341
f 7942 8198 12342
f 8198 12086 12342
f 7943 8199 12343
f 8199 12087 12343
f 7944 8200 12344
f 8200 12088 12344
f 7945 8201 12345
f 8201 12089 12345
f 7946 8202 12346
f 8202 12090 12346
f 7947 8203 12347
f 8203 12091 12347
f 7948 8204 12348
f 8204 12092 12348
f 7949 8205 12349
f 8205 12093 12349
f 7950 8206 12350
f 8206 12094 12350
f 7951 8207 12351
f 8207 12095 12351
f 7952 8208 12352
f 8208 12096 12352
f 7953 8209 12353
f 8209 12097 12353
f 7954 8210 12354
f 8210 12098 12354
f 7955 8211 12355
f 8211 12099 12355
f 7956 8212 12356
f 8212 12100 12356
f 7957 8213 12357
f 8213 12101 12357
f 7958 8214 12358
f 8214 12102 12358
f 7959 8215 12359
f 8215 12103 12359
f 7960 8216 12360
f 8216 12104 12360
f 7961 8217 12361
f 8217 12105 12361
f 7962 8218 12362
f 8218 12106 12362
f 7963 8219 12363
f 8219 12107 12363
f 7964 8220 12364
f 8220 12108 12364
f 7965 8221 12365
f 8221 12109 12365
f 7966 8222 12366
f 8222 12110 12366
f 7967 8223 12367
f 8223 12111 12367
f 7968 8224 12368
f 8224 12112 12368
f 7969 8225 12369
f 8225 12113 12369
f 7970 8226 12370
f 8226 12114 12370
f 7971 8227 12371
f 8227 12115 12371
f 7972 8228 12372
f 8228 12116 12372
f 7973 8229 12373
f 8229 12117 12373
f 7974 8230 12374
f 8230 12118 12374
f 7975 8231 12375
f 8231 12119 12375
f 7976 8232 12376
f 8232 12120 12376
f 7977 8233 12377
f 8233 12121 12377
f 7978 8234 12378
f 8234 12122 12378
f 7979 8235 12379
f 8235 12123 12379
f 7980 8236 12380
f 8236 12124 12380
f 7981 8237 12381
f 8237 12125 12381
f 7982 8238 12382
f 8238 12126 12382
f 7983 8239 12383
f 8239 12127 12383
f 7984 8240 12384
f 8240 12128 12384
f 7985 8241 12385
f 8241 12129 12385
f 7986 8242 12386
f 8242 12130 12386
f 7987 8243 12387
f 8243 12131 12387
f 7988 8244 12388
f 8244 12132 12388
f 7989 8245 12389
f 8245 12133 12389
f 7990 8246 12390
f 8246 12134 12390
f 7991 8247 12391
f 8247 12135 12391
f 7992 8248 12392
f 8248 12136 12392
f 7993 8249 12393
f 8249 12137 12393
f 7994 8250 12394
f 8250 12138 12394
f 7995 8251 12395
f 8251 12139 12395
f 7996 8252 12396
f 8252 12140 12396
f 7997 8253 12397
f 8253 12141 12397
f 7998 8254 12398
f 8254 12142 12398
f 7999 8255 12399
f 8255 12143 12399
f 8000 8256 12400
f 8256 12144 12400
f 8001 8257 12401
f 8257 12145 12401
f 8002 8258 12402
f 8258 12146 12402
f 7491 7747 12403
f 7747 12147 12403
f 7492 7748 12404
f 7748 12148 12404
f 7493 7749 12405
f 7749 12149 12405
f 7494 7750 12406
f 7750 12150 12406
f 7495 7751 12407
f 7751 12151 12407
f 7496 7752 12408
f 7752 12152 12408
f 7497 7753 12409
f 7753 12153 12409
f 7498 7754 12410
f 7754 12154 12410
f 7499 7755 12411
f 7755 12155 12411
f 7500 7756 12412
f 7756 12156 12412
f 7501 7757 12413
f 7757 12157 12413
f 7502 7758 12414
f 7758 12158 12414
f 7503 7759 12415
f 7759 12159 12415
f 7504 7760 12416
f 7760 12160 12416
f 7505 7761 12417
f 7761 12161 12417
f 7506 7762 12418
f 7762 12162 12418
f 7507 7763 12419
f 7763 12163 12419
f 7508 7764 12420
f 7764 12164 12420
f 7509 7765 12421
f 7765 12165 12421
f 7510 7766 12422
f 7766 12166 12422
f 7511 7767 12423
f 7767 12167 12423
f 7512 7768 12424
f 7768 12168 12424
f 7513 7769 12425
f 7769 12169 12425
f 7514 7770 12426
f 7770 12170 12426
f 7515 7771 12427
f 7771 12171 12427
f 7516 7772 12428
f 7772 12172 12428
f 7517 7773 12429
f 7773 12173 12429
f 7518 7774 12430
f 7774 12174 12430
f 7519 7775 12431
f 7775 12175 12431
f 7520 7776 12432
f 7776 12176 12432
f 7521 7777 12433
f 7777 12177 12433
f 7522 7778 12434
f 7778 12178 12434
f 7523 7779 12435
f 7779 12179 12435
f 7524 7780 12436
f 7780 12180 12436
f 7525 7781 12437
f 7781 12181 12437
f 7526 7782 12438
f 7782 12182 12438
f 7527 7783 12439
f 7783 12183 12439
f 7528 7784 12440
f 7784 12184 12440
f 7529 7785 12441
f 7785 12185 12441
f 7530 7786 12442
f 7786 12186 12442
f 7531 7787 12443
f 7787 12187 12443
f 7532 7788 12444
f 7788 12188 12444
f 7533 7789 12445
f 7789 12189 12445
f 7534 7790 12446
f 7790 12190 12446
f 7535 7791 12447
f 7791 12191 12447
f 7536 7792 12448
f 7792 12192 12448
f 7537 7793 12449
f 7793 12193 12449
f 7538 7794 12450
f 7794 12194 12450
f 7539 7795 12451
f 7795 12195 12451
f 7540 7796 12452
f 7796 12196 12452
f 7541 7797 12453
f 7797 12197 12453
f 7542 7798 12454
f 7798 12198 12454
f 7543 7799 12455
f 7799 12199 12455
f 7544 7800 12456
f 7800 12200 12456
f 7545 7801 12457
f 7801 12201 12457
f 7546 7802 12458
f 7802 12202 12458
f 7547 7803 12459
f 7803 12203 12459
f 7548 7804 12460
f 7804 12204 12460
f 7549 7805 12461
f 7805 12205 12461
f 7550 7806 12462
f 7806 12206 12462
f 7551 7807 12463
f 7807 12207 12463
f 7552 7808 12464
f 7808 12208 12464
f 7553 7809 12465
f 7809 12209 12465
f 7554 7810 12466
f 7810 12210 12466
f 7555 7811 12467
f 7811 12211 12467
f 7556 7812 12468
f 7812 12212 12468
f 7557 7813 12469
f 7813 12213 12469
f 7558 7814 12470
f 7814 12214 12470
f 7559 7815 12471
f 7815 12215 12471
f 7560 7816 12472
f 7816 12216 12472
f 7561 7817 12473
f 7817 12217 12473
f 7562 7818 12474
f 7818 12218 12474
f 7563 7819 12475
f 7819 12219 12475
f 7564 7820 12476
f 7820 12220 12476
f 7565 7821 12477
f 7821 12221 12477
f 7566 7822 12478
f 7822 12222 12478
f 7567 7823 12479
f 7823 12223 12479
f 7568 7824 12480
f 7824 12224 12480
f 7569 7825 12481
f 7825 12225 12481
f 7570 7826 12482
f 7826 12226 12482
f 7571 7827 12483
f 7827 12227 12483
f 7572 7828 12484
f 7828 12228 12484
f 7573 7829 12485
f 7829 12229 12485
f 7574 7830 12486
f 7830 12230 12486
f 7575 7831 12487
f 7831 12231 12487
f 7576 7832 12488
f 7832 12232 12488
f 7577 7833 12489
f 7833 12233 12489
f 7578 7834 12490
f 7834 12234 12490
f 7579 7835 12491
f 7835 12235 12491
f 7580 7836 12492
f 7836 12236 12492
f 7581 7837 12493
f 7837 12237 12493
f 7582 7838 12494
f 7838 12238 12494
f 7583 7839 12495
f 7839 12239 12495
f 7584 7840 12496
f 7840 12240 12496
f 7585 7841 12497
f 7841 12241 12497
f 7586 7842 12498
f 7842 12242 12498
f 7587 7843 12499
f 7843 12243 12499
f 7588 7844 12500
f 7844 12244 12500
f 7589 7845 12501
f 7845 12245 12501
f 7590 7846 12502
f 7846 12246 12502
f 7591 7847 12503
f 7847 12247 12503
f 7592 7848 12504
f 7848 12248 12504
f 7593 7849 12505
f 7849 12249 12505
f 7594 7850 12506
f 7850 12250 12506
f 7595 7851 12507
f 7851 12251 12507
f 7596 7852 12508
f 7852 12252 12508
f 7597 7853 12509
f 7853 12253 12509
f 7598 7854 12510
f 7854 12254 12510
f 7599 7855 12511
f 7855 12255 12511
f 7600 7856 12512
f 7856 12256 12512
f 7601 7857 12513
f 7857 12257 12513
f 7602 7858 12514
f 7858 12258 12514
f 7603 7859 12515
f 7859 12259 12515
f 7604 7860 12516
f 7860 12260 12516
f 7605 7861 12517
f 7861 12261 12517
f 7606 7862 12518
f 7862 12262 12518
f 7607 7863 12519
f 7863 12263 12519
f 7608 7864 12520
f 7864 12264 12520
f 7609 7865 12521
f 7865 12265 12521
f 7610 7866 12522
f 7866 12266 12522
f 7611 7867 12523
f 7867 12267 12523
f 7612 7868 12524
f 7868 12268 12524
f 7613 7869 12525
f 7869 12269 12525
f 7614 7870 12526
f 7870 12270 12526
f 7615 7871 12527
f 7871 12271 12527
f 7616 7872 12528
f 7872 12272 12528
f 7617 7873 12529
f 7873 12273 12529
f 7618 7874 12530
f 7874 12274 12530
f 7619 7875 12531
f 7875 12275 12531
f 7620 7876 12532
f 7876 12276 12532
f 7621 7877 12533
f 7877 12277 12533
f 7622 7878 12534
f 7878 12278 12534
f 7623 7879 12535
f 7879 12279 12535
f 7624 7880 12536
f 7880 12280 12536
f 7625 7881 12537
f 7881 12281 12537
f 7626 7882 12538
f 7882 12282 12538
f 7627 7883 12539
f 7883 12283 12539
f 7628 7884 12540
f 7884 12284 12540
f 7629 7885 12541
f 7885 12285 12541
f 7630 7886 12542
f 7886 12286 12542
f 7631 7887 12543
f 7887 12287 12543
f 7632 7888 12544
f 7888 12288 12544
f 7633 7889 12545
f 7889 12289 12545
f 7634 7890 12546
f 7890 12290 12546
f 7635 7891 12547
f 7891 12291 12547
f 7636 7892 12548
f 7892 12292 12548
f 7637 7893 12549
f 7893 12293 12549
f 7638 7894 12550
f 7894 12294 12550
f 7639 7895 12551
f 7895 12295 12551
f 7640 7896 12552
f 7896 12296 12552
f 7641 7897 12553
f 7897 12297 12553
f 7642 7898 12554
f 7898 12298 12554
f 7643 7899 12555
f 7899 12299 12555
f 7644 7900 12556
f 7900 12300 12556
f 7645 7901 12557
f 7901 12301 12557
f 7646 7902 12558
f 7902 12302 12558
f 7647 7903 12559
f 7903 12303 12559
f 7648 7904 12560
f 7904 12304 12560
f 7649 7905 12561
f 7905 12305 12561
f 7650 7906 12562
f 7906 12306 12562
f 7651 7907 12563
f 7907 12307 12563
f 7652 7908 12564
f 7908 12308 12564
f 7653 7909 12565
f 7909 12309 12565
f 7654 7910 12566
f 7910 12310 12566
f 7655 7911 12567
f 7911 12311 12567
f 7656 7912 12568
f 7912 12312 12568
f 7657 7913 12569
f 7913 12313 12569
f 7658 7914 12570
f 7914 12314 12570
f 7659 7915 12571
f 7915 12315 12571
f 7660 7916 12572
f 7916 12316 12572
f 7661 7917 12573
f 7917 12317 12573
f 7662 7918 12574
f 7918 12318 12574
f 7663 7919 12575
f 7919 12319 12575
f 7664 7920 12576
f 7920 12320 12576
f 7665 7921 12577
f 7921 12321 12577
f 7666 7922 12578
f 7922 12322 12578
f 7667 7923 12579
f 7923 12323 12579
f 7668 7924 12580
f 7924 12324 12580
f 7669 7925 12581
f 7925 12325 12581
f 7670 7926 12582
f 7926 12326 12582
f 7671 7927 12583
f 7927 12327 12583
f 7672 7928 12584
f 7928 12328 12584
f 7673 7929 12585
f 7929 12329 12585
f 7674 7930 12586
f 7930 12330 12586
f 7675 7931 12587
f 7931 12331 12587
f 7676 7932 12588
f 7932 12332 12588
f 7677 7933 12589
f 7933 12333 12589
f 7678 7934 12590
f 7934 12334 12590
f 7679 7935 12591
f 7935 12335 12591
f 7680 7936 12592
f 7936 12336 12592
f 7681 7937 12593
f 7937 12337 12593
f 7682 7938 12594
f 7938 12338 12594
f 7683 7939 12595
f 7939 12339 12595
f 7684 7940 12596
f 7940 12340 12596
f 7685 7941 12597
f 7941 12341 12597
f 7686 7942 12598
f 7942 12342 12598
f 7687 7943 12599
f 7943 12343 12599
f 7688 7944 12600
f 7944 12344 12600
f 7689 7945 12601
f 7945 12345 12601
f 7690 7946 12602
f 7946 12346 12602
f 7691 7947 12603
f 7947 12347 12603
f 7692 7948 12604
f 7948 12348 12604
f 7693 7949 12605
f 7949 12349 12605
f 7694 7950 12606
f 7950 12350 12606
f 7695 7951 12607
f 7951 12351 12607
f 7696 7952 12608
f 7952 12352 12608
f 7697 7953 12609
f 7953 12353 12609
f 7698 7954 12610
f 7954 12354 12610
f 7699 7955 12611
f 7955 12355 12611
f 7700 7956 12612
f 7956 12356 12612
f 7701 7957 12613
f 7957 12357 12613
f 7702 7958 12614
f 7958 12358 12614
f 7703 7959 12615
f 7959 12359 12615
f 7704 7960 12616
f 7960 12360 12616
f 7705 7961 12617
f 7961 12361 12617
f 7706 7962 12618
f 7962 12362 12618
f 7707 7963 12619
f 7963 12363 12619
f 7708 7964 12620
f 7964 12364 12620
f 7709 7965 12621
f 7965 12365 12621
f 7710 7966 12622
f 7966 12366 12622
f 7711 7967 12623
f 7967 12367 12623
f 7712 7968 12624
f 7968 12368 12624
f 7713 7969 12625
f 7969 12369 12625
f 7714 7970 12626
f 7970 12370 12626
f 7715 7971 12627
f 7971 12371 12627
f 7716 7972 12628
f 7972 12372 12628
f 7717 7973 12629
f 7973 12373 12629
f 7718 7974 12630
f 7974 12374 12630
f 7719 7975 12631
f 7975 12375 12631
f 7720 7976 12632
f 7976 12376 12632
f 7721 7977 12633
f 7977 12377 12633
f 7722 7978 12634
f 7978 12378 12634
f 7723 7979 12635
f 7979 12379 12635
f 7724 7980 12636
f 7980 12380 12636
f 7725 7981 12637
f 7981 12381 12637
f 7726 7982 12638
f 7982 12382 12638
f 7727 7983 12639
f 7983 12383 12639
f 7728 7984 12640
f 7984 12384 12640
f 7729 7985 12641
f 7985 12385 12641
f 7730 7986 12642
f 7986 12386 12642
f 7731 7987 12643
f 7987 12387 12643
f 7732 7988 12644
f 7988 12388 12644
f 7733 7989 12645
f 7989 12389 12645
f 7734 7990 12646
f 7990 12390 12646
f 7735 7991 12647
f 7991 12391 12647
f 7736 7992 12648
f 7992 12392 12648
f 7737 7993 12649
f 7993 12393 12649
f 7738 7994 12650
f 7994 12394 12650
f 7739 7995 12651
f 7995 12395 12651
f 7740 7996 12652
f 7996 12396 12652
f 7741 7997 12653
f 7997 12397 12653
f 7742 7998 12654
f 7998 12398 12654
f 7743 7999 12655
f 7999 12399 12655
f 7744 8000 12656
f 8000 12400 12656
f 7745 8001 12657
f 8001 12401 12657
f 7746 8002 12658
f 8002 12402 12658
f 7235 7491 12659
f 7491 12403 12659
f 7236 7492 12660
f 7492 12404 12660
f 7237 7493 12661
f 7493 12405 12661
f 7238 7494 12662
f 7494 12406 12662
f 7239 7495 12663
f 7495 12407 12663
f 7240 7496 12664
f 7496 12408 12664
f 7241 7497 12665
f 7497 12409 12665
f 7242 7498 12666
f 7498 12410 12666
f 7243 7499 12667
f 7499 12411 12667
f 7244 7500 12668
f 7500 12412 12668
f 7245 7501 12669
f 7501 12413 12669
f 7246 7502 12670
f 7502 12414 12670
f 7247 7503 12671
f 7503 12415 12671
f 7248 7504 12672
f 7504 12416 12672
f 7249 7505 12673
f 7505 12417 12673
f 7250 7506 12674
f 7506 12418 12674
f 7251 7507 12675
f 7507 12419 12675
f 7252 7508 12676
f 7508 12420 12676
f 7253 7509 12677
f 7509 12421 12677
f 7254 7510 12678
f 7510 12422 12678
f 7255 7511 12679
f 7511 12423 12679
f 7256 7512 12680
f 7512 12424 12680
f 7257 7513 12681
f 7513 12425 12681
f 7258 7514 12682
f 7514 12426 12682
f 7259 7515 12683
f 7515 12427 12683
f 7260 7516 12684
f 7516 12428 12684
f 7261 7517 12685
f 7517 12429 12685
f 7262 7518 12686
f 7518 12430 12686
f 7263 7519 12687
f 7519 12431 12687
f 7264 7520 12688
f 7520 12432 12688
f 7265 7521 12689
f 7521 12433 12689
f 7266 7522 12690
f 7522 12434 12690
f 7267 7523 12691
f 7523 12435 12691
f 7268 7524 12692
f 7524 12436 12692
f 7269 7525 12693
f 7525 12437 12693
f 7270 7526 12694
f 7526 12438 12694
f 7271 7527 12695
f 7527 12439 12695
f 7272 7528 12696
f 7528 12440 12696
f 7273 7529 12697
f 7529 12441 12697
f 7274 7530 12698
f 7530 12442 12698
f 7275 7531 12699
f 7531 12443 12699
f 7276 7532 12700
f 7532 12444 12700
f 7277 7533 12701
f 7533 12445 12701
f 7278 7534 12702
f 7534 12446 12702
f 7279 7535 12703
f 7535 12447 12703
f 7280 7536 12704
f 7536 12448 12704
f 7281 7537 12705
f 7537 12449 12705
f 7282 7538 12706
f 7538 12450 12706
f 7283 7539 12707
f 7539 12451 12707
f 7284 7540 12708
f 7540 12452 12708
f 7285 7541 12709
f 7541 12453 12709
f 7286 7542 12710
f 7542 12454 12710
f 7287 7543 12711
f 7543 12455 12711
f 7288 7544 12712
f 7544 12456 12712
f 7289 7545 12713
f 7545 12457 12713
f 7290 7546 12714
f 7546 12458 12714
f 7291 7547 12715
f 7547 12459 12715
f 7292 7548 12716
f 7548 12460 12716
f 7293 7549 12717
f 7549 12461 12717
f 7294 7550 12718
f 7550 12462 12718
f 7295 7551 12719
f 7551 12463 12719
f 7296 7552 12720
f 7552 12464 12720
f 7297 7553 12721
f 7553 12465 12721
f 7298 7554 12722
f 7554 12466 12722
f 7299 7555 12723
f 7555 12467 12723
f 7300 7556 12724
f 7556 12468 12724
f 7301 7557 12725
f 7557 12469 12725
f 7302 7558 12726
f 7558 12470 12726
f 7303 7559 12727
f 7559 12471 12727
f 7304 7560 12728
f 7560 12472 12728
f 7305 7561 12729
f 7561 12473 12729
f 7306 7562 12730
f 7562 12474 12730
f 7307 7563 12731
f 7563 12475 12731
f 7308 7564 12732
f 7564 12476 12732
f 7309 7565 12733
f 7565 12477 12733
f 7310 7566 12734
f 7566 12478 12734
f 7311 7567 12735
f 7567 12479 12735
f 7312 7568 12736
f 7568 12480 12736
f 7313 7569 12737
f 7569 12481 12737
f 7314 7570 12738
f 7570 12482 12738
f 7315 7571 12739
f 7571 12483 12739
f 7316 7572 12740
f 7572 12484 12740
f 7317 7573 12741
f 7573 12485 12741
f 7318 7574 12742
f 7574 12486 12742
f 7319 7575 12743
f 7575 12487 12743
f 7320 7576 12744
f 7576 12488 12744
f 7321 7577 12745
f 7577 12489 12745
f 7322 7578 12746
f 7578 12490 12746
f 7323 7579 12747
f 7579 12491 12747
f 7324 7580 12748
f 7580 12492 12748
f 7325 7581 12749
f 7581 12493 12749
f 7326 7582 12750
f 7582 12494 12750
f 7327 7583 12751
f 7583 12495 12751
f 7328 7584 12752
f 7584 12496 12752
f 7329 7585 12753
f 7585 12497 12753
f 7330 7586 12754
f 7586 12498 12754
f 7331 7587 12755
f 7587 12499 12755
f 7332 7588 12756
f 7588 12500 12756
f 7333 7589 12757
f 7589 12501 12757
f 7334 7590 12758
f 7590 12502 12758
f 7335 7591 12759
f 7591 12503 12759
f 7336 7592 12760
f 7592 12504 12760
f 7337 7593 12761
f 7593 12505 12761
f 7338 7594 12762
f 7594 12506 12762
f 7339 7595 12763
f 7595 12507 12763
f 7340 7596 12764
f 7596 12508 12764
f 7341 7597 12765
f 7597 12509 12765
f 7342 7598 12766
f 7598 12510 12766
f 7343 7599 12767
f 7599 12511 12767
f 7344 7600 12768
f 7600 12512 12768
f 7345 7601 12769
f 7601 12513 12769
f 7346 7602 12770
f 7602 12514 12770
f 7347 7603 12771
f 7603 12515 12771
f 7348 7604 12772
f 7604 12516 12772
f 7349 7605 12773
f 7605 12517 12773
f 7350 7606 12774
f 7606 12518 12774
f 7351 7607 12775
f 7607 12519 12775
f 7352 7608 12776
f 7608 12520 12776
f 7353 7609 12777
f 7609 12521 12777
f 7354 7610 12778
f 7610 12522 12778
f 7355 7611 12779
f 7611 12523 12779
f 7356 7612 12780
f 7612 12524 12780
f 7357 7613 12781
f 7613 12525 12781
f 7358 7614 12782
f 7614 12526 12782
f 7359 7615 12783
f 7615 12527 12783
f 7360 7616 12784
f 7616 12528 12784
f 7361 7617 12785
f 7617 12529 12785
f 7362 7618 12786
f 7618 12530 12786
f 7363 7619 12787
f 7619 12531 12787
f 7364 7620 12788
f 7620 12532 12788
f 7365 7621 12789
f 7621 12533 12789
f 7366 7622 12790
f 7622 12534 12790
f 7367 7623 12791
f 7623 12535 12791
f 7368 7624 12792
f 7624 12536 12792
f 7369 7625 12793
f 7625 12537 12793
f 7370 7626 12794
f 7626 12538 12794
f 7371 7627 12795
f 7627 12539 12795
f 7372 7628 12796
f 7628 12540 12796
f 7373 7629 12797
f 7629 12541 12797
f 7374 7630 12798
f 7630 12542 12798
f 7375 7631 12799
f 7631 12543 12799
f 7376 7632 12800
f 7632 12544 12800
f 7377 7633 12801
f 7633 12545 12801
f 7378 7634 12802
f 7634 12546 12802
f 7379 7635 12803
f 7635 12547 12803
f 7380 7636 12804
f 7636 12548 12804
f 7381 7637 12805
f 7637 12549 12805
f 7382 7638 12806
f 7638 12550 12806
f 7383 7639 12807
f 7639 12551 12807
f 7384 7640 12808
f 7640 12552 12808
f 7385 7641 12809
f 7641 12553 12809
f 7386 7642 12810
f 7642 12554 12810
f 7387 7643 12811
f 7643 12555 12811
f 7388 7644 12812
f 7644 12556 12812
f 7389 7645 12813
f 7645 12557 12813
f 7390 7646 12814
f 7646 12558 12814
f 7391 7647 12815
f 7647 12559 12815
f 7392 7648 12816
f 7648 12560 12816
f 7393 7649 12817
f 7649 12561 12817
f 7394 7650 12818
f 7650 12562 12818
f 7395 7651 12819
f 7651 12563 12819
f 7396 7652 12820
f 7652 12564 12820
f 7397 7653 12821
f 7653 12565 12821
f 7398 7654 12822
f 7654 12566 12822
f 7399 7655 12823
f 7655 12567 12823
f 7400 7656 12824
f 7656 12568 12824
f 7401 7657 12825
f 7657 12569 12825
f 7402 7658 12826
f 7658 12570 12826
f 7403 7659 12827
f 7659 12571 12827
f 7404 7660 12828
f 7660 12572 12828
f 7405 7661 12829
f 7661 12573 12829
f 7406 7662 12830
f 7662 12574 12830
f 7407 7663 12831
f 7663 12575 12831
f 7408 7664 12832
f 7664 12576 12832
f 7409 7665 12833
f 7665 12577 12833
f 7410 7666 12834
f 7666 12578 12834
f 7411 7667 12835
f 7667 12579 12835
f 7412 7668 12836
f 7668 12580 12836
f 7413 7669 12837
f 7669 12581 12837
f 7414 7670 12838
f 7670 12582 12838
f 7415 7671 12839
f 7671 12583 12839
f 7416 7672 12840
f 7672 12584 12840
f 7417 7673 12841
f 7673 12585 12841
f 7418 7674 12842
f 7674 12586 12842
f 7419 7675 12843
f 7675 12587 12843
f 7420 7676 12844
f 7676 12588 12844
f 7421 7677 12845
f 7677 12589 12845
f 7422 7678 12846
f 7678 12590 12846
f 7423 7679 12847
f 7679 12591 12847
f 7424 7680 12848
f 7680 12592 12848
f 7425 7681 12849
f 7681 12593 12849
f 7426 7682 12850
f 7682 12594 12850
f 7427 7683 12851
f 7683 12595 12851
f 7428 7684 12852
f 7684 12596 12852
f 7429 7685 12853
f 7685 12597 12853
f 7430 7686 12854
f 7686 12598 12854
f 7431 7687 12855
f 7687 12599 12855
f 7432 7688 12856
f 7688 12600 12856
f 7433 7689 12857
f 7689 12601 12857
f 7434 7690 12858
f 7690 12602 12858
f 7435 7691 12859
f 7691 12603 12859
f 7436 7692 12860
f 7692 12604 12860
f 7437 7693 12861
f 7693 12605 12861
f 7438 7694 12862
f 7694 12606 12862
f 7439 7695 12863
f 7695 12607 12863
f 7440 7696 12864
f 7696 12608 12864
f 7441 7697 12865
f 7697 12609 12865
f 7442 7698 12866
f 7698 12610 12866
f 7443 7699 12867
f 7699 12611 12867
f 7444 7700 12868
f 7700 12612 12868
f 7445 7701 12869
f 7701 12613 12869
f 7446 7702 12870
f 7702 12614 12870
f 7447 7703 12871
f 7703 12615 12871
f 7448 7704 12872
f 7704 12616 12872
f 7449 7705 12873
f 7705 12617 12873
f 7450 7706 12874
f 7706 12618 12874
f 7451 7707 12875
f 7707 12619 12875
f 7452 7708 12876
f 7708 12620 12876
f 7453 7709 12877
f 7709 12621 12877
f 7454 7710 12878
f 7710 12622 12878
f 7455 7711 12879
f 7711 12623 12879
f 7456 7712 12880
f 7712 12624 12880
f 7457 7713 12881
f 7713 12625 12881
f 7458 7714 12882
f 7714 12626 12882
f 7459 7715 12883
f 7715 12627 12883
f 7460 7716 12884
f 7716 12628 12884
f 7461 7717 12885
f 7717 12629 12885
f 7462 7718 12886
f 7718 12630 12886
f 7463 7719 12887
f 7719 12631 12887
f 7464 7720 12888
f 7720 12632 12888
f 7465 7721 12889
f 7721 12633 12889
f 7466 7722 12890
f 7722 12634 12890
f 7467 7723 12891
f 7723 12635 12891
f 7468 7724 12892
f 7724 12636 12892
f 7469 7725 12893
f 7725 12637 12893
f 7470 7726 12894
f 7726 12638 12894
f 7471 7727 12895
f 7727 12639 12895
f 7472 7728 12896
f 7728 12640 12896
f 7473 7729 12897
f 7729 12641 12897
f 7474 7730 12898
f 7730 12642 12898
f 7475 7731 12899
f 7731 12643 12899
f 7476 7732 12900
f 7732 12644 12900
f 7477 7733 12901
f 7733 12645 12901
f 7478 7734 12902
f 7734 12646 12902
f 7479 7735 12903
f 7735 12647 12903
f 7480 7736 12904
f 7736 12648 12904
f 7481 7737 12905
f 7737 12649 12905
f 7482 7738 12906
f 7738 12650 12906
f 7483 7739 12907
f 7739 12651 12907
f 7484 7740 12908
f 7740 12652 12908
f 7485 7741 12909
f 7741 12653 12909
f 7486 7742 12910
f 7742 12654 12910
f 7487 7743 12911
f 7743 12655 12911
f 7488 7744 12912
f 7744 12656 12912
f 7489 7745 12913
f 7745 12657 12913
f 7490 7746 12914
f 7746 12658 12914
f 6979 7235 12915
f 7235 12659 12915
f 6980 7236 12916
f 7236 12660 12916
f 6981 7237 12917
f 7237 12661 12917
f 6982 7238 12918
f 7238 12662 12918
f 6983 7239 12919
f 7239 12663 12919
f 6984 7240 12920
f 7240 12664 12920
f 6985 7241 12921
f 7241 12665 12921
f 6986 7242 12922
f 7242 12666 12922
f 6987 7243 12923
f 7243 12667 12923
f 6988 7244 12924
f 7244 12668 12924
f 6989 7245 12925
f 7245 12669 12925
f 6990 7246 12926
f 7246 12670 12926
f 6991 7247 12927
f 7247 12671 12927
f 6992 7248 12928
f 7248 12672 12928
f 6993 7249 12929
f 7249 12673 12929
f 6994 7250 12930
f 7250 12674 12930
f 6995 7251 12931
f 7251 12675 12931
f 6996 7252 12932
f 7252 12676 12932
f 6997 7253 12933
f 7253 12677 12933
f 6998 7254 12934
f 7254 12678 12934
f 6999 7255 12935
f 7255 12679 12935
f 7000 7256 12936
f 7256 12680 12936
f 7001 7257 12937
f 7257 12681 12937
f 7002 7258 12938
f 7258 12682 12938
f 7003 7259 12939
f 7259 12683 12939
f 7004 7260 12940
f 7260 12684 12940
f 7005 7261 12941
f 7261 12685 12941
f 7006 7262 12942
f 7262 12686 12942
f 7007 7263 12943
f 7263 12687 12943
f 7008 7264 12944
f 7264 12688 12944
f 7009 7265 12945
f 7265 12689 12945
f 7010 7266 12946
f 7266 12690 12946
f 7011 7267 12947
f 7267 12691 12947
f 7012 7268 12948
f 7268 12692 12948
f 7013 7269 12949
f 7269 12693 12949
f 7014 7270 12950
f 7270 12694 12950
f 7015 7271 12951
f 7271 12695 12951
f 7016 7272 12952
f 7272 12696 12952
f 7017 7273 12953
f 7273 12697 12953
f 7018 7274 12954
f 7274 12698 12954
f 7019 7275 12955
f 7275 12699 12955
f 7020 7276 12956
f 7276 12700 12956
f 7021 7277 12957
f 7277 12701 12957
f 7022 7278 12958
f 7278 12702 12958
f 7023 7279 12959
f 7279 12703 12959
f 7024 7280 12960
f 7280 12704 12960
f 7025 7281 12961
f 7281 12705 12961
f 7026 7282 12962
f 7282 12706 12962
f 7027 7283 12963
f 7283 12707 12963
f 7028 7284 12964
f 7284 12708 12964
f 7029 7285 12965
f 7285 12709 12965
f 7030 7286 12966
f 7286 12710 12966
f 7031 7287 12967
f 7287 12711 12967
f 7032 7288 12968
f 7288 12712 12968
f 7033 7289 12969
f 7289 12713 12969
f 7034 7290 12970
f 7290 12714 12970
f 7035 7291 12971
f 7291 12715 12971
f 7036 7292 12972
f 7292 12716 12972
f 7037 7293 12973
f 7293 12717 12973
f 7038 7294 12974
f 7294 12718 12974
f 7039 7295 12975
f 7295 12719 12975
f 7040 7296 12976
f 7296 12720 12976
f 7041 7297 12977
f 7297 12721 12977
f 7042 7298 12978
f 7298 12722 12978
f 7043 7299 12979
f 7299 12723 12979
f 7044 7300 12980
f 7300 12724 12980
f 7045 7301 12981
f 7301 12725 12981
f 7046 7302 12982
f 7302 12726 12982
f 7047 7303 12983
f 7303 12727 12983
f 7048 7304 12984
f 7304 12728 12984
f 7049 7305 12985
f 7305 12729 12985
f 7050 7306 12986
f 7306 12730 12986
f 7051 7307 12987
f 7307 12731 12987
f 7052 7308 12988
f 7308 12732 12988
f 7053 7309 12989
f 7309 12733 12989
f 7054 7310 12990
f 7310 12734 12990
f 7055 7311 12991
f 7311 12735 12991
f 7056 7312 12992
f 7312 12736 12992
f 7057 7313 12993
f 7313 12737 12993
f 7058 7314 12994
f 7314 12738 12994
f 7059 7315 12995
f 7315 12739 12995
f 7060 7316 12996
f 7316 12740 12996
f 7061 7317 12997
f 7317 12741 12997
f 7062 7318 12998
f 7318 12742 12998
f 7063 7319 12999
f 7319 12743 12999
f 7064 7320 13000
f 7320 12744 13000
f 7065 7321 13001
f 7321 12745 13001
f 7066 7322 13002
f 7322 12746 13002
f 7067 7323 13003
f 7323 12747 13003
f 7068 7324 13004
f 7324 12748 13004
f 7069 7325 13005
f 7325 12749 13005
f 7070 7326 13006
f 7326 12750 13006
f 7071 7327 13007
f 7327 12751 13007
f 7072 7328 13008
f 7328 12752 13008
f 7073 7329 13009
f 7329 12753 13009
f 7074 7330 13010
f 7330 12754 13010
f 7075 7331 13011
f 7331 12755 13011
f 7076 7332 13012
f 7332 12756 13012
f 7077 7333 13013
f 7333 12757 13013
f 7078 7334 13014
f 7334 12758 13014
f 7079 7335 13015
f 7335 12759 13015
f 7080 7336 13016
f 7336 12760 13016
f 7081 7337 13017
f 7337 12761 13017
f 7082 7338 13018
f 7338 12762 13018
f 7083 7339 13019
f 7339 12763 13019
f 7084 7340 13020
f 7340 12764 13020
f 7085 7341 13021
f 7341 12765 13021
f 7086 7342 13022
f 7342 12766 13022
f 7087 7343 13023
f 7343 12767 13023
f 7088 7344 13024
f 7344 12768 13024
f 7089 7345 13025
f 7345 12769 13025
f 7090 7346 13026
f 7346 12770 13026
f 7091 7347 13027
f 7347 12771 13027
f 7092 7348 13028
f 7348 12772 13028
f 7093 7349 13029
f 7349 12773 13029
f 7094 7350 13030
f 7350 12774 13030
f 7095 7351 13031
f 7351 12775 13031
f 7096 7352 13032
f 7352 12776 13032
f 7097 7353 13033
f 7353 12777 13033
f 7098 7354 13034
f 7354 12778 13034
f 7099 7355 13035
f 7355 12779 13035
f 7100 7356 13036
f 7356 12780 13036
f 7101 7357 13037
f 7357 12781 13037
f 7102 7358 13038
f 7358 12782 13038
f 7103 7359 13039
f 7359 12783 13039
f 7104 7360 13040
f 7360 12784 13040
f 7105 7361 13041
f 7361 12785 13041
f 7106 7362 13042
f 7362 12786 13042
f 7107 7363 13043
f 7363 12787 13043
f 7108 7364 13044
f 7364 12788 13044
f 7109 7365 13045
f 7365 12789 13045
f 7110 7366 13046
f 7366 12790 13046
f 7111 7367 13047
f 7367 12791 13047
f 7112 7368 13048
f 7368 12792 13048
f 7113 7369 13049
f 7369 12793 13049
f 7114 7370 13050
f 7370 12794 13050
f 7115 7371 13051
f 7371 12795 13051
f 7116 7372 13052
f 7372 12796 13052
f 7117 7373 13053
f 7373 12797 13053
f 7118 7374 13054
f 7374 12798 13054
f 7119 7375 13055
f 7375 12799 13055
f 7120 7376 13056
f 7376 12800 13056
f 7121 7377 13057
f 7377 12801 13057
f 7122 7378 13058
f 7378 12802 13058
f 7123 7379 13059
f 7379 12803 13059
f 7124 7380 13060
f 7380 12804 13060
f 7125 7381 13061
f 7381 12805 13061
f 7126 7382 13062
f 7382 12806 13062
f 7127 7383 13063
f 7383 12807 13063
f 7128 7384 13064
f 7384 12808 13064
f 7129 7385 13065
f 7385 12809 13065
f 7130 7386 13066
f 7386 12810 13066
f 7131 7387 13067
f 7387 12811 13067
f 7132 7388 13068
f 7388 12812 13068
f 7133 7389 13069
f 7389 12813 13069
f 7134 7390 13070
f 7390 12814 13070
f 7135 7391 13071
f 7391 12815 13071
f 7136 7392 13072
f 7392 12816 13072
f 7137 7393 13073
f 7393 12817 13073
f 7138 7394 13074
f 7394 12818 13074
f 7139 7395 13075
f 7395 12819 13075
f 7140 7396 13076
f 7396 12820 13076
f 7141 7397 13077
f 7397 12821 13077
f 7142 7398 13078
f 7398 12822 13078
f 7143 7399 13079
f 7399 12823 13079
f 7144 7400 13080
f 7400 12824 13080
f 7145 7401 13081
f 7401 12825 13081
f 7146 7402 13082
f 7402 12826 13082
f 7147 7403 13083
f 7403 12827 13083
f 7148 7404 13084
f 7404 12828 13084
f 7149 7405 13085
f 7405 12829 13085
f 7150 7406 13086
f 7406 12830 13086
f 7151 7407 13087
f 7407 12831 13087
f 7152 7408 13088
f 7408 12832 13088
f 7153 7409 13089
f 7409 12833 13089
f 7154 7410 13090
f 7410 12834 13090
f 7155 7411 13091
f 7411 12835 13091
f 7156 7412 13092
f 7412 12836 13092
f 7157 7413 13093
f 7413 12837 13093
f 7158 7414 13094
f 7414 12838 13094
f 7159 7415 13095
f 7415 12839 13095
f 7160 7416 13096
f 7416 12840 13096
f 7161 7417 13097
f 7417 12841 13097
f 7162 7418 13098
f 7418 12842 13098
f 7163 7419 13099
f 7419 12843 13099
f 7164 7420 13100
f 7420 12844 13100
f 7165 7421 13101
f 7421 12845 13101
f 7166 7422 13102
f 7422 12846 13102
f 7167 7423 13103
f 7423 12847 13103
f 7168 7424 13104
f 7424 12848 13104
f 7169 7425 13105
f 7425 12849 13105
f 7170 7426 13106
f 7426 12850 13106
f 7171 7427 13107
f 7427 12851 13107
f 7172 7428 13108
f 7428 12852 13108
f 7173 7429 13109
f 7429 12853 13109
f 7174 7430 13110
f 7430 12854 13110
f 7175 7431 13111
f 7431 12855 13111
f 7176 7432 13112
f 7432 12856 13112
f 7177 7433 13113
f 7433 12857 13113
f 7178 7434 13114
f 7434 12858 13114
f 7179 7435 13115
f 7435 12859 13115
f 7180 7436 13116
f 7436 12860 13116
f 7181 7437 13117
f 7437 12861 13117
f 7182 7438 13118
f 7438 12862 13118
f 7183 7439 13119
f 7439 12863 13119
f 7184 7440 13120
f 7440 12864 13120
f 7185 7441 13121
f 7441 12865 13121
f 7186 7442 13122
f 7442 12866 13122
f 7187 7443 13123
f 7443 12867 13123
f 7188 7444 13124
f 7444 12868 13124
f 7189 7445 13125
f 7445 12869 13125
f 7190 7446 13126
f 7446 12870 13126
f 7191 7447 13127
f 7447 12871 13127
f 7192 7448 13128
f 7448 12872 13128
f 7193 7449 13129
f 7449 12873 13129
f 7194 7450 13130
f 7450 12874 13130
f 7195 7451 13131
f 7451 12875 13131
f 7196 7452 13132
f 7452 12876 13132
f 7197 7453 13133
f 7453 12877 13133
f 7198 7454 13134
f 7454 12878 13134
f 7199 7455 13135
f 7455 12879 13135
f 7200 7456 13136
f 7456 12880 13136
f 7201 7457 13137
f 7457 12881 13137
f 7202 7458 13138
f 7458 12882 13138
f 7203 7459 13139
f 7459 12883 13139
f 7204 7460 13140
f 7460 12884 13140
f 7205 7461 13141
f 7461 12885 13141
f 7206 7462 13142
f 7462 12886 13142
f 7207 7463 13143
f 7463 12887 13143
f 7208 7464 13144
f 7464 12888 13144
f 7209 7465 13145
f 7465 12889 13145
f 7210 7466 13146
f 7466 12890 13146
f 7211 7467 13147
f 7467 12891 13147
f 7212 7468 13148
f 7468 12892 13148
f 7213 7469 13149
f 7469 12893 13149
f 7214 7470 13150
f 7470 12894 13150
f 7215 7471 13151
f 7471 12895 13151
f 7216 7472 13152
f 7472 12896 13152
f 7217 7473 13153
f 7473 12897 13153
f 7218 7474 13154
f 7474 12898 13154
f 7219 7475 13155
f 7475 12899 13155
f 7220 7476 13156
f 7476 12900 13156
f 7221 7477 13157
f 7477 12901 13157
f 7222 7478 13158
f 7478 12902 13158
f 7223 7479 13159
f 7479 12903 13159
f 7224 7480 13160
f 7480 12904 13160
f 7225 7481 13161
f 7481 12905 13161
f 7226 7482 13162
f 7482 12906 13162
f 7227 7483 13163
f 7483 12907 13163
f 7228 7484 13164
f 7484 12908 13164
f 7229 7485 13165
f 7485 12909 13165
f 7230 7486 13166
f 7486 12910 13166
f 7231 7487 13167
f 7487 12911 13167
f 7232 7488 13168
f 7488 12912 13168
f 7233 7489 13169
f 7489 12913 13169
f 7234 7490 13170
f 7490 12914 13170
f 6723 6979 13171
f 6979 12915 13171
f 6724 6980 13172
f 6980 12916 13172
f 6725 6981 13173
f 6981 12917 13173
f 6726 6982 13174
f 6982 12918 13174
f 6727 6983 13175
f 6983 12919 13175
f 6728 6984 13176
f 6984 12920 13176
f 6729 6985 13177
f 6985 12921 13177
f 6730 6986 13178
f 6986 12922 13178
f 6731 6987 13179
f 6987 12923 13179
f 6732 6988 13180
f 6988 12924 13180
f 6733 6989 13181
f 6989 12925 13181
f 6734 6990 13182
f 6990 12926 13182
f 6735 6991 13183
f 6991 12927 13183
f 6736 6992 13184
f 6992 12928 13184
f 6737 6993 13185
f 6993 12929 13185
f 6738 6994 13186
f 6994 12930 13186
f 6739 6995 13187
f 6995 12931 13187
f 6740 6996 13188
f 6996 12932 13188
f 6741 6997 13189
f 6997 12933 13189
f 6742 6998 13190
f 6998 12934 13190
f 6743 6999 13191
f 6999 12935 13191
f 6744 7000 13192
f 7000 12936 13192
f 6745 7001 13193
f 7001 12937 13193
f 6746 7002 13194
f 7002 12938 13194
f 6747 7003 13195
f 7003 12939 13195
f 6748 7004 13196
f 7004 12940 13196
f 6749 7005 13197
f 7005 12941 13197
f 6750 7006 13198
f 7006 12942 13198
f 6751 7007 13199
f 7007 12943 13199
f 6752 7008 13200
f 7008 12944 13200
f 6753 7009 13201
f 7009 12945 13201
f 6754 7010 13202
f 7010 12946 13202
f 6755 7011 13203
f 7011 12947 13203
f 6756 7012 13204
f 7012 12948 13204
f 6757 7013 13205
f 7013 12949 13205
f 6758 7014 13206
f 7014 12950 13206
f 6759 7015 13207
f 7015 12951 13207
f 6760 7016 13208
f 7016 12952 13208
f 6761 7017 13209
f 7017 12953 13209
f 6762 7018 13210
f 7018 12954 13210
f 6763 7019 13211
f 7019 12955 13211
f 6764 7020 13212
f 7020 12956 13212
f 6765 7021 13213
f 7021 12957 13213
f 6766 7022 13214
f 7022 12958 13214
f 6767 7023 13215
f 7023 12959 13215
f 6768 7024 13216
f 7024 12960 13216
f 6769 7025 13217
f 7025 12961 13217
f 6770 7026 13218
f 7026 12962 13218
f 6771 7027 13219
f 7027 12963 13219
f 6772 7028 13220
f 7028 12964 13220
f 6773 7029 13221
f 7029 12965 13221
f 6774 7030 13222
f 7030 12966 13222
f 6775 7031 13223
f 7031 12967 13223
f 6776 7032 13224
f 7032 12968 13224
f 6777 7033 13225
f 7033 12969 13225
f 6778 7034 13226
f 7034 12970 13226
f 6779 7035 13227
f 7035 12971 13227
f 6780 7036 13228
f 7036 12972 13228
f 6781 7037 13229
f 7037 12973 13229
f 6782 7038 13230
f 7038 12974 13230
f 6783 7039 13231
f 7039 12975 13231
f 6784 7040 13232
f 7040 12976 13232
f 6785 7041 13233
f 7041 12977 13233
f 6786 7042 13234
f 7042 12978 13234
f 6787 7043 13235
f 7043 12979 13235
f 6788 7044 13236
f 7044 12980 13236
f 6789 7045 13237
f 7045 12981 13237
f 6790 7046 13238
f 7046 12982 13238
f 6791 7047 13239
f 7047 12983 13239
f 6792 7048 13240
f 7048 12984 13240
f 6793 7049 13241
f 7049 12985 13241
f 6794 7050 13242
f 7050 12986 13242
f 6795 7051 13243
f 7051 12987 13243
f 6796 7052 13244
f 7052 12988 13244
f 6797 7053 13245
f 7053 12989 13245
f 6798 7054 13246
f 7054 12990 13246
f 6799 7055 13247
f 7055 12991 13247
f 6800 7056 13248
f 7056 12992 13248
f 6801 7057 13249
f 7057 12993 13249
f 6802 7058 13250
f 7058 12994 13250
f 6803 7059 13251
f 7059 12995 13251
f 6804 7060 13252
f 7060 12996 13252
f 6805 7061 13253
f 7061 12997 13253
f 6806 7062 13254
f 7062 12998 13254
f 6807 7063 13255
f 7063 12999 13255
f 6808 7064 13256
f 7064 13000 13256
f 6809 7065 13257
f 7065 13001 13257
f 6810 7066 13258
f 7066 13002 13258
f 6811 7067 13259
f 7067 13003 13259
f 6812 7068 13260
f 7068 13004 13260
f 6813 7069 13261
f 7069 13005 13261
f 6814 7070 13262
f 7070 13006 13262
f 6815 7071 13263
f 7071 13007 13263
f 6816 7072 13264
f 7072 13008 13264
f 6817 7073 13265
f 7073 13009 13265
f 6818 7074 13266
f 7074 13010 13266
f 6819 7075 13267
f 7075 13011 13267
f 6820 7076 13268
f 7076 13012 13268
f 6821 7077 13269
f 7077 13013 13269
f 6822 7078 13270
f 7078 13014 13270
f 6823 7079 13271
f 7079 13015 13271
f 6824 7080 13272
f 7080 13016 13272
f 6825 7081 13273
f 7081 13017 13273
f 6826 7082 13274
f 7082 13018 13274
f 6827 7083 13275
f 7083 13019 13275
f 6828 7084 13276
f 7084 13020 13276
f 6829 7085 13277
f 7085 13021 13277
f 6830 7086 13278
f 7086 13022 13278
f 6831 7087 13279
f 7087 13023 13279
f 6832 7088 13280
f 7088 13024 13280
f 6833 7089 13281
f 7089 13025 13281
f 6834 7090 13282
f 7090 13026 13282
f 6835 7091 13283
f 7091 13027 13283
f 6836 7092 13284
f 7092 13028 13284
f 6837 7093 13285
f 7093 13029 13285
f 6838 7094 13286
f 7094 13030 13286
f 6839 7095 13287
f 7095 13031 13287
f 6840 7096 13288
f 7096 13032 13288
f 6841 7097 13289
f 7097 13033 13289
f 6842 7098 13290
f 7098 13034 13290
f 6843 7099 13291
f 7099 13035 13291
f 6844 7100 13292
f 7100 13036 13292
f 6845 7101 13293
f 7101 13037 13293
f 6846 7102 13294
f 7102 13038 13294
f 6847 7103 13295
f 7103 13039 13295
f 6848 7104 13296
f 7104 13040 13296
f 6849 7105 13297
f 7105 13041 13297
f 6850 7106 13298
f 7106 13042 13298
f 6851 7107 13299
f 7107 13043 13299
f 6852 7108 13300
f 7108 13044 13300
f 6853 7109 13301
f 7109 13045 13301
f 6854 7110 13302
f 7110 13046 13302
f 6855 7111 13303
f 7111 13047 13303
f 6856 7112 13304
f 7112 13048 13304
f 6857 7113 13305
f 7113 13049 13305
f 6858 7114 13306
f 7114 13050 13306
f 6859 7115 13307
f 7115 13051 13307
f 6860 7116 13308
f 7116 13052 13308
f 6861 7117 13309
f 7117 13053 13309
f 6862 7118 13310
f 7118 13054 13310
f 6863 7119 13311
f 7119 13055 13311
f 6864 7120 13312
f 7120 13056 13312
f 6865 7121 13313
f 7121 13057 13313
f 6866 7122 13314
f 7122 13058 13314
f 6867 7123 13315
f 7123 13059 13315
f 6868 7124 13316
f 7124 13060 13316
f 6869 7125 13317
f 7125 13061 13317
f 6870 7126 13318
f 7126 13062 13318
f 6871 7127 13319
f 7127 13063 13319
f 6872 7128 13320
f 7128 13064 13320
f 6873 7129 13321
f 7129 13065 13321
f 6874 7130 13322
f 7130 13066 13322
f 6875 7131 13323
f 7131 13067 13323
f 6876 7132 13324
f 7132 13068 13324
f 6877 7133 13325
f 7133 13069 13325
f 6878 7134 13326
f 7134 13070 13326
f 6879 7135 13327
f 7135 13071 13327
f 6880 7136 13328
f 7136 13072 13328
f 6881 7137 13329
f 7137 13073 13329
f 6882 7138 13330
f 7138 13074 13330
f 6883 7139 13331
f 7139 13075 13331
f 6884 7140 13332
f 7140 13076 13332
f 6885 7141 13333
f 7141 13077 13333
f 6886 7142 13334
f 7142 13078 13334
f 6887 7143 13335
f 7143 13079 13335
f 6888 7144 13336
f 7144 13080 13336
f 6889 7145 13337
f 7145 13081 13337
f 6890 7146 13338
f 7146 13082 13338
f 6891 7147 13339
f 7147 13083 13339
f 6892 7148 13340
f 7148 13084 13340
f 6893 7149 13341
f 7149 13085 13341
f 6894 7150 13342
f 7150 13086 13342
f 6895 7151 13343
f 7151 13087 13343
f 6896 7152 13344
f 7152 13088 13344
f 6897 7153 13345
f 7153 13089 13345
f 6898 7154 13346
f 7154 13090 13346
f 6899 7155 13347
f 7155 13091 13347
f 6900 7156 13348
f 7156 13092 13348
f 6901 7157 13349
f 7157 13093 13349
f 6902 7158 13350
f 7158 13094 13350
f 6903 7159 13351
f 7159 13095 13351
f 6904 7160 13352
f 7160 13096 13352
f 6905 7161 13353
f 7161 13097 13353
f 6906 7162 13354
f 7162 13098 13354
f 6907 7163 13355
f 7163 13099 13355
f 6908 7164 13356
f 7164 13100 13356
f 6909 7165 13357
f 7165 13101 13357
f 6910 7166 13358
f 7166 13102 13358
f 6911 7167 13359
f 7167 13103 13359
f 6912 7168 13360
f 7168 13104 13360
f 6913 7169 13361
f 7169 13105 13361
f 6914 7170 13362
f 7170 13106 13362
f 6915 7171 13363
f 7171 13107 13363
f 6916 7172 13364
f 7172 13108 13364
f 6917 7173 13365
f 7173 13109 13365
f 6918 7174 13366
f 7174 13110 13366
f 6919 7175 13367
f 7175 13111 13367
f 6920 7176 13368
f 7176 13112 13368
f 6921 7177 13369
f 7177 13113 13369
f 6922 7178 13370
f 7178 13114 13370
f 6923 7179 13371
f 7179 13115 13371
f 6924 7180 13372
f 7180 13116 13372
f 6925 7181 13373
f 7181 13117 13373
f 6926 7182 13374
f 7182 13118 13374
f 6927 7183 13375
f 7183 13119 13375
f 6928 7184 13376
f 7184 13120 13376
f 6929 7185 13377
f 7185 13121 13377
f 6930 7186 13378
f 7186 13122 13378
f 6931 7187 13379
f 7187 13123 13379
f 6932 7188 13380
f 7188 13124 13380
f 6933 7189 13381
f 7189 13125 13381
f 6934 7190 13382
f 7190 13126 13382
f 6935 7191 13383
f 7191 13127 13383
f 6936 7192 13384
f 7192 13128 13384
f 6937 7193 13385
f 7193 13129 13385
f 6938 7194 13386
f 7194 13130 13386
f 6939 7195 13387
f 7195 13131 13387
f 6940 7196 13388
f 7196 13132 13388
f 6941 7197 13389
f 7197 13133 13389
f 6942 7198 13390
f 7198 13134 13390
f 6943 7199 13391
f 7199 13135 13391
f 6944 7200 13392
f 7200 13136 13392
f 6945 7201 13393
f 7201 13137 13393
f 6946 7202 13394
f 7202 13138 13394
f 6947 7203 13395
f 7203 13139 13395
f 6948 7204 13396
f 7204 13140 13396
f 6949 7205 13397
f 7205 13141 13397
f 6950 7206 13398
f 7206 13142 13398
f 6951 7207 13399
f 7207 13143 13399
f 6952 7208 13400
f 7208 13144 13400
f 6953 7209 13401
f 7209 13145 13401
f 6954 7210 13402
f 7210 13146 13402
f 6955 7211 13403
f 7211 13147 13403
f 6956 7212 13404
f 7212 13148 13404
f 6957 7213 13405
f 7213 13149 13405
f 6958 7214 13406
f 7214 13150 13406
f 6959 7215 13407
f 7215 13151 13407
f 6960 7216 13408
f 7216 13152 13408
f 6961 7217 13409
f 7217 13153 13409
f 6962 7218 13410
f 7218 13154 13410
f 6963 7219 13411
f 7219 13155 13411
f 6964 7220 13412
f 7220 13156 13412
f 6965 7221 13413
f 7221 13157 13413
f 6966 7222 13414
f 7222 13158 13414
f 6967 7223 13415
f 7223 13159 13415
f 6968 7224 13416
f 7224 13160 13416
f 6969 7225 13417
f 7225 13161 13417
f 6970 7226 13418
f 7226 13162 13418
f 6971 7227 13419
f 7227 13163 13419
f 6972 7228 13420
f 7228 13164 13420
f 6973 7229 13421
f 7229 13165 13421
f 6974 7230 13422
f 7230 13166 13422
f 6975 7231 13423
f 7231 13167 13423
f 6976 7232 13424
f 7232 13168 13424
f 6977 7233 13425
f 7233 13169 13425
f 6978 7234 13426
f 7234 13170 13426
f 6467 6723 13427
f 6723 13171 13427
f 6468 6724 13428
f 6724 13172 13428
f 6469 6725 13429
f 6725 13173 13429
f 6470 6726 13430
f 6726 13174 13430
f 6471 6727 13431
f 6727 13175 13431
f 6472 6728 13432
f 6728 13176 13432
f 6473 6729 13433
f 6729 13177 13433
f 6474 6730 13434
f 6730 13178 13434
f 6475 6731 13435
f 6731 13179 13435
f 6476 6732 13436
f 6732 13180 13436
f 6477 6733 13437
f 6733 13181 13437
f 6478 6734 13438
f 6734 13182 13438
f 6479 6735 13439
f 6735 13183 13439
f 6480 6736 13440
f 6736 13184 13440
f 6481 6737 13441
f 6737 13185 13441
f 6482 6738 13442
f 6738 13186 13442
f 6483 6739 13443
f 6739 13187 13443
f 6484 6740 13444
f 6740 13188 13444
f 6485 6741 13445
f 6741 13189 13445
f 6486 6742 13446
f 6742 13190 13446
f 6487 6743 13447
f 6743 13191 13447
f 6488 6744 13448
f 6744 13192 13448
f 6489 6745 13449
f 6745 13193 13449
f 6490 6746 13450
f 6746 13194 13450
f 6491 6747 13451
f 6747 13195 13451
f 6492 6748 13452
f 6748 13196 13452
f 6493 6749 13453
f 6749 13197 13453
f 6494 6750 13454
f 6750 13198 13454
f 6495 6751 13455
f 6751 13199 13455
f 6496 6752 13456
f 6752 13200 13456
f 6497 6753 13457
f 6753 13201 13457
f 6498 6754 13458
f 6754 13202 13458
f 6499 6755 13459
f 6755 13203 13459
f 6500 6756 13460
f 6756 13204 13460
f 6501 6757 13461
f 6757 13205 13461
f 6502 6758 13462
f 6758 13206 13462
f 6503 6759 13463
f 6759 13207 13463
f 6504 6760 13464
f 6760 13208 13464
f 6505 6761 13465
f 6761 13209 13465
f 6506 6762 13466
f 6762 13210 13466
f 6507 6763 13467
f 6763 13211 13467
f 6508 6764 13468
f 6764 13212 13468
f 6509 6765 13469
f 6765 13213 13469
f 6510 6766 13470
f 6766 13214 13470
f 6511 6767 13471
f 6767 13215 13471
f 6512 6768 13472
f 6768 13216 13472
f 6513 6769 13473
f 6769 13217 13473
f 6514 6770 13474
f 6770 13218 13474
f 6515 6771 13475
f 6771 13219 13475
f 6516 6772 13476
f 6772 13220 13476
f 6517 6773 13477
f 6773 13221 13477
f 6518 6774 13478
f 6774 13222 13478
f 6519 6775 13479
f 6775 13223 13479
f 6520 6776 13480
f 6776 13224 13480
f 6521 6777 13481
f 6777 13225 13481
f 6522 6778 13482
f 6778 13226 13482
f 6523 6779 13483
f 6779 13227 13483
f 6524 6780 13484
f 6780 13228 13484
f 6525 6781 13485
f 6781 13229 13485
f 6526 6782 13486
f 6782 13230 13486
f 6527 6783 13487
f 6783 13231 13487
f 6528 6784 13488
f 6784 13232 13488
f 6529 6785 13489
f 6785 13233 13489
f 6530 6786 13490
f 6786 13234 13490
f 6531 6787 13491
f 6787 13235 13491
f 6532 6788 13492
f 6788 13236 13492
f 6533 6789 13493
f 6789 13237 13493
f 6534 6790 13494
f 6790 13238 13494
f 6535 6791 13495
f 6791 13239 13495
f 6536 6792 13496
f 6792 13240 13496
f 6537 6793 13497
f 6793 13241 13497
f 6538 6794 13498
f 6794 13242 13498
f 6539 6795 13499
f 6795 13243 13499
f 6540 6796 13500
f 6796 13244 13500
f 6541 6797 13501
f 6797 13245 13501
f 6542 6798 13502
f 6798 13246 13502
f 6543 6799 13503
f 6799 13247 13503
f 6544 6800 13504
f 6800 13248 13504
f 6545 6801 13505
f 6801 13249 13505
f 6546 6802 13506
f 6802 13250 13506
f 6547 6803 13507
f 6803 13251 13507
f 6548 6804 13508
f 6804 13252 13508
f 6549 6805 13509
f 6805 13253 13509
f 6550 6806 13510
f 6806 13254 13510
f 6551 6807 13511
f 6807 13255 13511
f 6552 6808 13512
f 6808 13256 13512
f 6553 6809 13513
f 6809 13257 13513
f 6554 6810 13514
f 6810 13258 13514
f 6555 6811 13515
f 6811 13259 13515
f 6556 6812 13516
f 6812 13260 13516
f 6557 6813 13517
f 6813 13261 13517
f 6558 6814 13518
f 6814 13262 13518
f 6559 6815 13519
f 6815 13263 13519
f 6560 6816 13520
f 6816 13264 13520
f 6561 6817 13521
f 6817 13265 13521
f 6562 6818 13522
f 6818 13266 13522
f 6563 6819 13523
f 6819 13267 13523
f 6564 6820 13524
f 6820 13268 13524
f 6565 6821 13525
f 6821 13269 13525
f 6566 6822 13526
f 6822 13270 13526
f 6567 6823 13527
f 6823 13271 13527
f 6568 6824 13528
f 6824 13272 13528
f 6569 6825 13529
f 6825 13273 13529
f 6570 6826 13530
f 6826 13274 13530
f 6571 6827 13531
f 6827 13275 13531
f 6572 6828 13532
f 6828 13276 13532
f 6573 6829 13533
f 6829 13277 13533
f 6574 6830 13534
f 6830 13278 13534
f 6575 6831 13535
f 6831 13279 13535
f 6576 6832 13536
f 6832 13280 13536
f 6577 6833 13537
f 6833 13281 13537
f 6578 6834 13538
f 6834 13282 13538
f 6579 6835 13539
f 6835 13283 13539
f 6580 6836 13540
f 6836 13284 13540
f 6581 6837 13541
f 6837 13285 13541
f 6582 6838 13542
f 6838 13286 13542
f 6583 6839 13543
f 6839 13287 13543
f 6584 6840 13544
f 6840 13288 13544
f 6585 6841 13545
f 6841 13289 13545
f 6586 6842 13546
f 6842 13290 13546
f 6587 6843 13547
f 6843 13291 13547
f 6588 6844 13548
f 6844 13292 13548
f 6589 6845 13549
f 6845 13293 13549
f 6590 6846 13550
f 6846 13294 13550
f 6591 6847 13551
f 6847 13295 13551
f 6592 6848 13552
f 6848 13296 13552
f 6593 6849 13553
f 6849 13297 13553
f 6594 6850 13554
f 6850 13298 13554
f 6595 6851 13555
f 6851 13299 13555
f 6596 6852 13556
f 6852 13300 13556
f 6597 6853 13557
f 6853 13301 13557
f 6598 6854 13558
f 6854 13302 13558
f 6599 6855 13559
f 6855 13303 13559
f 6600 6856 13560
f 6856 13304 13560
f 6601 6857 13561
f 6857 13305 13561
f 6602 6858 13562
f 6858 13306 13562
f 6603 6859 13563
f 6859 13307 13563
f 6604 6860 13564
f 6860 13308 13564
f 6605 6861 13565
f 6861 13309 13565
f 6606 6862 13566
f 6862 13310 13566
f 6607 6863 13567
f 6863 13311 13567
f 6608 6864 13568
f 6864 13312 13568
f 6609 6865 13569
f 6865 13313 13569
f 6610 6866 13570
f 6866 13314 13570
f 6611 6867 13571
f 6867 13315 13571
f 6612 6868 13572
f 6868 13316 13572
f 6613 6869 13573
f 6869 13317 13573
f 6614 6870 13574
f 6870 13318 13574
f 6615 6871 13575
f 6871 13319 13575
f 6616 6872 13576
f 6872 13320 13576
f 6617 6873 13577
f 6873 13321 13577
f 6618 6874 13578
f 6874 13322 13578
f 6619 6875 13579
f 6875 13323 13579
f 6620 6876 13580
f 6876 13324 13580
f 6621 6877 13581
f 6877 13325 13581
f 6622 6878 13582
f 6878 13326 13582
f 6623 6879 13583
f 6879 13327 13583
f 6624 6880 13584
f 6880 13328 13584
f 6625 6881 13585
f 6881 13329 13585
f 6626 6882 13586
f 6882 13330 13586
f 6627 6883 13587
f 6883 13331 13587
f 6628 6884 13588
f 6884 13332 13588
f 6629 6885 13589
f 6885 13333 13589
f 6630 6886 13590
f 6886 13334 13590
f 6631 6887 13591
f 6887 13335 13591
f 6632 6888 13592
f 6888 13336 13592
f 6633 6889 13593
f 6889 13337 13593
f 6634 6890 13594
f 6890 13338 13594
f 6635 6891 13595
f 6891 13339 13595
f 6636 6892 13596
f 6892 13340 13596
f 6637 6893 13597
f 6893 13341 13597
f 6638 6894 13598
f 6894 13342 13598
f 6639 6895 13599
f 6895 13343 13599
f 6640 6896 13600
f 6896 13344 13600
f 6641 6897 13601
f 6897 13345 13601
f 6642 6898 13602
f 6898 13346 13602
f 6643 6899 13603
f 6899 13347 13603
f 6644 6900 13604
f 6900 13348 13604
f 6645 6901 13605
f 6901 13349 13605
f 6646 6902 13606
f 6902 13350 13606
f 6647 6903 13607
f 6903 13351 13607
f 6648 6904 13608
f 6904 13352 13608
f 6649 6905 13609
f 6905 13353 13609
f 6650 6906 13610
f 6906 13354 13610
f 6651 6907 13611
f 6907 13355 13611
f 6652 6908 13612
f 6908 13356 13612
f 6653 6909 13613
f 6909 13357 13613
f 6654 6910 13614
f 6910 13358 13614
f 6655 6911 13615
f 6911 13359 13615
f 6656 6912 13616
f 6912 13360 13616
f 6657 6913 13617
f 6913 13361 13617
f 6658 6914 13618
f 6914 13362 13618
f 6659 6915 13619
f 6915 13363 13619
f 6660 6916 13620
f 6916 13364 13620
f 6661 6917 13621
f 6917 13365 13621
f 6662 6918 13622
f 6918 13366 13622
f 6663 6919 13623
f 6919 13367 13623
f 6664 6920 13624
f 6920 13368 13624
f 6665 6921 13625
f 6921 13369 13625
f 6666 6922 13626
f 6922 13370 13626
f 6667 6923 13627
f 6923 13371 13627
f 6668 6924 13628
f 6924 13372 13628
f 6669 6925 13629
f 6925 13373 13629
f 6670 6926 13630
f 6926 13374 13630
f 6671 6927 13631
f 6927 13375 13631
f 6672 6928 13632
f 6928 13376 13632
f 6673 6929 13633
f 6929 13377 13633
f 6674 6930 13634
f 6930 13378 13634
f 6675 6931 13635
f 6931 13379 13635
f 6676 6932 13636
f 6932 13380 13636
f 6677 6933 13637
f 6933 13381 13637
f 6678 6934 13638
f 6934 13382 13638
f 6679 6935 13639
f 6935 13383 13639
f 6680 6936 13640
f 6936 13384 13640
f 6681 6937 13641
f 6937 13385 13641
f 6682 6938 13642
f 6938 13386 13642
f 6683 6939 13643
f 6939 13387 13643
f 6684 6940 13644
f 6940 13388 13644
f 6685 6941 13645
f 6941 13389 13645
f 6686 6942 13646
f 6942 13390 13646
f 6687 6943 13647
f 6943 13391 13647
f 6688 6944 13648
f 6944 13392 13648
f 6689 6945 13649
f 6945 13393 13649
f 6690 6946 13650
f 6946 13394 13650
f 6691 6947 13651
f 6947 13395 13651
f 6692 6948 13652
f 6948 13396 13652
f 6693 6949 13653
f 6949 13397 13653
f 6694 6950 13654
f 6950 13398 13654
f 6695 6951 13655
f 6951 13399 13655
f 6696 6952 13656
f 6952 13400 13656
f 6697 6953 13657
f 6953 13401 13657
f 6698 6954 13658
f 6954 13402 13658
f 6699 6955 13659
f 6955 13403 13659
f 6700 6956 13660
f 6956 13404 13660
f 6701 6957 13661
f 6957 13405 13661
f 6702 6958 13662
f 6958 13406 13662
f 6703 6959 13663
f 6959 13407 13663
f 6704 6960 13664
f 6960 13408 13664
f 6705 6961 13665
f 6961 13409 13665
f 6706 6962 13666
f 6962 13410 13666
f 6707 6963 13667
f 6963 13411 13667
f 6708 6964 13668
f 6964 13412 13668
f 6709 6965 13669
f 6965 13413 13669
f 6710 6966 13670
f 6966 13414 13670
f 6711 6967 13671
f 6967 13415 13671
f 6712 6968 13672
f 6968 13416 13672
f 6713 6969 13673
f 6969 13417 13673
f 6714 6970 13674
f 6970 13418 13674
f 6715 6971 13675
f 6971 13419 13675
f 6716 6972 13676
f 6972 13420 13676
f 6717 6973 13677
f 6973 13421 13677
f 6718 6974 13678
f 6974 13422 13678
f 6719 6975 13679
f 6975 13423 13679
f 6720 6976 13680
f 6976 13424 13680
f 6721 6977 13681
f 6977 13425 13681
f 6722 6978 13682
f 6978 13426 13682
f 6211 6467 13683
f 6467 13427 13683
f 6212 6468 13684
f 6468 13428 13684
f 6213 6469 13685
f 6469 13429 13685
f 6214 6470 13686
f 6470 13430 13686
f 6215 6471 13687
f 6471 13431 13687
f 6216 6472 13688
f 6472 13432 13688
f 6217 6473 13689
f 6473 13433 13689
f 6218 6474 13690
f 6474 13434 13690
f 6219 6475 13691
f 6475 13435 13691
f 6220 6476 13692
f 6476 13436 13692
f 6221 6477 13693
f 6477 13437 13693
f 6222 6478 13694
f 6478 13438 13694
f 6223 6479 13695
f 6479 13439 13695
f 6224 6480 13696
f 6480 13440 13696
f 6225 6481 13697
f 6481 13441 13697
f 6226 6482 13698
f 6482 13442 13698
f 6227 6483 13699
f 6483 13443 13699
f 6228 6484 13700
f 6484 13444 13700
f 6229 6485 13701
f 6485 13445 13701
f 6230 6486 13702
f 6486 13446 13702
f 6231 6487 13703
f 6487 13447 13703
f 6232 6488 13704
f 6488 13448 13704
f 6233 6489 13705
f 6489 13449 13705
f 6234 6490 13706
f 6490 13450 13706
f 6235 6491 13707
f 6491 13451 13707
f 6236 6492 13708
f 6492 13452 13708
f 6237 6493 13709
f 6493 13453 13709
f 6238 6494 13710
f 6494 13454 13710
f 6239 6495 13711
f 6495 13455 13711
f 6240 6496 13712
f 6496 13456 13712
f 6241 6497 13713
f 6497 13457 13713
f 6242 6498 13714
f 6498 13458 13714
f 6243 6499 13715
f 6499 13459 13715
f 6244 6500 13716
f 6500 13460 13716
f 6245 6501 13717
f 6501 13461 13717
f 6246 6502 13718
f 6502 13462 13718
f 6247 6503 13719
f 6503 13463 13719
f 6248 6504 13720
f 6504 13464 13720
f 6249 6505 13721
f 6505 13465 13721
f 6250 6506 13722
f 6506 13466 13722
f 6251 6507 13723
f 6507 13467 13723
f 6252 6508 13724
f 6508 13468 13724
f 6253 6509 13725
f 6509 13469 13725
f 6254 6510 13726
f 6510 13470 13726
f 6255 6511 13727
f 6511 13471 13727
f 6256 6512 13728
f 6512 13472 13728
f 6257 6513 13729
f 6513 13473 13729
f 6258 6514 13730
f 6514 13474 13730
f 6259 6515 13731
f 6515 13475 13731
f 6260 6516 13732
f 6516 13476 13732
f 6261 6517 13733
f 6517 13477 13733
f 6262 6518 13734
f 6518 13478 13734
f 6263 6519 13735
f 6519 13479 13735
f 6264 6520 13736
f 6520 13480 13736
f 6265 6521 13737
f 6521 13481 13737
f 6266 6522 13738
f 6522 13482 13738
f 6267 6523 13739
f 6523 13483 13739
f 6268 6524 13740
f 6524 13484 13740
f 6269 6525 13741
f 6525 13485 13741
f 6270 6526 13742
f 6526 13486 13742
f 6271 6527 13743
f 6527 13487 13743
f 6272 6528 13744
f 6528 13488 13744
f 6273 6529 13745
f 6529 13489 13745
f 6274 6530 13746
f 6530 13490 13746
f 6275 6531 13747
f 6531 13491 13747
f 6276 6532 13748
f 6532 13492 13748
f 6277 6533 13749
f 6533 13493 13749
f 6278 6534 13750
f 6534 13494 13750
f 6279 6535 13751
f 6535 13495 13751
f 6280 6536 13752
f 6536 13496 13752
f 6281 6537 13753
f 6537 13497 13753
f 6282 6538 13754
f 6538 13498 13754
f 6283 6539 13755
f 6539 13499 13755
f 6284 6540 13756
f 6540 13500 13756
f 6285 6541 13757
f 6541 13501 13757
f 6286 6542 13758
f 6542 13502 13758
f 6287 6543 13759
f 6543 13503 13759
f 6288 6544 13760
f 6544 13504 13760
f 6289 6545 13761
f 6545 13505 13761
f 6290 6546 13762
f 6546 13506 13762
f 6291 6547 13763
f 6547 13507 13763
f 6292 6548 13764
f 6548 13508 13764
f 6293 6549 13765
f 6549 13509 13765
f 6294 6550 13766
f 6550 13510 13766
f 6295 6551 13767
f 6551 13511 13767
f 6296 6552 13768
f 6552 13512 13768
f 6297 6553 13769
f 6553 13513 13769
f 6298 6554 13770
f 6554 13514 13770
f 6299 6555 13771
f 6555 13515 13771
f 6300 6556 13772
f 6556 13516 13772
f 6301 6557 13773
f 6557 13517 13773
f 6302 6558 13774
f 6558 13518 13774
f 6303 6559 13775
f 6559 13519 13775
f 6304 6560 13776
f 6560 13520 13776
f 6305 6561 13777
f 6561 13521 13777
f 6306 6562 13778
f 6562 13522 13778
f 6307 6563 13779
f 6563 13523 13779
f 6308 6564 13780
f 6564 13524 13780
f 6309 6565 13781
f 6565 13525 13781
f 6310 6566 13782
f 6566 13526 13782
f 6311 6567 13783
f 6567 13527 13783
f 6312 6568 13784
f 6568 13528 13784
f 6313 6569 13785
f 6569 13529 13785
f 6314 6570 13786
f 6570 13530 13786
f 6315 6571 13787
f 6571 13531 13787
f 6316 6572 13788
f 6572 13532 13788
f 6317 6573 13789
f 6573 13533 13789
f 6318 6574 13790
f 6574 13534 13790
f 6319 6575 13791
f 6575 13535 13791
f 6320 6576 13792
f 6576 13536 13792
f 6321 6577 13793
f 6577 13537 13793
f 6322 6578 13794
f 6578 13538 13794
f 6323 6579 13795
f 6579 13539 13795
f 6324 6580 13796
f 6580 13540 13796
f 6325 6581 13797
f 6581 13541 13797
f 6326 6582 13798
f 6582 13542 13798
f 6327 6583 13799
f 6583 13543 13799
f 6328 6584 13800
f 6584 13544 13800
f 6329 6585 13801
f 6585 13545 13801
f 6330 6586 13802
f 6586 13546 13802
f 6331 6587 13803
f 6587 13547 13803
f 6332 6588 13804
f 6588 13548 13804
f 6333 6589 13805
f 6589 13549 13805
f 6334 6590 13806
f 6590 13550 13806
f 6335 6591 13807
f 6591 13551 13807
f 6336 6592 13808
f 6592 13552 13808
f 6337 6593 13809
f 6593 13553 13809
f 6338 6594 13810
f 6594 13554 13810
f 6339 6595 13811
f 6595 13555 13811
f 6340 6596 13812
f 6596 13556 13812
f 6341 6597 13813
f 6597 13557 13813
f 6342 6598 13814
f 6598 13558 13814
f 6343 6599 13815
f 6599 13559 13815
f 6344 6600 13816
f 6600 13560 13816
f 6345 6601 13817
f 6601 13561 13817
f 6346 6602 13818
f 6602 13562 13818
f 6347 6603 13819
f 6603 13563 13819
f 6348 6604 13820
f 6604 13564 13820
f 6349 6605 13821
f 6605 13565 13821
f 6350 6606 13822
f 6606 13566 13822
f 6351 6607 13823
f 6607 13567 13823
f 6352 6608 13824
f 6608 13568 13824
f 6353 6609 13825
f 6609 13569 13825
f 6354 6610 13826
f 6610 13570 13826
f 6355 6611 13827
f 6611 13571 13827
f 6356 6612 13828
f 6612 13572 13828
f 6357 6613 13829
f 6613 13573 13829
f 6358 6614 13830
f 6614 13574 13830
f 6359 6615 13831
f 6615 13575 13831
f 6360 6616 13832
f 6616 13576 13832
f 6361 6617 13833
f 6617 13577 13833
f 6362 6618 13834
f 6618 13578 13834
f 6363 6619 13835
f 6619 13579 13835
f 6364 6620 13836
f 6620 13580 13836
f 6365 6621 13837
f 6621 13581 13837
f 6366 6622 13838
f 6622 13582 13838
f 6367 6623 13839
f 6623 13583 13839
f 6368 6624 13840
f 6624 13584 13840
f 6369 6625 13841
f 6625 13585 13841
f 6370 6626 13842
f 6626 13586 13842
f 6371 6627 13843
f 6627 13587 13843
f 6372 6628 13844
f 6628 13588 13844
f 6373 6629 13845
f 6629 13589 13845
f 6374 6630 13846
f 6630 13590 13846
f 6375 6631 13847
f 6631 13591 13847
f 6376 6632 13848
f 6632 13592 13848
f 6377 6633 13849
f 6633 13593 13849
f 6378 6634 13850
f 6634 13594 13850
f 6379 6635 13851
f 6635 13595 13851
f 6380 6636 13852
f 6636 13596 13852
f 6381 6637 13853
f 6637 13597 13853
f 6382 6638 13854
f 6638 13598 13854
f 6383 6639 13855
f 6639 13599 13855
f 6384 6640 13856
f 6640 13600 13856
f 6385 6641 13857
f 6641 13601 13857
f 6386 6642 13858
f 6642 13602 13858
f 6387 6643 13859
f 6643 13603 13859
f 6388 6644 13860
f 6644 13604 13860
f 6389 6645 13861
f 6645 13605 13861
f 6390 6646 13862
f 6646 13606 13862
f 6391 6647 13863
f 6647 13607 13863
f 6392 6648 13864
f 6648 13608 13864
f 6393 6649 13865
f 6649 13609 13865
f 6394 6650 13866
f 6650 13610 13866
f 6395 6651 13867
f 6651 13611 13867
f 6396 6652 13868
f 6652 13612 13868
f 6397 6653 13869
f 6653 13613 13869
f 6398 6654 13870
f 6654 13614 13870
f 6399 6655 13871
f 6655 13615 13871
f 6400 6656 13872
f 6656 13616 13872
f 6401 6657 13873
f 6657 13617 13873
f 6402 6658 13874
f 6658 13618 13874
f 6403 6659 13875
f 6659 13619 13875
f 6404 6660 13876
f 6660 13620 13876
f 6405 6661 13877
f 6661 13621 13877
f 6406 6662 13878
f 6662 13622 13878
f 6407 6663 13879
f 6663 13623 13879
f 6408 6664 13880
f 6664 13624 13880
f 6409 6665 13881
f 6665 13625 13881
f 6410 6666 13882
f 6666 13626 13882
f 6411 6667 13883
f 6667 13627 13883
f 6412 6668 13884
f 6668 13628 13884
f 6413 6669 13885
f 6669 13629 13885
f 6414 6670 13886
f 6670 13630 13886
f 6415 6671 13887
f 6671 13631 13887
f 6416 6672 13888
f 6672 13632 13888
f 6417 6673 13889
f 6673 13633 13889
f 6418 6674 13890
f 6674 13634 13890
f 6419 6675 13891
f 6675 13635 13891
f 6420 6676 13892
f 6676 13636 13892
f 6421 6677 13893
f 6677 13637 13893
f 6422 6678 13894
f 6678 13638 13894
f 6423 6679 13895
f 6679 13639 13895
f 6424 6680 13896
f 6680 13640 13896
f 6425 6681 13897
f 6681 13641 13897
f 6426 6682 13898
f 6682 13642 13898
f 6427 6683 13899
f 6683 13643 13899
f 6428 6684 13900
f 6684 13644 13900
f 6429 6685 13901
f 6685 13645 13901
f 6430 6686 13902
f 6686 13646 13902
f 6431 6687 13903
f 6687 13647 13903
f 6432 6688 13904
f 6688 13648 13904
f 6433 6689 13905
f 6689 13649 13905
f 6434 6690 13906
f 6690 13650 13906
f 6435 6691 13907
f 6691 13651 13907
f 6436 6692 13908
f 6692 13652 13908
f 6437 6693 13909
f 6693 13653 13909
f 6438 6694 13910
f 6694 13654 13910
f 6439 6695 13911
f 6695 13655 13911
f 6440 6696 13912
f 6696 13656 13912
f 6441 6697 13913
f 6697 13657 13913
f 6442 6698 13914
f 6698 13658 13914
f 6443 6699 13915
f 6699 13659 13915
f 6444 6700 13916
f 6700 13660 13916
f 6445 6701 13917
f 6701 13661 13917
f 6446 6702 13918
f 6702 13662 13918
f 6447 6703 13919
f 6703 13663 13919
f 6448 6704 13920
f 6704 13664 13920
f 6449 6705 13921
f 6705 13665 13921
f 6450 6706 13922
f 6706 13666 13922
f 6451 6707 13923
f 6707 13667 13923
f 6452 6708 13924
f 6708 13668 13924
f 6453 6709 13925
f 6709 13669 13925
f 6454 6710 13926
f 6710 13670 13926
f 6455 6711 13927
f 6711 13671 13927
f 6456 6712 13928
f 6712 13672 13928
f 6457 6713 13929
f 6713 13673 13929
f 6458 6714 13930
f 6714 13674 13930
f 6459 6715 13931
f 6715 13675 13931
f 6460 6716 13932
f 6716 13676 13932
f 6461 6717 13933
f 6717 13677 13933
f 6462 6718 13934
f 6718 13678 13934
f 6463 6719 13935
f 6719 13679 13935
f 6464 6720 13936
f 6720 13680 13936
f 6465 6721 13937
f 6721 13681 13937
f 6466 6722 13938
f 6722 13682 13938
f 5955 6211 13939
f 6211 13683 13939
f 5956 6212 13940
f 6212 13684 13940
f 5957 6213 13941
f 6213 13685 13941
f 5958 6214 13942
f 6214 13686 13942
f 5959 6215 13943
f 6215 13687 13943
f 5960 6216 13944
f 6216 13688 13944
f 5961 6217 13945
f 6217 13689 13945
f 5962 6218 13946
f 6218 13690 13946
f 5963 6219 13947
f 6219 13691 13947
f 5964 6220 13948
f 6220 13692 13948
f 5965 6221 13949
f 6221 13693 13949
f 5966 6222 13950
f 6222 13694 13950
f 5967 6223 13951
f 6223 13695 13951
f 5968 6224 13952
f 6224 13696 13952
f 5969 6225 13953
f 6225 13697 13953
f 5970 6226 13954
f 6226 13698 13954
f 5971 6227 13955
f 6227 13699 13955
f 5972 6228 13956
f 6228 13700 13956
f 5973 6229 13957
f 6229 13701 13957
f 5974 6230 13958
f 6230 13702 13958
f 5975 6231 13959
f 6231 13703 13959
f 5976 6232 13960
f 6232 13704 13960
f 5977 6233 13961
f 6233 13705 13961
f 5978 6234 13962
f 6234 13706 13962
f 5979 6235 13963
f 6235 13707 13963
f 5980 6236 13964
f 6236 13708 13964
f 5981 6237 13965
f 6237 13709 13965
f 5982 6238 13966
f 6238 13710 13966
f 5983 6239 13967
f 6239 13711 13967
f 5984 6240 13968
f 6240 13712 13968
f 5985 6241 13969
f 6241 13713 13969
f 5986 6242 13970
f 6242 13714 13970
f 5987 6243 13971
f 6243 13715 13971
f 5988 6244 13972
f 6244 13716 13972
f 5989 6245 13973
f 6245 13717 13973
f 5990 6246 13974
f 6246 13718 13974
f 5991 6247 13975
f 6247 13719 13975
f 5992 6248 13976
f 6248 13720 13976
f 5993 6249 13977
f 6249 13721 13977
f 5994 6250 13978
f 6250 13722 13978
f 5995 6251 13979
f 6251 13723 13979
f 5996 6252 13980
f 6252 13724 13980
f 5997 6253 13981
f 6253 13725 13981
f 5998 6254 13982
f 6254 13726 13982
f 5999 6255 13983
f 6255 13727 13983
f 6000 6256 13984
f 6256 13728 13984
f 6001 6257 13985
f 6257 13729 13985
f 6002 6258 13986
f 6258 13730 13986
f 6003 6259 13987
f 6259 13731 13987
f 6004 6260 13988
f 6260 13732 13988
f 6005 6261 13989
f 6261 13733 13989
f 6006 6262 13990
f 6262 13734 13990
f 6007 6263 13991
f 6263 13735 13991
f 6008 6264 13992
f 6264 13736 13992
f 6009 6265 13993
f 6265 13737 13993
f 6010 6266 13994
f 6266 13738 13994
f 6011 6267 13995
f 6267 13739 13995
f 6012 6268 13996
f 6268 13740 13996
f 6013 6269 13997
f 6269 13741 13997
f 6014 6270 13998
f 6270 13742 13998
f 6015 6271 13999
f 6271 13743 13999
f 6016 6272 14000
f 6272 13744 14000
f 6017 6273 14001
f 6273 13745 14001
f 6018 6274 14002
f 6274 13746 14002
f 6019 6275 14003
f 6275 13747 14003
f 6020 6276 14004
f 6276 13748 14004
f 6021 6277 14005
f 6277 13749 14005
f 6022 6278 14006
f 6278 13750 14006
f 6023 6279 14007
f 6279 13751 14007
f 6024 6280 14008
f 6280 13752 14008
f 6025 6281 14009
f 6281 13753 14009
f 6026 6282 14010
f 6282 13754 14010
f 6027 6283 14011
f 6283 13755 14011
f 6028 6284 14012
f 6284 13756 14012
f 6029 6285 14013
f 6285 13757 14013
f 6030 6286 14014
f 6286 13758 14014
f 6031 6287 14015
f 6287 13759 14015
f 6032 6288 14016
f 6288 13760 14016
f 6033 6289 14017
f 6289 13761 14017
f 6034 6290 14018
f 6290 13762 14018
f 6035 6291 14019
f 6291 13763 14019
f 6036 6292 14020
f 6292 13764 14020
f 6037 6293 14021
f 6293 13765 14021
f 6038 6294 14022
f 6294 13766 14022
f 6039 6295 14023
f 6295 13767 14023
f 6040 6296 14024
f 6296 13768 14024
f 6041 6297 14025
f 6297 13769 14025
f 6042 6298 14026
f 6298 13770 14026
f 6043 6299 14027
f 6299 13771 14027
f 6044 6300 14028
f 6300 13772 14028
f 6045 6301 14029
f 6301 13773 14029
f 6046 6302 14030
f 6302 13774 14030
f 6047 6303 14031
f 6303 13775 14031
f 6048 6304 14032
f 6304 13776 14032
f 6049 6305 14033
f 6305 13777 14033
f 6050 6306 14034
f 6306 13778 14034
f 6051 6307 14035
f 6307 13779 14035
f 6052 6308 14036
f 6308 13780 14036
f 6053 6309 14037
f 6309 13781 14037
f 6054 6310 14038
f 6310 13782 14038
f 6055 6311 14039
f 6311 13783 14039
f 6056 6312 14040
f 6312 13784 14040
f 6057 6313 14041
f 6313 13785 14041
f 6058 6314 14042
f 6314 13786 14042
f 6059 6315 14043
f 6315 13787 14043
f 6060 6316 14044
f 6316 13788 14044
f 6061 6317 14045
f 6317 13789 14045
f 6062 6318 14046
f 6318 13790 14046
f 6063 6319 14047
f 6319 13791 14047
f 6064 6320 14048
f 6320 13792 14048
f 6065 6321 14049
f 6321 13793 14049
f 6066 6322 14050
f 6322 13794 14050
f 6067 6323 14051
f 6323 13795 14051
f 6068 6324 14052
f 6324 13796 14052
f 6069 6325 14053
f 6325 13797 14053
f 6070 6326 14054
f 6326 13798 14054
f 6071 6327 14055
f 6327 13799 14055
f 6072 6328 14056
f 6328 13800 14056
f 6073 6329 14057
f 6329 13801 14057
f 6074 6330 14058
f 6330 13802 14058
f 6075 6331 14059
f 6331 13803 14059
f 6076 6332 14060
f 6332 13804 14060
f 6077 6333 14061
f 6333 13805 14061
f 6078 6334 14062
f 6334 13806 14062
f 6079 6335 14063
f 6335 13807 14063
f 6080 6336 14064
f 6336 13808 14064
f 6081 6337 14065
f 6337 13809 14065
f 6082 6338 14066
f 6338 13810 14066
f 6083 6339 14067
f 6339 13811 14067
f 6084 6340 14068
f 6340 13812 14068
f 6085 6341 14069
f 6341 13813 14069
f 6086 6342 14070
f 6342 13814 14070
f 6087 6343 14071
f 6343 13815 14071
f 6088 6344 14072
f 6344 13816 14072
f 6089 6345 14073
f 6345 13817 14073
f 6090 6346 14074
f 6346 13818 14074
f 6091 6347 14075
f 6347 13819 14075
f 6092 6348 14076
f 6348 13820 14076
f 6093 6349 14077
f 6349 13821 14077
f 6094 6350 14078
f 6350 13822 14078
f 6095 6351 14079
f 6351 13823 14079
f 6096 6352 14080
f 6352 13824 14080
f 6097 6353 14081
f 6353 13825 14081
f 6098 6354 14082
f 6354 13826 14082
f 6099 6355 14083
f 6355 13827 14083
f 6100 6356 14084
f 6356 13828 14084
f 6101 6357 14085
f 6357 13829 14085
f 6102 6358 14086
f 6358 13830 14086
f 6103 6359 14087
f 6359 13831 14087
f 6104 6360 14088
f 6360 13832 14088
f 6105 6361 14089
f 6361 13833 14089
f 6106 6362 14090
f 6362 13834 14090
f 6107 6363 14091
f 6363 13835 14091
f 6108 6364 14092
f 6364 13836 14092
f 6109 6365 14093
f 6365 13837 14093
f 6110 6366 14094
f 6366 13838 14094
f 6111 6367 14095
f 6367 13839 14095
f 6112 6368 14096
f 6368 13840 14096
f 6113 6369 14097
f 6369 13841 14097
f 6114 6370 14098
f 6370 13842 14098
f 6115 6371 14099
f 6371 13843 14099
f 6116 6372 14100
f 6372 13844 14100
f 6117 6373 14101
f 6373 13845 14101
f 6118 6374 14102
f 6374 13846 14102
f 6119 6375 14103
f 6375 13847 14103
f 6120 6376 14104
f 6376 13848 14104
f 6121 6377 14105
f 6377 13849 14105
f 6122 6378 14106
f 6378 13850 14106
f 6123 6379 14107
f 6379 13851 14107
f 6124 6380 14108
f 6380 13852 14108
f 6125 6381 14109
f 6381 13853 14109
f 6126 6382 14110
f 6382 13854 14110
f 6127 6383 14111
f 6383 13855 14111
f 6128 6384 14112
f 6384 13856 14112
f 6129 6385 14113
f 6385 13857 14113
f 6130 6386 14114
f 6386 13858 14114
f 6131 6387 14115
f 6387 13859 14115
f 6132 6388 14116
f 6388 13860 14116
f 6133 6389 14117
f 6389 13861 14117
f 6134 6390 14118
f 6390 13862 14118
f 6135 6391 14119
f 6391 13863 14119
f 6136 6392 14120
f 6392 13864 14120
f 6137 6393 14121
f 6393 13865 14121
f 6138 6394 14122
f 6394 13866 14122
f 6139 6395 14123
f 6395 13867 14123
f 6140 6396 14124
f 6396 13868 14124
f 6141 6397 14125
f 6397 13869 14125
f 6142 6398 14126
f 6398 13870 14126
f 6143 6399 14127
f 6399 13871 14127
f 6144 6400 14128
f 6400 13872 14128
f 6145 6401 14129
f 6401 13873 14129
f 6146 6402 14130
f 6402 13874 14130
f 6147 6403 14131
f 6403 13875 14131
f 6148 6404 14132
f 6404 13876 14132
f 6149 6405 14133
f 6405 13877 14133
f 6150 6406 14134
f 6406 13878 14134
f 6151 6407 14135
f 6407 13879 14135
f 6152 6408 14136
f 6408 13880 14136
f 6153 6409 14137
f 6409 13881 14137
f 6154 6410 14138
f 6410 13882 14138
f 6155 6411 14139
f 6411 13883 14139
f 6156 6412 14140
f 6412 13884 14140
f 6157 6413 14141
f 6413 13885 14141
f 6158 6414 14142
f 6414 13886 14142
f 6159 6415 14143
f 6415 13887 14143
f 6160 6416 14144
f 6416 13888 14144
f 6161 6417 14145
f 6417 13889 14145
f 6162 6418 14146
f 6418 13890 14146
f 6163 6419 14147
f 6419 13891 14147
f 6164 6420 14148
f 6420 13892 14148
f 6165 6421 14149
f 6421 13893 14149
f 6166 6422 14150
f 6422 13894 14150
f 6167 6423 14151
f 6423 13895 14151
f 6168 6424 14152
f 6424 13896 14152
f 6169 6425 14153
f 6425 13897 14153
f 6170 6426 14154
f 6426 13898 14154
f 6171 6427 14155
f 6427 13899 14155
f 6172 6428 14156
f 6428 13900 14156
f 6173 6429 14157
f 6429 13901 14157
f 6174 6430 14158
f 6430 13902 14158
f 6175 6431 14159
f 6431 13903 14159
f 6176 6432 14160
f 6432 13904 14160
f 6177 6433 14161
f 6433 13905 14161
f 6178 6434 14162
f 6434 13906 14162
f 6179 6435 14163
f 6435 13907 14163
f 6180 6436 14164
f 6436 13908 14164
f 6181 6437 14165
f 6437 13909 14165
f 6182 6438 14166
f 6438 13910 14166
f 6183 6439 14167
f 6439 13911 14167
f 6184 6440 14168
f 6440 13912 14168
f 6185 6441 14169
f 6441 13913 14169
f 6186 6442 14170
f 6442 13914 14170
f 6187 6443 14171
f 6443 13915 14171
f 6188 6444 14172
f 6444 13916 14172
f 6189 6445 14173
f 6445 13917 14173
f 6190 6446 14174
f 6446 13918 14174
f 6191 6447 14175
f 6447 13919 14175
f 6192 6448 14176
f 6448 13920 14176
f 6193 6449 14177
f 6449 13921 14177
f 6194 6450 14178
f 6450 13922 14178
f 6195 6451 14179
f 6451 13923 14179
f 6196 6452 14180
f 6452 13924 14180
f 6197 6453 14181
f 6453 13925 14181
f 6198 6454 14182
f 6454 13926 14182
f 6199 6455 14183
f 6455 13927 14183
f 6200 6456 14184
f 6456 13928 14184
f 6201 6457 14185
f 6457 13929 14185
f 6202 6458 14186
f 6458 13930 14186
f 6203 6459 14187
f 6459 13931 14187
f 6204 6460 14188
f 6460 13932 14188
f 6205 6461 14189
f 6461 13933 14189
f 6206 6462 14190
f 6462 13934 14190
f 6207 6463 14191
f 6463 13935 14191
f 6208 6464 14192
f 6464 13936 14192
f 6209 6465 14193
f 6465 13937 14193
f 6210 6466 14194
f 6466 13938 14194
f 9795 5955 10099
f 5955 13939 10099
f 9796 5956 10101
f 5956 13940 10101
f 9797 5957 10103
f 5957 13941 10103
f 9798 5958 10105
f 5958 13942 10105
f 9799 5959 10107
f 5959 13943 10107
f 9800 5960 10109
f 5960 13944 10109
f 9801 5961 10111
f 5961 13945 10111
f 9802 5962 10113
f 5962 13946 10113
f 9803 5963 10115
f 5963 13947 10115
f 9804 5964 10117
f 5964 13948 10117
f 9805 5965 10119
f 5965 13949 10119
f 9806 5966 10121
f 5966 13950 10121
f 9807 5967 10123
f 5967 13951 10123
f 9808 5968 10125
f 5968 13952 10125
f 9809 5969 10127
f 5969 13953 10127
f 9810 5970 10129
f 5970 13954 10129
f 9811 5971 10131
f 5971 13955 10131
f 9812 5972 10133
f 5972 13956 10133
f 9813 5973 10135
f 5973 13957 10135
f 9814 5974 10137
f 5974 13958 10137
f 9815 5975 10139
f 5975 13959 10139
f 9816 5976 10141
f 5976 13960 10141
f 9817 5977 10143
f 5977 13961 10143
f 9818 5978 10145
f 5978 13962 10145
f 9819 5979 10147
f 5979 13963 10147
f 9820 5980 10149
f 5980 13964 10149
f 9821 5981 10151
f 5981 13965 10151
f 9822 5982 10153
f 5982 13966 10153
f 9823 5983 10155
f 5983 13967 10155
f 9824 5984 10157
f 5984 13968 10157
f 9825 5985 10159
f 5985 13969 10159
f 9826 5986 10161
f 5986 13970 10161
f 9827 5987 10163
f 5987 13971 10163
f 9828 5988 10165
f 5988 13972 10165
f 9829 5989 10167
f 5989 13973 10167
f 9830 5990 10169
f 5990 13974 10169
f 9831 5991 10171
f 5991 13975 10171
f 9832 5992 10173
f 5992 13976 10173
f 9833 5993 10175
f 5993 13977 10175
f 9834 5994 10177
f 5994 13978 10177
f 9835 5995 10179
f 5995 13979 10179
f 9836 5996 10181
f 5996 13980 10181
f 9837 5997 10183
f 5997 13981 10183
f 9838 5998 10185
f 5998 13982 10185
f 9839 5999 10187
f 5999 13983 10187
f 9840 6000 10189
f 6000 13984 10189
f 9841 6001 10191
f 6001 13985 10191
f 9842 6002 10193
f 6002 13986 10193
f 9843 6003 10195
f 6003 13987 10195
f 9844 6004 10197
f 6004 13988 10197
f 9845 6005 10199
f 6005 13989 10199
f 9846 6006 10201
f 6006 13990 10201
f 9847 6007 10203
f 6007 13991 10203
f 9848 6008 10205
f 6008 13992 10205
f 9849 6009 10207
f 6009 13993 10207
f 9850 6010 10209
f 6010 13994 10209
f 9851 6011 10211
f 6011 13995 10211
f 9852 6012 10213
f 6012 13996 10213
f 9853 6013 10215
f 6013 13997 10215
f 9854 6014 10217
f 6014 13998 10217
f 9855 6015 10219
f 6015 13999 10219
f 9856 6016 10221
f 6016 14000 10221
f 9857 6017 10223
f 6017 14001 10223
f 9858 6018 10225
f 6018 14002 10225
f 9859 6019 10227
f 6019 14003 10227
f 9860 6020 10229
f 6020 14004 10229
f 9861 6021 10231
f 6021 14005 10231
f 9862 6022 10233
f 6022 14006 10233
f 9863 6023 10235
f 6023 14007 10235
f 9864 6024 10237
f 6024 14008 10237
f 9865 6025 10239
f 6025 14009 10239
f 9866 6026 10241
f 6026 14010 10241
f 9867 6027 10243
f 6027 14011 10243
f 9868 6028 10245
f 6028 14012 10245
f 9869 6029 10247
f 6029 14013 10247
f 9870 6030 10249
f 6030 14014 10249
f 9871 6031 10251
f 6031 14015 10251
f 9872 6032 10253
f 6032 14016 10253
f 9873 6033 10255
f 6033 14017 10255
f 9874 6034 10257
f 6034 14018 10257
f 9875 6035 10259
f 6035 14019 10259
f 9876 6036 10261
f 6036 14020 10261
f 9877 6037 10263
f 6037 14021 10263
f 9878 6038 10265
f 6038 14022 10265
f 9879 6039 10267
f 6039 14023 10267
f 9880 6040 10269
f 6040 14024 10269
f 9881 6041 10271
f 6041 14025 10271
f 9882 6042 10273
f 6042 14026 10273
f 9883 6043 10275
f 6043 14027 10275
f 9884 6044 10277
f 6044 14028 10277
f 9885 6045 10279
f 6045 14029 10279
f 9886 6046 10281
f 6046 14030 10281
f 9887 6047 10283
f 6047 14031 10283
f 9888 6048 10285
f 6048 14032 10285
f 9889 6049 10287
f 6049 14033 10287
f 9890 6050 10289
f 6050 14034 10289
f 9891 6051 10291
f 6051 14035 10291
f 9892 6052 10293
f 6052 14036 10293
f 9893 6053 10295
f 6053 14037 10295
f 9894 6054 10297
f 6054 14038 10297
f 9895 6055 10299
f 6055 14039 10299
f 9896 6056 10301
f 6056 14040 10301
f 9897 6057 10303
f 6057 14041 10303
f 9898 6058 10305
f 6058 14042 10305
f 9899 6059 10307
f 6059 14043 10307
f 9900 6060 10309
f 6060 14044 10309
f 9901 6061 10311
f 6061 14045 10311
f 9902 6062 10313
f 6062 14046 10313
f 9903 6063 10315
f 6063 14047 10315
f 9904 6064 10317
f 6064 14048 10317
f 9905 6065 10319
f 6065 14049 10319
f 9906 6066 10321
f 6066 14050 10321
f 9907 6067 10323
f 6067 14051 10323
f 9908 6068 10325
f 6068 14052 10325
f 9909 6069 10327
f 6069 14053 10327
f 9910 6070 10329
f 6070 14054 10329
f 9911 6071 10331
f 6071 14055 10331
f 9912 6072 10333
f 6072 14056 10333
f 9913 6073 10335
f 6073 14057 10335
f 9914 6074 10337
f 6074 14058 10337
f 9915 6075 10339
f 6075 14059 10339
f 9916 6076 10341
f 6076 14060 10341
f 9917 6077 10343
f 6077 14061 10343
f 9918 6078 10345
f 6078 14062 10345
f 9919 6079 10347
f 6079 14063 10347
f 9920 6080 10349
f 6080 14064 10349
f 9921 6081 10351
f 6081 14065 10351
f 9922 6082 10353
f 6082 14066 10353
f 9923 6083 10355
f 6083 14067 10355
f 9924 6084 10357
f 6084 14068 10357
f 9925 6085 10359
f 6085 14069 10359
f 9926 6086 10361
f 6086 14070 10361
f 9927 6087 10363
f 6087 14071 10363
f 9928 6088 10365
f 6088 14072 10365
f 9929 6089 10367
f 6089 14073 10367
f 9930 6090 10369
f 6090 14074 10369
f 9931 6091 10371
f 6091 14075 10371
f 9932 6092 10373
f 6092 14076 10373
f 9933 6093 10375
f 6093 14077 10375
f 9934 6094 10377
f 6094 14078 10377
f 9935 6095 10379
f 6095 14079 10379
f 9936 6096 10381
f 6096 14080 10381
f 9937 6097 10383
f 6097 14081 10383
f 9938 6098 10385
f 6098 14082 10385
f 9939 6099 10387
f 6099 14083 10387
f 9940 6100 10389
f 6100 14084 10389
f 9941 6101 10391
f 6101 14085 10391
f 9942 6102 10393
f 6102 14086 10393
f 9943 6103 10395
f 6103 14087 10395
f 9944 6104 10397
f 6104 14088 10397
f 9945 6105 10399
f 6105 14089 10399
f 9946 6106 10401
f 6106 14090 10401
f 9947 6107 10403
f 6107 14091 10403
f 9948 6108 10405
f 6108 14092 10405
f 9949 6109 10407
f 6109 14093 10407
f 9950 6110 10409
f 6110 14094 10409
f 9951 6111 10411
f 6111 14095 10411
f 9952 6112 10413
f 6112 14096 10413
f 9953 6113 10415
f 6113 14097 10415
f 9954 6114 10417
f 6114 14098 10417
f 9955 6115 10419
f 6115 14099 10419
f 9956 6116 10421
f 6116 14100 10421
f 9957 6117 10423
f 6117 14101 10423
f 9958 6118 10425
f 6118 14102 10425
f 9959 6119 10427
f 6119 14103 10427
f 9960 6120 10429
f 6120 14104 10429
f 9961 6121 10431
f 6121 14105 10431
f 9962 6122 10433
f 6122 14106 10433
f 9963 6123 10435
f 6123 14107 10435
f 9964 6124 10437
f 6124 14108 10437
f 9965 6125 10439
f 6125 14109 10439
f 9966 6126 10441
f 6126 14110 10441
f 9967 6127 10443
f 6127 14111 10443
f 9968 6128 10445
f 6128 14112 10445
f 9969 6129 10447
f 6129 14113 10447
f 9970 6130 10449
f 6130 14114 10449
f 9971 6131 10451
f 6131 14115 10451
f 9972 6132 10453
f 6132 14116 10453
f 9973 6133 10455
f 6133 14117 10455
f 9974 6134 10457
f 6134 14118 10457
f 9975 6135 10459
f 6135 14119 10459
f 9976 6136 10461
f 6136 14120 10461
f 9977 6137 10463
f 6137 14121 10463
f 9978 6138 10465
f 6138 14122 10465
f 9979 6139 10467
f 6139 14123 10467
f 9980 6140 10469
f 6140 14124 10469
f 9981 6141 10471
f 6141 14125 10471
f 9982 6142 10473
f 6142 14126 10473
f 9983 6143 10475
f 6143 14127 10475
f 9984 6144 10477
f 6144 14128 10477
f 9985 6145 10479
f 6145 14129 10479
f 9986 6146 10481
f 6146 14130 10481
f 9987 6147 10483
f 6147 14131 10483
f 9988 6148 10485
f 6148 14132 10485
f 9989 6149 10487
f 6149 14133 10487
f 9990 6150 10489
f 6150 14134 10489
f 9991 6151 10491
f 6151 14135 10491
f 9992 6152 10493
f 6152 14136 10493
f 9993 6153 10495
f 6153 14137 10495
f 9994 6154 10497
f 6154 14138 10497
f 9995 6155 10499
f 6155 14139 10499
f 9996 6156 10501
f 6156 14140 10501
f 9997 6157 10503
f 6157 14141 10503
f 9998 6158 10505
f 6158 14142 10505
f 9999 6159 10507
f 6159 14143 10507
f 10000 6160 10509
f 6160 14144 10509
f 10001 6161 10511
f 6161 14145 10511
f 10002 6162 10513
f 6162 14146 10513
f 10003 6163 10515
f 6163 14147 10515
f 10004 6164 10517
f 6164 14148 10517
f 10005 6165 10519
f 6165 14149 10519
f 10006 6166 10521
f 6166 14150 10521
f 10007 6167 10523
f 6167 14151 10523
f 10008 6168 10525
f 6168 14152 10525
f 10009 6169 10527
f 6169 14153 10527
f 10010 6170 10529
f 6170 14154 10529
f 10011 6171 10531
f 6171 14155 10531
f 10012 6172 10533
f 6172 14156 10533
f 10013 6173 10535
f 6173 14157 10535
f 10014 6174 10537
f 6174 14158 10537
f 10015 6175 10539
f 6175 14159 10539
f 10016 6176 10541
f 6176 14160 10541
f 10017 6177 10543
f 6177 14161 10543
f 10018 6178 10545
f 6178 14162 10545
f 10019 6179 10547
f 6179 14163 10547
f 10020 6180 10549
f 6180 14164 10549
f 10021 6181 10551
f 6181 14165 10551
f 10022 6182 10553
f 6182 14166 10553
f 10023 6183 10555
f 6183 14167 10555
f 10024 6184 10557
f 6184 14168 10557
f 10025 6185 10559
f 6185 14169 10559
f 10026 6186 10561
f 6186 14170 10561
f 10027 6187 10563
f 6187 14171 10563
f 10028 6188 10565
f 6188 14172 10565
f 10029 6189 10567
f 6189 14173 10567
f 10030 6190 10569
f 6190 14174 10569
f 10031 6191 10571
f 6191 14175 10571
f 10032 6192 10573
f 6192 14176 10573
f 10033 6193 10575
f 6193 14177 10575
f 10034 6194 10577
f 6194 14178 10577
f 10035 6195 10579
f 6195 14179 10579
f 10036 6196 10581
f 6196 14180 10581
f 10037 6197 10583
f 6197 14181 10583
f 10038 6198 10585
f 6198 14182 10585
f 10039 6199 10587
f 6199 14183 10587
f 10040 6200 10589
f 6200 14184 10589
f 10041 6201 10591
f 6201 14185 10591
f 10042 6202 10593
f 6202 14186 10593
f 10043 6203 10595
f 6203 14187 10595
f 10044 6204 10597
f 6204 14188 10597
f 10045 6205 10599
f 6205 14189 10599
f 10046 6206 10601
f 6206 14190 10601
f 10047 6207 10603
f 6207 14191 10603
f 10048 6208 10605
f 6208 14192 10605
f 10049 6209 10607
f 6209 14193 10607
f 10050 6210 10609
f 6210 14194 10609
f 10054 10055 10056
f 10053 10054 10056
f 10052 10053 10056
f 10051 10052 10056
f 10062 10061 10057
f 10061 10060 10057
f 10060 10059 10057
f 10059 10058 10057
f 10066 10067 10068
f 10065 10066 10068
f 10064 10065 10068
f 10063 10064 10068
f 10074 10073 10069
f 10073 10072 10069
f 10072 10071 10069
f 10071 10070 10069
f 10051 10056 10070
f 10056 10069 10070
f 10055 10062 10056
f 10062 10057 10056
f 10057 10058 10068
f 10058 10063 10068
f 10067 10074 10068
f 10074 10069 10068
f 10056 10057 10069
f 10057 10068 10069
f 14214 14209 10075
f 14209 10082 10075
f 14205 14200 10086
f 14200 10091 10086
f 14204 14199 10087
f 14199 10094 10087
f 14195 14210 10098
f 14210 10079 10098
f 14213 14214 10076
f 14214 10075 10076
f 14212 14213 10077
f 14213 10076 10077
f 14211 14212 10078
f 14212 10077 10078
f 14210 14211 10079
f 14211 10078 10079
f 14209 14208 10082
f 14208 10083 10082
f 14208 14207 10083
f 14207 10084 10083
f 14207 14206 10084
f 14206 10085 10084
f 14206 14205 10085
f 14205 10086 10085
f 14203 14204 10088
f 14204 10087 10088
f 14202 14203 10089
f 14203 10088 10089
f 14201 14202 10090
f 14202 10089 10090
f 14200 14201 10091
f 14201 10090 10091
f 14199 14198 10094
f 14198 10095 10094
f 14198 14197 10095
f 14197 10096 10095
f 14197 14196 10096
f 14196 10097 10096
f 14196 14195 10097
f 14195 10098 10097
f 10093 14220 14232
f 10093 14232 14233
f 10093 14233 14234
f 10093 14234 14222
f 10092 14229 14219
f 10092 14230 14229
f 10092 14231 14230
f 10092 14218 14231
f 10081 14216 14226
f 10081 14226 14227
f 10081 14227 14228
f 10081 14228 14217
f 10080 14223 14215
f 10080 14224 14223
f 10080 14225 14224
f 10080 14221 14225
f 10080 10093 14221
f 10093 14222 14221
f 10092 14219 10093
f 14219 14220 10093
f 14217 14218 10081
f 14218 10092 10081
f 10080 14215 10081
f 14215 14216 10081
f 10081 10092 10080
f 10092 10093 10080
