# www.mecabricks.com
mtllib assy.mtl
o Part.1
v 7.96 9.62 24.04
v 7.96 9.62 31.96
v 7.96 19.18 31.96
v 7.96 19.18 24.04
v 6.4 9.62 30.4
v 6.4 9.62 25.6
v 6.4 18.1 25.6
v 6.4 18.1 30.4
v -1.875 9.75 29.277
v -0.753 9.75 30.4
v -0.753 18.1 30.4
v -1.875 18.1 29.277
v 0 11.6 29.606
v 0 11.6 30.4
v 0 9.62 26.4
v 0.612 9.62 26.522
v 1.131 9.62 26.869
v 1.478 9.62 27.388
v 1.6 9.62 28
v 1.478 9.62 28.612
v 1.131 9.62 29.131
v 0.612 9.62 29.478
v 0 9.62 29.6
v -0.612 9.62 29.478
v -1.131 9.62 29.131
v -1.478 9.62 28.612
v -1.6 9.62 28
v -1.478 9.62 27.388
v -1.131 9.62 26.869
v -0.612 9.62 26.522
v -0.612 18.1 26.522
v -1.131 18.1 26.869
v -1.478 18.1 27.388
v -1.6 18.1 28
v -1.478 18.1 28.612
v -1.131 18.1 29.131
v -0.612 18.1 29.478
v 0 18.1 29.6
v 0.612 18.1 29.478
v 1.131 18.1 29.131
v 1.478 18.1 28.612
v 1.6 18.1 28
v 1.478 18.1 27.388
v 1.131 18.1 26.869
v 0.612 18.1 26.522
v 0 18.1 26.4
v -0.288 9.62 27.305
v -0.532 9.62 27.468
v -0.695 9.62 27.712
v -0.752 9.62 28
v -0.695 9.62 28.288
v -0.532 9.62 28.532
v -0.288 9.62 28.695
v 0 9.62 28.752
v 0.288 9.62 28.695
v 0.532 9.62 28.532
v 0.695 9.62 28.288
v 0.752 9.62 28
v 0.695 9.62 27.712
v 0.532 9.62 27.468
v 0.288 9.62 27.305
v 0 9.62 27.248
v 0 18.1 27.248
v 0.288 18.1 27.305
v 0.532 18.1 27.468
v 0.695 18.1 27.712
v 0.752 18.1 28
v 0.695 18.1 28.288
v 0.532 18.1 28.532
v 0.288 18.1 28.695
v 0 18.1 28.752
v -0.288 18.1 28.695
v -0.532 18.1 28.532
v -0.695 18.1 28.288
v -0.752 18.1 28
v -0.695 18.1 27.712
v -0.532 18.1 27.468
v -0.288 18.1 27.305
v 0 11.6 26.397
v 0 11.6 25.6
v 0.3 11.6 25.6
v 0.3 11.6 30.4
v -0.3 11.6 30.4
v -0.3 11.6 25.6
v -0.3 18.1 30.4
v 0.3 18.1 30.4
v 0.3 18.1 25.6
v 0.3 11.6 29.544
v -0.3 11.6 29.544
v -0.3 18.1 29.544
v 0.3 18.1 29.544
v 0.3 11.6 26.459
v -0.3 11.6 26.459
v 0.3 18.1 26.459
v -0.3 18.1 25.6
v -0.3 18.1 26.459
v -7.96 9.62 39.96
v -0.04 9.62 39.96
v -0.04 19.18 39.96
v -7.96 19.18 39.96
v -1.6 9.62 38.4
v -6.4 9.62 38.4
v -6.4 18.1 38.4
v -1.6 18.1 38.4
v -2.723 9.75 30.125
v -1.6 9.75 31.247
v -1.6 18.1 31.247
v -2.723 18.1 30.125
v -7.96 9.62 24.04
v -7.96 19.18 24.04
v -6.4 9.62 25.6
v -6.4 18.1 25.6
v -0.04 9.62 31.96
v -0.04 19.18 31.96
v -1.6 9.62 30.4
v -1.6 18.1 30.4
v -1.6 9.75 30.4
v -2.299 9.75 29.701
v -2.299 18.1 29.701
v -2.394 11.6 32
v -1.6 11.6 32
v -5.6 9.62 32
v -5.478 9.62 32.612
v -5.131 9.62 33.131
v -4.612 9.62 33.478
v -4 9.62 33.6
v -3.388 9.62 33.478
v -2.869 9.62 33.131
v -2.522 9.62 32.612
v -2.4 9.62 32
v -2.522 9.62 31.388
v -2.869 9.62 30.869
v -3.388 9.62 30.522
v -4 9.62 30.4
v -4.612 9.62 30.522
v -5.131 9.62 30.869
v -5.478 9.62 31.388
v -5.478 18.1 31.388
v -5.131 18.1 30.869
v -4.612 18.1 30.522
v -4 18.1 30.4
v -3.388 18.1 30.522
v -2.869 18.1 30.869
v -2.522 18.1 31.388
v -2.4 18.1 32
v -2.522 18.1 32.612
v -2.869 18.1 33.131
v -3.388 18.1 33.478
v -4 18.1 33.6
v -4.612 18.1 33.478
v -5.131 18.1 33.131
v -5.478 18.1 32.612
v -5.6 18.1 32
v -4.695 9.62 31.712
v -4.532 9.62 31.468
v -4.288 9.62 31.305
v -4 9.62 31.248
v -3.712 9.62 31.305
v -3.468 9.62 31.468
v -3.305 9.62 31.712
v -3.248 9.62 32
v -3.305 9.62 32.288
v -3.468 9.62 32.532
v -3.712 9.62 32.695
v -4 9.62 32.752
v -4.288 9.62 32.695
v -4.532 9.62 32.532
v -4.695 9.62 32.288
v -4.752 9.62 32
v -4.752 18.1 32
v -4.695 18.1 32.288
v -4.532 18.1 32.532
v -4.288 18.1 32.695
v -4 18.1 32.752
v -3.712 18.1 32.695
v -3.468 18.1 32.532
v -3.305 18.1 32.288
v -3.248 18.1 32
v -3.305 18.1 31.712
v -3.468 18.1 31.468
v -3.712 18.1 31.305
v -4 18.1 31.248
v -4.288 18.1 31.305
v -4.532 18.1 31.468
v -4.695 18.1 31.712
v -5.603 11.6 32
v -6.4 11.6 32
v -6.4 11.6 32.3
v -1.6 11.6 32.3
v -1.6 11.6 31.7
v -6.4 11.6 31.7
v -1.6 18.1 31.7
v -1.6 18.1 32.3
v -6.4 18.1 32.3
v -2.456 11.6 32.3
v -2.456 11.6 31.7
v -2.456 18.1 31.7
v -2.456 18.1 32.3
v -5.541 11.6 32.3
v -5.541 11.6 31.7
v -5.541 18.1 32.3
v -6.4 18.1 31.7
v -5.541 18.1 31.7
v 7.96 9.62 24.04
v 7.96 9.62 24.04
v 7.96 9.62 31.96
v 7.96 9.62 31.96
v 7.96 19.18 24.04
v 7.96 19.18 24.04
v 7.96 19.18 31.96
v 7.96 19.18 31.96
v 6.4 9.62 30.4
v 6.4 9.62 30.4
v 6.4 9.62 25.6
v 6.4 9.62 25.6
v 6.4 18.1 30.4
v 6.4 18.1 30.4
v 6.4 18.1 25.6
v 6.4 18.1 25.6
v -0.04 9.62 31.96
v -0.04 9.62 31.96
v -7.96 9.62 24.04
v -7.96 9.62 24.04
v -0.04 19.18 31.96
v -0.04 19.18 31.96
v -7.96 19.18 24.04
v -7.96 19.18 24.04
v -1.6 9.62 30.4
v -1.6 9.62 30.4
v -1.6 18.1 30.4
v -1.6 18.1 30.4
v -6.4 9.62 25.6
v -6.4 9.62 25.6
v -6.4 18.1 25.6
v -6.4 18.1 25.6
v -1.875 9.75 29.277
v -1.875 9.75 29.277
v -0.753 9.75 30.4
v -1.875 18.1 29.277
v -2.299 9.75 29.701
v 0 9.62 26.4
v 0.612 9.62 26.522
v 1.131 9.62 26.869
v 1.478 9.62 27.388
v 1.6 9.62 28
v 1.478 9.62 28.612
v 1.131 9.62 29.131
v 0.612 9.62 29.478
v 0 9.62 29.6
v -0.612 9.62 29.478
v -1.131 9.62 29.131
v -1.478 9.62 28.612
v -1.6 9.62 28
v -1.478 9.62 27.388
v -1.131 9.62 26.869
v -0.612 9.62 26.522
v -0.288 9.62 27.305
v 0 9.62 27.248
v -0.532 9.62 27.468
v -0.695 9.62 27.712
v -0.752 9.62 28
v -0.695 9.62 28.288
v -0.532 9.62 28.532
v -0.288 9.62 28.695
v 0 9.62 28.752
v 0.288 9.62 28.695
v 0.532 9.62 28.532
v 0.695 9.62 28.288
v 0.752 9.62 28
v 0.695 9.62 27.712
v 0.532 9.62 27.468
v 0.288 9.62 27.305
v 0.3 11.6 30.4
v 0.3 11.6 29.544
v -0.3 11.6 30.4
v -0.3 11.6 29.544
v 0.3 11.6 25.6
v 0.3 11.6 26.459
v -0.3 11.6 25.6
v -0.3 11.6 26.459
v -7.96 9.62 39.96
v -7.96 9.62 39.96
v -0.04 9.62 39.96
v -0.04 9.62 39.96
v -7.96 19.18 39.96
v -7.96 19.18 39.96
v -0.04 19.18 39.96
v -0.04 19.18 39.96
v -1.6 9.62 38.4
v -1.6 9.62 38.4
v -6.4 9.62 38.4
v -6.4 9.62 38.4
v -1.6 18.1 38.4
v -1.6 18.1 38.4
v -6.4 18.1 38.4
v -6.4 18.1 38.4
v -2.723 9.75 30.125
v -2.723 9.75 30.125
v -1.6 9.75 31.247
v -2.723 18.1 30.125
v -5.6 9.62 32
v -5.478 9.62 32.612
v -5.131 9.62 33.131
v -4.612 9.62 33.478
v -4 9.62 33.6
v -3.388 9.62 33.478
v -2.869 9.62 33.131
v -2.522 9.62 32.612
v -2.4 9.62 32
v -2.522 9.62 31.388
v -2.869 9.62 30.869
v -3.388 9.62 30.522
v -4 9.62 30.4
v -4.612 9.62 30.522
v -5.131 9.62 30.869
v -5.478 9.62 31.388
v -4.695 9.62 31.712
v -4.752 9.62 32
v -4.532 9.62 31.468
v -4.288 9.62 31.305
v -4 9.62 31.248
v -3.712 9.62 31.305
v -3.468 9.62 31.468
v -3.305 9.62 31.712
v -3.248 9.62 32
v -3.305 9.62 32.288
v -3.468 9.62 32.532
v -3.712 9.62 32.695
v -4 9.62 32.752
v -4.288 9.62 32.695
v -4.532 9.62 32.532
v -4.695 9.62 32.288
v -1.6 11.6 32.3
v -2.456 11.6 32.3
v -1.6 11.6 31.7
v -2.456 11.6 31.7
v -6.4 11.6 32.3
v -5.541 11.6 32.3
v -6.4 11.6 31.7
v -5.541 11.6 31.7
v -3.082 20.75 25.783
v -3.179 21 26.018
v -3.11 20.927 25.852
v -2.483 21 26.483
v -2.303 20.75 26.303
v -2.356 20.927 26.356
v -1.783 20.75 27.082
v -2.018 21 27.179
v -1.852 20.927 27.11
v -1.855 21 28
v -1.6 20.75 28
v -1.675 20.927 28
v -1.783 20.75 28.918
v -2.018 21 28.821
v -1.852 20.927 28.89
v -2.303 20.75 29.697
v -2.483 21 29.517
v -2.356 20.927 29.644
v -3.082 20.75 30.217
v -3.179 21 29.982
v -3.11 20.927 30.148
v -4 20.75 30.4
v -4 21 30.145
v -4 20.927 30.325
v -4.821 21 29.982
v -4.918 20.75 30.217
v -4.89 20.927 30.148
v -5.697 20.75 29.697
v -5.517 21 29.517
v -5.644 20.927 29.644
v -6.217 20.75 28.918
v -5.982 21 28.821
v -6.148 20.927 28.89
v -6.4 20.75 28
v -6.145 21 28
v -6.325 20.927 28
v -6.217 20.75 27.082
v -5.982 21 27.179
v -6.148 20.927 27.11
v -5.517 21 26.483
v -5.697 20.75 26.303
v -5.644 20.927 26.356
v -4.918 20.75 25.783
v -4.821 21 26.018
v -4.89 20.927 25.852
v -4 20.75 25.6
v -4 21 25.855
v -4 20.927 25.675
v -2.937 21 29.014
v -2.836 21 28
v -2.937 21 26.986
v -4 21 29.097
v -4 21 28
v -4 21 26.903
v -5.063 21 29.014
v -5.164 21 28
v -5.063 21 26.986
v -4 19.33 25.6
v -4 19.18 25.447
v -4 19.224 25.555
v -4.977 19.18 25.641
v -4.918 19.33 25.783
v -4.936 19.224 25.741
v -5.805 19.18 26.195
v -5.697 19.33 26.303
v -5.729 19.224 26.271
v -6.359 19.18 27.023
v -6.217 19.33 27.082
v -6.259 19.224 27.064
v -6.553 19.18 28
v -6.4 19.33 28
v -6.445 19.224 28
v -6.359 19.18 28.977
v -6.217 19.33 28.918
v -6.259 19.224 28.936
v -5.805 19.18 29.805
v -5.697 19.33 29.697
v -5.729 19.224 29.729
v -4.977 19.18 30.359
v -4.918 19.33 30.217
v -4.936 19.224 30.259
v -4 19.18 30.553
v -4 19.33 30.4
v -4 19.224 30.445
v -3.023 19.18 30.359
v -3.082 19.33 30.217
v -3.064 19.224 30.259
v -2.195 19.18 29.805
v -2.303 19.33 29.697
v -2.271 19.224 29.729
v -1.641 19.18 28.977
v -1.783 19.33 28.918
v -1.741 19.224 28.936
v -1.447 19.18 28
v -1.6 19.33 28
v -1.555 19.224 28
v -1.641 19.18 27.023
v -1.783 19.33 27.082
v -1.741 19.224 27.064
v -2.195 19.18 26.195
v -2.303 19.33 26.303
v -2.271 19.224 26.271
v -3.023 19.18 25.641
v -3.082 19.33 25.783
v -3.064 19.224 25.741
v 4.918 20.75 25.783
v 4.821 21 26.018
v 4.89 20.927 25.852
v 5.517 21 26.483
v 5.697 20.75 26.303
v 5.644 20.927 26.356
v 6.217 20.75 27.082
v 5.982 21 27.179
v 6.148 20.927 27.11
v 6.145 21 28
v 6.4 20.75 28
v 6.325 20.927 28
v 6.217 20.75 28.918
v 5.982 21 28.821
v 6.148 20.927 28.89
v 5.697 20.75 29.697
v 5.517 21 29.517
v 5.644 20.927 29.644
v 4.918 20.75 30.217
v 4.821 21 29.982
v 4.89 20.927 30.148
v 4 20.75 30.4
v 4 21 30.145
v 4 20.927 30.325
v 3.179 21 29.982
v 3.082 20.75 30.217
v 3.11 20.927 30.148
v 2.303 20.75 29.697
v 2.483 21 29.517
v 2.356 20.927 29.644
v 1.783 20.75 28.918
v 2.018 21 28.821
v 1.852 20.927 28.89
v 1.6 20.75 28
v 1.855 21 28
v 1.675 20.927 28
v 1.783 20.75 27.082
v 2.018 21 27.179
v 1.852 20.927 27.11
v 2.483 21 26.483
v 2.303 20.75 26.303
v 2.356 20.927 26.356
v 3.082 20.75 25.783
v 3.179 21 26.018
v 3.11 20.927 25.852
v 4 20.75 25.6
v 4 21 25.855
v 4 20.927 25.675
v 5.063 21 29.014
v 5.164 21 28
v 5.063 21 26.986
v 4 21 29.097
v 4 21 28
v 4 21 26.903
v 2.937 21 29.014
v 2.836 21 28
v 2.937 21 26.986
v 4 19.33 25.6
v 4 19.18 25.447
v 4 19.224 25.555
v 3.023 19.18 25.641
v 3.082 19.33 25.783
v 3.064 19.224 25.741
v 2.195 19.18 26.195
v 2.303 19.33 26.303
v 2.271 19.224 26.271
v 1.641 19.18 27.023
v 1.783 19.33 27.082
v 1.741 19.224 27.064
v 1.447 19.18 28
v 1.6 19.33 28
v 1.555 19.224 28
v 1.641 19.18 28.977
v 1.783 19.33 28.918
v 1.741 19.224 28.936
v 2.195 19.18 29.805
v 2.303 19.33 29.697
v 2.271 19.224 29.729
v 3.023 19.18 30.359
v 3.082 19.33 30.217
v 3.064 19.224 30.259
v 4 19.18 30.553
v 4 19.33 30.4
v 4 19.224 30.445
v 4.977 19.18 30.359
v 4.918 19.33 30.217
v 4.936 19.224 30.259
v 5.805 19.18 29.805
v 5.697 19.33 29.697
v 5.729 19.224 29.729
v 6.359 19.18 28.977
v 6.217 19.33 28.918
v 6.259 19.224 28.936
v 6.553 19.18 28
v 6.4 19.33 28
v 6.445 19.224 28
v 6.359 19.18 27.023
v 6.217 19.33 27.082
v 6.259 19.224 27.064
v 5.805 19.18 26.195
v 5.697 19.33 26.303
v 5.729 19.224 26.271
v 4.977 19.18 25.641
v 4.918 19.33 25.783
v 4.936 19.224 25.741
v -3.082 20.75 33.783
v -3.179 21 34.018
v -3.11 20.927 33.852
v -2.483 21 34.483
v -2.303 20.75 34.303
v -2.356 20.927 34.356
v -1.783 20.75 35.082
v -2.018 21 35.179
v -1.852 20.927 35.11
v -1.855 21 36
v -1.6 20.75 36
v -1.675 20.927 36
v -1.783 20.75 36.918
v -2.018 21 36.821
v -1.852 20.927 36.89
v -2.303 20.75 37.697
v -2.483 21 37.517
v -2.356 20.927 37.644
v -3.082 20.75 38.217
v -3.179 21 37.982
v -3.11 20.927 38.148
v -4 20.75 38.4
v -4 21 38.145
v -4 20.927 38.325
v -4.821 21 37.982
v -4.918 20.75 38.217
v -4.89 20.927 38.148
v -5.697 20.75 37.697
v -5.517 21 37.517
v -5.644 20.927 37.644
v -6.217 20.75 36.918
v -5.982 21 36.821
v -6.148 20.927 36.89
v -6.4 20.75 36
v -6.145 21 36
v -6.325 20.927 36
v -6.217 20.75 35.082
v -5.982 21 35.179
v -6.148 20.927 35.11
v -5.517 21 34.483
v -5.697 20.75 34.303
v -5.644 20.927 34.356
v -4.918 20.75 33.783
v -4.821 21 34.018
v -4.89 20.927 33.852
v -4 20.75 33.6
v -4 21 33.855
v -4 20.927 33.675
v -2.937 21 37.014
v -2.836 21 36
v -2.937 21 34.986
v -4 21 37.097
v -4 21 36
v -4 21 34.903
v -5.063 21 37.014
v -5.164 21 36
v -5.063 21 34.986
v -4 19.33 33.6
v -4 19.18 33.447
v -4 19.224 33.555
v -4.977 19.18 33.641
v -4.918 19.33 33.783
v -4.936 19.224 33.741
v -5.805 19.18 34.195
v -5.697 19.33 34.303
v -5.729 19.224 34.271
v -6.359 19.18 35.023
v -6.217 19.33 35.082
v -6.259 19.224 35.064
v -6.553 19.18 36
v -6.4 19.33 36
v -6.445 19.224 36
v -6.359 19.18 36.977
v -6.217 19.33 36.918
v -6.259 19.224 36.936
v -5.805 19.18 37.805
v -5.697 19.33 37.697
v -5.729 19.224 37.729
v -4.977 19.18 38.359
v -4.918 19.33 38.217
v -4.936 19.224 38.259
v -4 19.18 38.553
v -4 19.33 38.4
v -4 19.224 38.445
v -3.023 19.18 38.359
v -3.082 19.33 38.217
v -3.064 19.224 38.259
v -2.195 19.18 37.805
v -2.303 19.33 37.697
v -2.271 19.224 37.729
v -1.641 19.18 36.977
v -1.783 19.33 36.918
v -1.741 19.224 36.936
v -1.447 19.18 36
v -1.6 19.33 36
v -1.555 19.224 36
v -1.641 19.18 35.023
v -1.783 19.33 35.082
v -1.741 19.224 35.064
v -2.195 19.18 34.195
v -2.303 19.33 34.303
v -2.271 19.224 34.271
v -3.023 19.18 33.641
v -3.082 19.33 33.783
v -3.064 19.224 33.741
usemtl MB_23
s off
f 228 212 220
f 212 207 220
f 204 208 206
f 208 210 206
f 214 205 212
f 205 207 212
f 213 216 215
f 216 218 215
f 211 224 2
f 224 221 2
f 225 3 226
f 3 209 226
f 217 230 219
f 230 234 219
f 1 222 4
f 222 227 4
f 231 8 229
f 8 5 229
f 223 205 232
f 205 214 232
f 7 235 6
f 235 233 6
f 236 239 238
f 239 11 238
f 237 10 118
f 10 117 118
f 12 9 119
f 9 240 119
f 84 280 95
f 280 96 95
f 241 256 46
f 256 31 46
f 256 255 31
f 255 32 31
f 255 254 32
f 254 33 32
f 254 253 33
f 253 34 33
f 253 252 34
f 252 35 34
f 252 251 35
f 251 36 35
f 251 250 36
f 250 37 36
f 250 249 37
f 249 38 37
f 249 248 38
f 248 39 38
f 248 247 39
f 247 40 39
f 247 246 40
f 246 41 40
f 246 245 41
f 245 42 41
f 245 244 42
f 244 43 42
f 244 243 43
f 243 44 43
f 243 242 44
f 242 45 44
f 242 241 45
f 241 46 45
f 30 15 257
f 15 258 257
f 29 30 259
f 30 257 259
f 28 29 260
f 29 259 260
f 27 28 261
f 28 260 261
f 26 27 262
f 27 261 262
f 25 26 263
f 26 262 263
f 24 25 264
f 25 263 264
f 23 24 265
f 24 264 265
f 22 23 266
f 23 265 266
f 21 22 267
f 22 266 267
f 20 21 268
f 21 267 268
f 19 20 269
f 20 268 269
f 18 19 270
f 19 269 270
f 17 18 271
f 18 270 271
f 16 17 272
f 17 271 272
f 15 16 258
f 16 272 258
f 62 61 63
f 61 64 63
f 61 60 64
f 60 65 64
f 60 59 65
f 59 66 65
f 59 58 66
f 58 67 66
f 58 57 67
f 57 68 67
f 57 56 68
f 56 69 68
f 56 55 69
f 55 70 69
f 55 54 70
f 54 71 70
f 54 53 71
f 53 72 71
f 53 52 72
f 52 73 72
f 52 51 73
f 51 74 73
f 51 50 74
f 50 75 74
f 50 49 75
f 49 76 75
f 49 48 76
f 48 77 76
f 48 47 77
f 47 78 77
f 47 62 78
f 62 63 78
f 273 14 274
f 14 13 274
f 278 79 81
f 79 80 81
f 14 275 13
f 275 276 13
f 83 85 89
f 85 90 89
f 88 91 82
f 91 86 82
f 79 93 80
f 93 279 80
f 277 87 92
f 87 94 92
f 228 220 289
f 220 284 289
f 281 283 285
f 283 287 285
f 291 289 282
f 289 284 282
f 290 292 293
f 292 295 293
f 288 98 114
f 98 113 114
f 225 226 99
f 226 286 99
f 294 296 230
f 296 234 230
f 97 100 109
f 100 110 109
f 116 115 104
f 115 101 104
f 223 232 282
f 232 291 282
f 103 102 112
f 102 111 112
f 297 299 300
f 299 107 300
f 298 118 106
f 118 117 106
f 108 119 105
f 119 240 105
f 191 202 340
f 202 203 340
f 301 153 316
f 153 138 316
f 316 138 315
f 138 139 315
f 315 139 314
f 139 140 314
f 314 140 313
f 140 141 313
f 313 141 312
f 141 142 312
f 312 142 311
f 142 143 311
f 311 143 310
f 143 144 310
f 310 144 309
f 144 145 309
f 309 145 308
f 145 146 308
f 308 146 307
f 146 147 307
f 307 147 306
f 147 148 306
f 306 148 305
f 148 149 305
f 305 149 304
f 149 150 304
f 304 150 303
f 150 151 303
f 303 151 302
f 151 152 302
f 302 152 301
f 152 153 301
f 137 317 122
f 317 318 122
f 136 319 137
f 319 317 137
f 135 320 136
f 320 319 136
f 134 321 135
f 321 320 135
f 133 322 134
f 322 321 134
f 132 323 133
f 323 322 133
f 131 324 132
f 324 323 132
f 130 325 131
f 325 324 131
f 129 326 130
f 326 325 130
f 128 327 129
f 327 326 129
f 127 328 128
f 328 327 128
f 126 329 127
f 329 328 127
f 125 330 126
f 330 329 126
f 124 331 125
f 331 330 125
f 123 332 124
f 332 331 124
f 122 318 123
f 318 332 123
f 169 170 168
f 170 171 168
f 168 171 167
f 171 172 167
f 167 172 166
f 172 173 166
f 166 173 165
f 173 174 165
f 165 174 164
f 174 175 164
f 164 175 163
f 175 176 163
f 163 176 162
f 176 177 162
f 162 177 161
f 177 178 161
f 161 178 160
f 178 179 160
f 160 179 159
f 179 180 159
f 159 180 158
f 180 181 158
f 158 181 157
f 181 182 157
f 157 182 156
f 182 183 156
f 156 183 155
f 183 184 155
f 155 184 154
f 184 185 154
f 154 185 169
f 185 170 169
f 333 334 121
f 334 120 121
f 338 188 186
f 188 187 186
f 121 120 335
f 120 336 335
f 190 196 192
f 196 197 192
f 195 189 198
f 189 193 198
f 186 187 200
f 187 339 200
f 337 199 194
f 199 201 194
f 348 391 350
f 391 390 350
f 377 381 408
f 381 405 408
f 396 375 395
f 375 372 395
f 392 395 363
f 395 365 363
f 380 378 384
f 378 397 384
f 387 394 342
f 394 391 342
f 395 372 365
f 372 369 365
f 354 389 357
f 389 360 357
f 384 397 387
f 397 394 387
f 397 378 396
f 378 375 396
f 342 391 344
f 391 348 344
f 350 390 354
f 390 389 354
f 389 392 360
f 392 363 360
f 345 346 347
f 346 349 347
f 346 344 349
f 344 348 349
f 351 352 353
f 352 355 353
f 352 350 355
f 350 354 355
f 366 367 368
f 367 370 368
f 367 365 370
f 365 369 370
f 353 355 356
f 355 358 356
f 355 354 358
f 354 357 358
f 356 358 359
f 358 361 359
f 358 357 361
f 357 360 361
f 368 370 371
f 370 373 371
f 370 369 373
f 369 372 373
f 371 373 374
f 373 376 374
f 373 372 376
f 372 375 376
f 381 382 383
f 382 385 383
f 382 380 385
f 380 384 385
f 359 361 362
f 361 364 362
f 361 360 364
f 360 363 364
f 362 364 366
f 364 367 366
f 364 363 367
f 363 365 367
f 374 376 377
f 376 379 377
f 376 375 379
f 375 378 379
f 377 379 381
f 379 382 381
f 379 378 382
f 378 380 382
f 383 385 386
f 385 388 386
f 385 384 388
f 384 387 388
f 347 349 351
f 349 352 351
f 349 348 352
f 348 350 352
f 386 388 341
f 388 343 341
f 388 387 343
f 387 342 343
f 341 343 345
f 343 346 345
f 343 342 346
f 342 344 346
f 390 393 389
f 393 392 389
f 393 396 392
f 396 395 392
f 391 394 390
f 394 393 390
f 394 397 393
f 397 396 393
f 402 398 403
f 398 400 403
f 403 400 401
f 400 399 401
f 405 402 406
f 402 403 406
f 406 403 404
f 403 401 404
f 408 405 409
f 405 406 409
f 409 406 407
f 406 404 407
f 411 408 412
f 408 409 412
f 412 409 410
f 409 407 410
f 414 411 415
f 411 412 415
f 415 412 413
f 412 410 413
f 417 414 418
f 414 415 418
f 418 415 416
f 415 413 416
f 420 417 421
f 417 418 421
f 421 418 419
f 418 416 419
f 423 420 424
f 420 421 424
f 424 421 422
f 421 419 422
f 426 423 427
f 423 424 427
f 427 424 425
f 424 422 425
f 429 426 430
f 426 427 430
f 430 427 428
f 427 425 428
f 432 429 433
f 429 430 433
f 433 430 431
f 430 428 431
f 435 432 436
f 432 433 436
f 436 433 434
f 433 431 434
f 438 435 439
f 435 436 439
f 439 436 437
f 436 434 437
f 441 438 442
f 438 439 442
f 442 439 440
f 439 437 440
f 444 441 445
f 441 442 445
f 445 442 443
f 442 440 443
f 398 444 400
f 444 445 400
f 400 445 399
f 445 443 399
f 356 359 429
f 359 426 429
f 381 383 405
f 383 402 405
f 359 362 426
f 362 423 426
f 398 386 444
f 386 341 444
f 383 386 402
f 386 398 402
f 362 366 423
f 366 420 423
f 444 341 441
f 341 345 441
f 366 368 420
f 368 417 420
f 345 347 441
f 347 438 441
f 368 371 417
f 371 414 417
f 347 351 438
f 351 435 438
f 371 374 414
f 374 411 414
f 351 353 435
f 353 432 435
f 374 377 411
f 377 408 411
f 353 356 432
f 356 429 432
f 453 496 455
f 496 495 455
f 482 486 513
f 486 510 513
f 501 480 500
f 480 477 500
f 497 500 468
f 500 470 468
f 485 483 489
f 483 502 489
f 492 499 447
f 499 496 447
f 500 477 470
f 477 474 470
f 459 494 462
f 494 465 462
f 489 502 492
f 502 499 492
f 502 483 501
f 483 480 501
f 447 496 449
f 496 453 449
f 455 495 459
f 495 494 459
f 494 497 465
f 497 468 465
f 450 451 452
f 451 454 452
f 451 449 454
f 449 453 454
f 456 457 458
f 457 460 458
f 457 455 460
f 455 459 460
f 471 472 473
f 472 475 473
f 472 470 475
f 470 474 475
f 458 460 461
f 460 463 461
f 460 459 463
f 459 462 463
f 461 463 464
f 463 466 464
f 463 462 466
f 462 465 466
f 473 475 476
f 475 478 476
f 475 474 478
f 474 477 478
f 476 478 479
f 478 481 479
f 478 477 481
f 477 480 481
f 486 487 488
f 487 490 488
f 487 485 490
f 485 489 490
f 464 466 467
f 466 469 467
f 466 465 469
f 465 468 469
f 467 469 471
f 469 472 471
f 469 468 472
f 468 470 472
f 479 481 482
f 481 484 482
f 481 480 484
f 480 483 484
f 482 484 486
f 484 487 486
f 484 483 487
f 483 485 487
f 488 490 491
f 490 493 491
f 490 489 493
f 489 492 493
f 452 454 456
f 454 457 456
f 454 453 457
f 453 455 457
f 491 493 446
f 493 448 446
f 493 492 448
f 492 447 448
f 446 448 450
f 448 451 450
f 448 447 451
f 447 449 451
f 495 498 494
f 498 497 494
f 498 501 497
f 501 500 497
f 496 499 495
f 499 498 495
f 499 502 498
f 502 501 498
f 507 503 508
f 503 505 508
f 508 505 506
f 505 504 506
f 510 507 511
f 507 508 511
f 511 508 509
f 508 506 509
f 513 510 514
f 510 511 514
f 514 511 512
f 511 509 512
f 516 513 517
f 513 514 517
f 517 514 515
f 514 512 515
f 519 516 520
f 516 517 520
f 520 517 518
f 517 515 518
f 522 519 523
f 519 520 523
f 523 520 521
f 520 518 521
f 525 522 526
f 522 523 526
f 526 523 524
f 523 521 524
f 528 525 529
f 525 526 529
f 529 526 527
f 526 524 527
f 531 528 532
f 528 529 532
f 532 529 530
f 529 527 530
f 534 531 535
f 531 532 535
f 535 532 533
f 532 530 533
f 537 534 538
f 534 535 538
f 538 535 536
f 535 533 536
f 540 537 541
f 537 538 541
f 541 538 539
f 538 536 539
f 543 540 544
f 540 541 544
f 544 541 542
f 541 539 542
f 546 543 547
f 543 544 547
f 547 544 545
f 544 542 545
f 549 546 550
f 546 547 550
f 550 547 548
f 547 545 548
f 503 549 505
f 549 550 505
f 505 550 504
f 550 548 504
f 461 464 534
f 464 531 534
f 486 488 510
f 488 507 510
f 464 467 531
f 467 528 531
f 503 491 549
f 491 446 549
f 488 491 507
f 491 503 507
f 467 471 528
f 471 525 528
f 549 446 546
f 446 450 546
f 471 473 525
f 473 522 525
f 450 452 546
f 452 543 546
f 473 476 522
f 476 519 522
f 452 456 543
f 456 540 543
f 476 479 519
f 479 516 519
f 456 458 540
f 458 537 540
f 479 482 516
f 482 513 516
f 458 461 537
f 461 534 537
f 558 601 560
f 601 600 560
f 587 591 618
f 591 615 618
f 606 585 605
f 585 582 605
f 602 605 573
f 605 575 573
f 590 588 594
f 588 607 594
f 597 604 552
f 604 601 552
f 605 582 575
f 582 579 575
f 564 599 567
f 599 570 567
f 594 607 597
f 607 604 597
f 607 588 606
f 588 585 606
f 552 601 554
f 601 558 554
f 560 600 564
f 600 599 564
f 599 602 570
f 602 573 570
f 555 556 557
f 556 559 557
f 556 554 559
f 554 558 559
f 561 562 563
f 562 565 563
f 562 560 565
f 560 564 565
f 576 577 578
f 577 580 578
f 577 575 580
f 575 579 580
f 563 565 566
f 565 568 566
f 565 564 568
f 564 567 568
f 566 568 569
f 568 571 569
f 568 567 571
f 567 570 571
f 578 580 581
f 580 583 581
f 580 579 583
f 579 582 583
f 581 583 584
f 583 586 584
f 583 582 586
f 582 585 586
f 591 592 593
f 592 595 593
f 592 590 595
f 590 594 595
f 569 571 572
f 571 574 572
f 571 570 574
f 570 573 574
f 572 574 576
f 574 577 576
f 574 573 577
f 573 575 577
f 584 586 587
f 586 589 587
f 586 585 589
f 585 588 589
f 587 589 591
f 589 592 591
f 589 588 592
f 588 590 592
f 593 595 596
f 595 598 596
f 595 594 598
f 594 597 598
f 557 559 561
f 559 562 561
f 559 558 562
f 558 560 562
f 596 598 551
f 598 553 551
f 598 597 553
f 597 552 553
f 551 553 555
f 553 556 555
f 553 552 556
f 552 554 556
f 600 603 599
f 603 602 599
f 603 606 602
f 606 605 602
f 601 604 600
f 604 603 600
f 604 607 603
f 607 606 603
f 612 608 613
f 608 610 613
f 613 610 611
f 610 609 611
f 615 612 616
f 612 613 616
f 616 613 614
f 613 611 614
f 618 615 619
f 615 616 619
f 619 616 617
f 616 614 617
f 621 618 622
f 618 619 622
f 622 619 620
f 619 617 620
f 624 621 625
f 621 622 625
f 625 622 623
f 622 620 623
f 627 624 628
f 624 625 628
f 628 625 626
f 625 623 626
f 630 627 631
f 627 628 631
f 631 628 629
f 628 626 629
f 633 630 634
f 630 631 634
f 634 631 632
f 631 629 632
f 636 633 637
f 633 634 637
f 637 634 635
f 634 632 635
f 639 636 640
f 636 637 640
f 640 637 638
f 637 635 638
f 642 639 643
f 639 640 643
f 643 640 641
f 640 638 641
f 645 642 646
f 642 643 646
f 646 643 644
f 643 641 644
f 648 645 649
f 645 646 649
f 649 646 647
f 646 644 647
f 651 648 652
f 648 649 652
f 652 649 650
f 649 647 650
f 654 651 655
f 651 652 655
f 655 652 653
f 652 650 653
f 608 654 610
f 654 655 610
f 610 655 609
f 655 653 609
f 566 569 639
f 569 636 639
f 591 593 615
f 593 612 615
f 569 572 636
f 572 633 636
f 608 596 654
f 596 551 654
f 593 596 612
f 596 608 612
f 572 576 633
f 576 630 633
f 654 551 651
f 551 555 651
f 576 578 630
f 578 627 630
f 555 557 651
f 557 648 651
f 578 581 627
f 581 624 627
f 557 561 648
f 561 645 648
f 581 584 624
f 584 621 624
f 561 563 645
f 563 642 645
f 584 587 621
f 587 618 621
f 563 566 642
f 566 639 642
o Part.2
v 47.96 9.62 7.96
v 47.96 12.78 7.96
v 46.4 9.62 6.4
v 46.4 9.62 5.4
v 47.96 12.78 5.4
v 46.4 11.7 6.4
v 45.4 11.7 5.4
v 45.4 12.78 5.4
v 46.4 11.7 5.4
v 47.96 9.62 5.4
v 45.4 11.7 6.4
v 45.4 9.62 7.96
v 45.4 9.62 6.4
v 45.4 12.78 7.96
v -47.96 9.62 7.96
v -47.96 12.78 7.96
v -46.4 9.62 6.4
v -46.4 9.62 5.4
v -47.96 12.78 5.4
v -46.4 11.7 6.4
v -45.4 11.7 5.4
v -45.4 12.78 5.4
v -46.4 11.7 5.4
v -47.96 9.62 5.4
v -45.4 11.7 6.4
v -45.4 9.62 7.96
v -45.4 9.62 6.4
v -45.4 12.78 7.96
v 0 12.78 5.4
v 0 11.7 5.4
v 0 9.62 7.96
v 0 12.78 7.96
v 0 9.62 6.4
v 0 11.7 6.4
v 47.96 9.62 -7.96
v 47.96 12.78 -7.96
v 46.4 9.62 -6.4
v 46.4 9.62 -5.4
v 47.96 12.78 -5.4
v 46.4 11.7 -6.4
v 45.4 11.7 -5.4
v 45.4 12.78 -5.4
v 46.4 11.7 -5.4
v 47.96 9.62 -5.4
v 45.4 11.7 -6.4
v 45.4 9.62 -7.96
v 45.4 9.62 -6.4
v 45.4 12.78 -7.96
v 45.4 12.78 0
v 45.4 11.7 0
v 47.96 9.62 0
v 47.96 12.78 0
v 46.4 9.62 0
v 46.4 11.7 0
v -47.96 9.62 -7.96
v -47.96 12.78 -7.96
v -46.4 9.62 -6.4
v -46.4 9.62 -5.4
v -47.96 12.78 -5.4
v -46.4 11.7 -6.4
v -45.4 11.7 -5.4
v -45.4 12.78 -5.4
v -46.4 11.7 -5.4
v -47.96 9.62 -5.4
v -45.4 11.7 -6.4
v -45.4 9.62 -7.96
v -45.4 9.62 -6.4
v -45.4 12.78 -7.96
v 0 12.78 -5.4
v 0 11.7 -5.4
v 0 9.62 -7.96
v 0 12.78 -7.96
v 0 9.62 -6.4
v 0 11.7 -6.4
v -45.4 12.78 0
v -45.4 11.7 0
v -47.96 9.62 0
v -47.96 12.78 0
v -46.4 9.62 0
v -46.4 11.7 0
v 0 11.7 0
v 0 12.78 0
v 47.96 9.62 5.4
v 47.96 9.62 7.96
v 47.96 9.62 7.96
v 47.96 12.78 7.96
v 47.96 12.78 7.96
v 45.4 12.78 7.96
v 45.4 9.62 6.4
v 46.4 9.62 6.4
v 46.4 9.62 6.4
v 46.4 11.7 6.4
v 46.4 11.7 6.4
v 46.4 9.62 5.4
v 46.4 11.7 5.4
v 47.96 9.62 0
v 45.4 9.62 7.96
v 0 9.62 7.96
v 45.4 11.7 6.4
v 0 11.7 6.4
v 47.96 12.78 5.4
v 47.96 12.78 0
v 46.4 9.62 0
v 46.4 11.7 0
v 0 12.78 7.96
v 0 9.62 6.4
v -47.96 9.62 5.4
v -47.96 9.62 7.96
v -47.96 9.62 7.96
v -47.96 12.78 7.96
v -47.96 12.78 7.96
v -45.4 12.78 7.96
v -45.4 9.62 6.4
v -46.4 9.62 6.4
v -46.4 9.62 6.4
v -46.4 11.7 6.4
v -46.4 11.7 6.4
v -46.4 9.62 5.4
v -46.4 11.7 5.4
v -47.96 9.62 0
v -45.4 9.62 7.96
v -45.4 11.7 6.4
v -47.96 12.78 5.4
v -47.96 12.78 0
v -46.4 9.62 0
v -46.4 11.7 0
v 47.96 9.62 -5.4
v 47.96 9.62 -7.96
v 47.96 9.62 -7.96
v 47.96 12.78 -7.96
v 47.96 12.78 -7.96
v 45.4 12.78 -7.96
v 45.4 9.62 -6.4
v 46.4 9.62 -6.4
v 46.4 9.62 -6.4
v 46.4 11.7 -6.4
v 46.4 11.7 -6.4
v 46.4 9.62 -5.4
v 46.4 11.7 -5.4
v 45.4 9.62 -7.96
v 0 9.62 -7.96
v 45.4 11.7 -6.4
v 0 11.7 -6.4
v 47.96 12.78 -5.4
v 0 12.78 -7.96
v 0 9.62 -6.4
v -47.96 9.62 -5.4
v -47.96 9.62 -7.96
v -47.96 9.62 -7.96
v -47.96 12.78 -7.96
v -47.96 12.78 -7.96
v -45.4 12.78 -7.96
v -45.4 9.62 -6.4
v -46.4 9.62 -6.4
v -46.4 9.62 -6.4
v -46.4 11.7 -6.4
v -46.4 11.7 -6.4
v -46.4 9.62 -5.4
v -46.4 11.7 -5.4
v -45.4 9.62 -7.96
v -45.4 11.7 -6.4
v -47.96 12.78 -5.4
v -43.082 14.35 -6.217
v -43.179 14.6 -5.982
v -43.11 14.527 -6.148
v -42.483 14.6 -5.517
v -42.303 14.35 -5.697
v -42.356 14.527 -5.644
v -41.783 14.35 -4.918
v -42.018 14.6 -4.821
v -41.852 14.527 -4.89
v -41.855 14.6 -4
v -41.6 14.35 -4
v -41.675 14.527 -4
v -41.783 14.35 -3.082
v -42.018 14.6 -3.179
v -41.852 14.527 -3.11
v -42.303 14.35 -2.303
v -42.483 14.6 -2.483
v -42.356 14.527 -2.356
v -43.082 14.35 -1.783
v -43.179 14.6 -2.018
v -43.11 14.527 -1.852
v -44 14.35 -1.6
v -44 14.6 -1.855
v -44 14.527 -1.675
v -44.821 14.6 -2.018
v -44.918 14.35 -1.783
v -44.89 14.527 -1.852
v -45.697 14.35 -2.303
v -45.517 14.6 -2.483
v -45.644 14.527 -2.356
v -46.217 14.35 -3.082
v -45.982 14.6 -3.179
v -46.148 14.527 -3.11
v -46.4 14.35 -4
v -46.145 14.6 -4
v -46.325 14.527 -4
v -46.217 14.35 -4.918
v -45.982 14.6 -4.821
v -46.148 14.527 -4.89
v -45.517 14.6 -5.517
v -45.697 14.35 -5.697
v -45.644 14.527 -5.644
v -44.918 14.35 -6.217
v -44.821 14.6 -5.982
v -44.89 14.527 -6.148
v -44 14.35 -6.4
v -44 14.6 -6.145
v -44 14.527 -6.325
v -42.937 14.6 -2.986
v -42.836 14.6 -4
v -42.937 14.6 -5.014
v -44 14.6 -2.903
v -44 14.6 -4
v -44 14.6 -5.097
v -45.063 14.6 -2.986
v -45.164 14.6 -4
v -45.063 14.6 -5.014
v -44 12.93 -6.4
v -44 12.78 -6.553
v -44 12.824 -6.445
v -44.977 12.78 -6.359
v -44.918 12.93 -6.217
v -44.936 12.824 -6.259
v -45.805 12.78 -5.805
v -45.697 12.93 -5.697
v -45.729 12.824 -5.729
v -46.359 12.78 -4.977
v -46.217 12.93 -4.918
v -46.259 12.824 -4.936
v -46.553 12.78 -4
v -46.4 12.93 -4
v -46.445 12.824 -4
v -46.359 12.78 -3.023
v -46.217 12.93 -3.082
v -46.259 12.824 -3.064
v -45.805 12.78 -2.195
v -45.697 12.93 -2.303
v -45.729 12.824 -2.271
v -44.977 12.78 -1.641
v -44.918 12.93 -1.783
v -44.936 12.824 -1.741
v -44 12.78 -1.447
v -44 12.93 -1.6
v -44 12.824 -1.555
v -43.023 12.78 -1.641
v -43.082 12.93 -1.783
v -43.064 12.824 -1.741
v -42.195 12.78 -2.195
v -42.303 12.93 -2.303
v -42.271 12.824 -2.271
v -41.641 12.78 -3.023
v -41.783 12.93 -3.082
v -41.741 12.824 -3.064
v -41.447 12.78 -4
v -41.6 12.93 -4
v -41.555 12.824 -4
v -41.641 12.78 -4.977
v -41.783 12.93 -4.918
v -41.741 12.824 -4.936
v -42.195 12.78 -5.805
v -42.303 12.93 -5.697
v -42.271 12.824 -5.729
v -43.023 12.78 -6.359
v -43.082 12.93 -6.217
v -43.064 12.824 -6.259
v -43.082 14.35 1.783
v -43.179 14.6 2.018
v -43.11 14.527 1.852
v -42.483 14.6 2.483
v -42.303 14.35 2.303
v -42.356 14.527 2.356
v -41.783 14.35 3.082
v -42.018 14.6 3.179
v -41.852 14.527 3.11
v -41.855 14.6 4
v -41.6 14.35 4
v -41.675 14.527 4
v -41.783 14.35 4.918
v -42.018 14.6 4.821
v -41.852 14.527 4.89
v -42.303 14.35 5.697
v -42.483 14.6 5.517
v -42.356 14.527 5.644
v -43.082 14.35 6.217
v -43.179 14.6 5.982
v -43.11 14.527 6.148
v -44 14.35 6.4
v -44 14.6 6.145
v -44 14.527 6.325
v -44.821 14.6 5.982
v -44.918 14.35 6.217
v -44.89 14.527 6.148
v -45.697 14.35 5.697
v -45.517 14.6 5.517
v -45.644 14.527 5.644
v -46.217 14.35 4.918
v -45.982 14.6 4.821
v -46.148 14.527 4.89
v -46.4 14.35 4
v -46.145 14.6 4
v -46.325 14.527 4
v -46.217 14.35 3.082
v -45.982 14.6 3.179
v -46.148 14.527 3.11
v -45.517 14.6 2.483
v -45.697 14.35 2.303
v -45.644 14.527 2.356
v -44.918 14.35 1.783
v -44.821 14.6 2.018
v -44.89 14.527 1.852
v -44 14.35 1.6
v -44 14.6 1.855
v -44 14.527 1.675
v -42.937 14.6 5.014
v -42.836 14.6 4
v -42.937 14.6 2.986
v -44 14.6 5.097
v -44 14.6 4
v -44 14.6 2.903
v -45.063 14.6 5.014
v -45.164 14.6 4
v -45.063 14.6 2.986
v -44 12.93 1.6
v -44 12.78 1.447
v -44 12.824 1.555
v -44.977 12.78 1.641
v -44.918 12.93 1.783
v -44.936 12.824 1.741
v -45.805 12.78 2.195
v -45.697 12.93 2.303
v -45.729 12.824 2.271
v -46.359 12.78 3.023
v -46.217 12.93 3.082
v -46.259 12.824 3.064
v -46.553 12.78 4
v -46.4 12.93 4
v -46.445 12.824 4
v -46.359 12.78 4.977
v -46.217 12.93 4.918
v -46.259 12.824 4.936
v -45.805 12.78 5.805
v -45.697 12.93 5.697
v -45.729 12.824 5.729
v -44.977 12.78 6.359
v -44.918 12.93 6.217
v -44.936 12.824 6.259
v -44 12.78 6.553
v -44 12.93 6.4
v -44 12.824 6.445
v -43.023 12.78 6.359
v -43.082 12.93 6.217
v -43.064 12.824 6.259
v -42.195 12.78 5.805
v -42.303 12.93 5.697
v -42.271 12.824 5.729
v -41.641 12.78 4.977
v -41.783 12.93 4.918
v -41.741 12.824 4.936
v -41.447 12.78 4
v -41.6 12.93 4
v -41.555 12.824 4
v -41.641 12.78 3.023
v -41.783 12.93 3.082
v -41.741 12.824 3.064
v -42.195 12.78 2.195
v -42.303 12.93 2.303
v -42.271 12.824 2.271
v -43.023 12.78 1.641
v -43.082 12.93 1.783
v -43.064 12.824 1.741
v -35.082 14.35 -6.217
v -35.179 14.6 -5.982
v -35.11 14.527 -6.148
v -34.483 14.6 -5.517
v -34.303 14.35 -5.697
v -34.356 14.527 -5.644
v -33.783 14.35 -4.918
v -34.018 14.6 -4.821
v -33.852 14.527 -4.89
v -33.855 14.6 -4
v -33.6 14.35 -4
v -33.675 14.527 -4
v -33.783 14.35 -3.082
v -34.018 14.6 -3.179
v -33.852 14.527 -3.11
v -34.303 14.35 -2.303
v -34.483 14.6 -2.483
v -34.356 14.527 -2.356
v -35.082 14.35 -1.783
v -35.179 14.6 -2.018
v -35.11 14.527 -1.852
v -36 14.35 -1.6
v -36 14.6 -1.855
v -36 14.527 -1.675
v -36.821 14.6 -2.018
v -36.918 14.35 -1.783
v -36.89 14.527 -1.852
v -37.697 14.35 -2.303
v -37.517 14.6 -2.483
v -37.644 14.527 -2.356
v -38.217 14.35 -3.082
v -37.982 14.6 -3.179
v -38.148 14.527 -3.11
v -38.4 14.35 -4
v -38.145 14.6 -4
v -38.325 14.527 -4
v -38.217 14.35 -4.918
v -37.982 14.6 -4.821
v -38.148 14.527 -4.89
v -37.517 14.6 -5.517
v -37.697 14.35 -5.697
v -37.644 14.527 -5.644
v -36.918 14.35 -6.217
v -36.821 14.6 -5.982
v -36.89 14.527 -6.148
v -36 14.35 -6.4
v -36 14.6 -6.145
v -36 14.527 -6.325
v -34.937 14.6 -2.986
v -34.836 14.6 -4
v -34.937 14.6 -5.014
v -36 14.6 -2.903
v -36 14.6 -4
v -36 14.6 -5.097
v -37.063 14.6 -2.986
v -37.164 14.6 -4
v -37.063 14.6 -5.014
v -36 12.93 -6.4
v -36 12.78 -6.553
v -36 12.824 -6.445
v -36.977 12.78 -6.359
v -36.918 12.93 -6.217
v -36.936 12.824 -6.259
v -37.805 12.78 -5.805
v -37.697 12.93 -5.697
v -37.729 12.824 -5.729
v -38.359 12.78 -4.977
v -38.217 12.93 -4.918
v -38.259 12.824 -4.936
v -38.553 12.78 -4
v -38.4 12.93 -4
v -38.445 12.824 -4
v -38.359 12.78 -3.023
v -38.217 12.93 -3.082
v -38.259 12.824 -3.064
v -37.805 12.78 -2.195
v -37.697 12.93 -2.303
v -37.729 12.824 -2.271
v -36.977 12.78 -1.641
v -36.918 12.93 -1.783
v -36.936 12.824 -1.741
v -36 12.78 -1.447
v -36 12.93 -1.6
v -36 12.824 -1.555
v -35.023 12.78 -1.641
v -35.082 12.93 -1.783
v -35.064 12.824 -1.741
v -34.195 12.78 -2.195
v -34.303 12.93 -2.303
v -34.271 12.824 -2.271
v -33.641 12.78 -3.023
v -33.783 12.93 -3.082
v -33.741 12.824 -3.064
v -33.447 12.78 -4
v -33.6 12.93 -4
v -33.555 12.824 -4
v -33.641 12.78 -4.977
v -33.783 12.93 -4.918
v -33.741 12.824 -4.936
v -34.195 12.78 -5.805
v -34.303 12.93 -5.697
v -34.271 12.824 -5.729
v -35.023 12.78 -6.359
v -35.082 12.93 -6.217
v -35.064 12.824 -6.259
v -35.082 14.35 1.783
v -35.179 14.6 2.018
v -35.11 14.527 1.852
v -34.483 14.6 2.483
v -34.303 14.35 2.303
v -34.356 14.527 2.356
v -33.783 14.35 3.082
v -34.018 14.6 3.179
v -33.852 14.527 3.11
v -33.855 14.6 4
v -33.6 14.35 4
v -33.675 14.527 4
v -33.783 14.35 4.918
v -34.018 14.6 4.821
v -33.852 14.527 4.89
v -34.303 14.35 5.697
v -34.483 14.6 5.517
v -34.356 14.527 5.644
v -35.082 14.35 6.217
v -35.179 14.6 5.982
v -35.11 14.527 6.148
v -36 14.35 6.4
v -36 14.6 6.145
v -36 14.527 6.325
v -36.821 14.6 5.982
v -36.918 14.35 6.217
v -36.89 14.527 6.148
v -37.697 14.35 5.697
v -37.517 14.6 5.517
v -37.644 14.527 5.644
v -38.217 14.35 4.918
v -37.982 14.6 4.821
v -38.148 14.527 4.89
v -38.4 14.35 4
v -38.145 14.6 4
v -38.325 14.527 4
v -38.217 14.35 3.082
v -37.982 14.6 3.179
v -38.148 14.527 3.11
v -37.517 14.6 2.483
v -37.697 14.35 2.303
v -37.644 14.527 2.356
v -36.918 14.35 1.783
v -36.821 14.6 2.018
v -36.89 14.527 1.852
v -36 14.35 1.6
v -36 14.6 1.855
v -36 14.527 1.675
v -34.937 14.6 5.014
v -34.836 14.6 4
v -34.937 14.6 2.986
v -36 14.6 5.097
v -36 14.6 4
v -36 14.6 2.903
v -37.063 14.6 5.014
v -37.164 14.6 4
v -37.063 14.6 2.986
v -36 12.93 1.6
v -36 12.78 1.447
v -36 12.824 1.555
v -36.977 12.78 1.641
v -36.918 12.93 1.783
v -36.936 12.824 1.741
v -37.805 12.78 2.195
v -37.697 12.93 2.303
v -37.729 12.824 2.271
v -38.359 12.78 3.023
v -38.217 12.93 3.082
v -38.259 12.824 3.064
v -38.553 12.78 4
v -38.4 12.93 4
v -38.445 12.824 4
v -38.359 12.78 4.977
v -38.217 12.93 4.918
v -38.259 12.824 4.936
v -37.805 12.78 5.805
v -37.697 12.93 5.697
v -37.729 12.824 5.729
v -36.977 12.78 6.359
v -36.918 12.93 6.217
v -36.936 12.824 6.259
v -36 12.78 6.553
v -36 12.93 6.4
v -36 12.824 6.445
v -35.023 12.78 6.359
v -35.082 12.93 6.217
v -35.064 12.824 6.259
v -34.195 12.78 5.805
v -34.303 12.93 5.697
v -34.271 12.824 5.729
v -33.641 12.78 4.977
v -33.783 12.93 4.918
v -33.741 12.824 4.936
v -33.447 12.78 4
v -33.6 12.93 4
v -33.555 12.824 4
v -33.641 12.78 3.023
v -33.783 12.93 3.082
v -33.741 12.824 3.064
v -34.195 12.78 2.195
v -34.303 12.93 2.303
v -34.271 12.824 2.271
v -35.023 12.78 1.641
v -35.082 12.93 1.783
v -35.064 12.824 1.741
v -27.082 14.35 -6.217
v -27.179 14.6 -5.982
v -27.11 14.527 -6.148
v -26.483 14.6 -5.517
v -26.303 14.35 -5.697
v -26.356 14.527 -5.644
v -25.783 14.35 -4.918
v -26.018 14.6 -4.821
v -25.852 14.527 -4.89
v -25.855 14.6 -4
v -25.6 14.35 -4
v -25.675 14.527 -4
v -25.783 14.35 -3.082
v -26.018 14.6 -3.179
v -25.852 14.527 -3.11
v -26.303 14.35 -2.303
v -26.483 14.6 -2.483
v -26.356 14.527 -2.356
v -27.082 14.35 -1.783
v -27.179 14.6 -2.018
v -27.11 14.527 -1.852
v -28 14.35 -1.6
v -28 14.6 -1.855
v -28 14.527 -1.675
v -28.821 14.6 -2.018
v -28.918 14.35 -1.783
v -28.89 14.527 -1.852
v -29.697 14.35 -2.303
v -29.517 14.6 -2.483
v -29.644 14.527 -2.356
v -30.217 14.35 -3.082
v -29.982 14.6 -3.179
v -30.148 14.527 -3.11
v -30.4 14.35 -4
v -30.145 14.6 -4
v -30.325 14.527 -4
v -30.217 14.35 -4.918
v -29.982 14.6 -4.821
v -30.148 14.527 -4.89
v -29.517 14.6 -5.517
v -29.697 14.35 -5.697
v -29.644 14.527 -5.644
v -28.918 14.35 -6.217
v -28.821 14.6 -5.982
v -28.89 14.527 -6.148
v -28 14.35 -6.4
v -28 14.6 -6.145
v -28 14.527 -6.325
v -26.937 14.6 -2.986
v -26.836 14.6 -4
v -26.937 14.6 -5.014
v -28 14.6 -2.903
v -28 14.6 -4
v -28 14.6 -5.097
v -29.063 14.6 -2.986
v -29.164 14.6 -4
v -29.063 14.6 -5.014
v -28 12.93 -6.4
v -28 12.78 -6.553
v -28 12.824 -6.445
v -28.977 12.78 -6.359
v -28.918 12.93 -6.217
v -28.936 12.824 -6.259
v -29.805 12.78 -5.805
v -29.697 12.93 -5.697
v -29.729 12.824 -5.729
v -30.359 12.78 -4.977
v -30.217 12.93 -4.918
v -30.259 12.824 -4.936
v -30.553 12.78 -4
v -30.4 12.93 -4
v -30.445 12.824 -4
v -30.359 12.78 -3.023
v -30.217 12.93 -3.082
v -30.259 12.824 -3.064
v -29.805 12.78 -2.195
v -29.697 12.93 -2.303
v -29.729 12.824 -2.271
v -28.977 12.78 -1.641
v -28.918 12.93 -1.783
v -28.936 12.824 -1.741
v -28 12.78 -1.447
v -28 12.93 -1.6
v -28 12.824 -1.555
v -27.023 12.78 -1.641
v -27.082 12.93 -1.783
v -27.064 12.824 -1.741
v -26.195 12.78 -2.195
v -26.303 12.93 -2.303
v -26.271 12.824 -2.271
v -25.641 12.78 -3.023
v -25.783 12.93 -3.082
v -25.741 12.824 -3.064
v -25.447 12.78 -4
v -25.6 12.93 -4
v -25.555 12.824 -4
v -25.641 12.78 -4.977
v -25.783 12.93 -4.918
v -25.741 12.824 -4.936
v -26.195 12.78 -5.805
v -26.303 12.93 -5.697
v -26.271 12.824 -5.729
v -27.023 12.78 -6.359
v -27.082 12.93 -6.217
v -27.064 12.824 -6.259
v -27.082 14.35 1.783
v -27.179 14.6 2.018
v -27.11 14.527 1.852
v -26.483 14.6 2.483
v -26.303 14.35 2.303
v -26.356 14.527 2.356
v -25.783 14.35 3.082
v -26.018 14.6 3.179
v -25.852 14.527 3.11
v -25.855 14.6 4
v -25.6 14.35 4
v -25.675 14.527 4
v -25.783 14.35 4.918
v -26.018 14.6 4.821
v -25.852 14.527 4.89
v -26.303 14.35 5.697
v -26.483 14.6 5.517
v -26.356 14.527 5.644
v -27.082 14.35 6.217
v -27.179 14.6 5.982
v -27.11 14.527 6.148
v -28 14.35 6.4
v -28 14.6 6.145
v -28 14.527 6.325
v -28.821 14.6 5.982
v -28.918 14.35 6.217
v -28.89 14.527 6.148
v -29.697 14.35 5.697
v -29.517 14.6 5.517
v -29.644 14.527 5.644
v -30.217 14.35 4.918
v -29.982 14.6 4.821
v -30.148 14.527 4.89
v -30.4 14.35 4
v -30.145 14.6 4
v -30.325 14.527 4
v -30.217 14.35 3.082
v -29.982 14.6 3.179
v -30.148 14.527 3.11
v -29.517 14.6 2.483
v -29.697 14.35 2.303
v -29.644 14.527 2.356
v -28.918 14.35 1.783
v -28.821 14.6 2.018
v -28.89 14.527 1.852
v -28 14.35 1.6
v -28 14.6 1.855
v -28 14.527 1.675
v -26.937 14.6 5.014
v -26.836 14.6 4
v -26.937 14.6 2.986
v -28 14.6 5.097
v -28 14.6 4
v -28 14.6 2.903
v -29.063 14.6 5.014
v -29.164 14.6 4
v -29.063 14.6 2.986
v -28 12.93 1.6
v -28 12.78 1.447
v -28 12.824 1.555
v -28.977 12.78 1.641
v -28.918 12.93 1.783
v -28.936 12.824 1.741
v -29.805 12.78 2.195
v -29.697 12.93 2.303
v -29.729 12.824 2.271
v -30.359 12.78 3.023
v -30.217 12.93 3.082
v -30.259 12.824 3.064
v -30.553 12.78 4
v -30.4 12.93 4
v -30.445 12.824 4
v -30.359 12.78 4.977
v -30.217 12.93 4.918
v -30.259 12.824 4.936
v -29.805 12.78 5.805
v -29.697 12.93 5.697
v -29.729 12.824 5.729
v -28.977 12.78 6.359
v -28.918 12.93 6.217
v -28.936 12.824 6.259
v -28 12.78 6.553
v -28 12.93 6.4
v -28 12.824 6.445
v -27.023 12.78 6.359
v -27.082 12.93 6.217
v -27.064 12.824 6.259
v -26.195 12.78 5.805
v -26.303 12.93 5.697
v -26.271 12.824 5.729
v -25.641 12.78 4.977
v -25.783 12.93 4.918
v -25.741 12.824 4.936
v -25.447 12.78 4
v -25.6 12.93 4
v -25.555 12.824 4
v -25.641 12.78 3.023
v -25.783 12.93 3.082
v -25.741 12.824 3.064
v -26.195 12.78 2.195
v -26.303 12.93 2.303
v -26.271 12.824 2.271
v -27.023 12.78 1.641
v -27.082 12.93 1.783
v -27.064 12.824 1.741
v -19.082 14.35 -6.217
v -19.179 14.6 -5.982
v -19.11 14.527 -6.148
v -18.483 14.6 -5.517
v -18.303 14.35 -5.697
v -18.356 14.527 -5.644
v -17.783 14.35 -4.918
v -18.018 14.6 -4.821
v -17.852 14.527 -4.89
v -17.855 14.6 -4
v -17.6 14.35 -4
v -17.675 14.527 -4
v -17.783 14.35 -3.082
v -18.018 14.6 -3.179
v -17.852 14.527 -3.11
v -18.303 14.35 -2.303
v -18.483 14.6 -2.483
v -18.356 14.527 -2.356
v -19.082 14.35 -1.783
v -19.179 14.6 -2.018
v -19.11 14.527 -1.852
v -20 14.35 -1.6
v -20 14.6 -1.855
v -20 14.527 -1.675
v -20.821 14.6 -2.018
v -20.918 14.35 -1.783
v -20.89 14.527 -1.852
v -21.697 14.35 -2.303
v -21.517 14.6 -2.483
v -21.644 14.527 -2.356
v -22.217 14.35 -3.082
v -21.982 14.6 -3.179
v -22.148 14.527 -3.11
v -22.4 14.35 -4
v -22.145 14.6 -4
v -22.325 14.527 -4
v -22.217 14.35 -4.918
v -21.982 14.6 -4.821
v -22.148 14.527 -4.89
v -21.517 14.6 -5.517
v -21.697 14.35 -5.697
v -21.644 14.527 -5.644
v -20.918 14.35 -6.217
v -20.821 14.6 -5.982
v -20.89 14.527 -6.148
v -20 14.35 -6.4
v -20 14.6 -6.145
v -20 14.527 -6.325
v -18.937 14.6 -2.986
v -18.836 14.6 -4
v -18.937 14.6 -5.014
v -20 14.6 -2.903
v -20 14.6 -4
v -20 14.6 -5.097
v -21.063 14.6 -2.986
v -21.164 14.6 -4
v -21.063 14.6 -5.014
v -20 12.93 -6.4
v -20 12.78 -6.553
v -20 12.824 -6.445
v -20.977 12.78 -6.359
v -20.918 12.93 -6.217
v -20.936 12.824 -6.259
v -21.805 12.78 -5.805
v -21.697 12.93 -5.697
v -21.729 12.824 -5.729
v -22.359 12.78 -4.977
v -22.217 12.93 -4.918
v -22.259 12.824 -4.936
v -22.553 12.78 -4
v -22.4 12.93 -4
v -22.445 12.824 -4
v -22.359 12.78 -3.023
v -22.217 12.93 -3.082
v -22.259 12.824 -3.064
v -21.805 12.78 -2.195
v -21.697 12.93 -2.303
v -21.729 12.824 -2.271
v -20.977 12.78 -1.641
v -20.918 12.93 -1.783
v -20.936 12.824 -1.741
v -20 12.78 -1.447
v -20 12.93 -1.6
v -20 12.824 -1.555
v -19.023 12.78 -1.641
v -19.082 12.93 -1.783
v -19.064 12.824 -1.741
v -18.195 12.78 -2.195
v -18.303 12.93 -2.303
v -18.271 12.824 -2.271
v -17.641 12.78 -3.023
v -17.783 12.93 -3.082
v -17.741 12.824 -3.064
v -17.447 12.78 -4
v -17.6 12.93 -4
v -17.555 12.824 -4
v -17.641 12.78 -4.977
v -17.783 12.93 -4.918
v -17.741 12.824 -4.936
v -18.195 12.78 -5.805
v -18.303 12.93 -5.697
v -18.271 12.824 -5.729
v -19.023 12.78 -6.359
v -19.082 12.93 -6.217
v -19.064 12.824 -6.259
v -19.082 14.35 1.783
v -19.179 14.6 2.018
v -19.11 14.527 1.852
v -18.483 14.6 2.483
v -18.303 14.35 2.303
v -18.356 14.527 2.356
v -17.783 14.35 3.082
v -18.018 14.6 3.179
v -17.852 14.527 3.11
v -17.855 14.6 4
v -17.6 14.35 4
v -17.675 14.527 4
v -17.783 14.35 4.918
v -18.018 14.6 4.821
v -17.852 14.527 4.89
v -18.303 14.35 5.697
v -18.483 14.6 5.517
v -18.356 14.527 5.644
v -19.082 14.35 6.217
v -19.179 14.6 5.982
v -19.11 14.527 6.148
v -20 14.35 6.4
v -20 14.6 6.145
v -20 14.527 6.325
v -20.821 14.6 5.982
v -20.918 14.35 6.217
v -20.89 14.527 6.148
v -21.697 14.35 5.697
v -21.517 14.6 5.517
v -21.644 14.527 5.644
v -22.217 14.35 4.918
v -21.982 14.6 4.821
v -22.148 14.527 4.89
v -22.4 14.35 4
v -22.145 14.6 4
v -22.325 14.527 4
v -22.217 14.35 3.082
v -21.982 14.6 3.179
v -22.148 14.527 3.11
v -21.517 14.6 2.483
v -21.697 14.35 2.303
v -21.644 14.527 2.356
v -20.918 14.35 1.783
v -20.821 14.6 2.018
v -20.89 14.527 1.852
v -20 14.35 1.6
v -20 14.6 1.855
v -20 14.527 1.675
v -18.937 14.6 5.014
v -18.836 14.6 4
v -18.937 14.6 2.986
v -20 14.6 5.097
v -20 14.6 4
v -20 14.6 2.903
v -21.063 14.6 5.014
v -21.164 14.6 4
v -21.063 14.6 2.986
v -20 12.93 1.6
v -20 12.78 1.447
v -20 12.824 1.555
v -20.977 12.78 1.641
v -20.918 12.93 1.783
v -20.936 12.824 1.741
v -21.805 12.78 2.195
v -21.697 12.93 2.303
v -21.729 12.824 2.271
v -22.359 12.78 3.023
v -22.217 12.93 3.082
v -22.259 12.824 3.064
v -22.553 12.78 4
v -22.4 12.93 4
v -22.445 12.824 4
v -22.359 12.78 4.977
v -22.217 12.93 4.918
v -22.259 12.824 4.936
v -21.805 12.78 5.805
v -21.697 12.93 5.697
v -21.729 12.824 5.729
v -20.977 12.78 6.359
v -20.918 12.93 6.217
v -20.936 12.824 6.259
v -20 12.78 6.553
v -20 12.93 6.4
v -20 12.824 6.445
v -19.023 12.78 6.359
v -19.082 12.93 6.217
v -19.064 12.824 6.259
v -18.195 12.78 5.805
v -18.303 12.93 5.697
v -18.271 12.824 5.729
v -17.641 12.78 4.977
v -17.783 12.93 4.918
v -17.741 12.824 4.936
v -17.447 12.78 4
v -17.6 12.93 4
v -17.555 12.824 4
v -17.641 12.78 3.023
v -17.783 12.93 3.082
v -17.741 12.824 3.064
v -18.195 12.78 2.195
v -18.303 12.93 2.303
v -18.271 12.824 2.271
v -19.023 12.78 1.641
v -19.082 12.93 1.783
v -19.064 12.824 1.741
v -11.082 14.35 -6.217
v -11.179 14.6 -5.982
v -11.11 14.527 -6.148
v -10.483 14.6 -5.517
v -10.303 14.35 -5.697
v -10.356 14.527 -5.644
v -9.783 14.35 -4.918
v -10.018 14.6 -4.821
v -9.852 14.527 -4.89
v -9.855 14.6 -4
v -9.6 14.35 -4
v -9.675 14.527 -4
v -9.783 14.35 -3.082
v -10.018 14.6 -3.179
v -9.852 14.527 -3.11
v -10.303 14.35 -2.303
v -10.483 14.6 -2.483
v -10.356 14.527 -2.356
v -11.082 14.35 -1.783
v -11.179 14.6 -2.018
v -11.11 14.527 -1.852
v -12 14.35 -1.6
v -12 14.6 -1.855
v -12 14.527 -1.675
v -12.821 14.6 -2.018
v -12.918 14.35 -1.783
v -12.89 14.527 -1.852
v -13.697 14.35 -2.303
v -13.517 14.6 -2.483
v -13.644 14.527 -2.356
v -14.217 14.35 -3.082
v -13.982 14.6 -3.179
v -14.148 14.527 -3.11
v -14.4 14.35 -4
v -14.145 14.6 -4
v -14.325 14.527 -4
v -14.217 14.35 -4.918
v -13.982 14.6 -4.821
v -14.148 14.527 -4.89
v -13.517 14.6 -5.517
v -13.697 14.35 -5.697
v -13.644 14.527 -5.644
v -12.918 14.35 -6.217
v -12.821 14.6 -5.982
v -12.89 14.527 -6.148
v -12 14.35 -6.4
v -12 14.6 -6.145
v -12 14.527 -6.325
v -10.937 14.6 -2.986
v -10.836 14.6 -4
v -10.937 14.6 -5.014
v -12 14.6 -2.903
v -12 14.6 -4
v -12 14.6 -5.097
v -13.063 14.6 -2.986
v -13.164 14.6 -4
v -13.063 14.6 -5.014
v -12 12.93 -6.4
v -12 12.78 -6.553
v -12 12.824 -6.445
v -12.977 12.78 -6.359
v -12.918 12.93 -6.217
v -12.936 12.824 -6.259
v -13.805 12.78 -5.805
v -13.697 12.93 -5.697
v -13.729 12.824 -5.729
v -14.359 12.78 -4.977
v -14.217 12.93 -4.918
v -14.259 12.824 -4.936
v -14.553 12.78 -4
v -14.4 12.93 -4
v -14.445 12.824 -4
v -14.359 12.78 -3.023
v -14.217 12.93 -3.082
v -14.259 12.824 -3.064
v -13.805 12.78 -2.195
v -13.697 12.93 -2.303
v -13.729 12.824 -2.271
v -12.977 12.78 -1.641
v -12.918 12.93 -1.783
v -12.936 12.824 -1.741
v -12 12.78 -1.447
v -12 12.93 -1.6
v -12 12.824 -1.555
v -11.023 12.78 -1.641
v -11.082 12.93 -1.783
v -11.064 12.824 -1.741
v -10.195 12.78 -2.195
v -10.303 12.93 -2.303
v -10.271 12.824 -2.271
v -9.641 12.78 -3.023
v -9.783 12.93 -3.082
v -9.741 12.824 -3.064
v -9.447 12.78 -4
v -9.6 12.93 -4
v -9.555 12.824 -4
v -9.641 12.78 -4.977
v -9.783 12.93 -4.918
v -9.741 12.824 -4.936
v -10.195 12.78 -5.805
v -10.303 12.93 -5.697
v -10.271 12.824 -5.729
v -11.023 12.78 -6.359
v -11.082 12.93 -6.217
v -11.064 12.824 -6.259
v -11.082 14.35 1.783
v -11.179 14.6 2.018
v -11.11 14.527 1.852
v -10.483 14.6 2.483
v -10.303 14.35 2.303
v -10.356 14.527 2.356
v -9.783 14.35 3.082
v -10.018 14.6 3.179
v -9.852 14.527 3.11
v -9.855 14.6 4
v -9.6 14.35 4
v -9.675 14.527 4
v -9.783 14.35 4.918
v -10.018 14.6 4.821
v -9.852 14.527 4.89
v -10.303 14.35 5.697
v -10.483 14.6 5.517
v -10.356 14.527 5.644
v -11.082 14.35 6.217
v -11.179 14.6 5.982
v -11.11 14.527 6.148
v -12 14.35 6.4
v -12 14.6 6.145
v -12 14.527 6.325
v -12.821 14.6 5.982
v -12.918 14.35 6.217
v -12.89 14.527 6.148
v -13.697 14.35 5.697
v -13.517 14.6 5.517
v -13.644 14.527 5.644
v -14.217 14.35 4.918
v -13.982 14.6 4.821
v -14.148 14.527 4.89
v -14.4 14.35 4
v -14.145 14.6 4
v -14.325 14.527 4
v -14.217 14.35 3.082
v -13.982 14.6 3.179
v -14.148 14.527 3.11
v -13.517 14.6 2.483
v -13.697 14.35 2.303
v -13.644 14.527 2.356
v -12.918 14.35 1.783
v -12.821 14.6 2.018
v -12.89 14.527 1.852
v -12 14.35 1.6
v -12 14.6 1.855
v -12 14.527 1.675
v -10.937 14.6 5.014
v -10.836 14.6 4
v -10.937 14.6 2.986
v -12 14.6 5.097
v -12 14.6 4
v -12 14.6 2.903
v -13.063 14.6 5.014
v -13.164 14.6 4
v -13.063 14.6 2.986
v -12 12.93 1.6
v -12 12.78 1.447
v -12 12.824 1.555
v -12.977 12.78 1.641
v -12.918 12.93 1.783
v -12.936 12.824 1.741
v -13.805 12.78 2.195
v -13.697 12.93 2.303
v -13.729 12.824 2.271
v -14.359 12.78 3.023
v -14.217 12.93 3.082
v -14.259 12.824 3.064
v -14.553 12.78 4
v -14.4 12.93 4
v -14.445 12.824 4
v -14.359 12.78 4.977
v -14.217 12.93 4.918
v -14.259 12.824 4.936
v -13.805 12.78 5.805
v -13.697 12.93 5.697
v -13.729 12.824 5.729
v -12.977 12.78 6.359
v -12.918 12.93 6.217
v -12.936 12.824 6.259
v -12 12.78 6.553
v -12 12.93 6.4
v -12 12.824 6.445
v -11.023 12.78 6.359
v -11.082 12.93 6.217
v -11.064 12.824 6.259
v -10.195 12.78 5.805
v -10.303 12.93 5.697
v -10.271 12.824 5.729
v -9.641 12.78 4.977
v -9.783 12.93 4.918
v -9.741 12.824 4.936
v -9.447 12.78 4
v -9.6 12.93 4
v -9.555 12.824 4
v -9.641 12.78 3.023
v -9.783 12.93 3.082
v -9.741 12.824 3.064
v -10.195 12.78 2.195
v -10.303 12.93 2.303
v -10.271 12.824 2.271
v -11.023 12.78 1.641
v -11.082 12.93 1.783
v -11.064 12.824 1.741
v -3.082 14.35 -6.217
v -3.179 14.6 -5.982
v -3.11 14.527 -6.148
v -2.483 14.6 -5.517
v -2.303 14.35 -5.697
v -2.356 14.527 -5.644
v -1.783 14.35 -4.918
v -2.018 14.6 -4.821
v -1.852 14.527 -4.89
v -1.855 14.6 -4
v -1.6 14.35 -4
v -1.675 14.527 -4
v -1.783 14.35 -3.082
v -2.018 14.6 -3.179
v -1.852 14.527 -3.11
v -2.303 14.35 -2.303
v -2.483 14.6 -2.483
v -2.356 14.527 -2.356
v -3.082 14.35 -1.783
v -3.179 14.6 -2.018
v -3.11 14.527 -1.852
v -4 14.35 -1.6
v -4 14.6 -1.855
v -4 14.527 -1.675
v -4.821 14.6 -2.018
v -4.918 14.35 -1.783
v -4.89 14.527 -1.852
v -5.697 14.35 -2.303
v -5.517 14.6 -2.483
v -5.644 14.527 -2.356
v -6.217 14.35 -3.082
v -5.982 14.6 -3.179
v -6.148 14.527 -3.11
v -6.4 14.35 -4
v -6.145 14.6 -4
v -6.325 14.527 -4
v -6.217 14.35 -4.918
v -5.982 14.6 -4.821
v -6.148 14.527 -4.89
v -5.517 14.6 -5.517
v -5.697 14.35 -5.697
v -5.644 14.527 -5.644
v -4.918 14.35 -6.217
v -4.821 14.6 -5.982
v -4.89 14.527 -6.148
v -4 14.35 -6.4
v -4 14.6 -6.145
v -4 14.527 -6.325
v -2.937 14.6 -2.986
v -2.836 14.6 -4
v -2.937 14.6 -5.014
v -4 14.6 -2.903
v -4 14.6 -4
v -4 14.6 -5.097
v -5.063 14.6 -2.986
v -5.164 14.6 -4
v -5.063 14.6 -5.014
v -4 12.93 -6.4
v -4 12.78 -6.553
v -4 12.824 -6.445
v -4.977 12.78 -6.359
v -4.918 12.93 -6.217
v -4.936 12.824 -6.259
v -5.805 12.78 -5.805
v -5.697 12.93 -5.697
v -5.729 12.824 -5.729
v -6.359 12.78 -4.977
v -6.217 12.93 -4.918
v -6.259 12.824 -4.936
v -6.553 12.78 -4
v -6.4 12.93 -4
v -6.445 12.824 -4
v -6.359 12.78 -3.023
v -6.217 12.93 -3.082
v -6.259 12.824 -3.064
v -5.805 12.78 -2.195
v -5.697 12.93 -2.303
v -5.729 12.824 -2.271
v -4.977 12.78 -1.641
v -4.918 12.93 -1.783
v -4.936 12.824 -1.741
v -4 12.78 -1.447
v -4 12.93 -1.6
v -4 12.824 -1.555
v -3.023 12.78 -1.641
v -3.082 12.93 -1.783
v -3.064 12.824 -1.741
v -2.195 12.78 -2.195
v -2.303 12.93 -2.303
v -2.271 12.824 -2.271
v -1.641 12.78 -3.023
v -1.783 12.93 -3.082
v -1.741 12.824 -3.064
v -1.447 12.78 -4
v -1.6 12.93 -4
v -1.555 12.824 -4
v -1.641 12.78 -4.977
v -1.783 12.93 -4.918
v -1.741 12.824 -4.936
v -2.195 12.78 -5.805
v -2.303 12.93 -5.697
v -2.271 12.824 -5.729
v -3.023 12.78 -6.359
v -3.082 12.93 -6.217
v -3.064 12.824 -6.259
v -3.082 14.35 1.783
v -3.179 14.6 2.018
v -3.11 14.527 1.852
v -2.483 14.6 2.483
v -2.303 14.35 2.303
v -2.356 14.527 2.356
v -1.783 14.35 3.082
v -2.018 14.6 3.179
v -1.852 14.527 3.11
v -1.855 14.6 4
v -1.6 14.35 4
v -1.675 14.527 4
v -1.783 14.35 4.918
v -2.018 14.6 4.821
v -1.852 14.527 4.89
v -2.303 14.35 5.697
v -2.483 14.6 5.517
v -2.356 14.527 5.644
v -3.082 14.35 6.217
v -3.179 14.6 5.982
v -3.11 14.527 6.148
v -4 14.35 6.4
v -4 14.6 6.145
v -4 14.527 6.325
v -4.821 14.6 5.982
v -4.918 14.35 6.217
v -4.89 14.527 6.148
v -5.697 14.35 5.697
v -5.517 14.6 5.517
v -5.644 14.527 5.644
v -6.217 14.35 4.918
v -5.982 14.6 4.821
v -6.148 14.527 4.89
v -6.4 14.35 4
v -6.145 14.6 4
v -6.325 14.527 4
v -6.217 14.35 3.082
v -5.982 14.6 3.179
v -6.148 14.527 3.11
v -5.517 14.6 2.483
v -5.697 14.35 2.303
v -5.644 14.527 2.356
v -4.918 14.35 1.783
v -4.821 14.6 2.018
v -4.89 14.527 1.852
v -4 14.35 1.6
v -4 14.6 1.855
v -4 14.527 1.675
v -2.937 14.6 5.014
v -2.836 14.6 4
v -2.937 14.6 2.986
v -4 14.6 5.097
v -4 14.6 4
v -4 14.6 2.903
v -5.063 14.6 5.014
v -5.164 14.6 4
v -5.063 14.6 2.986
v -4 12.93 1.6
v -4 12.78 1.447
v -4 12.824 1.555
v -4.977 12.78 1.641
v -4.918 12.93 1.783
v -4.936 12.824 1.741
v -5.805 12.78 2.195
v -5.697 12.93 2.303
v -5.729 12.824 2.271
v -6.359 12.78 3.023
v -6.217 12.93 3.082
v -6.259 12.824 3.064
v -6.553 12.78 4
v -6.4 12.93 4
v -6.445 12.824 4
v -6.359 12.78 4.977
v -6.217 12.93 4.918
v -6.259 12.824 4.936
v -5.805 12.78 5.805
v -5.697 12.93 5.697
v -5.729 12.824 5.729
v -4.977 12.78 6.359
v -4.918 12.93 6.217
v -4.936 12.824 6.259
v -4 12.78 6.553
v -4 12.93 6.4
v -4 12.824 6.445
v -3.023 12.78 6.359
v -3.082 12.93 6.217
v -3.064 12.824 6.259
v -2.195 12.78 5.805
v -2.303 12.93 5.697
v -2.271 12.824 5.729
v -1.641 12.78 4.977
v -1.783 12.93 4.918
v -1.741 12.824 4.936
v -1.447 12.78 4
v -1.6 12.93 4
v -1.555 12.824 4
v -1.641 12.78 3.023
v -1.783 12.93 3.082
v -1.741 12.824 3.064
v -2.195 12.78 2.195
v -2.303 12.93 2.303
v -2.271 12.824 2.271
v -3.023 12.78 1.641
v -3.082 12.93 1.783
v -3.064 12.824 1.741
v 4.918 14.35 -6.217
v 4.821 14.6 -5.982
v 4.89 14.527 -6.148
v 5.517 14.6 -5.517
v 5.697 14.35 -5.697
v 5.644 14.527 -5.644
v 6.217 14.35 -4.918
v 5.982 14.6 -4.821
v 6.148 14.527 -4.89
v 6.145 14.6 -4
v 6.4 14.35 -4
v 6.325 14.527 -4
v 6.217 14.35 -3.082
v 5.982 14.6 -3.179
v 6.148 14.527 -3.11
v 5.697 14.35 -2.303
v 5.517 14.6 -2.483
v 5.644 14.527 -2.356
v 4.918 14.35 -1.783
v 4.821 14.6 -2.018
v 4.89 14.527 -1.852
v 4 14.35 -1.6
v 4 14.6 -1.855
v 4 14.527 -1.675
v 3.179 14.6 -2.018
v 3.082 14.35 -1.783
v 3.11 14.527 -1.852
v 2.303 14.35 -2.303
v 2.483 14.6 -2.483
v 2.356 14.527 -2.356
v 1.783 14.35 -3.082
v 2.018 14.6 -3.179
v 1.852 14.527 -3.11
v 1.6 14.35 -4
v 1.855 14.6 -4
v 1.675 14.527 -4
v 1.783 14.35 -4.918
v 2.018 14.6 -4.821
v 1.852 14.527 -4.89
v 2.483 14.6 -5.517
v 2.303 14.35 -5.697
v 2.356 14.527 -5.644
v 3.082 14.35 -6.217
v 3.179 14.6 -5.982
v 3.11 14.527 -6.148
v 4 14.35 -6.4
v 4 14.6 -6.145
v 4 14.527 -6.325
v 5.063 14.6 -2.986
v 5.164 14.6 -4
v 5.063 14.6 -5.014
v 4 14.6 -2.903
v 4 14.6 -4
v 4 14.6 -5.097
v 2.937 14.6 -2.986
v 2.836 14.6 -4
v 2.937 14.6 -5.014
v 4 12.93 -6.4
v 4 12.78 -6.553
v 4 12.824 -6.445
v 3.023 12.78 -6.359
v 3.082 12.93 -6.217
v 3.064 12.824 -6.259
v 2.195 12.78 -5.805
v 2.303 12.93 -5.697
v 2.271 12.824 -5.729
v 1.641 12.78 -4.977
v 1.783 12.93 -4.918
v 1.741 12.824 -4.936
v 1.447 12.78 -4
v 1.6 12.93 -4
v 1.555 12.824 -4
v 1.641 12.78 -3.023
v 1.783 12.93 -3.082
v 1.741 12.824 -3.064
v 2.195 12.78 -2.195
v 2.303 12.93 -2.303
v 2.271 12.824 -2.271
v 3.023 12.78 -1.641
v 3.082 12.93 -1.783
v 3.064 12.824 -1.741
v 4 12.78 -1.447
v 4 12.93 -1.6
v 4 12.824 -1.555
v 4.977 12.78 -1.641
v 4.918 12.93 -1.783
v 4.936 12.824 -1.741
v 5.805 12.78 -2.195
v 5.697 12.93 -2.303
v 5.729 12.824 -2.271
v 6.359 12.78 -3.023
v 6.217 12.93 -3.082
v 6.259 12.824 -3.064
v 6.553 12.78 -4
v 6.4 12.93 -4
v 6.445 12.824 -4
v 6.359 12.78 -4.977
v 6.217 12.93 -4.918
v 6.259 12.824 -4.936
v 5.805 12.78 -5.805
v 5.697 12.93 -5.697
v 5.729 12.824 -5.729
v 4.977 12.78 -6.359
v 4.918 12.93 -6.217
v 4.936 12.824 -6.259
v 4.918 14.35 1.783
v 4.821 14.6 2.018
v 4.89 14.527 1.852
v 5.517 14.6 2.483
v 5.697 14.35 2.303
v 5.644 14.527 2.356
v 6.217 14.35 3.082
v 5.982 14.6 3.179
v 6.148 14.527 3.11
v 6.145 14.6 4
v 6.4 14.35 4
v 6.325 14.527 4
v 6.217 14.35 4.918
v 5.982 14.6 4.821
v 6.148 14.527 4.89
v 5.697 14.35 5.697
v 5.517 14.6 5.517
v 5.644 14.527 5.644
v 4.918 14.35 6.217
v 4.821 14.6 5.982
v 4.89 14.527 6.148
v 4 14.35 6.4
v 4 14.6 6.145
v 4 14.527 6.325
v 3.179 14.6 5.982
v 3.082 14.35 6.217
v 3.11 14.527 6.148
v 2.303 14.35 5.697
v 2.483 14.6 5.517
v 2.356 14.527 5.644
v 1.783 14.35 4.918
v 2.018 14.6 4.821
v 1.852 14.527 4.89
v 1.6 14.35 4
v 1.855 14.6 4
v 1.675 14.527 4
v 1.783 14.35 3.082
v 2.018 14.6 3.179
v 1.852 14.527 3.11
v 2.483 14.6 2.483
v 2.303 14.35 2.303
v 2.356 14.527 2.356
v 3.082 14.35 1.783
v 3.179 14.6 2.018
v 3.11 14.527 1.852
v 4 14.35 1.6
v 4 14.6 1.855
v 4 14.527 1.675
v 5.063 14.6 5.014
v 5.164 14.6 4
v 5.063 14.6 2.986
v 4 14.6 5.097
v 4 14.6 4
v 4 14.6 2.903
v 2.937 14.6 5.014
v 2.836 14.6 4
v 2.937 14.6 2.986
v 4 12.93 1.6
v 4 12.78 1.447
v 4 12.824 1.555
v 3.023 12.78 1.641
v 3.082 12.93 1.783
v 3.064 12.824 1.741
v 2.195 12.78 2.195
v 2.303 12.93 2.303
v 2.271 12.824 2.271
v 1.641 12.78 3.023
v 1.783 12.93 3.082
v 1.741 12.824 3.064
v 1.447 12.78 4
v 1.6 12.93 4
v 1.555 12.824 4
v 1.641 12.78 4.977
v 1.783 12.93 4.918
v 1.741 12.824 4.936
v 2.195 12.78 5.805
v 2.303 12.93 5.697
v 2.271 12.824 5.729
v 3.023 12.78 6.359
v 3.082 12.93 6.217
v 3.064 12.824 6.259
v 4 12.78 6.553
v 4 12.93 6.4
v 4 12.824 6.445
v 4.977 12.78 6.359
v 4.918 12.93 6.217
v 4.936 12.824 6.259
v 5.805 12.78 5.805
v 5.697 12.93 5.697
v 5.729 12.824 5.729
v 6.359 12.78 4.977
v 6.217 12.93 4.918
v 6.259 12.824 4.936
v 6.553 12.78 4
v 6.4 12.93 4
v 6.445 12.824 4
v 6.359 12.78 3.023
v 6.217 12.93 3.082
v 6.259 12.824 3.064
v 5.805 12.78 2.195
v 5.697 12.93 2.303
v 5.729 12.824 2.271
v 4.977 12.78 1.641
v 4.918 12.93 1.783
v 4.936 12.824 1.741
v 12.918 14.35 -6.217
v 12.821 14.6 -5.982
v 12.89 14.527 -6.148
v 13.517 14.6 -5.517
v 13.697 14.35 -5.697
v 13.644 14.527 -5.644
v 14.217 14.35 -4.918
v 13.982 14.6 -4.821
v 14.148 14.527 -4.89
v 14.145 14.6 -4
v 14.4 14.35 -4
v 14.325 14.527 -4
v 14.217 14.35 -3.082
v 13.982 14.6 -3.179
v 14.148 14.527 -3.11
v 13.697 14.35 -2.303
v 13.517 14.6 -2.483
v 13.644 14.527 -2.356
v 12.918 14.35 -1.783
v 12.821 14.6 -2.018
v 12.89 14.527 -1.852
v 12 14.35 -1.6
v 12 14.6 -1.855
v 12 14.527 -1.675
v 11.179 14.6 -2.018
v 11.082 14.35 -1.783
v 11.11 14.527 -1.852
v 10.303 14.35 -2.303
v 10.483 14.6 -2.483
v 10.356 14.527 -2.356
v 9.783 14.35 -3.082
v 10.018 14.6 -3.179
v 9.852 14.527 -3.11
v 9.6 14.35 -4
v 9.855 14.6 -4
v 9.675 14.527 -4
v 9.783 14.35 -4.918
v 10.018 14.6 -4.821
v 9.852 14.527 -4.89
v 10.483 14.6 -5.517
v 10.303 14.35 -5.697
v 10.356 14.527 -5.644
v 11.082 14.35 -6.217
v 11.179 14.6 -5.982
v 11.11 14.527 -6.148
v 12 14.35 -6.4
v 12 14.6 -6.145
v 12 14.527 -6.325
v 13.063 14.6 -2.986
v 13.164 14.6 -4
v 13.063 14.6 -5.014
v 12 14.6 -2.903
v 12 14.6 -4
v 12 14.6 -5.097
v 10.937 14.6 -2.986
v 10.836 14.6 -4
v 10.937 14.6 -5.014
v 12 12.93 -6.4
v 12 12.78 -6.553
v 12 12.824 -6.445
v 11.023 12.78 -6.359
v 11.082 12.93 -6.217
v 11.064 12.824 -6.259
v 10.195 12.78 -5.805
v 10.303 12.93 -5.697
v 10.271 12.824 -5.729
v 9.641 12.78 -4.977
v 9.783 12.93 -4.918
v 9.741 12.824 -4.936
v 9.447 12.78 -4
v 9.6 12.93 -4
v 9.555 12.824 -4
v 9.641 12.78 -3.023
v 9.783 12.93 -3.082
v 9.741 12.824 -3.064
v 10.195 12.78 -2.195
v 10.303 12.93 -2.303
v 10.271 12.824 -2.271
v 11.023 12.78 -1.641
v 11.082 12.93 -1.783
v 11.064 12.824 -1.741
v 12 12.78 -1.447
v 12 12.93 -1.6
v 12 12.824 -1.555
v 12.977 12.78 -1.641
v 12.918 12.93 -1.783
v 12.936 12.824 -1.741
v 13.805 12.78 -2.195
v 13.697 12.93 -2.303
v 13.729 12.824 -2.271
v 14.359 12.78 -3.023
v 14.217 12.93 -3.082
v 14.259 12.824 -3.064
v 14.553 12.78 -4
v 14.4 12.93 -4
v 14.445 12.824 -4
v 14.359 12.78 -4.977
v 14.217 12.93 -4.918
v 14.259 12.824 -4.936
v 13.805 12.78 -5.805
v 13.697 12.93 -5.697
v 13.729 12.824 -5.729
v 12.977 12.78 -6.359
v 12.918 12.93 -6.217
v 12.936 12.824 -6.259
v 12.918 14.35 1.783
v 12.821 14.6 2.018
v 12.89 14.527 1.852
v 13.517 14.6 2.483
v 13.697 14.35 2.303
v 13.644 14.527 2.356
v 14.217 14.35 3.082
v 13.982 14.6 3.179
v 14.148 14.527 3.11
v 14.145 14.6 4
v 14.4 14.35 4
v 14.325 14.527 4
v 14.217 14.35 4.918
v 13.982 14.6 4.821
v 14.148 14.527 4.89
v 13.697 14.35 5.697
v 13.517 14.6 5.517
v 13.644 14.527 5.644
v 12.918 14.35 6.217
v 12.821 14.6 5.982
v 12.89 14.527 6.148
v 12 14.35 6.4
v 12 14.6 6.145
v 12 14.527 6.325
v 11.179 14.6 5.982
v 11.082 14.35 6.217
v 11.11 14.527 6.148
v 10.303 14.35 5.697
v 10.483 14.6 5.517
v 10.356 14.527 5.644
v 9.783 14.35 4.918
v 10.018 14.6 4.821
v 9.852 14.527 4.89
v 9.6 14.35 4
v 9.855 14.6 4
v 9.675 14.527 4
v 9.783 14.35 3.082
v 10.018 14.6 3.179
v 9.852 14.527 3.11
v 10.483 14.6 2.483
v 10.303 14.35 2.303
v 10.356 14.527 2.356
v 11.082 14.35 1.783
v 11.179 14.6 2.018
v 11.11 14.527 1.852
v 12 14.35 1.6
v 12 14.6 1.855
v 12 14.527 1.675
v 13.063 14.6 5.014
v 13.164 14.6 4
v 13.063 14.6 2.986
v 12 14.6 5.097
v 12 14.6 4
v 12 14.6 2.903
v 10.937 14.6 5.014
v 10.836 14.6 4
v 10.937 14.6 2.986
v 12 12.93 1.6
v 12 12.78 1.447
v 12 12.824 1.555
v 11.023 12.78 1.641
v 11.082 12.93 1.783
v 11.064 12.824 1.741
v 10.195 12.78 2.195
v 10.303 12.93 2.303
v 10.271 12.824 2.271
v 9.641 12.78 3.023
v 9.783 12.93 3.082
v 9.741 12.824 3.064
v 9.447 12.78 4
v 9.6 12.93 4
v 9.555 12.824 4
v 9.641 12.78 4.977
v 9.783 12.93 4.918
v 9.741 12.824 4.936
v 10.195 12.78 5.805
v 10.303 12.93 5.697
v 10.271 12.824 5.729
v 11.023 12.78 6.359
v 11.082 12.93 6.217
v 11.064 12.824 6.259
v 12 12.78 6.553
v 12 12.93 6.4
v 12 12.824 6.445
v 12.977 12.78 6.359
v 12.918 12.93 6.217
v 12.936 12.824 6.259
v 13.805 12.78 5.805
v 13.697 12.93 5.697
v 13.729 12.824 5.729
v 14.359 12.78 4.977
v 14.217 12.93 4.918
v 14.259 12.824 4.936
v 14.553 12.78 4
v 14.4 12.93 4
v 14.445 12.824 4
v 14.359 12.78 3.023
v 14.217 12.93 3.082
v 14.259 12.824 3.064
v 13.805 12.78 2.195
v 13.697 12.93 2.303
v 13.729 12.824 2.271
v 12.977 12.78 1.641
v 12.918 12.93 1.783
v 12.936 12.824 1.741
v 20.918 14.35 -6.217
v 20.821 14.6 -5.982
v 20.89 14.527 -6.148
v 21.517 14.6 -5.517
v 21.697 14.35 -5.697
v 21.644 14.527 -5.644
v 22.217 14.35 -4.918
v 21.982 14.6 -4.821
v 22.148 14.527 -4.89
v 22.145 14.6 -4
v 22.4 14.35 -4
v 22.325 14.527 -4
v 22.217 14.35 -3.082
v 21.982 14.6 -3.179
v 22.148 14.527 -3.11
v 21.697 14.35 -2.303
v 21.517 14.6 -2.483
v 21.644 14.527 -2.356
v 20.918 14.35 -1.783
v 20.821 14.6 -2.018
v 20.89 14.527 -1.852
v 20 14.35 -1.6
v 20 14.6 -1.855
v 20 14.527 -1.675
v 19.179 14.6 -2.018
v 19.082 14.35 -1.783
v 19.11 14.527 -1.852
v 18.303 14.35 -2.303
v 18.483 14.6 -2.483
v 18.356 14.527 -2.356
v 17.783 14.35 -3.082
v 18.018 14.6 -3.179
v 17.852 14.527 -3.11
v 17.6 14.35 -4
v 17.855 14.6 -4
v 17.675 14.527 -4
v 17.783 14.35 -4.918
v 18.018 14.6 -4.821
v 17.852 14.527 -4.89
v 18.483 14.6 -5.517
v 18.303 14.35 -5.697
v 18.356 14.527 -5.644
v 19.082 14.35 -6.217
v 19.179 14.6 -5.982
v 19.11 14.527 -6.148
v 20 14.35 -6.4
v 20 14.6 -6.145
v 20 14.527 -6.325
v 21.063 14.6 -2.986
v 21.164 14.6 -4
v 21.063 14.6 -5.014
v 20 14.6 -2.903
v 20 14.6 -4
v 20 14.6 -5.097
v 18.937 14.6 -2.986
v 18.836 14.6 -4
v 18.937 14.6 -5.014
v 20 12.93 -6.4
v 20 12.78 -6.553
v 20 12.824 -6.445
v 19.023 12.78 -6.359
v 19.082 12.93 -6.217
v 19.064 12.824 -6.259
v 18.195 12.78 -5.805
v 18.303 12.93 -5.697
v 18.271 12.824 -5.729
v 17.641 12.78 -4.977
v 17.783 12.93 -4.918
v 17.741 12.824 -4.936
v 17.447 12.78 -4
v 17.6 12.93 -4
v 17.555 12.824 -4
v 17.641 12.78 -3.023
v 17.783 12.93 -3.082
v 17.741 12.824 -3.064
v 18.195 12.78 -2.195
v 18.303 12.93 -2.303
v 18.271 12.824 -2.271
v 19.023 12.78 -1.641
v 19.082 12.93 -1.783
v 19.064 12.824 -1.741
v 20 12.78 -1.447
v 20 12.93 -1.6
v 20 12.824 -1.555
v 20.977 12.78 -1.641
v 20.918 12.93 -1.783
v 20.936 12.824 -1.741
v 21.805 12.78 -2.195
v 21.697 12.93 -2.303
v 21.729 12.824 -2.271
v 22.359 12.78 -3.023
v 22.217 12.93 -3.082
v 22.259 12.824 -3.064
v 22.553 12.78 -4
v 22.4 12.93 -4
v 22.445 12.824 -4
v 22.359 12.78 -4.977
v 22.217 12.93 -4.918
v 22.259 12.824 -4.936
v 21.805 12.78 -5.805
v 21.697 12.93 -5.697
v 21.729 12.824 -5.729
v 20.977 12.78 -6.359
v 20.918 12.93 -6.217
v 20.936 12.824 -6.259
v 20.918 14.35 1.783
v 20.821 14.6 2.018
v 20.89 14.527 1.852
v 21.517 14.6 2.483
v 21.697 14.35 2.303
v 21.644 14.527 2.356
v 22.217 14.35 3.082
v 21.982 14.6 3.179
v 22.148 14.527 3.11
v 22.145 14.6 4
v 22.4 14.35 4
v 22.325 14.527 4
v 22.217 14.35 4.918
v 21.982 14.6 4.821
v 22.148 14.527 4.89
v 21.697 14.35 5.697
v 21.517 14.6 5.517
v 21.644 14.527 5.644
v 20.918 14.35 6.217
v 20.821 14.6 5.982
v 20.89 14.527 6.148
v 20 14.35 6.4
v 20 14.6 6.145
v 20 14.527 6.325
v 19.179 14.6 5.982
v 19.082 14.35 6.217
v 19.11 14.527 6.148
v 18.303 14.35 5.697
v 18.483 14.6 5.517
v 18.356 14.527 5.644
v 17.783 14.35 4.918
v 18.018 14.6 4.821
v 17.852 14.527 4.89
v 17.6 14.35 4
v 17.855 14.6 4
v 17.675 14.527 4
v 17.783 14.35 3.082
v 18.018 14.6 3.179
v 17.852 14.527 3.11
v 18.483 14.6 2.483
v 18.303 14.35 2.303
v 18.356 14.527 2.356
v 19.082 14.35 1.783
v 19.179 14.6 2.018
v 19.11 14.527 1.852
v 20 14.35 1.6
v 20 14.6 1.855
v 20 14.527 1.675
v 21.063 14.6 5.014
v 21.164 14.6 4
v 21.063 14.6 2.986
v 20 14.6 5.097
v 20 14.6 4
v 20 14.6 2.903
v 18.937 14.6 5.014
v 18.836 14.6 4
v 18.937 14.6 2.986
v 20 12.93 1.6
v 20 12.78 1.447
v 20 12.824 1.555
v 19.023 12.78 1.641
v 19.082 12.93 1.783
v 19.064 12.824 1.741
v 18.195 12.78 2.195
v 18.303 12.93 2.303
v 18.271 12.824 2.271
v 17.641 12.78 3.023
v 17.783 12.93 3.082
v 17.741 12.824 3.064
v 17.447 12.78 4
v 17.6 12.93 4
v 17.555 12.824 4
v 17.641 12.78 4.977
v 17.783 12.93 4.918
v 17.741 12.824 4.936
v 18.195 12.78 5.805
v 18.303 12.93 5.697
v 18.271 12.824 5.729
v 19.023 12.78 6.359
v 19.082 12.93 6.217
v 19.064 12.824 6.259
v 20 12.78 6.553
v 20 12.93 6.4
v 20 12.824 6.445
v 20.977 12.78 6.359
v 20.918 12.93 6.217
v 20.936 12.824 6.259
v 21.805 12.78 5.805
v 21.697 12.93 5.697
v 21.729 12.824 5.729
v 22.359 12.78 4.977
v 22.217 12.93 4.918
v 22.259 12.824 4.936
v 22.553 12.78 4
v 22.4 12.93 4
v 22.445 12.824 4
v 22.359 12.78 3.023
v 22.217 12.93 3.082
v 22.259 12.824 3.064
v 21.805 12.78 2.195
v 21.697 12.93 2.303
v 21.729 12.824 2.271
v 20.977 12.78 1.641
v 20.918 12.93 1.783
v 20.936 12.824 1.741
v 28.918 14.35 -6.217
v 28.821 14.6 -5.982
v 28.89 14.527 -6.148
v 29.517 14.6 -5.517
v 29.697 14.35 -5.697
v 29.644 14.527 -5.644
v 30.217 14.35 -4.918
v 29.982 14.6 -4.821
v 30.148 14.527 -4.89
v 30.145 14.6 -4
v 30.4 14.35 -4
v 30.325 14.527 -4
v 30.217 14.35 -3.082
v 29.982 14.6 -3.179
v 30.148 14.527 -3.11
v 29.697 14.35 -2.303
v 29.517 14.6 -2.483
v 29.644 14.527 -2.356
v 28.918 14.35 -1.783
v 28.821 14.6 -2.018
v 28.89 14.527 -1.852
v 28 14.35 -1.6
v 28 14.6 -1.855
v 28 14.527 -1.675
v 27.179 14.6 -2.018
v 27.082 14.35 -1.783
v 27.11 14.527 -1.852
v 26.303 14.35 -2.303
v 26.483 14.6 -2.483
v 26.356 14.527 -2.356
v 25.783 14.35 -3.082
v 26.018 14.6 -3.179
v 25.852 14.527 -3.11
v 25.6 14.35 -4
v 25.855 14.6 -4
v 25.675 14.527 -4
v 25.783 14.35 -4.918
v 26.018 14.6 -4.821
v 25.852 14.527 -4.89
v 26.483 14.6 -5.517
v 26.303 14.35 -5.697
v 26.356 14.527 -5.644
v 27.082 14.35 -6.217
v 27.179 14.6 -5.982
v 27.11 14.527 -6.148
v 28 14.35 -6.4
v 28 14.6 -6.145
v 28 14.527 -6.325
v 29.063 14.6 -2.986
v 29.164 14.6 -4
v 29.063 14.6 -5.014
v 28 14.6 -2.903
v 28 14.6 -4
v 28 14.6 -5.097
v 26.937 14.6 -2.986
v 26.836 14.6 -4
v 26.937 14.6 -5.014
v 28 12.93 -6.4
v 28 12.78 -6.553
v 28 12.824 -6.445
v 27.023 12.78 -6.359
v 27.082 12.93 -6.217
v 27.064 12.824 -6.259
v 26.195 12.78 -5.805
v 26.303 12.93 -5.697
v 26.271 12.824 -5.729
v 25.641 12.78 -4.977
v 25.783 12.93 -4.918
v 25.741 12.824 -4.936
v 25.447 12.78 -4
v 25.6 12.93 -4
v 25.555 12.824 -4
v 25.641 12.78 -3.023
v 25.783 12.93 -3.082
v 25.741 12.824 -3.064
v 26.195 12.78 -2.195
v 26.303 12.93 -2.303
v 26.271 12.824 -2.271
v 27.023 12.78 -1.641
v 27.082 12.93 -1.783
v 27.064 12.824 -1.741
v 28 12.78 -1.447
v 28 12.93 -1.6
v 28 12.824 -1.555
v 28.977 12.78 -1.641
v 28.918 12.93 -1.783
v 28.936 12.824 -1.741
v 29.805 12.78 -2.195
v 29.697 12.93 -2.303
v 29.729 12.824 -2.271
v 30.359 12.78 -3.023
v 30.217 12.93 -3.082
v 30.259 12.824 -3.064
v 30.553 12.78 -4
v 30.4 12.93 -4
v 30.445 12.824 -4
v 30.359 12.78 -4.977
v 30.217 12.93 -4.918
v 30.259 12.824 -4.936
v 29.805 12.78 -5.805
v 29.697 12.93 -5.697
v 29.729 12.824 -5.729
v 28.977 12.78 -6.359
v 28.918 12.93 -6.217
v 28.936 12.824 -6.259
v 28.918 14.35 1.783
v 28.821 14.6 2.018
v 28.89 14.527 1.852
v 29.517 14.6 2.483
v 29.697 14.35 2.303
v 29.644 14.527 2.356
v 30.217 14.35 3.082
v 29.982 14.6 3.179
v 30.148 14.527 3.11
v 30.145 14.6 4
v 30.4 14.35 4
v 30.325 14.527 4
v 30.217 14.35 4.918
v 29.982 14.6 4.821
v 30.148 14.527 4.89
v 29.697 14.35 5.697
v 29.517 14.6 5.517
v 29.644 14.527 5.644
v 28.918 14.35 6.217
v 28.821 14.6 5.982
v 28.89 14.527 6.148
v 28 14.35 6.4
v 28 14.6 6.145
v 28 14.527 6.325
v 27.179 14.6 5.982
v 27.082 14.35 6.217
v 27.11 14.527 6.148
v 26.303 14.35 5.697
v 26.483 14.6 5.517
v 26.356 14.527 5.644
v 25.783 14.35 4.918
v 26.018 14.6 4.821
v 25.852 14.527 4.89
v 25.6 14.35 4
v 25.855 14.6 4
v 25.675 14.527 4
v 25.783 14.35 3.082
v 26.018 14.6 3.179
v 25.852 14.527 3.11
v 26.483 14.6 2.483
v 26.303 14.35 2.303
v 26.356 14.527 2.356
v 27.082 14.35 1.783
v 27.179 14.6 2.018
v 27.11 14.527 1.852
v 28 14.35 1.6
v 28 14.6 1.855
v 28 14.527 1.675
v 29.063 14.6 5.014
v 29.164 14.6 4
v 29.063 14.6 2.986
v 28 14.6 5.097
v 28 14.6 4
v 28 14.6 2.903
v 26.937 14.6 5.014
v 26.836 14.6 4
v 26.937 14.6 2.986
v 28 12.93 1.6
v 28 12.78 1.447
v 28 12.824 1.555
v 27.023 12.78 1.641
v 27.082 12.93 1.783
v 27.064 12.824 1.741
v 26.195 12.78 2.195
v 26.303 12.93 2.303
v 26.271 12.824 2.271
v 25.641 12.78 3.023
v 25.783 12.93 3.082
v 25.741 12.824 3.064
v 25.447 12.78 4
v 25.6 12.93 4
v 25.555 12.824 4
v 25.641 12.78 4.977
v 25.783 12.93 4.918
v 25.741 12.824 4.936
v 26.195 12.78 5.805
v 26.303 12.93 5.697
v 26.271 12.824 5.729
v 27.023 12.78 6.359
v 27.082 12.93 6.217
v 27.064 12.824 6.259
v 28 12.78 6.553
v 28 12.93 6.4
v 28 12.824 6.445
v 28.977 12.78 6.359
v 28.918 12.93 6.217
v 28.936 12.824 6.259
v 29.805 12.78 5.805
v 29.697 12.93 5.697
v 29.729 12.824 5.729
v 30.359 12.78 4.977
v 30.217 12.93 4.918
v 30.259 12.824 4.936
v 30.553 12.78 4
v 30.4 12.93 4
v 30.445 12.824 4
v 30.359 12.78 3.023
v 30.217 12.93 3.082
v 30.259 12.824 3.064
v 29.805 12.78 2.195
v 29.697 12.93 2.303
v 29.729 12.824 2.271
v 28.977 12.78 1.641
v 28.918 12.93 1.783
v 28.936 12.824 1.741
v 36.918 14.35 -6.217
v 36.821 14.6 -5.982
v 36.89 14.527 -6.148
v 37.517 14.6 -5.517
v 37.697 14.35 -5.697
v 37.644 14.527 -5.644
v 38.217 14.35 -4.918
v 37.982 14.6 -4.821
v 38.148 14.527 -4.89
v 38.145 14.6 -4
v 38.4 14.35 -4
v 38.325 14.527 -4
v 38.217 14.35 -3.082
v 37.982 14.6 -3.179
v 38.148 14.527 -3.11
v 37.697 14.35 -2.303
v 37.517 14.6 -2.483
v 37.644 14.527 -2.356
v 36.918 14.35 -1.783
v 36.821 14.6 -2.018
v 36.89 14.527 -1.852
v 36 14.35 -1.6
v 36 14.6 -1.855
v 36 14.527 -1.675
v 35.179 14.6 -2.018
v 35.082 14.35 -1.783
v 35.11 14.527 -1.852
v 34.303 14.35 -2.303
v 34.483 14.6 -2.483
v 34.356 14.527 -2.356
v 33.783 14.35 -3.082
v 34.018 14.6 -3.179
v 33.852 14.527 -3.11
v 33.6 14.35 -4
v 33.855 14.6 -4
v 33.675 14.527 -4
v 33.783 14.35 -4.918
v 34.018 14.6 -4.821
v 33.852 14.527 -4.89
v 34.483 14.6 -5.517
v 34.303 14.35 -5.697
v 34.356 14.527 -5.644
v 35.082 14.35 -6.217
v 35.179 14.6 -5.982
v 35.11 14.527 -6.148
v 36 14.35 -6.4
v 36 14.6 -6.145
v 36 14.527 -6.325
v 37.063 14.6 -2.986
v 37.164 14.6 -4
v 37.063 14.6 -5.014
v 36 14.6 -2.903
v 36 14.6 -4
v 36 14.6 -5.097
v 34.937 14.6 -2.986
v 34.836 14.6 -4
v 34.937 14.6 -5.014
v 36 12.93 -6.4
v 36 12.78 -6.553
v 36 12.824 -6.445
v 35.023 12.78 -6.359
v 35.082 12.93 -6.217
v 35.064 12.824 -6.259
v 34.195 12.78 -5.805
v 34.303 12.93 -5.697
v 34.271 12.824 -5.729
v 33.641 12.78 -4.977
v 33.783 12.93 -4.918
v 33.741 12.824 -4.936
v 33.447 12.78 -4
v 33.6 12.93 -4
v 33.555 12.824 -4
v 33.641 12.78 -3.023
v 33.783 12.93 -3.082
v 33.741 12.824 -3.064
v 34.195 12.78 -2.195
v 34.303 12.93 -2.303
v 34.271 12.824 -2.271
v 35.023 12.78 -1.641
v 35.082 12.93 -1.783
v 35.064 12.824 -1.741
v 36 12.78 -1.447
v 36 12.93 -1.6
v 36 12.824 -1.555
v 36.977 12.78 -1.641
v 36.918 12.93 -1.783
v 36.936 12.824 -1.741
v 37.805 12.78 -2.195
v 37.697 12.93 -2.303
v 37.729 12.824 -2.271
v 38.359 12.78 -3.023
v 38.217 12.93 -3.082
v 38.259 12.824 -3.064
v 38.553 12.78 -4
v 38.4 12.93 -4
v 38.445 12.824 -4
v 38.359 12.78 -4.977
v 38.217 12.93 -4.918
v 38.259 12.824 -4.936
v 37.805 12.78 -5.805
v 37.697 12.93 -5.697
v 37.729 12.824 -5.729
v 36.977 12.78 -6.359
v 36.918 12.93 -6.217
v 36.936 12.824 -6.259
v 36.918 14.35 1.783
v 36.821 14.6 2.018
v 36.89 14.527 1.852
v 37.517 14.6 2.483
v 37.697 14.35 2.303
v 37.644 14.527 2.356
v 38.217 14.35 3.082
v 37.982 14.6 3.179
v 38.148 14.527 3.11
v 38.145 14.6 4
v 38.4 14.35 4
v 38.325 14.527 4
v 38.217 14.35 4.918
v 37.982 14.6 4.821
v 38.148 14.527 4.89
v 37.697 14.35 5.697
v 37.517 14.6 5.517
v 37.644 14.527 5.644
v 36.918 14.35 6.217
v 36.821 14.6 5.982
v 36.89 14.527 6.148
v 36 14.35 6.4
v 36 14.6 6.145
v 36 14.527 6.325
v 35.179 14.6 5.982
v 35.082 14.35 6.217
v 35.11 14.527 6.148
v 34.303 14.35 5.697
v 34.483 14.6 5.517
v 34.356 14.527 5.644
v 33.783 14.35 4.918
v 34.018 14.6 4.821
v 33.852 14.527 4.89
v 33.6 14.35 4
v 33.855 14.6 4
v 33.675 14.527 4
v 33.783 14.35 3.082
v 34.018 14.6 3.179
v 33.852 14.527 3.11
v 34.483 14.6 2.483
v 34.303 14.35 2.303
v 34.356 14.527 2.356
v 35.082 14.35 1.783
v 35.179 14.6 2.018
v 35.11 14.527 1.852
v 36 14.35 1.6
v 36 14.6 1.855
v 36 14.527 1.675
v 37.063 14.6 5.014
v 37.164 14.6 4
v 37.063 14.6 2.986
v 36 14.6 5.097
v 36 14.6 4
v 36 14.6 2.903
v 34.937 14.6 5.014
v 34.836 14.6 4
v 34.937 14.6 2.986
v 36 12.93 1.6
v 36 12.78 1.447
v 36 12.824 1.555
v 35.023 12.78 1.641
v 35.082 12.93 1.783
v 35.064 12.824 1.741
v 34.195 12.78 2.195
v 34.303 12.93 2.303
v 34.271 12.824 2.271
v 33.641 12.78 3.023
v 33.783 12.93 3.082
v 33.741 12.824 3.064
v 33.447 12.78 4
v 33.6 12.93 4
v 33.555 12.824 4
v 33.641 12.78 4.977
v 33.783 12.93 4.918
v 33.741 12.824 4.936
v 34.195 12.78 5.805
v 34.303 12.93 5.697
v 34.271 12.824 5.729
v 35.023 12.78 6.359
v 35.082 12.93 6.217
v 35.064 12.824 6.259
v 36 12.78 6.553
v 36 12.93 6.4
v 36 12.824 6.445
v 36.977 12.78 6.359
v 36.918 12.93 6.217
v 36.936 12.824 6.259
v 37.805 12.78 5.805
v 37.697 12.93 5.697
v 37.729 12.824 5.729
v 38.359 12.78 4.977
v 38.217 12.93 4.918
v 38.259 12.824 4.936
v 38.553 12.78 4
v 38.4 12.93 4
v 38.445 12.824 4
v 38.359 12.78 3.023
v 38.217 12.93 3.082
v 38.259 12.824 3.064
v 37.805 12.78 2.195
v 37.697 12.93 2.303
v 37.729 12.824 2.271
v 36.977 12.78 1.641
v 36.918 12.93 1.783
v 36.936 12.824 1.741
v 44.918 14.35 -6.217
v 44.821 14.6 -5.982
v 44.89 14.527 -6.148
v 45.517 14.6 -5.517
v 45.697 14.35 -5.697
v 45.644 14.527 -5.644
v 46.217 14.35 -4.918
v 45.982 14.6 -4.821
v 46.148 14.527 -4.89
v 46.145 14.6 -4
v 46.4 14.35 -4
v 46.325 14.527 -4
v 46.217 14.35 -3.082
v 45.982 14.6 -3.179
v 46.148 14.527 -3.11
v 45.697 14.35 -2.303
v 45.517 14.6 -2.483
v 45.644 14.527 -2.356
v 44.918 14.35 -1.783
v 44.821 14.6 -2.018
v 44.89 14.527 -1.852
v 44 14.35 -1.6
v 44 14.6 -1.855
v 44 14.527 -1.675
v 43.179 14.6 -2.018
v 43.082 14.35 -1.783
v 43.11 14.527 -1.852
v 42.303 14.35 -2.303
v 42.483 14.6 -2.483
v 42.356 14.527 -2.356
v 41.783 14.35 -3.082
v 42.018 14.6 -3.179
v 41.852 14.527 -3.11
v 41.6 14.35 -4
v 41.855 14.6 -4
v 41.675 14.527 -4
v 41.783 14.35 -4.918
v 42.018 14.6 -4.821
v 41.852 14.527 -4.89
v 42.483 14.6 -5.517
v 42.303 14.35 -5.697
v 42.356 14.527 -5.644
v 43.082 14.35 -6.217
v 43.179 14.6 -5.982
v 43.11 14.527 -6.148
v 44 14.35 -6.4
v 44 14.6 -6.145
v 44 14.527 -6.325
v 45.063 14.6 -2.986
v 45.164 14.6 -4
v 45.063 14.6 -5.014
v 44 14.6 -2.903
v 44 14.6 -4
v 44 14.6 -5.097
v 42.937 14.6 -2.986
v 42.836 14.6 -4
v 42.937 14.6 -5.014
v 44 12.93 -6.4
v 44 12.78 -6.553
v 44 12.824 -6.445
v 43.023 12.78 -6.359
v 43.082 12.93 -6.217
v 43.064 12.824 -6.259
v 42.195 12.78 -5.805
v 42.303 12.93 -5.697
v 42.271 12.824 -5.729
v 41.641 12.78 -4.977
v 41.783 12.93 -4.918
v 41.741 12.824 -4.936
v 41.447 12.78 -4
v 41.6 12.93 -4
v 41.555 12.824 -4
v 41.641 12.78 -3.023
v 41.783 12.93 -3.082
v 41.741 12.824 -3.064
v 42.195 12.78 -2.195
v 42.303 12.93 -2.303
v 42.271 12.824 -2.271
v 43.023 12.78 -1.641
v 43.082 12.93 -1.783
v 43.064 12.824 -1.741
v 44 12.78 -1.447
v 44 12.93 -1.6
v 44 12.824 -1.555
v 44.977 12.78 -1.641
v 44.918 12.93 -1.783
v 44.936 12.824 -1.741
v 45.805 12.78 -2.195
v 45.697 12.93 -2.303
v 45.729 12.824 -2.271
v 46.359 12.78 -3.023
v 46.217 12.93 -3.082
v 46.259 12.824 -3.064
v 46.553 12.78 -4
v 46.4 12.93 -4
v 46.445 12.824 -4
v 46.359 12.78 -4.977
v 46.217 12.93 -4.918
v 46.259 12.824 -4.936
v 45.805 12.78 -5.805
v 45.697 12.93 -5.697
v 45.729 12.824 -5.729
v 44.977 12.78 -6.359
v 44.918 12.93 -6.217
v 44.936 12.824 -6.259
v 44.918 14.35 1.783
v 44.821 14.6 2.018
v 44.89 14.527 1.852
v 45.517 14.6 2.483
v 45.697 14.35 2.303
v 45.644 14.527 2.356
v 46.217 14.35 3.082
v 45.982 14.6 3.179
v 46.148 14.527 3.11
v 46.145 14.6 4
v 46.4 14.35 4
v 46.325 14.527 4
v 46.217 14.35 4.918
v 45.982 14.6 4.821
v 46.148 14.527 4.89
v 45.697 14.35 5.697
v 45.517 14.6 5.517
v 45.644 14.527 5.644
v 44.918 14.35 6.217
v 44.821 14.6 5.982
v 44.89 14.527 6.148
v 44 14.35 6.4
v 44 14.6 6.145
v 44 14.527 6.325
v 43.179 14.6 5.982
v 43.082 14.35 6.217
v 43.11 14.527 6.148
v 42.303 14.35 5.697
v 42.483 14.6 5.517
v 42.356 14.527 5.644
v 41.783 14.35 4.918
v 42.018 14.6 4.821
v 41.852 14.527 4.89
v 41.6 14.35 4
v 41.855 14.6 4
v 41.675 14.527 4
v 41.783 14.35 3.082
v 42.018 14.6 3.179
v 41.852 14.527 3.11
v 42.483 14.6 2.483
v 42.303 14.35 2.303
v 42.356 14.527 2.356
v 43.082 14.35 1.783
v 43.179 14.6 2.018
v 43.11 14.527 1.852
v 44 14.35 1.6
v 44 14.6 1.855
v 44 14.527 1.675
v 45.063 14.6 5.014
v 45.164 14.6 4
v 45.063 14.6 2.986
v 44 14.6 5.097
v 44 14.6 4
v 44 14.6 2.903
v 42.937 14.6 5.014
v 42.836 14.6 4
v 42.937 14.6 2.986
v 44 12.93 1.6
v 44 12.78 1.447
v 44 12.824 1.555
v 43.023 12.78 1.641
v 43.082 12.93 1.783
v 43.064 12.824 1.741
v 42.195 12.78 2.195
v 42.303 12.93 2.303
v 42.271 12.824 2.271
v 41.641 12.78 3.023
v 41.783 12.93 3.082
v 41.741 12.824 3.064
v 41.447 12.78 4
v 41.6 12.93 4
v 41.555 12.824 4
v 41.641 12.78 4.977
v 41.783 12.93 4.918
v 41.741 12.824 4.936
v 42.195 12.78 5.805
v 42.303 12.93 5.697
v 42.271 12.824 5.729
v 43.023 12.78 6.359
v 43.082 12.93 6.217
v 43.064 12.824 6.259
v 44 12.78 6.553
v 44 12.93 6.4
v 44 12.824 6.445
v 44.977 12.78 6.359
v 44.918 12.93 6.217
v 44.936 12.824 6.259
v 45.805 12.78 5.805
v 45.697 12.93 5.697
v 45.729 12.824 5.729
v 46.359 12.78 4.977
v 46.217 12.93 4.918
v 46.259 12.824 4.936
v 46.553 12.78 4
v 46.4 12.93 4
v 46.445 12.824 4
v 46.359 12.78 3.023
v 46.217 12.93 3.082
v 46.259 12.824 3.064
v 45.805 12.78 2.195
v 45.697 12.93 2.303
v 45.729 12.824 2.271
v 44.977 12.78 1.641
v 44.918 12.93 1.783
v 44.936 12.824 1.741
v -40 11.7 -3.25
v -41.244 11.7 -3.003
v -42.298 11.7 -2.298
v -43.003 11.7 -1.244
v -43.25 11.7 0
v -43.003 11.7 1.244
v -42.298 11.7 2.298
v -41.244 11.7 3.003
v -40 11.7 3.25
v -38.756 11.7 3.003
v -37.702 11.7 2.298
v -36.997 11.7 1.244
v -36.75 11.7 0
v -36.997 11.7 -1.244
v -37.702 11.7 -2.298
v -38.756 11.7 -3.003
v -40 11.7 -2.4
v -40.918 11.7 -2.217
v -41.697 11.7 -1.697
v -42.217 11.7 -0.918
v -42.4 11.7 0
v -42.217 11.7 0.918
v -41.697 11.7 1.697
v -40.918 11.7 2.217
v -40 11.7 2.4
v -39.082 11.7 2.217
v -38.303 11.7 1.697
v -37.783 11.7 0.918
v -37.6 11.7 0
v -37.783 11.7 -0.918
v -38.303 11.7 -1.697
v -39.082 11.7 -2.217
v -40 9.77 -3.25
v -40 9.62 -3.097
v -40 9.664 -3.205
v -41.185 9.62 -2.861
v -41.244 9.77 -3.003
v -41.227 9.664 -2.961
v -42.19 9.62 -2.19
v -42.298 9.77 -2.298
v -42.266 9.664 -2.266
v -42.861 9.62 -1.185
v -43.003 9.77 -1.244
v -42.961 9.664 -1.227
v -43.097 9.62 0
v -43.25 9.77 0
v -43.205 9.664 0
v -42.861 9.62 1.185
v -43.003 9.77 1.244
v -42.961 9.664 1.227
v -42.19 9.62 2.19
v -42.298 9.77 2.298
v -42.266 9.664 2.266
v -41.185 9.62 2.861
v -41.244 9.77 3.003
v -41.227 9.664 2.961
v -40 9.62 3.097
v -40 9.77 3.25
v -40 9.664 3.205
v -38.815 9.62 2.861
v -38.756 9.77 3.003
v -38.773 9.664 2.961
v -37.81 9.62 2.19
v -37.702 9.77 2.298
v -37.734 9.664 2.266
v -37.139 9.62 1.185
v -36.997 9.77 1.244
v -37.039 9.664 1.227
v -36.903 9.62 0
v -36.75 9.77 0
v -36.795 9.664 0
v -37.139 9.62 -1.185
v -36.997 9.77 -1.244
v -37.039 9.664 -1.227
v -37.81 9.62 -2.19
v -37.702 9.77 -2.298
v -37.734 9.664 -2.266
v -38.815 9.62 -2.861
v -38.756 9.77 -3.003
v -38.773 9.664 -2.961
v -40 9.62 -2.553
v -40 9.77 -2.4
v -40 9.664 -2.445
v -40.918 9.77 -2.217
v -40.977 9.62 -2.359
v -40.936 9.664 -2.259
v -41.697 9.77 -1.697
v -41.805 9.62 -1.805
v -41.729 9.664 -1.729
v -42.217 9.77 -0.918
v -42.359 9.62 -0.977
v -42.259 9.664 -0.936
v -42.4 9.77 0
v -42.553 9.62 0
v -42.445 9.664 0
v -42.217 9.77 0.918
v -42.359 9.62 0.977
v -42.259 9.664 0.936
v -41.697 9.77 1.697
v -41.805 9.62 1.805
v -41.729 9.664 1.729
v -40.918 9.77 2.217
v -40.977 9.62 2.359
v -40.936 9.664 2.259
v -40 9.77 2.4
v -40 9.62 2.553
v -40 9.664 2.445
v -39.082 9.77 2.217
v -39.023 9.62 2.359
v -39.064 9.664 2.259
v -38.303 9.77 1.697
v -38.195 9.62 1.805
v -38.271 9.664 1.729
v -37.783 9.77 0.918
v -37.641 9.62 0.977
v -37.741 9.664 0.936
v -37.6 9.77 0
v -37.447 9.62 0
v -37.555 9.664 0
v -37.783 9.77 -0.918
v -37.641 9.62 -0.977
v -37.741 9.664 -0.936
v -38.303 9.77 -1.697
v -38.195 9.62 -1.805
v -38.271 9.664 -1.729
v -39.082 9.77 -2.217
v -39.023 9.62 -2.359
v -39.064 9.664 -2.259
v -32 11.7 -3.25
v -33.244 11.7 -3.003
v -34.298 11.7 -2.298
v -35.003 11.7 -1.244
v -35.25 11.7 0
v -35.003 11.7 1.244
v -34.298 11.7 2.298
v -33.244 11.7 3.003
v -32 11.7 3.25
v -30.756 11.7 3.003
v -29.702 11.7 2.298
v -28.997 11.7 1.244
v -28.75 11.7 0
v -28.997 11.7 -1.244
v -29.702 11.7 -2.298
v -30.756 11.7 -3.003
v -32 11.7 -2.4
v -32.918 11.7 -2.217
v -33.697 11.7 -1.697
v -34.217 11.7 -0.918
v -34.4 11.7 0
v -34.217 11.7 0.918
v -33.697 11.7 1.697
v -32.918 11.7 2.217
v -32 11.7 2.4
v -31.082 11.7 2.217
v -30.303 11.7 1.697
v -29.783 11.7 0.918
v -29.6 11.7 0
v -29.783 11.7 -0.918
v -30.303 11.7 -1.697
v -31.082 11.7 -2.217
v -32 9.77 -3.25
v -32 9.62 -3.097
v -32 9.664 -3.205
v -33.185 9.62 -2.861
v -33.244 9.77 -3.003
v -33.227 9.664 -2.961
v -34.19 9.62 -2.19
v -34.298 9.77 -2.298
v -34.266 9.664 -2.266
v -34.861 9.62 -1.185
v -35.003 9.77 -1.244
v -34.961 9.664 -1.227
v -35.097 9.62 0
v -35.25 9.77 0
v -35.205 9.664 0
v -34.861 9.62 1.185
v -35.003 9.77 1.244
v -34.961 9.664 1.227
v -34.19 9.62 2.19
v -34.298 9.77 2.298
v -34.266 9.664 2.266
v -33.185 9.62 2.861
v -33.244 9.77 3.003
v -33.227 9.664 2.961
v -32 9.62 3.097
v -32 9.77 3.25
v -32 9.664 3.205
v -30.815 9.62 2.861
v -30.756 9.77 3.003
v -30.773 9.664 2.961
v -29.81 9.62 2.19
v -29.702 9.77 2.298
v -29.734 9.664 2.266
v -29.139 9.62 1.185
v -28.997 9.77 1.244
v -29.039 9.664 1.227
v -28.903 9.62 0
v -28.75 9.77 0
v -28.795 9.664 0
v -29.139 9.62 -1.185
v -28.997 9.77 -1.244
v -29.039 9.664 -1.227
v -29.81 9.62 -2.19
v -29.702 9.77 -2.298
v -29.734 9.664 -2.266
v -30.815 9.62 -2.861
v -30.756 9.77 -3.003
v -30.773 9.664 -2.961
v -32 9.62 -2.553
v -32 9.77 -2.4
v -32 9.664 -2.445
v -32.918 9.77 -2.217
v -32.977 9.62 -2.359
v -32.936 9.664 -2.259
v -33.697 9.77 -1.697
v -33.805 9.62 -1.805
v -33.729 9.664 -1.729
v -34.217 9.77 -0.918
v -34.359 9.62 -0.977
v -34.259 9.664 -0.936
v -34.4 9.77 0
v -34.553 9.62 0
v -34.445 9.664 0
v -34.217 9.77 0.918
v -34.359 9.62 0.977
v -34.259 9.664 0.936
v -33.697 9.77 1.697
v -33.805 9.62 1.805
v -33.729 9.664 1.729
v -32.918 9.77 2.217
v -32.977 9.62 2.359
v -32.936 9.664 2.259
v -32 9.77 2.4
v -32 9.62 2.553
v -32 9.664 2.445
v -31.082 9.77 2.217
v -31.023 9.62 2.359
v -31.064 9.664 2.259
v -30.303 9.77 1.697
v -30.195 9.62 1.805
v -30.271 9.664 1.729
v -29.783 9.77 0.918
v -29.641 9.62 0.977
v -29.741 9.664 0.936
v -29.6 9.77 0
v -29.447 9.62 0
v -29.555 9.664 0
v -29.783 9.77 -0.918
v -29.641 9.62 -0.977
v -29.741 9.664 -0.936
v -30.303 9.77 -1.697
v -30.195 9.62 -1.805
v -30.271 9.664 -1.729
v -31.082 9.77 -2.217
v -31.023 9.62 -2.359
v -31.064 9.664 -2.259
v -24 11.7 -3.25
v -25.244 11.7 -3.003
v -26.298 11.7 -2.298
v -27.003 11.7 -1.244
v -27.25 11.7 0
v -27.003 11.7 1.244
v -26.298 11.7 2.298
v -25.244 11.7 3.003
v -24 11.7 3.25
v -22.756 11.7 3.003
v -21.702 11.7 2.298
v -20.997 11.7 1.244
v -20.75 11.7 0
v -20.997 11.7 -1.244
v -21.702 11.7 -2.298
v -22.756 11.7 -3.003
v -24 11.7 -2.4
v -24.918 11.7 -2.217
v -25.697 11.7 -1.697
v -26.217 11.7 -0.918
v -26.4 11.7 0
v -26.217 11.7 0.918
v -25.697 11.7 1.697
v -24.918 11.7 2.217
v -24 11.7 2.4
v -23.082 11.7 2.217
v -22.303 11.7 1.697
v -21.783 11.7 0.918
v -21.6 11.7 0
v -21.783 11.7 -0.918
v -22.303 11.7 -1.697
v -23.082 11.7 -2.217
v -24 9.77 -3.25
v -24 9.62 -3.097
v -24 9.664 -3.205
v -25.185 9.62 -2.861
v -25.244 9.77 -3.003
v -25.227 9.664 -2.961
v -26.19 9.62 -2.19
v -26.298 9.77 -2.298
v -26.266 9.664 -2.266
v -26.861 9.62 -1.185
v -27.003 9.77 -1.244
v -26.961 9.664 -1.227
v -27.097 9.62 0
v -27.25 9.77 0
v -27.205 9.664 0
v -26.861 9.62 1.185
v -27.003 9.77 1.244
v -26.961 9.664 1.227
v -26.19 9.62 2.19
v -26.298 9.77 2.298
v -26.266 9.664 2.266
v -25.185 9.62 2.861
v -25.244 9.77 3.003
v -25.227 9.664 2.961
v -24 9.62 3.097
v -24 9.77 3.25
v -24 9.664 3.205
v -22.815 9.62 2.861
v -22.756 9.77 3.003
v -22.773 9.664 2.961
v -21.81 9.62 2.19
v -21.702 9.77 2.298
v -21.734 9.664 2.266
v -21.139 9.62 1.185
v -20.997 9.77 1.244
v -21.039 9.664 1.227
v -20.903 9.62 0
v -20.75 9.77 0
v -20.795 9.664 0
v -21.139 9.62 -1.185
v -20.997 9.77 -1.244
v -21.039 9.664 -1.227
v -21.81 9.62 -2.19
v -21.702 9.77 -2.298
v -21.734 9.664 -2.266
v -22.815 9.62 -2.861
v -22.756 9.77 -3.003
v -22.773 9.664 -2.961
v -24 9.62 -2.553
v -24 9.77 -2.4
v -24 9.664 -2.445
v -24.918 9.77 -2.217
v -24.977 9.62 -2.359
v -24.936 9.664 -2.259
v -25.697 9.77 -1.697
v -25.805 9.62 -1.805
v -25.729 9.664 -1.729
v -26.217 9.77 -0.918
v -26.359 9.62 -0.977
v -26.259 9.664 -0.936
v -26.4 9.77 0
v -26.553 9.62 0
v -26.445 9.664 0
v -26.217 9.77 0.918
v -26.359 9.62 0.977
v -26.259 9.664 0.936
v -25.697 9.77 1.697
v -25.805 9.62 1.805
v -25.729 9.664 1.729
v -24.918 9.77 2.217
v -24.977 9.62 2.359
v -24.936 9.664 2.259
v -24 9.77 2.4
v -24 9.62 2.553
v -24 9.664 2.445
v -23.082 9.77 2.217
v -23.023 9.62 2.359
v -23.064 9.664 2.259
v -22.303 9.77 1.697
v -22.195 9.62 1.805
v -22.271 9.664 1.729
v -21.783 9.77 0.918
v -21.641 9.62 0.977
v -21.741 9.664 0.936
v -21.6 9.77 0
v -21.447 9.62 0
v -21.555 9.664 0
v -21.783 9.77 -0.918
v -21.641 9.62 -0.977
v -21.741 9.664 -0.936
v -22.303 9.77 -1.697
v -22.195 9.62 -1.805
v -22.271 9.664 -1.729
v -23.082 9.77 -2.217
v -23.023 9.62 -2.359
v -23.064 9.664 -2.259
v -16 11.7 -3.25
v -17.244 11.7 -3.003
v -18.298 11.7 -2.298
v -19.003 11.7 -1.244
v -19.25 11.7 0
v -19.003 11.7 1.244
v -18.298 11.7 2.298
v -17.244 11.7 3.003
v -16 11.7 3.25
v -14.756 11.7 3.003
v -13.702 11.7 2.298
v -12.997 11.7 1.244
v -12.75 11.7 0
v -12.997 11.7 -1.244
v -13.702 11.7 -2.298
v -14.756 11.7 -3.003
v -16 11.7 -2.4
v -16.918 11.7 -2.217
v -17.697 11.7 -1.697
v -18.217 11.7 -0.918
v -18.4 11.7 0
v -18.217 11.7 0.918
v -17.697 11.7 1.697
v -16.918 11.7 2.217
v -16 11.7 2.4
v -15.082 11.7 2.217
v -14.303 11.7 1.697
v -13.783 11.7 0.918
v -13.6 11.7 0
v -13.783 11.7 -0.918
v -14.303 11.7 -1.697
v -15.082 11.7 -2.217
v -16 9.77 -3.25
v -16 9.62 -3.097
v -16 9.664 -3.205
v -17.185 9.62 -2.861
v -17.244 9.77 -3.003
v -17.227 9.664 -2.961
v -18.19 9.62 -2.19
v -18.298 9.77 -2.298
v -18.266 9.664 -2.266
v -18.861 9.62 -1.185
v -19.003 9.77 -1.244
v -18.961 9.664 -1.227
v -19.097 9.62 0
v -19.25 9.77 0
v -19.205 9.664 0
v -18.861 9.62 1.185
v -19.003 9.77 1.244
v -18.961 9.664 1.227
v -18.19 9.62 2.19
v -18.298 9.77 2.298
v -18.266 9.664 2.266
v -17.185 9.62 2.861
v -17.244 9.77 3.003
v -17.227 9.664 2.961
v -16 9.62 3.097
v -16 9.77 3.25
v -16 9.664 3.205
v -14.815 9.62 2.861
v -14.756 9.77 3.003
v -14.773 9.664 2.961
v -13.81 9.62 2.19
v -13.702 9.77 2.298
v -13.734 9.664 2.266
v -13.139 9.62 1.185
v -12.997 9.77 1.244
v -13.039 9.664 1.227
v -12.903 9.62 0
v -12.75 9.77 0
v -12.795 9.664 0
v -13.139 9.62 -1.185
v -12.997 9.77 -1.244
v -13.039 9.664 -1.227
v -13.81 9.62 -2.19
v -13.702 9.77 -2.298
v -13.734 9.664 -2.266
v -14.815 9.62 -2.861
v -14.756 9.77 -3.003
v -14.773 9.664 -2.961
v -16 9.62 -2.553
v -16 9.77 -2.4
v -16 9.664 -2.445
v -16.918 9.77 -2.217
v -16.977 9.62 -2.359
v -16.936 9.664 -2.259
v -17.697 9.77 -1.697
v -17.805 9.62 -1.805
v -17.729 9.664 -1.729
v -18.217 9.77 -0.918
v -18.359 9.62 -0.977
v -18.259 9.664 -0.936
v -18.4 9.77 0
v -18.553 9.62 0
v -18.445 9.664 0
v -18.217 9.77 0.918
v -18.359 9.62 0.977
v -18.259 9.664 0.936
v -17.697 9.77 1.697
v -17.805 9.62 1.805
v -17.729 9.664 1.729
v -16.918 9.77 2.217
v -16.977 9.62 2.359
v -16.936 9.664 2.259
v -16 9.77 2.4
v -16 9.62 2.553
v -16 9.664 2.445
v -15.082 9.77 2.217
v -15.023 9.62 2.359
v -15.064 9.664 2.259
v -14.303 9.77 1.697
v -14.195 9.62 1.805
v -14.271 9.664 1.729
v -13.783 9.77 0.918
v -13.641 9.62 0.977
v -13.741 9.664 0.936
v -13.6 9.77 0
v -13.447 9.62 0
v -13.555 9.664 0
v -13.783 9.77 -0.918
v -13.641 9.62 -0.977
v -13.741 9.664 -0.936
v -14.303 9.77 -1.697
v -14.195 9.62 -1.805
v -14.271 9.664 -1.729
v -15.082 9.77 -2.217
v -15.023 9.62 -2.359
v -15.064 9.664 -2.259
v -8 11.7 -3.25
v -9.244 11.7 -3.003
v -10.298 11.7 -2.298
v -11.003 11.7 -1.244
v -11.25 11.7 0
v -11.003 11.7 1.244
v -10.298 11.7 2.298
v -9.244 11.7 3.003
v -8 11.7 3.25
v -6.756 11.7 3.003
v -5.702 11.7 2.298
v -4.997 11.7 1.244
v -4.75 11.7 0
v -4.997 11.7 -1.244
v -5.702 11.7 -2.298
v -6.756 11.7 -3.003
v -8 11.7 -2.4
v -8.918 11.7 -2.217
v -9.697 11.7 -1.697
v -10.217 11.7 -0.918
v -10.4 11.7 0
v -10.217 11.7 0.918
v -9.697 11.7 1.697
v -8.918 11.7 2.217
v -8 11.7 2.4
v -7.082 11.7 2.217
v -6.303 11.7 1.697
v -5.783 11.7 0.918
v -5.6 11.7 0
v -5.783 11.7 -0.918
v -6.303 11.7 -1.697
v -7.082 11.7 -2.217
v -8 9.77 -3.25
v -8 9.62 -3.097
v -8 9.664 -3.205
v -9.185 9.62 -2.861
v -9.244 9.77 -3.003
v -9.227 9.664 -2.961
v -10.19 9.62 -2.19
v -10.298 9.77 -2.298
v -10.266 9.664 -2.266
v -10.861 9.62 -1.185
v -11.003 9.77 -1.244
v -10.961 9.664 -1.227
v -11.097 9.62 0
v -11.25 9.77 0
v -11.205 9.664 0
v -10.861 9.62 1.185
v -11.003 9.77 1.244
v -10.961 9.664 1.227
v -10.19 9.62 2.19
v -10.298 9.77 2.298
v -10.266 9.664 2.266
v -9.185 9.62 2.861
v -9.244 9.77 3.003
v -9.227 9.664 2.961
v -8 9.62 3.097
v -8 9.77 3.25
v -8 9.664 3.205
v -6.815 9.62 2.861
v -6.756 9.77 3.003
v -6.773 9.664 2.961
v -5.81 9.62 2.19
v -5.702 9.77 2.298
v -5.734 9.664 2.266
v -5.139 9.62 1.185
v -4.997 9.77 1.244
v -5.039 9.664 1.227
v -4.903 9.62 0
v -4.75 9.77 0
v -4.795 9.664 0
v -5.139 9.62 -1.185
v -4.997 9.77 -1.244
v -5.039 9.664 -1.227
v -5.81 9.62 -2.19
v -5.702 9.77 -2.298
v -5.734 9.664 -2.266
v -6.815 9.62 -2.861
v -6.756 9.77 -3.003
v -6.773 9.664 -2.961
v -8 9.62 -2.553
v -8 9.77 -2.4
v -8 9.664 -2.445
v -8.918 9.77 -2.217
v -8.977 9.62 -2.359
v -8.936 9.664 -2.259
v -9.697 9.77 -1.697
v -9.805 9.62 -1.805
v -9.729 9.664 -1.729
v -10.217 9.77 -0.918
v -10.359 9.62 -0.977
v -10.259 9.664 -0.936
v -10.4 9.77 0
v -10.553 9.62 0
v -10.445 9.664 0
v -10.217 9.77 0.918
v -10.359 9.62 0.977
v -10.259 9.664 0.936
v -9.697 9.77 1.697
v -9.805 9.62 1.805
v -9.729 9.664 1.729
v -8.918 9.77 2.217
v -8.977 9.62 2.359
v -8.936 9.664 2.259
v -8 9.77 2.4
v -8 9.62 2.553
v -8 9.664 2.445
v -7.082 9.77 2.217
v -7.023 9.62 2.359
v -7.064 9.664 2.259
v -6.303 9.77 1.697
v -6.195 9.62 1.805
v -6.271 9.664 1.729
v -5.783 9.77 0.918
v -5.641 9.62 0.977
v -5.741 9.664 0.936
v -5.6 9.77 0
v -5.447 9.62 0
v -5.555 9.664 0
v -5.783 9.77 -0.918
v -5.641 9.62 -0.977
v -5.741 9.664 -0.936
v -6.303 9.77 -1.697
v -6.195 9.62 -1.805
v -6.271 9.664 -1.729
v -7.082 9.77 -2.217
v -7.023 9.62 -2.359
v -7.064 9.664 -2.259
v 0 11.7 -3.25
v -1.244 11.7 -3.003
v -2.298 11.7 -2.298
v -3.003 11.7 -1.244
v -3.25 11.7 0
v -3.003 11.7 1.244
v -2.298 11.7 2.298
v -1.244 11.7 3.003
v 0 11.7 3.25
v 1.244 11.7 3.003
v 2.298 11.7 2.298
v 3.003 11.7 1.244
v 3.25 11.7 0
v 3.003 11.7 -1.244
v 2.298 11.7 -2.298
v 1.244 11.7 -3.003
v 0 11.7 -2.4
v -0.918 11.7 -2.217
v -1.697 11.7 -1.697
v -2.217 11.7 -0.918
v -2.4 11.7 0
v -2.217 11.7 0.918
v -1.697 11.7 1.697
v -0.918 11.7 2.217
v 0 11.7 2.4
v 0.918 11.7 2.217
v 1.697 11.7 1.697
v 2.217 11.7 0.918
v 2.4 11.7 0
v 2.217 11.7 -0.918
v 1.697 11.7 -1.697
v 0.918 11.7 -2.217
v 0 9.77 -3.25
v 0 9.62 -3.097
v 0 9.664 -3.205
v -1.185 9.62 -2.861
v -1.244 9.77 -3.003
v -1.227 9.664 -2.961
v -2.19 9.62 -2.19
v -2.298 9.77 -2.298
v -2.266 9.664 -2.266
v -2.861 9.62 -1.185
v -3.003 9.77 -1.244
v -2.961 9.664 -1.227
v -3.097 9.62 0
v -3.25 9.77 0
v -3.205 9.664 0
v -2.861 9.62 1.185
v -3.003 9.77 1.244
v -2.961 9.664 1.227
v -2.19 9.62 2.19
v -2.298 9.77 2.298
v -2.266 9.664 2.266
v -1.185 9.62 2.861
v -1.244 9.77 3.003
v -1.227 9.664 2.961
v 0 9.62 3.097
v 0 9.77 3.25
v 0 9.664 3.205
v 1.185 9.62 2.861
v 1.244 9.77 3.003
v 1.227 9.664 2.961
v 2.19 9.62 2.19
v 2.298 9.77 2.298
v 2.266 9.664 2.266
v 2.861 9.62 1.185
v 3.003 9.77 1.244
v 2.961 9.664 1.227
v 3.097 9.62 0
v 3.25 9.77 0
v 3.205 9.664 0
v 2.861 9.62 -1.185
v 3.003 9.77 -1.244
v 2.961 9.664 -1.227
v 2.19 9.62 -2.19
v 2.298 9.77 -2.298
v 2.266 9.664 -2.266
v 1.185 9.62 -2.861
v 1.244 9.77 -3.003
v 1.227 9.664 -2.961
v 0 9.62 -2.553
v 0 9.77 -2.4
v 0 9.664 -2.445
v -0.918 9.77 -2.217
v -0.977 9.62 -2.359
v -0.936 9.664 -2.259
v -1.697 9.77 -1.697
v -1.805 9.62 -1.805
v -1.729 9.664 -1.729
v -2.217 9.77 -0.918
v -2.359 9.62 -0.977
v -2.259 9.664 -0.936
v -2.4 9.77 0
v -2.553 9.62 0
v -2.445 9.664 0
v -2.217 9.77 0.918
v -2.359 9.62 0.977
v -2.259 9.664 0.936
v -1.697 9.77 1.697
v -1.805 9.62 1.805
v -1.729 9.664 1.729
v -0.918 9.77 2.217
v -0.977 9.62 2.359
v -0.936 9.664 2.259
v 0 9.77 2.4
v 0 9.62 2.553
v 0 9.664 2.445
v 0.918 9.77 2.217
v 0.977 9.62 2.359
v 0.936 9.664 2.259
v 1.697 9.77 1.697
v 1.805 9.62 1.805
v 1.729 9.664 1.729
v 2.217 9.77 0.918
v 2.359 9.62 0.977
v 2.259 9.664 0.936
v 2.4 9.77 0
v 2.553 9.62 0
v 2.445 9.664 0
v 2.217 9.77 -0.918
v 2.359 9.62 -0.977
v 2.259 9.664 -0.936
v 1.697 9.77 -1.697
v 1.805 9.62 -1.805
v 1.729 9.664 -1.729
v 0.918 9.77 -2.217
v 0.977 9.62 -2.359
v 0.936 9.664 -2.259
v 8 11.7 -3.25
v 6.756 11.7 -3.003
v 5.702 11.7 -2.298
v 4.997 11.7 -1.244
v 4.75 11.7 0
v 4.997 11.7 1.244
v 5.702 11.7 2.298
v 6.756 11.7 3.003
v 8 11.7 3.25
v 9.244 11.7 3.003
v 10.298 11.7 2.298
v 11.003 11.7 1.244
v 11.25 11.7 0
v 11.003 11.7 -1.244
v 10.298 11.7 -2.298
v 9.244 11.7 -3.003
v 8 11.7 -2.4
v 7.082 11.7 -2.217
v 6.303 11.7 -1.697
v 5.783 11.7 -0.918
v 5.6 11.7 0
v 5.783 11.7 0.918
v 6.303 11.7 1.697
v 7.082 11.7 2.217
v 8 11.7 2.4
v 8.918 11.7 2.217
v 9.697 11.7 1.697
v 10.217 11.7 0.918
v 10.4 11.7 0
v 10.217 11.7 -0.918
v 9.697 11.7 -1.697
v 8.918 11.7 -2.217
v 8 9.77 -3.25
v 8 9.62 -3.097
v 8 9.664 -3.205
v 6.815 9.62 -2.861
v 6.756 9.77 -3.003
v 6.773 9.664 -2.961
v 5.81 9.62 -2.19
v 5.702 9.77 -2.298
v 5.734 9.664 -2.266
v 5.139 9.62 -1.185
v 4.997 9.77 -1.244
v 5.039 9.664 -1.227
v 4.903 9.62 0
v 4.75 9.77 0
v 4.795 9.664 0
v 5.139 9.62 1.185
v 4.997 9.77 1.244
v 5.039 9.664 1.227
v 5.81 9.62 2.19
v 5.702 9.77 2.298
v 5.734 9.664 2.266
v 6.815 9.62 2.861
v 6.756 9.77 3.003
v 6.773 9.664 2.961
v 8 9.62 3.097
v 8 9.77 3.25
v 8 9.664 3.205
v 9.185 9.62 2.861
v 9.244 9.77 3.003
v 9.227 9.664 2.961
v 10.19 9.62 2.19
v 10.298 9.77 2.298
v 10.266 9.664 2.266
v 10.861 9.62 1.185
v 11.003 9.77 1.244
v 10.961 9.664 1.227
v 11.097 9.62 0
v 11.25 9.77 0
v 11.205 9.664 0
v 10.861 9.62 -1.185
v 11.003 9.77 -1.244
v 10.961 9.664 -1.227
v 10.19 9.62 -2.19
v 10.298 9.77 -2.298
v 10.266 9.664 -2.266
v 9.185 9.62 -2.861
v 9.244 9.77 -3.003
v 9.227 9.664 -2.961
v 8 9.62 -2.553
v 8 9.77 -2.4
v 8 9.664 -2.445
v 7.082 9.77 -2.217
v 7.023 9.62 -2.359
v 7.064 9.664 -2.259
v 6.303 9.77 -1.697
v 6.195 9.62 -1.805
v 6.271 9.664 -1.729
v 5.783 9.77 -0.918
v 5.641 9.62 -0.977
v 5.741 9.664 -0.936
v 5.6 9.77 0
v 5.447 9.62 0
v 5.555 9.664 0
v 5.783 9.77 0.918
v 5.641 9.62 0.977
v 5.741 9.664 0.936
v 6.303 9.77 1.697
v 6.195 9.62 1.805
v 6.271 9.664 1.729
v 7.082 9.77 2.217
v 7.023 9.62 2.359
v 7.064 9.664 2.259
v 8 9.77 2.4
v 8 9.62 2.553
v 8 9.664 2.445
v 8.918 9.77 2.217
v 8.977 9.62 2.359
v 8.936 9.664 2.259
v 9.697 9.77 1.697
v 9.805 9.62 1.805
v 9.729 9.664 1.729
v 10.217 9.77 0.918
v 10.359 9.62 0.977
v 10.259 9.664 0.936
v 10.4 9.77 0
v 10.553 9.62 0
v 10.445 9.664 0
v 10.217 9.77 -0.918
v 10.359 9.62 -0.977
v 10.259 9.664 -0.936
v 9.697 9.77 -1.697
v 9.805 9.62 -1.805
v 9.729 9.664 -1.729
v 8.918 9.77 -2.217
v 8.977 9.62 -2.359
v 8.936 9.664 -2.259
v 16 11.7 -3.25
v 14.756 11.7 -3.003
v 13.702 11.7 -2.298
v 12.997 11.7 -1.244
v 12.75 11.7 0
v 12.997 11.7 1.244
v 13.702 11.7 2.298
v 14.756 11.7 3.003
v 16 11.7 3.25
v 17.244 11.7 3.003
v 18.298 11.7 2.298
v 19.003 11.7 1.244
v 19.25 11.7 0
v 19.003 11.7 -1.244
v 18.298 11.7 -2.298
v 17.244 11.7 -3.003
v 16 11.7 -2.4
v 15.082 11.7 -2.217
v 14.303 11.7 -1.697
v 13.783 11.7 -0.918
v 13.6 11.7 0
v 13.783 11.7 0.918
v 14.303 11.7 1.697
v 15.082 11.7 2.217
v 16 11.7 2.4
v 16.918 11.7 2.217
v 17.697 11.7 1.697
v 18.217 11.7 0.918
v 18.4 11.7 0
v 18.217 11.7 -0.918
v 17.697 11.7 -1.697
v 16.918 11.7 -2.217
v 16 9.77 -3.25
v 16 9.62 -3.097
v 16 9.664 -3.205
v 14.815 9.62 -2.861
v 14.756 9.77 -3.003
v 14.773 9.664 -2.961
v 13.81 9.62 -2.19
v 13.702 9.77 -2.298
v 13.734 9.664 -2.266
v 13.139 9.62 -1.185
v 12.997 9.77 -1.244
v 13.039 9.664 -1.227
v 12.903 9.62 0
v 12.75 9.77 0
v 12.795 9.664 0
v 13.139 9.62 1.185
v 12.997 9.77 1.244
v 13.039 9.664 1.227
v 13.81 9.62 2.19
v 13.702 9.77 2.298
v 13.734 9.664 2.266
v 14.815 9.62 2.861
v 14.756 9.77 3.003
v 14.773 9.664 2.961
v 16 9.62 3.097
v 16 9.77 3.25
v 16 9.664 3.205
v 17.185 9.62 2.861
v 17.244 9.77 3.003
v 17.227 9.664 2.961
v 18.19 9.62 2.19
v 18.298 9.77 2.298
v 18.266 9.664 2.266
v 18.861 9.62 1.185
v 19.003 9.77 1.244
v 18.961 9.664 1.227
v 19.097 9.62 0
v 19.25 9.77 0
v 19.205 9.664 0
v 18.861 9.62 -1.185
v 19.003 9.77 -1.244
v 18.961 9.664 -1.227
v 18.19 9.62 -2.19
v 18.298 9.77 -2.298
v 18.266 9.664 -2.266
v 17.185 9.62 -2.861
v 17.244 9.77 -3.003
v 17.227 9.664 -2.961
v 16 9.62 -2.553
v 16 9.77 -2.4
v 16 9.664 -2.445
v 15.082 9.77 -2.217
v 15.023 9.62 -2.359
v 15.064 9.664 -2.259
v 14.303 9.77 -1.697
v 14.195 9.62 -1.805
v 14.271 9.664 -1.729
v 13.783 9.77 -0.918
v 13.641 9.62 -0.977
v 13.741 9.664 -0.936
v 13.6 9.77 0
v 13.447 9.62 0
v 13.555 9.664 0
v 13.783 9.77 0.918
v 13.641 9.62 0.977
v 13.741 9.664 0.936
v 14.303 9.77 1.697
v 14.195 9.62 1.805
v 14.271 9.664 1.729
v 15.082 9.77 2.217
v 15.023 9.62 2.359
v 15.064 9.664 2.259
v 16 9.77 2.4
v 16 9.62 2.553
v 16 9.664 2.445
v 16.918 9.77 2.217
v 16.977 9.62 2.359
v 16.936 9.664 2.259
v 17.697 9.77 1.697
v 17.805 9.62 1.805
v 17.729 9.664 1.729
v 18.217 9.77 0.918
v 18.359 9.62 0.977
v 18.259 9.664 0.936
v 18.4 9.77 0
v 18.553 9.62 0
v 18.445 9.664 0
v 18.217 9.77 -0.918
v 18.359 9.62 -0.977
v 18.259 9.664 -0.936
v 17.697 9.77 -1.697
v 17.805 9.62 -1.805
v 17.729 9.664 -1.729
v 16.918 9.77 -2.217
v 16.977 9.62 -2.359
v 16.936 9.664 -2.259
v 24 11.7 -3.25
v 22.756 11.7 -3.003
v 21.702 11.7 -2.298
v 20.997 11.7 -1.244
v 20.75 11.7 0
v 20.997 11.7 1.244
v 21.702 11.7 2.298
v 22.756 11.7 3.003
v 24 11.7 3.25
v 25.244 11.7 3.003
v 26.298 11.7 2.298
v 27.003 11.7 1.244
v 27.25 11.7 0
v 27.003 11.7 -1.244
v 26.298 11.7 -2.298
v 25.244 11.7 -3.003
v 24 11.7 -2.4
v 23.082 11.7 -2.217
v 22.303 11.7 -1.697
v 21.783 11.7 -0.918
v 21.6 11.7 0
v 21.783 11.7 0.918
v 22.303 11.7 1.697
v 23.082 11.7 2.217
v 24 11.7 2.4
v 24.918 11.7 2.217
v 25.697 11.7 1.697
v 26.217 11.7 0.918
v 26.4 11.7 0
v 26.217 11.7 -0.918
v 25.697 11.7 -1.697
v 24.918 11.7 -2.217
v 24 9.77 -3.25
v 24 9.62 -3.097
v 24 9.664 -3.205
v 22.815 9.62 -2.861
v 22.756 9.77 -3.003
v 22.773 9.664 -2.961
v 21.81 9.62 -2.19
v 21.702 9.77 -2.298
v 21.734 9.664 -2.266
v 21.139 9.62 -1.185
v 20.997 9.77 -1.244
v 21.039 9.664 -1.227
v 20.903 9.62 0
v 20.75 9.77 0
v 20.795 9.664 0
v 21.139 9.62 1.185
v 20.997 9.77 1.244
v 21.039 9.664 1.227
v 21.81 9.62 2.19
v 21.702 9.77 2.298
v 21.734 9.664 2.266
v 22.815 9.62 2.861
v 22.756 9.77 3.003
v 22.773 9.664 2.961
v 24 9.62 3.097
v 24 9.77 3.25
v 24 9.664 3.205
v 25.185 9.62 2.861
v 25.244 9.77 3.003
v 25.227 9.664 2.961
v 26.19 9.62 2.19
v 26.298 9.77 2.298
v 26.266 9.664 2.266
v 26.861 9.62 1.185
v 27.003 9.77 1.244
v 26.961 9.664 1.227
v 27.097 9.62 0
v 27.25 9.77 0
v 27.205 9.664 0
v 26.861 9.62 -1.185
v 27.003 9.77 -1.244
v 26.961 9.664 -1.227
v 26.19 9.62 -2.19
v 26.298 9.77 -2.298
v 26.266 9.664 -2.266
v 25.185 9.62 -2.861
v 25.244 9.77 -3.003
v 25.227 9.664 -2.961
v 24 9.62 -2.553
v 24 9.77 -2.4
v 24 9.664 -2.445
v 23.082 9.77 -2.217
v 23.023 9.62 -2.359
v 23.064 9.664 -2.259
v 22.303 9.77 -1.697
v 22.195 9.62 -1.805
v 22.271 9.664 -1.729
v 21.783 9.77 -0.918
v 21.641 9.62 -0.977
v 21.741 9.664 -0.936
v 21.6 9.77 0
v 21.447 9.62 0
v 21.555 9.664 0
v 21.783 9.77 0.918
v 21.641 9.62 0.977
v 21.741 9.664 0.936
v 22.303 9.77 1.697
v 22.195 9.62 1.805
v 22.271 9.664 1.729
v 23.082 9.77 2.217
v 23.023 9.62 2.359
v 23.064 9.664 2.259
v 24 9.77 2.4
v 24 9.62 2.553
v 24 9.664 2.445
v 24.918 9.77 2.217
v 24.977 9.62 2.359
v 24.936 9.664 2.259
v 25.697 9.77 1.697
v 25.805 9.62 1.805
v 25.729 9.664 1.729
v 26.217 9.77 0.918
v 26.359 9.62 0.977
v 26.259 9.664 0.936
v 26.4 9.77 0
v 26.553 9.62 0
v 26.445 9.664 0
v 26.217 9.77 -0.918
v 26.359 9.62 -0.977
v 26.259 9.664 -0.936
v 25.697 9.77 -1.697
v 25.805 9.62 -1.805
v 25.729 9.664 -1.729
v 24.918 9.77 -2.217
v 24.977 9.62 -2.359
v 24.936 9.664 -2.259
v 32 11.7 -3.25
v 30.756 11.7 -3.003
v 29.702 11.7 -2.298
v 28.997 11.7 -1.244
v 28.75 11.7 0
v 28.997 11.7 1.244
v 29.702 11.7 2.298
v 30.756 11.7 3.003
v 32 11.7 3.25
v 33.244 11.7 3.003
v 34.298 11.7 2.298
v 35.003 11.7 1.244
v 35.25 11.7 0
v 35.003 11.7 -1.244
v 34.298 11.7 -2.298
v 33.244 11.7 -3.003
v 32 11.7 -2.4
v 31.082 11.7 -2.217
v 30.303 11.7 -1.697
v 29.783 11.7 -0.918
v 29.6 11.7 0
v 29.783 11.7 0.918
v 30.303 11.7 1.697
v 31.082 11.7 2.217
v 32 11.7 2.4
v 32.918 11.7 2.217
v 33.697 11.7 1.697
v 34.217 11.7 0.918
v 34.4 11.7 0
v 34.217 11.7 -0.918
v 33.697 11.7 -1.697
v 32.918 11.7 -2.217
v 32 9.77 -3.25
v 32 9.62 -3.097
v 32 9.664 -3.205
v 30.815 9.62 -2.861
v 30.756 9.77 -3.003
v 30.773 9.664 -2.961
v 29.81 9.62 -2.19
v 29.702 9.77 -2.298
v 29.734 9.664 -2.266
v 29.139 9.62 -1.185
v 28.997 9.77 -1.244
v 29.039 9.664 -1.227
v 28.903 9.62 0
v 28.75 9.77 0
v 28.795 9.664 0
v 29.139 9.62 1.185
v 28.997 9.77 1.244
v 29.039 9.664 1.227
v 29.81 9.62 2.19
v 29.702 9.77 2.298
v 29.734 9.664 2.266
v 30.815 9.62 2.861
v 30.756 9.77 3.003
v 30.773 9.664 2.961
v 32 9.62 3.097
v 32 9.77 3.25
v 32 9.664 3.205
v 33.185 9.62 2.861
v 33.244 9.77 3.003
v 33.227 9.664 2.961
v 34.19 9.62 2.19
v 34.298 9.77 2.298
v 34.266 9.664 2.266
v 34.861 9.62 1.185
v 35.003 9.77 1.244
v 34.961 9.664 1.227
v 35.097 9.62 0
v 35.25 9.77 0
v 35.205 9.664 0
v 34.861 9.62 -1.185
v 35.003 9.77 -1.244
v 34.961 9.664 -1.227
v 34.19 9.62 -2.19
v 34.298 9.77 -2.298
v 34.266 9.664 -2.266
v 33.185 9.62 -2.861
v 33.244 9.77 -3.003
v 33.227 9.664 -2.961
v 32 9.62 -2.553
v 32 9.77 -2.4
v 32 9.664 -2.445
v 31.082 9.77 -2.217
v 31.023 9.62 -2.359
v 31.064 9.664 -2.259
v 30.303 9.77 -1.697
v 30.195 9.62 -1.805
v 30.271 9.664 -1.729
v 29.783 9.77 -0.918
v 29.641 9.62 -0.977
v 29.741 9.664 -0.936
v 29.6 9.77 0
v 29.447 9.62 0
v 29.555 9.664 0
v 29.783 9.77 0.918
v 29.641 9.62 0.977
v 29.741 9.664 0.936
v 30.303 9.77 1.697
v 30.195 9.62 1.805
v 30.271 9.664 1.729
v 31.082 9.77 2.217
v 31.023 9.62 2.359
v 31.064 9.664 2.259
v 32 9.77 2.4
v 32 9.62 2.553
v 32 9.664 2.445
v 32.918 9.77 2.217
v 32.977 9.62 2.359
v 32.936 9.664 2.259
v 33.697 9.77 1.697
v 33.805 9.62 1.805
v 33.729 9.664 1.729
v 34.217 9.77 0.918
v 34.359 9.62 0.977
v 34.259 9.664 0.936
v 34.4 9.77 0
v 34.553 9.62 0
v 34.445 9.664 0
v 34.217 9.77 -0.918
v 34.359 9.62 -0.977
v 34.259 9.664 -0.936
v 33.697 9.77 -1.697
v 33.805 9.62 -1.805
v 33.729 9.664 -1.729
v 32.918 9.77 -2.217
v 32.977 9.62 -2.359
v 32.936 9.664 -2.259
v 40 11.7 -3.25
v 38.756 11.7 -3.003
v 37.702 11.7 -2.298
v 36.997 11.7 -1.244
v 36.75 11.7 0
v 36.997 11.7 1.244
v 37.702 11.7 2.298
v 38.756 11.7 3.003
v 40 11.7 3.25
v 41.244 11.7 3.003
v 42.298 11.7 2.298
v 43.003 11.7 1.244
v 43.25 11.7 0
v 43.003 11.7 -1.244
v 42.298 11.7 -2.298
v 41.244 11.7 -3.003
v 40 11.7 -2.4
v 39.082 11.7 -2.217
v 38.303 11.7 -1.697
v 37.783 11.7 -0.918
v 37.6 11.7 0
v 37.783 11.7 0.918
v 38.303 11.7 1.697
v 39.082 11.7 2.217
v 40 11.7 2.4
v 40.918 11.7 2.217
v 41.697 11.7 1.697
v 42.217 11.7 0.918
v 42.4 11.7 0
v 42.217 11.7 -0.918
v 41.697 11.7 -1.697
v 40.918 11.7 -2.217
v 40 9.77 -3.25
v 40 9.62 -3.097
v 40 9.664 -3.205
v 38.815 9.62 -2.861
v 38.756 9.77 -3.003
v 38.773 9.664 -2.961
v 37.81 9.62 -2.19
v 37.702 9.77 -2.298
v 37.734 9.664 -2.266
v 37.139 9.62 -1.185
v 36.997 9.77 -1.244
v 37.039 9.664 -1.227
v 36.903 9.62 0
v 36.75 9.77 0
v 36.795 9.664 0
v 37.139 9.62 1.185
v 36.997 9.77 1.244
v 37.039 9.664 1.227
v 37.81 9.62 2.19
v 37.702 9.77 2.298
v 37.734 9.664 2.266
v 38.815 9.62 2.861
v 38.756 9.77 3.003
v 38.773 9.664 2.961
v 40 9.62 3.097
v 40 9.77 3.25
v 40 9.664 3.205
v 41.185 9.62 2.861
v 41.244 9.77 3.003
v 41.227 9.664 2.961
v 42.19 9.62 2.19
v 42.298 9.77 2.298
v 42.266 9.664 2.266
v 42.861 9.62 1.185
v 43.003 9.77 1.244
v 42.961 9.664 1.227
v 43.097 9.62 0
v 43.25 9.77 0
v 43.205 9.664 0
v 42.861 9.62 -1.185
v 43.003 9.77 -1.244
v 42.961 9.664 -1.227
v 42.19 9.62 -2.19
v 42.298 9.77 -2.298
v 42.266 9.664 -2.266
v 41.185 9.62 -2.861
v 41.244 9.77 -3.003
v 41.227 9.664 -2.961
v 40 9.62 -2.553
v 40 9.77 -2.4
v 40 9.664 -2.445
v 39.082 9.77 -2.217
v 39.023 9.62 -2.359
v 39.064 9.664 -2.259
v 38.303 9.77 -1.697
v 38.195 9.62 -1.805
v 38.271 9.664 -1.729
v 37.783 9.77 -0.918
v 37.641 9.62 -0.977
v 37.741 9.664 -0.936
v 37.6 9.77 0
v 37.447 9.62 0
v 37.555 9.664 0
v 37.783 9.77 0.918
v 37.641 9.62 0.977
v 37.741 9.664 0.936
v 38.303 9.77 1.697
v 38.195 9.62 1.805
v 38.271 9.664 1.729
v 39.082 9.77 2.217
v 39.023 9.62 2.359
v 39.064 9.664 2.259
v 40 9.77 2.4
v 40 9.62 2.553
v 40 9.664 2.445
v 40.918 9.77 2.217
v 40.977 9.62 2.359
v 40.936 9.664 2.259
v 41.697 9.77 1.697
v 41.805 9.62 1.805
v 41.729 9.664 1.729
v 42.217 9.77 0.918
v 42.359 9.62 0.977
v 42.259 9.664 0.936
v 42.4 9.77 0
v 42.553 9.62 0
v 42.445 9.664 0
v 42.217 9.77 -0.918
v 42.359 9.62 -0.977
v 42.259 9.664 -0.936
v 41.697 9.77 -1.697
v 41.805 9.62 -1.805
v 41.729 9.664 -1.729
v 40.918 9.77 -2.217
v 40.977 9.62 -2.359
v 40.936 9.664 -2.259
usemtl MB_322
s off
f 738 756 739
f 756 741 739
f 759 664 705
f 664 662 705
f 752 744 740
f 744 745 740
f 668 754 746
f 754 747 746
f 761 689 668
f 689 754 668
f 658 748 749
f 748 750 749
f 740 745 665
f 745 659 665
f 656 742 667
f 742 743 667
f 662 666 685
f 666 755 685
f 753 688 752
f 688 744 752
f 669 657 663
f 657 660 663
f 751 707 738
f 707 756 738
f 667 743 686
f 743 687 686
f 705 662 736
f 662 685 736
f 664 661 662
f 661 666 662
f 684 663 737
f 663 704 737
f 760 669 684
f 669 663 684
f 749 750 758
f 750 709 758
f 665 659 706
f 659 708 706
f 663 660 704
f 660 757 704
f 762 763 778
f 763 765 778
f 781 731 678
f 731 676 678
f 776 764 768
f 764 769 768
f 682 770 777
f 770 771 777
f 761 682 689
f 682 777 689
f 672 773 772
f 773 774 772
f 764 679 769
f 679 673 769
f 670 681 766
f 681 767 766
f 676 685 680
f 685 755 680
f 753 776 688
f 776 768 688
f 683 677 671
f 677 674 671
f 775 762 733
f 762 778 733
f 681 686 767
f 686 687 767
f 731 736 676
f 736 685 676
f 678 676 675
f 676 680 675
f 684 737 677
f 737 730 677
f 760 684 683
f 684 677 683
f 773 780 774
f 780 735 774
f 679 732 673
f 732 734 673
f 677 730 674
f 730 779 674
f 782 783 799
f 783 785 799
f 759 705 698
f 705 696 698
f 795 784 788
f 784 789 788
f 702 790 797
f 790 791 797
f 801 702 729
f 702 797 729
f 692 793 792
f 793 794 792
f 784 699 789
f 699 693 789
f 690 701 786
f 701 787 786
f 696 725 700
f 725 798 700
f 796 795 728
f 795 788 728
f 703 697 691
f 697 694 691
f 751 782 707
f 782 799 707
f 701 726 787
f 726 727 787
f 705 736 696
f 736 725 696
f 698 696 695
f 696 700 695
f 724 737 697
f 737 704 697
f 800 724 703
f 724 697 703
f 793 758 794
f 758 709 794
f 699 706 693
f 706 708 693
f 697 704 694
f 704 757 694
f 802 817 803
f 817 805 803
f 781 718 731
f 718 716 731
f 815 808 804
f 808 809 804
f 722 816 810
f 816 811 810
f 801 729 722
f 729 816 722
f 712 812 813
f 812 814 813
f 804 809 719
f 809 713 719
f 710 806 721
f 806 807 721
f 716 720 725
f 720 798 725
f 796 728 815
f 728 808 815
f 723 711 717
f 711 714 717
f 775 733 802
f 733 817 802
f 721 807 726
f 807 727 726
f 731 716 736
f 716 725 736
f 718 715 716
f 715 720 716
f 724 717 737
f 717 730 737
f 800 723 724
f 723 717 724
f 813 814 780
f 814 735 780
f 719 713 732
f 713 734 732
f 717 714 730
f 714 779 730
f 825 868 827
f 868 867 827
f 854 858 885
f 858 882 885
f 873 852 872
f 852 849 872
f 869 872 840
f 872 842 840
f 857 855 861
f 855 874 861
f 864 871 819
f 871 868 819
f 872 849 842
f 849 846 842
f 831 866 834
f 866 837 834
f 861 874 864
f 874 871 864
f 874 855 873
f 855 852 873
f 819 868 821
f 868 825 821
f 827 867 831
f 867 866 831
f 866 869 837
f 869 840 837
f 822 823 824
f 823 826 824
f 823 821 826
f 821 825 826
f 828 829 830
f 829 832 830
f 829 827 832
f 827 831 832
f 843 844 845
f 844 847 845
f 844 842 847
f 842 846 847
f 830 832 833
f 832 835 833
f 832 831 835
f 831 834 835
f 833 835 836
f 835 838 836
f 835 834 838
f 834 837 838
f 845 847 848
f 847 850 848
f 847 846 850
f 846 849 850
f 848 850 851
f 850 853 851
f 850 849 853
f 849 852 853
f 858 859 860
f 859 862 860
f 859 857 862
f 857 861 862
f 836 838 839
f 838 841 839
f 838 837 841
f 837 840 841
f 839 841 843
f 841 844 843
f 841 840 844
f 840 842 844
f 851 853 854
f 853 856 854
f 853 852 856
f 852 855 856
f 854 856 858
f 856 859 858
f 856 855 859
f 855 857 859
f 860 862 863
f 862 865 863
f 862 861 865
f 861 864 865
f 824 826 828
f 826 829 828
f 826 825 829
f 825 827 829
f 863 865 818
f 865 820 818
f 865 864 820
f 864 819 820
f 818 820 822
f 820 823 822
f 820 819 823
f 819 821 823
f 867 870 866
f 870 869 866
f 870 873 869
f 873 872 869
f 868 871 867
f 871 870 867
f 871 874 870
f 874 873 870
f 879 875 880
f 875 877 880
f 880 877 878
f 877 876 878
f 882 879 883
f 879 880 883
f 883 880 881
f 880 878 881
f 885 882 886
f 882 883 886
f 886 883 884
f 883 881 884
f 888 885 889
f 885 886 889
f 889 886 887
f 886 884 887
f 891 888 892
f 888 889 892
f 892 889 890
f 889 887 890
f 894 891 895
f 891 892 895
f 895 892 893
f 892 890 893
f 897 894 898
f 894 895 898
f 898 895 896
f 895 893 896
f 900 897 901
f 897 898 901
f 901 898 899
f 898 896 899
f 903 900 904
f 900 901 904
f 904 901 902
f 901 899 902
f 906 903 907
f 903 904 907
f 907 904 905
f 904 902 905
f 909 906 910
f 906 907 910
f 910 907 908
f 907 905 908
f 912 909 913
f 909 910 913
f 913 910 911
f 910 908 911
f 915 912 916
f 912 913 916
f 916 913 914
f 913 911 914
f 918 915 919
f 915 916 919
f 919 916 917
f 916 914 917
f 921 918 922
f 918 919 922
f 922 919 920
f 919 917 920
f 875 921 877
f 921 922 877
f 877 922 876
f 922 920 876
f 833 836 906
f 836 903 906
f 858 860 882
f 860 879 882
f 836 839 903
f 839 900 903
f 875 863 921
f 863 818 921
f 860 863 879
f 863 875 879
f 839 843 900
f 843 897 900
f 921 818 918
f 818 822 918
f 843 845 897
f 845 894 897
f 822 824 918
f 824 915 918
f 845 848 894
f 848 891 894
f 824 828 915
f 828 912 915
f 848 851 891
f 851 888 891
f 828 830 912
f 830 909 912
f 851 854 888
f 854 885 888
f 830 833 909
f 833 906 909
f 930 973 932
f 973 972 932
f 959 963 990
f 963 987 990
f 978 957 977
f 957 954 977
f 974 977 945
f 977 947 945
f 962 960 966
f 960 979 966
f 969 976 924
f 976 973 924
f 977 954 947
f 954 951 947
f 936 971 939
f 971 942 939
f 966 979 969
f 979 976 969
f 979 960 978
f 960 957 978
f 924 973 926
f 973 930 926
f 932 972 936
f 972 971 936
f 971 974 942
f 974 945 942
f 927 928 929
f 928 931 929
f 928 926 931
f 926 930 931
f 933 934 935
f 934 937 935
f 934 932 937
f 932 936 937
f 948 949 950
f 949 952 950
f 949 947 952
f 947 951 952
f 935 937 938
f 937 940 938
f 937 936 940
f 936 939 940
f 938 940 941
f 940 943 941
f 940 939 943
f 939 942 943
f 950 952 953
f 952 955 953
f 952 951 955
f 951 954 955
f 953 955 956
f 955 958 956
f 955 954 958
f 954 957 958
f 963 964 965
f 964 967 965
f 964 962 967
f 962 966 967
f 941 943 944
f 943 946 944
f 943 942 946
f 942 945 946
f 944 946 948
f 946 949 948
f 946 945 949
f 945 947 949
f 956 958 959
f 958 961 959
f 958 957 961
f 957 960 961
f 959 961 963
f 961 964 963
f 961 960 964
f 960 962 964
f 965 967 968
f 967 970 968
f 967 966 970
f 966 969 970
f 929 931 933
f 931 934 933
f 931 930 934
f 930 932 934
f 968 970 923
f 970 925 923
f 970 969 925
f 969 924 925
f 923 925 927
f 925 928 927
f 925 924 928
f 924 926 928
f 972 975 971
f 975 974 971
f 975 978 974
f 978 977 974
f 973 976 972
f 976 975 972
f 976 979 975
f 979 978 975
f 984 980 985
f 980 982 985
f 985 982 983
f 982 981 983
f 987 984 988
f 984 985 988
f 988 985 986
f 985 983 986
f 990 987 991
f 987 988 991
f 991 988 989
f 988 986 989
f 993 990 994
f 990 991 994
f 994 991 992
f 991 989 992
f 996 993 997
f 993 994 997
f 997 994 995
f 994 992 995
f 999 996 1000
f 996 997 1000
f 1000 997 998
f 997 995 998
f 1002 999 1003
f 999 1000 1003
f 1003 1000 1001
f 1000 998 1001
f 1005 1002 1006
f 1002 1003 1006
f 1006 1003 1004
f 1003 1001 1004
f 1008 1005 1009
f 1005 1006 1009
f 1009 1006 1007
f 1006 1004 1007
f 1011 1008 1012
f 1008 1009 1012
f 1012 1009 1010
f 1009 1007 1010
f 1014 1011 1015
f 1011 1012 1015
f 1015 1012 1013
f 1012 1010 1013
f 1017 1014 1018
f 1014 1015 1018
f 1018 1015 1016
f 1015 1013 1016
f 1020 1017 1021
f 1017 1018 1021
f 1021 1018 1019
f 1018 1016 1019
f 1023 1020 1024
f 1020 1021 1024
f 1024 1021 1022
f 1021 1019 1022
f 1026 1023 1027
f 1023 1024 1027
f 1027 1024 1025
f 1024 1022 1025
f 980 1026 982
f 1026 1027 982
f 982 1027 981
f 1027 1025 981
f 938 941 1011
f 941 1008 1011
f 963 965 987
f 965 984 987
f 941 944 1008
f 944 1005 1008
f 980 968 1026
f 968 923 1026
f 965 968 984
f 968 980 984
f 944 948 1005
f 948 1002 1005
f 1026 923 1023
f 923 927 1023
f 948 950 1002
f 950 999 1002
f 927 929 1023
f 929 1020 1023
f 950 953 999
f 953 996 999
f 929 933 1020
f 933 1017 1020
f 953 956 996
f 956 993 996
f 933 935 1017
f 935 1014 1017
f 956 959 993
f 959 990 993
f 935 938 1014
f 938 1011 1014
f 1035 1078 1037
f 1078 1077 1037
f 1064 1068 1095
f 1068 1092 1095
f 1083 1062 1082
f 1062 1059 1082
f 1079 1082 1050
f 1082 1052 1050
f 1067 1065 1071
f 1065 1084 1071
f 1074 1081 1029
f 1081 1078 1029
f 1082 1059 1052
f 1059 1056 1052
f 1041 1076 1044
f 1076 1047 1044
f 1071 1084 1074
f 1084 1081 1074
f 1084 1065 1083
f 1065 1062 1083
f 1029 1078 1031
f 1078 1035 1031
f 1037 1077 1041
f 1077 1076 1041
f 1076 1079 1047
f 1079 1050 1047
f 1032 1033 1034
f 1033 1036 1034
f 1033 1031 1036
f 1031 1035 1036
f 1038 1039 1040
f 1039 1042 1040
f 1039 1037 1042
f 1037 1041 1042
f 1053 1054 1055
f 1054 1057 1055
f 1054 1052 1057
f 1052 1056 1057
f 1040 1042 1043
f 1042 1045 1043
f 1042 1041 1045
f 1041 1044 1045
f 1043 1045 1046
f 1045 1048 1046
f 1045 1044 1048
f 1044 1047 1048
f 1055 1057 1058
f 1057 1060 1058
f 1057 1056 1060
f 1056 1059 1060
f 1058 1060 1061
f 1060 1063 1061
f 1060 1059 1063
f 1059 1062 1063
f 1068 1069 1070
f 1069 1072 1070
f 1069 1067 1072
f 1067 1071 1072
f 1046 1048 1049
f 1048 1051 1049
f 1048 1047 1051
f 1047 1050 1051
f 1049 1051 1053
f 1051 1054 1053
f 1051 1050 1054
f 1050 1052 1054
f 1061 1063 1064
f 1063 1066 1064
f 1063 1062 1066
f 1062 1065 1066
f 1064 1066 1068
f 1066 1069 1068
f 1066 1065 1069
f 1065 1067 1069
f 1070 1072 1073
f 1072 1075 1073
f 1072 1071 1075
f 1071 1074 1075
f 1034 1036 1038
f 1036 1039 1038
f 1036 1035 1039
f 1035 1037 1039
f 1073 1075 1028
f 1075 1030 1028
f 1075 1074 1030
f 1074 1029 1030
f 1028 1030 1032
f 1030 1033 1032
f 1030 1029 1033
f 1029 1031 1033
f 1077 1080 1076
f 1080 1079 1076
f 1080 1083 1079
f 1083 1082 1079
f 1078 1081 1077
f 1081 1080 1077
f 1081 1084 1080
f 1084 1083 1080
f 1089 1085 1090
f 1085 1087 1090
f 1090 1087 1088
f 1087 1086 1088
f 1092 1089 1093
f 1089 1090 1093
f 1093 1090 1091
f 1090 1088 1091
f 1095 1092 1096
f 1092 1093 1096
f 1096 1093 1094
f 1093 1091 1094
f 1098 1095 1099
f 1095 1096 1099
f 1099 1096 1097
f 1096 1094 1097
f 1101 1098 1102
f 1098 1099 1102
f 1102 1099 1100
f 1099 1097 1100
f 1104 1101 1105
f 1101 1102 1105
f 1105 1102 1103
f 1102 1100 1103
f 1107 1104 1108
f 1104 1105 1108
f 1108 1105 1106
f 1105 1103 1106
f 1110 1107 1111
f 1107 1108 1111
f 1111 1108 1109
f 1108 1106 1109
f 1113 1110 1114
f 1110 1111 1114
f 1114 1111 1112
f 1111 1109 1112
f 1116 1113 1117
f 1113 1114 1117
f 1117 1114 1115
f 1114 1112 1115
f 1119 1116 1120
f 1116 1117 1120
f 1120 1117 1118
f 1117 1115 1118
f 1122 1119 1123
f 1119 1120 1123
f 1123 1120 1121
f 1120 1118 1121
f 1125 1122 1126
f 1122 1123 1126
f 1126 1123 1124
f 1123 1121 1124
f 1128 1125 1129
f 1125 1126 1129
f 1129 1126 1127
f 1126 1124 1127
f 1131 1128 1132
f 1128 1129 1132
f 1132 1129 1130
f 1129 1127 1130
f 1085 1131 1087
f 1131 1132 1087
f 1087 1132 1086
f 1132 1130 1086
f 1043 1046 1116
f 1046 1113 1116
f 1068 1070 1092
f 1070 1089 1092
f 1046 1049 1113
f 1049 1110 1113
f 1085 1073 1131
f 1073 1028 1131
f 1070 1073 1089
f 1073 1085 1089
f 1049 1053 1110
f 1053 1107 1110
f 1131 1028 1128
f 1028 1032 1128
f 1053 1055 1107
f 1055 1104 1107
f 1032 1034 1128
f 1034 1125 1128
f 1055 1058 1104
f 1058 1101 1104
f 1034 1038 1125
f 1038 1122 1125
f 1058 1061 1101
f 1061 1098 1101
f 1038 1040 1122
f 1040 1119 1122
f 1061 1064 1098
f 1064 1095 1098
f 1040 1043 1119
f 1043 1116 1119
f 1140 1183 1142
f 1183 1182 1142
f 1169 1173 1200
f 1173 1197 1200
f 1188 1167 1187
f 1167 1164 1187
f 1184 1187 1155
f 1187 1157 1155
f 1172 1170 1176
f 1170 1189 1176
f 1179 1186 1134
f 1186 1183 1134
f 1187 1164 1157
f 1164 1161 1157
f 1146 1181 1149
f 1181 1152 1149
f 1176 1189 1179
f 1189 1186 1179
f 1189 1170 1188
f 1170 1167 1188
f 1134 1183 1136
f 1183 1140 1136
f 1142 1182 1146
f 1182 1181 1146
f 1181 1184 1152
f 1184 1155 1152
f 1137 1138 1139
f 1138 1141 1139
f 1138 1136 1141
f 1136 1140 1141
f 1143 1144 1145
f 1144 1147 1145
f 1144 1142 1147
f 1142 1146 1147
f 1158 1159 1160
f 1159 1162 1160
f 1159 1157 1162
f 1157 1161 1162
f 1145 1147 1148
f 1147 1150 1148
f 1147 1146 1150
f 1146 1149 1150
f 1148 1150 1151
f 1150 1153 1151
f 1150 1149 1153
f 1149 1152 1153
f 1160 1162 1163
f 1162 1165 1163
f 1162 1161 1165
f 1161 1164 1165
f 1163 1165 1166
f 1165 1168 1166
f 1165 1164 1168
f 1164 1167 1168
f 1173 1174 1175
f 1174 1177 1175
f 1174 1172 1177
f 1172 1176 1177
f 1151 1153 1154
f 1153 1156 1154
f 1153 1152 1156
f 1152 1155 1156
f 1154 1156 1158
f 1156 1159 1158
f 1156 1155 1159
f 1155 1157 1159
f 1166 1168 1169
f 1168 1171 1169
f 1168 1167 1171
f 1167 1170 1171
f 1169 1171 1173
f 1171 1174 1173
f 1171 1170 1174
f 1170 1172 1174
f 1175 1177 1178
f 1177 1180 1178
f 1177 1176 1180
f 1176 1179 1180
f 1139 1141 1143
f 1141 1144 1143
f 1141 1140 1144
f 1140 1142 1144
f 1178 1180 1133
f 1180 1135 1133
f 1180 1179 1135
f 1179 1134 1135
f 1133 1135 1137
f 1135 1138 1137
f 1135 1134 1138
f 1134 1136 1138
f 1182 1185 1181
f 1185 1184 1181
f 1185 1188 1184
f 1188 1187 1184
f 1183 1186 1182
f 1186 1185 1182
f 1186 1189 1185
f 1189 1188 1185
f 1194 1190 1195
f 1190 1192 1195
f 1195 1192 1193
f 1192 1191 1193
f 1197 1194 1198
f 1194 1195 1198
f 1198 1195 1196
f 1195 1193 1196
f 1200 1197 1201
f 1197 1198 1201
f 1201 1198 1199
f 1198 1196 1199
f 1203 1200 1204
f 1200 1201 1204
f 1204 1201 1202
f 1201 1199 1202
f 1206 1203 1207
f 1203 1204 1207
f 1207 1204 1205
f 1204 1202 1205
f 1209 1206 1210
f 1206 1207 1210
f 1210 1207 1208
f 1207 1205 1208
f 1212 1209 1213
f 1209 1210 1213
f 1213 1210 1211
f 1210 1208 1211
f 1215 1212 1216
f 1212 1213 1216
f 1216 1213 1214
f 1213 1211 1214
f 1218 1215 1219
f 1215 1216 1219
f 1219 1216 1217
f 1216 1214 1217
f 1221 1218 1222
f 1218 1219 1222
f 1222 1219 1220
f 1219 1217 1220
f 1224 1221 1225
f 1221 1222 1225
f 1225 1222 1223
f 1222 1220 1223
f 1227 1224 1228
f 1224 1225 1228
f 1228 1225 1226
f 1225 1223 1226
f 1230 1227 1231
f 1227 1228 1231
f 1231 1228 1229
f 1228 1226 1229
f 1233 1230 1234
f 1230 1231 1234
f 1234 1231 1232
f 1231 1229 1232
f 1236 1233 1237
f 1233 1234 1237
f 1237 1234 1235
f 1234 1232 1235
f 1190 1236 1192
f 1236 1237 1192
f 1192 1237 1191
f 1237 1235 1191
f 1148 1151 1221
f 1151 1218 1221
f 1173 1175 1197
f 1175 1194 1197
f 1151 1154 1218
f 1154 1215 1218
f 1190 1178 1236
f 1178 1133 1236
f 1175 1178 1194
f 1178 1190 1194
f 1154 1158 1215
f 1158 1212 1215
f 1236 1133 1233
f 1133 1137 1233
f 1158 1160 1212
f 1160 1209 1212
f 1137 1139 1233
f 1139 1230 1233
f 1160 1163 1209
f 1163 1206 1209
f 1139 1143 1230
f 1143 1227 1230
f 1163 1166 1206
f 1166 1203 1206
f 1143 1145 1227
f 1145 1224 1227
f 1166 1169 1203
f 1169 1200 1203
f 1145 1148 1224
f 1148 1221 1224
f 1245 1288 1247
f 1288 1287 1247
f 1274 1278 1305
f 1278 1302 1305
f 1293 1272 1292
f 1272 1269 1292
f 1289 1292 1260
f 1292 1262 1260
f 1277 1275 1281
f 1275 1294 1281
f 1284 1291 1239
f 1291 1288 1239
f 1292 1269 1262
f 1269 1266 1262
f 1251 1286 1254
f 1286 1257 1254
f 1281 1294 1284
f 1294 1291 1284
f 1294 1275 1293
f 1275 1272 1293
f 1239 1288 1241
f 1288 1245 1241
f 1247 1287 1251
f 1287 1286 1251
f 1286 1289 1257
f 1289 1260 1257
f 1242 1243 1244
f 1243 1246 1244
f 1243 1241 1246
f 1241 1245 1246
f 1248 1249 1250
f 1249 1252 1250
f 1249 1247 1252
f 1247 1251 1252
f 1263 1264 1265
f 1264 1267 1265
f 1264 1262 1267
f 1262 1266 1267
f 1250 1252 1253
f 1252 1255 1253
f 1252 1251 1255
f 1251 1254 1255
f 1253 1255 1256
f 1255 1258 1256
f 1255 1254 1258
f 1254 1257 1258
f 1265 1267 1268
f 1267 1270 1268
f 1267 1266 1270
f 1266 1269 1270
f 1268 1270 1271
f 1270 1273 1271
f 1270 1269 1273
f 1269 1272 1273
f 1278 1279 1280
f 1279 1282 1280
f 1279 1277 1282
f 1277 1281 1282
f 1256 1258 1259
f 1258 1261 1259
f 1258 1257 1261
f 1257 1260 1261
f 1259 1261 1263
f 1261 1264 1263
f 1261 1260 1264
f 1260 1262 1264
f 1271 1273 1274
f 1273 1276 1274
f 1273 1272 1276
f 1272 1275 1276
f 1274 1276 1278
f 1276 1279 1278
f 1276 1275 1279
f 1275 1277 1279
f 1280 1282 1283
f 1282 1285 1283
f 1282 1281 1285
f 1281 1284 1285
f 1244 1246 1248
f 1246 1249 1248
f 1246 1245 1249
f 1245 1247 1249
f 1283 1285 1238
f 1285 1240 1238
f 1285 1284 1240
f 1284 1239 1240
f 1238 1240 1242
f 1240 1243 1242
f 1240 1239 1243
f 1239 1241 1243
f 1287 1290 1286
f 1290 1289 1286
f 1290 1293 1289
f 1293 1292 1289
f 1288 1291 1287
f 1291 1290 1287
f 1291 1294 1290
f 1294 1293 1290
f 1299 1295 1300
f 1295 1297 1300
f 1300 1297 1298
f 1297 1296 1298
f 1302 1299 1303
f 1299 1300 1303
f 1303 1300 1301
f 1300 1298 1301
f 1305 1302 1306
f 1302 1303 1306
f 1306 1303 1304
f 1303 1301 1304
f 1308 1305 1309
f 1305 1306 1309
f 1309 1306 1307
f 1306 1304 1307
f 1311 1308 1312
f 1308 1309 1312
f 1312 1309 1310
f 1309 1307 1310
f 1314 1311 1315
f 1311 1312 1315
f 1315 1312 1313
f 1312 1310 1313
f 1317 1314 1318
f 1314 1315 1318
f 1318 1315 1316
f 1315 1313 1316
f 1320 1317 1321
f 1317 1318 1321
f 1321 1318 1319
f 1318 1316 1319
f 1323 1320 1324
f 1320 1321 1324
f 1324 1321 1322
f 1321 1319 1322
f 1326 1323 1327
f 1323 1324 1327
f 1327 1324 1325
f 1324 1322 1325
f 1329 1326 1330
f 1326 1327 1330
f 1330 1327 1328
f 1327 1325 1328
f 1332 1329 1333
f 1329 1330 1333
f 1333 1330 1331
f 1330 1328 1331
f 1335 1332 1336
f 1332 1333 1336
f 1336 1333 1334
f 1333 1331 1334
f 1338 1335 1339
f 1335 1336 1339
f 1339 1336 1337
f 1336 1334 1337
f 1341 1338 1342
f 1338 1339 1342
f 1342 1339 1340
f 1339 1337 1340
f 1295 1341 1297
f 1341 1342 1297
f 1297 1342 1296
f 1342 1340 1296
f 1253 1256 1326
f 1256 1323 1326
f 1278 1280 1302
f 1280 1299 1302
f 1256 1259 1323
f 1259 1320 1323
f 1295 1283 1341
f 1283 1238 1341
f 1280 1283 1299
f 1283 1295 1299
f 1259 1263 1320
f 1263 1317 1320
f 1341 1238 1338
f 1238 1242 1338
f 1263 1265 1317
f 1265 1314 1317
f 1242 1244 1338
f 1244 1335 1338
f 1265 1268 1314
f 1268 1311 1314
f 1244 1248 1335
f 1248 1332 1335
f 1268 1271 1311
f 1271 1308 1311
f 1248 1250 1332
f 1250 1329 1332
f 1271 1274 1308
f 1274 1305 1308
f 1250 1253 1329
f 1253 1326 1329
f 1350 1393 1352
f 1393 1392 1352
f 1379 1383 1410
f 1383 1407 1410
f 1398 1377 1397
f 1377 1374 1397
f 1394 1397 1365
f 1397 1367 1365
f 1382 1380 1386
f 1380 1399 1386
f 1389 1396 1344
f 1396 1393 1344
f 1397 1374 1367
f 1374 1371 1367
f 1356 1391 1359
f 1391 1362 1359
f 1386 1399 1389
f 1399 1396 1389
f 1399 1380 1398
f 1380 1377 1398
f 1344 1393 1346
f 1393 1350 1346
f 1352 1392 1356
f 1392 1391 1356
f 1391 1394 1362
f 1394 1365 1362
f 1347 1348 1349
f 1348 1351 1349
f 1348 1346 1351
f 1346 1350 1351
f 1353 1354 1355
f 1354 1357 1355
f 1354 1352 1357
f 1352 1356 1357
f 1368 1369 1370
f 1369 1372 1370
f 1369 1367 1372
f 1367 1371 1372
f 1355 1357 1358
f 1357 1360 1358
f 1357 1356 1360
f 1356 1359 1360
f 1358 1360 1361
f 1360 1363 1361
f 1360 1359 1363
f 1359 1362 1363
f 1370 1372 1373
f 1372 1375 1373
f 1372 1371 1375
f 1371 1374 1375
f 1373 1375 1376
f 1375 1378 1376
f 1375 1374 1378
f 1374 1377 1378
f 1383 1384 1385
f 1384 1387 1385
f 1384 1382 1387
f 1382 1386 1387
f 1361 1363 1364
f 1363 1366 1364
f 1363 1362 1366
f 1362 1365 1366
f 1364 1366 1368
f 1366 1369 1368
f 1366 1365 1369
f 1365 1367 1369
f 1376 1378 1379
f 1378 1381 1379
f 1378 1377 1381
f 1377 1380 1381
f 1379 1381 1383
f 1381 1384 1383
f 1381 1380 1384
f 1380 1382 1384
f 1385 1387 1388
f 1387 1390 1388
f 1387 1386 1390
f 1386 1389 1390
f 1349 1351 1353
f 1351 1354 1353
f 1351 1350 1354
f 1350 1352 1354
f 1388 1390 1343
f 1390 1345 1343
f 1390 1389 1345
f 1389 1344 1345
f 1343 1345 1347
f 1345 1348 1347
f 1345 1344 1348
f 1344 1346 1348
f 1392 1395 1391
f 1395 1394 1391
f 1395 1398 1394
f 1398 1397 1394
f 1393 1396 1392
f 1396 1395 1392
f 1396 1399 1395
f 1399 1398 1395
f 1404 1400 1405
f 1400 1402 1405
f 1405 1402 1403
f 1402 1401 1403
f 1407 1404 1408
f 1404 1405 1408
f 1408 1405 1406
f 1405 1403 1406
f 1410 1407 1411
f 1407 1408 1411
f 1411 1408 1409
f 1408 1406 1409
f 1413 1410 1414
f 1410 1411 1414
f 1414 1411 1412
f 1411 1409 1412
f 1416 1413 1417
f 1413 1414 1417
f 1417 1414 1415
f 1414 1412 1415
f 1419 1416 1420
f 1416 1417 1420
f 1420 1417 1418
f 1417 1415 1418
f 1422 1419 1423
f 1419 1420 1423
f 1423 1420 1421
f 1420 1418 1421
f 1425 1422 1426
f 1422 1423 1426
f 1426 1423 1424
f 1423 1421 1424
f 1428 1425 1429
f 1425 1426 1429
f 1429 1426 1427
f 1426 1424 1427
f 1431 1428 1432
f 1428 1429 1432
f 1432 1429 1430
f 1429 1427 1430
f 1434 1431 1435
f 1431 1432 1435
f 1435 1432 1433
f 1432 1430 1433
f 1437 1434 1438
f 1434 1435 1438
f 1438 1435 1436
f 1435 1433 1436
f 1440 1437 1441
f 1437 1438 1441
f 1441 1438 1439
f 1438 1436 1439
f 1443 1440 1444
f 1440 1441 1444
f 1444 1441 1442
f 1441 1439 1442
f 1446 1443 1447
f 1443 1444 1447
f 1447 1444 1445
f 1444 1442 1445
f 1400 1446 1402
f 1446 1447 1402
f 1402 1447 1401
f 1447 1445 1401
f 1358 1361 1431
f 1361 1428 1431
f 1383 1385 1407
f 1385 1404 1407
f 1361 1364 1428
f 1364 1425 1428
f 1400 1388 1446
f 1388 1343 1446
f 1385 1388 1404
f 1388 1400 1404
f 1364 1368 1425
f 1368 1422 1425
f 1446 1343 1443
f 1343 1347 1443
f 1368 1370 1422
f 1370 1419 1422
f 1347 1349 1443
f 1349 1440 1443
f 1370 1373 1419
f 1373 1416 1419
f 1349 1353 1440
f 1353 1437 1440
f 1373 1376 1416
f 1376 1413 1416
f 1353 1355 1437
f 1355 1434 1437
f 1376 1379 1413
f 1379 1410 1413
f 1355 1358 1434
f 1358 1431 1434
f 1455 1498 1457
f 1498 1497 1457
f 1484 1488 1515
f 1488 1512 1515
f 1503 1482 1502
f 1482 1479 1502
f 1499 1502 1470
f 1502 1472 1470
f 1487 1485 1491
f 1485 1504 1491
f 1494 1501 1449
f 1501 1498 1449
f 1502 1479 1472
f 1479 1476 1472
f 1461 1496 1464
f 1496 1467 1464
f 1491 1504 1494
f 1504 1501 1494
f 1504 1485 1503
f 1485 1482 1503
f 1449 1498 1451
f 1498 1455 1451
f 1457 1497 1461
f 1497 1496 1461
f 1496 1499 1467
f 1499 1470 1467
f 1452 1453 1454
f 1453 1456 1454
f 1453 1451 1456
f 1451 1455 1456
f 1458 1459 1460
f 1459 1462 1460
f 1459 1457 1462
f 1457 1461 1462
f 1473 1474 1475
f 1474 1477 1475
f 1474 1472 1477
f 1472 1476 1477
f 1460 1462 1463
f 1462 1465 1463
f 1462 1461 1465
f 1461 1464 1465
f 1463 1465 1466
f 1465 1468 1466
f 1465 1464 1468
f 1464 1467 1468
f 1475 1477 1478
f 1477 1480 1478
f 1477 1476 1480
f 1476 1479 1480
f 1478 1480 1481
f 1480 1483 1481
f 1480 1479 1483
f 1479 1482 1483
f 1488 1489 1490
f 1489 1492 1490
f 1489 1487 1492
f 1487 1491 1492
f 1466 1468 1469
f 1468 1471 1469
f 1468 1467 1471
f 1467 1470 1471
f 1469 1471 1473
f 1471 1474 1473
f 1471 1470 1474
f 1470 1472 1474
f 1481 1483 1484
f 1483 1486 1484
f 1483 1482 1486
f 1482 1485 1486
f 1484 1486 1488
f 1486 1489 1488
f 1486 1485 1489
f 1485 1487 1489
f 1490 1492 1493
f 1492 1495 1493
f 1492 1491 1495
f 1491 1494 1495
f 1454 1456 1458
f 1456 1459 1458
f 1456 1455 1459
f 1455 1457 1459
f 1493 1495 1448
f 1495 1450 1448
f 1495 1494 1450
f 1494 1449 1450
f 1448 1450 1452
f 1450 1453 1452
f 1450 1449 1453
f 1449 1451 1453
f 1497 1500 1496
f 1500 1499 1496
f 1500 1503 1499
f 1503 1502 1499
f 1498 1501 1497
f 1501 1500 1497
f 1501 1504 1500
f 1504 1503 1500
f 1509 1505 1510
f 1505 1507 1510
f 1510 1507 1508
f 1507 1506 1508
f 1512 1509 1513
f 1509 1510 1513
f 1513 1510 1511
f 1510 1508 1511
f 1515 1512 1516
f 1512 1513 1516
f 1516 1513 1514
f 1513 1511 1514
f 1518 1515 1519
f 1515 1516 1519
f 1519 1516 1517
f 1516 1514 1517
f 1521 1518 1522
f 1518 1519 1522
f 1522 1519 1520
f 1519 1517 1520
f 1524 1521 1525
f 1521 1522 1525
f 1525 1522 1523
f 1522 1520 1523
f 1527 1524 1528
f 1524 1525 1528
f 1528 1525 1526
f 1525 1523 1526
f 1530 1527 1531
f 1527 1528 1531
f 1531 1528 1529
f 1528 1526 1529
f 1533 1530 1534
f 1530 1531 1534
f 1534 1531 1532
f 1531 1529 1532
f 1536 1533 1537
f 1533 1534 1537
f 1537 1534 1535
f 1534 1532 1535
f 1539 1536 1540
f 1536 1537 1540
f 1540 1537 1538
f 1537 1535 1538
f 1542 1539 1543
f 1539 1540 1543
f 1543 1540 1541
f 1540 1538 1541
f 1545 1542 1546
f 1542 1543 1546
f 1546 1543 1544
f 1543 1541 1544
f 1548 1545 1549
f 1545 1546 1549
f 1549 1546 1547
f 1546 1544 1547
f 1551 1548 1552
f 1548 1549 1552
f 1552 1549 1550
f 1549 1547 1550
f 1505 1551 1507
f 1551 1552 1507
f 1507 1552 1506
f 1552 1550 1506
f 1463 1466 1536
f 1466 1533 1536
f 1488 1490 1512
f 1490 1509 1512
f 1466 1469 1533
f 1469 1530 1533
f 1505 1493 1551
f 1493 1448 1551
f 1490 1493 1509
f 1493 1505 1509
f 1469 1473 1530
f 1473 1527 1530
f 1551 1448 1548
f 1448 1452 1548
f 1473 1475 1527
f 1475 1524 1527
f 1452 1454 1548
f 1454 1545 1548
f 1475 1478 1524
f 1478 1521 1524
f 1454 1458 1545
f 1458 1542 1545
f 1478 1481 1521
f 1481 1518 1521
f 1458 1460 1542
f 1460 1539 1542
f 1481 1484 1518
f 1484 1515 1518
f 1460 1463 1539
f 1463 1536 1539
f 1560 1603 1562
f 1603 1602 1562
f 1589 1593 1620
f 1593 1617 1620
f 1608 1587 1607
f 1587 1584 1607
f 1604 1607 1575
f 1607 1577 1575
f 1592 1590 1596
f 1590 1609 1596
f 1599 1606 1554
f 1606 1603 1554
f 1607 1584 1577
f 1584 1581 1577
f 1566 1601 1569
f 1601 1572 1569
f 1596 1609 1599
f 1609 1606 1599
f 1609 1590 1608
f 1590 1587 1608
f 1554 1603 1556
f 1603 1560 1556
f 1562 1602 1566
f 1602 1601 1566
f 1601 1604 1572
f 1604 1575 1572
f 1557 1558 1559
f 1558 1561 1559
f 1558 1556 1561
f 1556 1560 1561
f 1563 1564 1565
f 1564 1567 1565
f 1564 1562 1567
f 1562 1566 1567
f 1578 1579 1580
f 1579 1582 1580
f 1579 1577 1582
f 1577 1581 1582
f 1565 1567 1568
f 1567 1570 1568
f 1567 1566 1570
f 1566 1569 1570
f 1568 1570 1571
f 1570 1573 1571
f 1570 1569 1573
f 1569 1572 1573
f 1580 1582 1583
f 1582 1585 1583
f 1582 1581 1585
f 1581 1584 1585
f 1583 1585 1586
f 1585 1588 1586
f 1585 1584 1588
f 1584 1587 1588
f 1593 1594 1595
f 1594 1597 1595
f 1594 1592 1597
f 1592 1596 1597
f 1571 1573 1574
f 1573 1576 1574
f 1573 1572 1576
f 1572 1575 1576
f 1574 1576 1578
f 1576 1579 1578
f 1576 1575 1579
f 1575 1577 1579
f 1586 1588 1589
f 1588 1591 1589
f 1588 1587 1591
f 1587 1590 1591
f 1589 1591 1593
f 1591 1594 1593
f 1591 1590 1594
f 1590 1592 1594
f 1595 1597 1598
f 1597 1600 1598
f 1597 1596 1600
f 1596 1599 1600
f 1559 1561 1563
f 1561 1564 1563
f 1561 1560 1564
f 1560 1562 1564
f 1598 1600 1553
f 1600 1555 1553
f 1600 1599 1555
f 1599 1554 1555
f 1553 1555 1557
f 1555 1558 1557
f 1555 1554 1558
f 1554 1556 1558
f 1602 1605 1601
f 1605 1604 1601
f 1605 1608 1604
f 1608 1607 1604
f 1603 1606 1602
f 1606 1605 1602
f 1606 1609 1605
f 1609 1608 1605
f 1614 1610 1615
f 1610 1612 1615
f 1615 1612 1613
f 1612 1611 1613
f 1617 1614 1618
f 1614 1615 1618
f 1618 1615 1616
f 1615 1613 1616
f 1620 1617 1621
f 1617 1618 1621
f 1621 1618 1619
f 1618 1616 1619
f 1623 1620 1624
f 1620 1621 1624
f 1624 1621 1622
f 1621 1619 1622
f 1626 1623 1627
f 1623 1624 1627
f 1627 1624 1625
f 1624 1622 1625
f 1629 1626 1630
f 1626 1627 1630
f 1630 1627 1628
f 1627 1625 1628
f 1632 1629 1633
f 1629 1630 1633
f 1633 1630 1631
f 1630 1628 1631
f 1635 1632 1636
f 1632 1633 1636
f 1636 1633 1634
f 1633 1631 1634
f 1638 1635 1639
f 1635 1636 1639
f 1639 1636 1637
f 1636 1634 1637
f 1641 1638 1642
f 1638 1639 1642
f 1642 1639 1640
f 1639 1637 1640
f 1644 1641 1645
f 1641 1642 1645
f 1645 1642 1643
f 1642 1640 1643
f 1647 1644 1648
f 1644 1645 1648
f 1648 1645 1646
f 1645 1643 1646
f 1650 1647 1651
f 1647 1648 1651
f 1651 1648 1649
f 1648 1646 1649
f 1653 1650 1654
f 1650 1651 1654
f 1654 1651 1652
f 1651 1649 1652
f 1656 1653 1657
f 1653 1654 1657
f 1657 1654 1655
f 1654 1652 1655
f 1610 1656 1612
f 1656 1657 1612
f 1612 1657 1611
f 1657 1655 1611
f 1568 1571 1641
f 1571 1638 1641
f 1593 1595 1617
f 1595 1614 1617
f 1571 1574 1638
f 1574 1635 1638
f 1610 1598 1656
f 1598 1553 1656
f 1595 1598 1614
f 1598 1610 1614
f 1574 1578 1635
f 1578 1632 1635
f 1656 1553 1653
f 1553 1557 1653
f 1578 1580 1632
f 1580 1629 1632
f 1557 1559 1653
f 1559 1650 1653
f 1580 1583 1629
f 1583 1626 1629
f 1559 1563 1650
f 1563 1647 1650
f 1583 1586 1626
f 1586 1623 1626
f 1563 1565 1647
f 1565 1644 1647
f 1586 1589 1623
f 1589 1620 1623
f 1565 1568 1644
f 1568 1641 1644
f 1665 1708 1667
f 1708 1707 1667
f 1694 1698 1725
f 1698 1722 1725
f 1713 1692 1712
f 1692 1689 1712
f 1709 1712 1680
f 1712 1682 1680
f 1697 1695 1701
f 1695 1714 1701
f 1704 1711 1659
f 1711 1708 1659
f 1712 1689 1682
f 1689 1686 1682
f 1671 1706 1674
f 1706 1677 1674
f 1701 1714 1704
f 1714 1711 1704
f 1714 1695 1713
f 1695 1692 1713
f 1659 1708 1661
f 1708 1665 1661
f 1667 1707 1671
f 1707 1706 1671
f 1706 1709 1677
f 1709 1680 1677
f 1662 1663 1664
f 1663 1666 1664
f 1663 1661 1666
f 1661 1665 1666
f 1668 1669 1670
f 1669 1672 1670
f 1669 1667 1672
f 1667 1671 1672
f 1683 1684 1685
f 1684 1687 1685
f 1684 1682 1687
f 1682 1686 1687
f 1670 1672 1673
f 1672 1675 1673
f 1672 1671 1675
f 1671 1674 1675
f 1673 1675 1676
f 1675 1678 1676
f 1675 1674 1678
f 1674 1677 1678
f 1685 1687 1688
f 1687 1690 1688
f 1687 1686 1690
f 1686 1689 1690
f 1688 1690 1691
f 1690 1693 1691
f 1690 1689 1693
f 1689 1692 1693
f 1698 1699 1700
f 1699 1702 1700
f 1699 1697 1702
f 1697 1701 1702
f 1676 1678 1679
f 1678 1681 1679
f 1678 1677 1681
f 1677 1680 1681
f 1679 1681 1683
f 1681 1684 1683
f 1681 1680 1684
f 1680 1682 1684
f 1691 1693 1694
f 1693 1696 1694
f 1693 1692 1696
f 1692 1695 1696
f 1694 1696 1698
f 1696 1699 1698
f 1696 1695 1699
f 1695 1697 1699
f 1700 1702 1703
f 1702 1705 1703
f 1702 1701 1705
f 1701 1704 1705
f 1664 1666 1668
f 1666 1669 1668
f 1666 1665 1669
f 1665 1667 1669
f 1703 1705 1658
f 1705 1660 1658
f 1705 1704 1660
f 1704 1659 1660
f 1658 1660 1662
f 1660 1663 1662
f 1660 1659 1663
f 1659 1661 1663
f 1707 1710 1706
f 1710 1709 1706
f 1710 1713 1709
f 1713 1712 1709
f 1708 1711 1707
f 1711 1710 1707
f 1711 1714 1710
f 1714 1713 1710
f 1719 1715 1720
f 1715 1717 1720
f 1720 1717 1718
f 1717 1716 1718
f 1722 1719 1723
f 1719 1720 1723
f 1723 1720 1721
f 1720 1718 1721
f 1725 1722 1726
f 1722 1723 1726
f 1726 1723 1724
f 1723 1721 1724
f 1728 1725 1729
f 1725 1726 1729
f 1729 1726 1727
f 1726 1724 1727
f 1731 1728 1732
f 1728 1729 1732
f 1732 1729 1730
f 1729 1727 1730
f 1734 1731 1735
f 1731 1732 1735
f 1735 1732 1733
f 1732 1730 1733
f 1737 1734 1738
f 1734 1735 1738
f 1738 1735 1736
f 1735 1733 1736
f 1740 1737 1741
f 1737 1738 1741
f 1741 1738 1739
f 1738 1736 1739
f 1743 1740 1744
f 1740 1741 1744
f 1744 1741 1742
f 1741 1739 1742
f 1746 1743 1747
f 1743 1744 1747
f 1747 1744 1745
f 1744 1742 1745
f 1749 1746 1750
f 1746 1747 1750
f 1750 1747 1748
f 1747 1745 1748
f 1752 1749 1753
f 1749 1750 1753
f 1753 1750 1751
f 1750 1748 1751
f 1755 1752 1756
f 1752 1753 1756
f 1756 1753 1754
f 1753 1751 1754
f 1758 1755 1759
f 1755 1756 1759
f 1759 1756 1757
f 1756 1754 1757
f 1761 1758 1762
f 1758 1759 1762
f 1762 1759 1760
f 1759 1757 1760
f 1715 1761 1717
f 1761 1762 1717
f 1717 1762 1716
f 1762 1760 1716
f 1673 1676 1746
f 1676 1743 1746
f 1698 1700 1722
f 1700 1719 1722
f 1676 1679 1743
f 1679 1740 1743
f 1715 1703 1761
f 1703 1658 1761
f 1700 1703 1719
f 1703 1715 1719
f 1679 1683 1740
f 1683 1737 1740
f 1761 1658 1758
f 1658 1662 1758
f 1683 1685 1737
f 1685 1734 1737
f 1662 1664 1758
f 1664 1755 1758
f 1685 1688 1734
f 1688 1731 1734
f 1664 1668 1755
f 1668 1752 1755
f 1688 1691 1731
f 1691 1728 1731
f 1668 1670 1752
f 1670 1749 1752
f 1691 1694 1728
f 1694 1725 1728
f 1670 1673 1749
f 1673 1746 1749
f 1770 1813 1772
f 1813 1812 1772
f 1799 1803 1830
f 1803 1827 1830
f 1818 1797 1817
f 1797 1794 1817
f 1814 1817 1785
f 1817 1787 1785
f 1802 1800 1806
f 1800 1819 1806
f 1809 1816 1764
f 1816 1813 1764
f 1817 1794 1787
f 1794 1791 1787
f 1776 1811 1779
f 1811 1782 1779
f 1806 1819 1809
f 1819 1816 1809
f 1819 1800 1818
f 1800 1797 1818
f 1764 1813 1766
f 1813 1770 1766
f 1772 1812 1776
f 1812 1811 1776
f 1811 1814 1782
f 1814 1785 1782
f 1767 1768 1769
f 1768 1771 1769
f 1768 1766 1771
f 1766 1770 1771
f 1773 1774 1775
f 1774 1777 1775
f 1774 1772 1777
f 1772 1776 1777
f 1788 1789 1790
f 1789 1792 1790
f 1789 1787 1792
f 1787 1791 1792
f 1775 1777 1778
f 1777 1780 1778
f 1777 1776 1780
f 1776 1779 1780
f 1778 1780 1781
f 1780 1783 1781
f 1780 1779 1783
f 1779 1782 1783
f 1790 1792 1793
f 1792 1795 1793
f 1792 1791 1795
f 1791 1794 1795
f 1793 1795 1796
f 1795 1798 1796
f 1795 1794 1798
f 1794 1797 1798
f 1803 1804 1805
f 1804 1807 1805
f 1804 1802 1807
f 1802 1806 1807
f 1781 1783 1784
f 1783 1786 1784
f 1783 1782 1786
f 1782 1785 1786
f 1784 1786 1788
f 1786 1789 1788
f 1786 1785 1789
f 1785 1787 1789
f 1796 1798 1799
f 1798 1801 1799
f 1798 1797 1801
f 1797 1800 1801
f 1799 1801 1803
f 1801 1804 1803
f 1801 1800 1804
f 1800 1802 1804
f 1805 1807 1808
f 1807 1810 1808
f 1807 1806 1810
f 1806 1809 1810
f 1769 1771 1773
f 1771 1774 1773
f 1771 1770 1774
f 1770 1772 1774
f 1808 1810 1763
f 1810 1765 1763
f 1810 1809 1765
f 1809 1764 1765
f 1763 1765 1767
f 1765 1768 1767
f 1765 1764 1768
f 1764 1766 1768
f 1812 1815 1811
f 1815 1814 1811
f 1815 1818 1814
f 1818 1817 1814
f 1813 1816 1812
f 1816 1815 1812
f 1816 1819 1815
f 1819 1818 1815
f 1824 1820 1825
f 1820 1822 1825
f 1825 1822 1823
f 1822 1821 1823
f 1827 1824 1828
f 1824 1825 1828
f 1828 1825 1826
f 1825 1823 1826
f 1830 1827 1831
f 1827 1828 1831
f 1831 1828 1829
f 1828 1826 1829
f 1833 1830 1834
f 1830 1831 1834
f 1834 1831 1832
f 1831 1829 1832
f 1836 1833 1837
f 1833 1834 1837
f 1837 1834 1835
f 1834 1832 1835
f 1839 1836 1840
f 1836 1837 1840
f 1840 1837 1838
f 1837 1835 1838
f 1842 1839 1843
f 1839 1840 1843
f 1843 1840 1841
f 1840 1838 1841
f 1845 1842 1846
f 1842 1843 1846
f 1846 1843 1844
f 1843 1841 1844
f 1848 1845 1849
f 1845 1846 1849
f 1849 1846 1847
f 1846 1844 1847
f 1851 1848 1852
f 1848 1849 1852
f 1852 1849 1850
f 1849 1847 1850
f 1854 1851 1855
f 1851 1852 1855
f 1855 1852 1853
f 1852 1850 1853
f 1857 1854 1858
f 1854 1855 1858
f 1858 1855 1856
f 1855 1853 1856
f 1860 1857 1861
f 1857 1858 1861
f 1861 1858 1859
f 1858 1856 1859
f 1863 1860 1864
f 1860 1861 1864
f 1864 1861 1862
f 1861 1859 1862
f 1866 1863 1867
f 1863 1864 1867
f 1867 1864 1865
f 1864 1862 1865
f 1820 1866 1822
f 1866 1867 1822
f 1822 1867 1821
f 1867 1865 1821
f 1778 1781 1851
f 1781 1848 1851
f 1803 1805 1827
f 1805 1824 1827
f 1781 1784 1848
f 1784 1845 1848
f 1820 1808 1866
f 1808 1763 1866
f 1805 1808 1824
f 1808 1820 1824
f 1784 1788 1845
f 1788 1842 1845
f 1866 1763 1863
f 1763 1767 1863
f 1788 1790 1842
f 1790 1839 1842
f 1767 1769 1863
f 1769 1860 1863
f 1790 1793 1839
f 1793 1836 1839
f 1769 1773 1860
f 1773 1857 1860
f 1793 1796 1836
f 1796 1833 1836
f 1773 1775 1857
f 1775 1854 1857
f 1796 1799 1833
f 1799 1830 1833
f 1775 1778 1854
f 1778 1851 1854
f 1875 1918 1877
f 1918 1917 1877
f 1904 1908 1935
f 1908 1932 1935
f 1923 1902 1922
f 1902 1899 1922
f 1919 1922 1890
f 1922 1892 1890
f 1907 1905 1911
f 1905 1924 1911
f 1914 1921 1869
f 1921 1918 1869
f 1922 1899 1892
f 1899 1896 1892
f 1881 1916 1884
f 1916 1887 1884
f 1911 1924 1914
f 1924 1921 1914
f 1924 1905 1923
f 1905 1902 1923
f 1869 1918 1871
f 1918 1875 1871
f 1877 1917 1881
f 1917 1916 1881
f 1916 1919 1887
f 1919 1890 1887
f 1872 1873 1874
f 1873 1876 1874
f 1873 1871 1876
f 1871 1875 1876
f 1878 1879 1880
f 1879 1882 1880
f 1879 1877 1882
f 1877 1881 1882
f 1893 1894 1895
f 1894 1897 1895
f 1894 1892 1897
f 1892 1896 1897
f 1880 1882 1883
f 1882 1885 1883
f 1882 1881 1885
f 1881 1884 1885
f 1883 1885 1886
f 1885 1888 1886
f 1885 1884 1888
f 1884 1887 1888
f 1895 1897 1898
f 1897 1900 1898
f 1897 1896 1900
f 1896 1899 1900
f 1898 1900 1901
f 1900 1903 1901
f 1900 1899 1903
f 1899 1902 1903
f 1908 1909 1910
f 1909 1912 1910
f 1909 1907 1912
f 1907 1911 1912
f 1886 1888 1889
f 1888 1891 1889
f 1888 1887 1891
f 1887 1890 1891
f 1889 1891 1893
f 1891 1894 1893
f 1891 1890 1894
f 1890 1892 1894
f 1901 1903 1904
f 1903 1906 1904
f 1903 1902 1906
f 1902 1905 1906
f 1904 1906 1908
f 1906 1909 1908
f 1906 1905 1909
f 1905 1907 1909
f 1910 1912 1913
f 1912 1915 1913
f 1912 1911 1915
f 1911 1914 1915
f 1874 1876 1878
f 1876 1879 1878
f 1876 1875 1879
f 1875 1877 1879
f 1913 1915 1868
f 1915 1870 1868
f 1915 1914 1870
f 1914 1869 1870
f 1868 1870 1872
f 1870 1873 1872
f 1870 1869 1873
f 1869 1871 1873
f 1917 1920 1916
f 1920 1919 1916
f 1920 1923 1919
f 1923 1922 1919
f 1918 1921 1917
f 1921 1920 1917
f 1921 1924 1920
f 1924 1923 1920
f 1929 1925 1930
f 1925 1927 1930
f 1930 1927 1928
f 1927 1926 1928
f 1932 1929 1933
f 1929 1930 1933
f 1933 1930 1931
f 1930 1928 1931
f 1935 1932 1936
f 1932 1933 1936
f 1936 1933 1934
f 1933 1931 1934
f 1938 1935 1939
f 1935 1936 1939
f 1939 1936 1937
f 1936 1934 1937
f 1941 1938 1942
f 1938 1939 1942
f 1942 1939 1940
f 1939 1937 1940
f 1944 1941 1945
f 1941 1942 1945
f 1945 1942 1943
f 1942 1940 1943
f 1947 1944 1948
f 1944 1945 1948
f 1948 1945 1946
f 1945 1943 1946
f 1950 1947 1951
f 1947 1948 1951
f 1951 1948 1949
f 1948 1946 1949
f 1953 1950 1954
f 1950 1951 1954
f 1954 1951 1952
f 1951 1949 1952
f 1956 1953 1957
f 1953 1954 1957
f 1957 1954 1955
f 1954 1952 1955
f 1959 1956 1960
f 1956 1957 1960
f 1960 1957 1958
f 1957 1955 1958
f 1962 1959 1963
f 1959 1960 1963
f 1963 1960 1961
f 1960 1958 1961
f 1965 1962 1966
f 1962 1963 1966
f 1966 1963 1964
f 1963 1961 1964
f 1968 1965 1969
f 1965 1966 1969
f 1969 1966 1967
f 1966 1964 1967
f 1971 1968 1972
f 1968 1969 1972
f 1972 1969 1970
f 1969 1967 1970
f 1925 1971 1927
f 1971 1972 1927
f 1927 1972 1926
f 1972 1970 1926
f 1883 1886 1956
f 1886 1953 1956
f 1908 1910 1932
f 1910 1929 1932
f 1886 1889 1953
f 1889 1950 1953
f 1925 1913 1971
f 1913 1868 1971
f 1910 1913 1929
f 1913 1925 1929
f 1889 1893 1950
f 1893 1947 1950
f 1971 1868 1968
f 1868 1872 1968
f 1893 1895 1947
f 1895 1944 1947
f 1872 1874 1968
f 1874 1965 1968
f 1895 1898 1944
f 1898 1941 1944
f 1874 1878 1965
f 1878 1962 1965
f 1898 1901 1941
f 1901 1938 1941
f 1878 1880 1962
f 1880 1959 1962
f 1901 1904 1938
f 1904 1935 1938
f 1880 1883 1959
f 1883 1956 1959
f 1980 2023 1982
f 2023 2022 1982
f 2009 2013 2040
f 2013 2037 2040
f 2028 2007 2027
f 2007 2004 2027
f 2024 2027 1995
f 2027 1997 1995
f 2012 2010 2016
f 2010 2029 2016
f 2019 2026 1974
f 2026 2023 1974
f 2027 2004 1997
f 2004 2001 1997
f 1986 2021 1989
f 2021 1992 1989
f 2016 2029 2019
f 2029 2026 2019
f 2029 2010 2028
f 2010 2007 2028
f 1974 2023 1976
f 2023 1980 1976
f 1982 2022 1986
f 2022 2021 1986
f 2021 2024 1992
f 2024 1995 1992
f 1977 1978 1979
f 1978 1981 1979
f 1978 1976 1981
f 1976 1980 1981
f 1983 1984 1985
f 1984 1987 1985
f 1984 1982 1987
f 1982 1986 1987
f 1998 1999 2000
f 1999 2002 2000
f 1999 1997 2002
f 1997 2001 2002
f 1985 1987 1988
f 1987 1990 1988
f 1987 1986 1990
f 1986 1989 1990
f 1988 1990 1991
f 1990 1993 1991
f 1990 1989 1993
f 1989 1992 1993
f 2000 2002 2003
f 2002 2005 2003
f 2002 2001 2005
f 2001 2004 2005
f 2003 2005 2006
f 2005 2008 2006
f 2005 2004 2008
f 2004 2007 2008
f 2013 2014 2015
f 2014 2017 2015
f 2014 2012 2017
f 2012 2016 2017
f 1991 1993 1994
f 1993 1996 1994
f 1993 1992 1996
f 1992 1995 1996
f 1994 1996 1998
f 1996 1999 1998
f 1996 1995 1999
f 1995 1997 1999
f 2006 2008 2009
f 2008 2011 2009
f 2008 2007 2011
f 2007 2010 2011
f 2009 2011 2013
f 2011 2014 2013
f 2011 2010 2014
f 2010 2012 2014
f 2015 2017 2018
f 2017 2020 2018
f 2017 2016 2020
f 2016 2019 2020
f 1979 1981 1983
f 1981 1984 1983
f 1981 1980 1984
f 1980 1982 1984
f 2018 2020 1973
f 2020 1975 1973
f 2020 2019 1975
f 2019 1974 1975
f 1973 1975 1977
f 1975 1978 1977
f 1975 1974 1978
f 1974 1976 1978
f 2022 2025 2021
f 2025 2024 2021
f 2025 2028 2024
f 2028 2027 2024
f 2023 2026 2022
f 2026 2025 2022
f 2026 2029 2025
f 2029 2028 2025
f 2034 2030 2035
f 2030 2032 2035
f 2035 2032 2033
f 2032 2031 2033
f 2037 2034 2038
f 2034 2035 2038
f 2038 2035 2036
f 2035 2033 2036
f 2040 2037 2041
f 2037 2038 2041
f 2041 2038 2039
f 2038 2036 2039
f 2043 2040 2044
f 2040 2041 2044
f 2044 2041 2042
f 2041 2039 2042
f 2046 2043 2047
f 2043 2044 2047
f 2047 2044 2045
f 2044 2042 2045
f 2049 2046 2050
f 2046 2047 2050
f 2050 2047 2048
f 2047 2045 2048
f 2052 2049 2053
f 2049 2050 2053
f 2053 2050 2051
f 2050 2048 2051
f 2055 2052 2056
f 2052 2053 2056
f 2056 2053 2054
f 2053 2051 2054
f 2058 2055 2059
f 2055 2056 2059
f 2059 2056 2057
f 2056 2054 2057
f 2061 2058 2062
f 2058 2059 2062
f 2062 2059 2060
f 2059 2057 2060
f 2064 2061 2065
f 2061 2062 2065
f 2065 2062 2063
f 2062 2060 2063
f 2067 2064 2068
f 2064 2065 2068
f 2068 2065 2066
f 2065 2063 2066
f 2070 2067 2071
f 2067 2068 2071
f 2071 2068 2069
f 2068 2066 2069
f 2073 2070 2074
f 2070 2071 2074
f 2074 2071 2072
f 2071 2069 2072
f 2076 2073 2077
f 2073 2074 2077
f 2077 2074 2075
f 2074 2072 2075
f 2030 2076 2032
f 2076 2077 2032
f 2032 2077 2031
f 2077 2075 2031
f 1988 1991 2061
f 1991 2058 2061
f 2013 2015 2037
f 2015 2034 2037
f 1991 1994 2058
f 1994 2055 2058
f 2030 2018 2076
f 2018 1973 2076
f 2015 2018 2034
f 2018 2030 2034
f 1994 1998 2055
f 1998 2052 2055
f 2076 1973 2073
f 1973 1977 2073
f 1998 2000 2052
f 2000 2049 2052
f 1977 1979 2073
f 1979 2070 2073
f 2000 2003 2049
f 2003 2046 2049
f 1979 1983 2070
f 1983 2067 2070
f 2003 2006 2046
f 2006 2043 2046
f 1983 1985 2067
f 1985 2064 2067
f 2006 2009 2043
f 2009 2040 2043
f 1985 1988 2064
f 1988 2061 2064
f 2085 2128 2087
f 2128 2127 2087
f 2114 2118 2145
f 2118 2142 2145
f 2133 2112 2132
f 2112 2109 2132
f 2129 2132 2100
f 2132 2102 2100
f 2117 2115 2121
f 2115 2134 2121
f 2124 2131 2079
f 2131 2128 2079
f 2132 2109 2102
f 2109 2106 2102
f 2091 2126 2094
f 2126 2097 2094
f 2121 2134 2124
f 2134 2131 2124
f 2134 2115 2133
f 2115 2112 2133
f 2079 2128 2081
f 2128 2085 2081
f 2087 2127 2091
f 2127 2126 2091
f 2126 2129 2097
f 2129 2100 2097
f 2082 2083 2084
f 2083 2086 2084
f 2083 2081 2086
f 2081 2085 2086
f 2088 2089 2090
f 2089 2092 2090
f 2089 2087 2092
f 2087 2091 2092
f 2103 2104 2105
f 2104 2107 2105
f 2104 2102 2107
f 2102 2106 2107
f 2090 2092 2093
f 2092 2095 2093
f 2092 2091 2095
f 2091 2094 2095
f 2093 2095 2096
f 2095 2098 2096
f 2095 2094 2098
f 2094 2097 2098
f 2105 2107 2108
f 2107 2110 2108
f 2107 2106 2110
f 2106 2109 2110
f 2108 2110 2111
f 2110 2113 2111
f 2110 2109 2113
f 2109 2112 2113
f 2118 2119 2120
f 2119 2122 2120
f 2119 2117 2122
f 2117 2121 2122
f 2096 2098 2099
f 2098 2101 2099
f 2098 2097 2101
f 2097 2100 2101
f 2099 2101 2103
f 2101 2104 2103
f 2101 2100 2104
f 2100 2102 2104
f 2111 2113 2114
f 2113 2116 2114
f 2113 2112 2116
f 2112 2115 2116
f 2114 2116 2118
f 2116 2119 2118
f 2116 2115 2119
f 2115 2117 2119
f 2120 2122 2123
f 2122 2125 2123
f 2122 2121 2125
f 2121 2124 2125
f 2084 2086 2088
f 2086 2089 2088
f 2086 2085 2089
f 2085 2087 2089
f 2123 2125 2078
f 2125 2080 2078
f 2125 2124 2080
f 2124 2079 2080
f 2078 2080 2082
f 2080 2083 2082
f 2080 2079 2083
f 2079 2081 2083
f 2127 2130 2126
f 2130 2129 2126
f 2130 2133 2129
f 2133 2132 2129
f 2128 2131 2127
f 2131 2130 2127
f 2131 2134 2130
f 2134 2133 2130
f 2139 2135 2140
f 2135 2137 2140
f 2140 2137 2138
f 2137 2136 2138
f 2142 2139 2143
f 2139 2140 2143
f 2143 2140 2141
f 2140 2138 2141
f 2145 2142 2146
f 2142 2143 2146
f 2146 2143 2144
f 2143 2141 2144
f 2148 2145 2149
f 2145 2146 2149
f 2149 2146 2147
f 2146 2144 2147
f 2151 2148 2152
f 2148 2149 2152
f 2152 2149 2150
f 2149 2147 2150
f 2154 2151 2155
f 2151 2152 2155
f 2155 2152 2153
f 2152 2150 2153
f 2157 2154 2158
f 2154 2155 2158
f 2158 2155 2156
f 2155 2153 2156
f 2160 2157 2161
f 2157 2158 2161
f 2161 2158 2159
f 2158 2156 2159
f 2163 2160 2164
f 2160 2161 2164
f 2164 2161 2162
f 2161 2159 2162
f 2166 2163 2167
f 2163 2164 2167
f 2167 2164 2165
f 2164 2162 2165
f 2169 2166 2170
f 2166 2167 2170
f 2170 2167 2168
f 2167 2165 2168
f 2172 2169 2173
f 2169 2170 2173
f 2173 2170 2171
f 2170 2168 2171
f 2175 2172 2176
f 2172 2173 2176
f 2176 2173 2174
f 2173 2171 2174
f 2178 2175 2179
f 2175 2176 2179
f 2179 2176 2177
f 2176 2174 2177
f 2181 2178 2182
f 2178 2179 2182
f 2182 2179 2180
f 2179 2177 2180
f 2135 2181 2137
f 2181 2182 2137
f 2137 2182 2136
f 2182 2180 2136
f 2093 2096 2166
f 2096 2163 2166
f 2118 2120 2142
f 2120 2139 2142
f 2096 2099 2163
f 2099 2160 2163
f 2135 2123 2181
f 2123 2078 2181
f 2120 2123 2139
f 2123 2135 2139
f 2099 2103 2160
f 2103 2157 2160
f 2181 2078 2178
f 2078 2082 2178
f 2103 2105 2157
f 2105 2154 2157
f 2082 2084 2178
f 2084 2175 2178
f 2105 2108 2154
f 2108 2151 2154
f 2084 2088 2175
f 2088 2172 2175
f 2108 2111 2151
f 2111 2148 2151
f 2088 2090 2172
f 2090 2169 2172
f 2111 2114 2148
f 2114 2145 2148
f 2090 2093 2169
f 2093 2166 2169
f 2190 2233 2192
f 2233 2232 2192
f 2219 2223 2250
f 2223 2247 2250
f 2238 2217 2237
f 2217 2214 2237
f 2234 2237 2205
f 2237 2207 2205
f 2222 2220 2226
f 2220 2239 2226
f 2229 2236 2184
f 2236 2233 2184
f 2237 2214 2207
f 2214 2211 2207
f 2196 2231 2199
f 2231 2202 2199
f 2226 2239 2229
f 2239 2236 2229
f 2239 2220 2238
f 2220 2217 2238
f 2184 2233 2186
f 2233 2190 2186
f 2192 2232 2196
f 2232 2231 2196
f 2231 2234 2202
f 2234 2205 2202
f 2187 2188 2189
f 2188 2191 2189
f 2188 2186 2191
f 2186 2190 2191
f 2193 2194 2195
f 2194 2197 2195
f 2194 2192 2197
f 2192 2196 2197
f 2208 2209 2210
f 2209 2212 2210
f 2209 2207 2212
f 2207 2211 2212
f 2195 2197 2198
f 2197 2200 2198
f 2197 2196 2200
f 2196 2199 2200
f 2198 2200 2201
f 2200 2203 2201
f 2200 2199 2203
f 2199 2202 2203
f 2210 2212 2213
f 2212 2215 2213
f 2212 2211 2215
f 2211 2214 2215
f 2213 2215 2216
f 2215 2218 2216
f 2215 2214 2218
f 2214 2217 2218
f 2223 2224 2225
f 2224 2227 2225
f 2224 2222 2227
f 2222 2226 2227
f 2201 2203 2204
f 2203 2206 2204
f 2203 2202 2206
f 2202 2205 2206
f 2204 2206 2208
f 2206 2209 2208
f 2206 2205 2209
f 2205 2207 2209
f 2216 2218 2219
f 2218 2221 2219
f 2218 2217 2221
f 2217 2220 2221
f 2219 2221 2223
f 2221 2224 2223
f 2221 2220 2224
f 2220 2222 2224
f 2225 2227 2228
f 2227 2230 2228
f 2227 2226 2230
f 2226 2229 2230
f 2189 2191 2193
f 2191 2194 2193
f 2191 2190 2194
f 2190 2192 2194
f 2228 2230 2183
f 2230 2185 2183
f 2230 2229 2185
f 2229 2184 2185
f 2183 2185 2187
f 2185 2188 2187
f 2185 2184 2188
f 2184 2186 2188
f 2232 2235 2231
f 2235 2234 2231
f 2235 2238 2234
f 2238 2237 2234
f 2233 2236 2232
f 2236 2235 2232
f 2236 2239 2235
f 2239 2238 2235
f 2244 2240 2245
f 2240 2242 2245
f 2245 2242 2243
f 2242 2241 2243
f 2247 2244 2248
f 2244 2245 2248
f 2248 2245 2246
f 2245 2243 2246
f 2250 2247 2251
f 2247 2248 2251
f 2251 2248 2249
f 2248 2246 2249
f 2253 2250 2254
f 2250 2251 2254
f 2254 2251 2252
f 2251 2249 2252
f 2256 2253 2257
f 2253 2254 2257
f 2257 2254 2255
f 2254 2252 2255
f 2259 2256 2260
f 2256 2257 2260
f 2260 2257 2258
f 2257 2255 2258
f 2262 2259 2263
f 2259 2260 2263
f 2263 2260 2261
f 2260 2258 2261
f 2265 2262 2266
f 2262 2263 2266
f 2266 2263 2264
f 2263 2261 2264
f 2268 2265 2269
f 2265 2266 2269
f 2269 2266 2267
f 2266 2264 2267
f 2271 2268 2272
f 2268 2269 2272
f 2272 2269 2270
f 2269 2267 2270
f 2274 2271 2275
f 2271 2272 2275
f 2275 2272 2273
f 2272 2270 2273
f 2277 2274 2278
f 2274 2275 2278
f 2278 2275 2276
f 2275 2273 2276
f 2280 2277 2281
f 2277 2278 2281
f 2281 2278 2279
f 2278 2276 2279
f 2283 2280 2284
f 2280 2281 2284
f 2284 2281 2282
f 2281 2279 2282
f 2286 2283 2287
f 2283 2284 2287
f 2287 2284 2285
f 2284 2282 2285
f 2240 2286 2242
f 2286 2287 2242
f 2242 2287 2241
f 2287 2285 2241
f 2198 2201 2271
f 2201 2268 2271
f 2223 2225 2247
f 2225 2244 2247
f 2201 2204 2268
f 2204 2265 2268
f 2240 2228 2286
f 2228 2183 2286
f 2225 2228 2244
f 2228 2240 2244
f 2204 2208 2265
f 2208 2262 2265
f 2286 2183 2283
f 2183 2187 2283
f 2208 2210 2262
f 2210 2259 2262
f 2187 2189 2283
f 2189 2280 2283
f 2210 2213 2259
f 2213 2256 2259
f 2189 2193 2280
f 2193 2277 2280
f 2213 2216 2256
f 2216 2253 2256
f 2193 2195 2277
f 2195 2274 2277
f 2216 2219 2253
f 2219 2250 2253
f 2195 2198 2274
f 2198 2271 2274
f 2295 2338 2297
f 2338 2337 2297
f 2324 2328 2355
f 2328 2352 2355
f 2343 2322 2342
f 2322 2319 2342
f 2339 2342 2310
f 2342 2312 2310
f 2327 2325 2331
f 2325 2344 2331
f 2334 2341 2289
f 2341 2338 2289
f 2342 2319 2312
f 2319 2316 2312
f 2301 2336 2304
f 2336 2307 2304
f 2331 2344 2334
f 2344 2341 2334
f 2344 2325 2343
f 2325 2322 2343
f 2289 2338 2291
f 2338 2295 2291
f 2297 2337 2301
f 2337 2336 2301
f 2336 2339 2307
f 2339 2310 2307
f 2292 2293 2294
f 2293 2296 2294
f 2293 2291 2296
f 2291 2295 2296
f 2298 2299 2300
f 2299 2302 2300
f 2299 2297 2302
f 2297 2301 2302
f 2313 2314 2315
f 2314 2317 2315
f 2314 2312 2317
f 2312 2316 2317
f 2300 2302 2303
f 2302 2305 2303
f 2302 2301 2305
f 2301 2304 2305
f 2303 2305 2306
f 2305 2308 2306
f 2305 2304 2308
f 2304 2307 2308
f 2315 2317 2318
f 2317 2320 2318
f 2317 2316 2320
f 2316 2319 2320
f 2318 2320 2321
f 2320 2323 2321
f 2320 2319 2323
f 2319 2322 2323
f 2328 2329 2330
f 2329 2332 2330
f 2329 2327 2332
f 2327 2331 2332
f 2306 2308 2309
f 2308 2311 2309
f 2308 2307 2311
f 2307 2310 2311
f 2309 2311 2313
f 2311 2314 2313
f 2311 2310 2314
f 2310 2312 2314
f 2321 2323 2324
f 2323 2326 2324
f 2323 2322 2326
f 2322 2325 2326
f 2324 2326 2328
f 2326 2329 2328
f 2326 2325 2329
f 2325 2327 2329
f 2330 2332 2333
f 2332 2335 2333
f 2332 2331 2335
f 2331 2334 2335
f 2294 2296 2298
f 2296 2299 2298
f 2296 2295 2299
f 2295 2297 2299
f 2333 2335 2288
f 2335 2290 2288
f 2335 2334 2290
f 2334 2289 2290
f 2288 2290 2292
f 2290 2293 2292
f 2290 2289 2293
f 2289 2291 2293
f 2337 2340 2336
f 2340 2339 2336
f 2340 2343 2339
f 2343 2342 2339
f 2338 2341 2337
f 2341 2340 2337
f 2341 2344 2340
f 2344 2343 2340
f 2349 2345 2350
f 2345 2347 2350
f 2350 2347 2348
f 2347 2346 2348
f 2352 2349 2353
f 2349 2350 2353
f 2353 2350 2351
f 2350 2348 2351
f 2355 2352 2356
f 2352 2353 2356
f 2356 2353 2354
f 2353 2351 2354
f 2358 2355 2359
f 2355 2356 2359
f 2359 2356 2357
f 2356 2354 2357
f 2361 2358 2362
f 2358 2359 2362
f 2362 2359 2360
f 2359 2357 2360
f 2364 2361 2365
f 2361 2362 2365
f 2365 2362 2363
f 2362 2360 2363
f 2367 2364 2368
f 2364 2365 2368
f 2368 2365 2366
f 2365 2363 2366
f 2370 2367 2371
f 2367 2368 2371
f 2371 2368 2369
f 2368 2366 2369
f 2373 2370 2374
f 2370 2371 2374
f 2374 2371 2372
f 2371 2369 2372
f 2376 2373 2377
f 2373 2374 2377
f 2377 2374 2375
f 2374 2372 2375
f 2379 2376 2380
f 2376 2377 2380
f 2380 2377 2378
f 2377 2375 2378
f 2382 2379 2383
f 2379 2380 2383
f 2383 2380 2381
f 2380 2378 2381
f 2385 2382 2386
f 2382 2383 2386
f 2386 2383 2384
f 2383 2381 2384
f 2388 2385 2389
f 2385 2386 2389
f 2389 2386 2387
f 2386 2384 2387
f 2391 2388 2392
f 2388 2389 2392
f 2392 2389 2390
f 2389 2387 2390
f 2345 2391 2347
f 2391 2392 2347
f 2347 2392 2346
f 2392 2390 2346
f 2303 2306 2376
f 2306 2373 2376
f 2328 2330 2352
f 2330 2349 2352
f 2306 2309 2373
f 2309 2370 2373
f 2345 2333 2391
f 2333 2288 2391
f 2330 2333 2349
f 2333 2345 2349
f 2309 2313 2370
f 2313 2367 2370
f 2391 2288 2388
f 2288 2292 2388
f 2313 2315 2367
f 2315 2364 2367
f 2292 2294 2388
f 2294 2385 2388
f 2315 2318 2364
f 2318 2361 2364
f 2294 2298 2385
f 2298 2382 2385
f 2318 2321 2361
f 2321 2358 2361
f 2298 2300 2382
f 2300 2379 2382
f 2321 2324 2358
f 2324 2355 2358
f 2300 2303 2379
f 2303 2376 2379
f 2400 2443 2402
f 2443 2442 2402
f 2429 2433 2460
f 2433 2457 2460
f 2448 2427 2447
f 2427 2424 2447
f 2444 2447 2415
f 2447 2417 2415
f 2432 2430 2436
f 2430 2449 2436
f 2439 2446 2394
f 2446 2443 2394
f 2447 2424 2417
f 2424 2421 2417
f 2406 2441 2409
f 2441 2412 2409
f 2436 2449 2439
f 2449 2446 2439
f 2449 2430 2448
f 2430 2427 2448
f 2394 2443 2396
f 2443 2400 2396
f 2402 2442 2406
f 2442 2441 2406
f 2441 2444 2412
f 2444 2415 2412
f 2397 2398 2399
f 2398 2401 2399
f 2398 2396 2401
f 2396 2400 2401
f 2403 2404 2405
f 2404 2407 2405
f 2404 2402 2407
f 2402 2406 2407
f 2418 2419 2420
f 2419 2422 2420
f 2419 2417 2422
f 2417 2421 2422
f 2405 2407 2408
f 2407 2410 2408
f 2407 2406 2410
f 2406 2409 2410
f 2408 2410 2411
f 2410 2413 2411
f 2410 2409 2413
f 2409 2412 2413
f 2420 2422 2423
f 2422 2425 2423
f 2422 2421 2425
f 2421 2424 2425
f 2423 2425 2426
f 2425 2428 2426
f 2425 2424 2428
f 2424 2427 2428
f 2433 2434 2435
f 2434 2437 2435
f 2434 2432 2437
f 2432 2436 2437
f 2411 2413 2414
f 2413 2416 2414
f 2413 2412 2416
f 2412 2415 2416
f 2414 2416 2418
f 2416 2419 2418
f 2416 2415 2419
f 2415 2417 2419
f 2426 2428 2429
f 2428 2431 2429
f 2428 2427 2431
f 2427 2430 2431
f 2429 2431 2433
f 2431 2434 2433
f 2431 2430 2434
f 2430 2432 2434
f 2435 2437 2438
f 2437 2440 2438
f 2437 2436 2440
f 2436 2439 2440
f 2399 2401 2403
f 2401 2404 2403
f 2401 2400 2404
f 2400 2402 2404
f 2438 2440 2393
f 2440 2395 2393
f 2440 2439 2395
f 2439 2394 2395
f 2393 2395 2397
f 2395 2398 2397
f 2395 2394 2398
f 2394 2396 2398
f 2442 2445 2441
f 2445 2444 2441
f 2445 2448 2444
f 2448 2447 2444
f 2443 2446 2442
f 2446 2445 2442
f 2446 2449 2445
f 2449 2448 2445
f 2454 2450 2455
f 2450 2452 2455
f 2455 2452 2453
f 2452 2451 2453
f 2457 2454 2458
f 2454 2455 2458
f 2458 2455 2456
f 2455 2453 2456
f 2460 2457 2461
f 2457 2458 2461
f 2461 2458 2459
f 2458 2456 2459
f 2463 2460 2464
f 2460 2461 2464
f 2464 2461 2462
f 2461 2459 2462
f 2466 2463 2467
f 2463 2464 2467
f 2467 2464 2465
f 2464 2462 2465
f 2469 2466 2470
f 2466 2467 2470
f 2470 2467 2468
f 2467 2465 2468
f 2472 2469 2473
f 2469 2470 2473
f 2473 2470 2471
f 2470 2468 2471
f 2475 2472 2476
f 2472 2473 2476
f 2476 2473 2474
f 2473 2471 2474
f 2478 2475 2479
f 2475 2476 2479
f 2479 2476 2477
f 2476 2474 2477
f 2481 2478 2482
f 2478 2479 2482
f 2482 2479 2480
f 2479 2477 2480
f 2484 2481 2485
f 2481 2482 2485
f 2485 2482 2483
f 2482 2480 2483
f 2487 2484 2488
f 2484 2485 2488
f 2488 2485 2486
f 2485 2483 2486
f 2490 2487 2491
f 2487 2488 2491
f 2491 2488 2489
f 2488 2486 2489
f 2493 2490 2494
f 2490 2491 2494
f 2494 2491 2492
f 2491 2489 2492
f 2496 2493 2497
f 2493 2494 2497
f 2497 2494 2495
f 2494 2492 2495
f 2450 2496 2452
f 2496 2497 2452
f 2452 2497 2451
f 2497 2495 2451
f 2408 2411 2481
f 2411 2478 2481
f 2433 2435 2457
f 2435 2454 2457
f 2411 2414 2478
f 2414 2475 2478
f 2450 2438 2496
f 2438 2393 2496
f 2435 2438 2454
f 2438 2450 2454
f 2414 2418 2475
f 2418 2472 2475
f 2496 2393 2493
f 2393 2397 2493
f 2418 2420 2472
f 2420 2469 2472
f 2397 2399 2493
f 2399 2490 2493
f 2420 2423 2469
f 2423 2466 2469
f 2399 2403 2490
f 2403 2487 2490
f 2423 2426 2466
f 2426 2463 2466
f 2403 2405 2487
f 2405 2484 2487
f 2426 2429 2463
f 2429 2460 2463
f 2405 2408 2484
f 2408 2481 2484
f 2505 2548 2507
f 2548 2547 2507
f 2534 2538 2565
f 2538 2562 2565
f 2553 2532 2552
f 2532 2529 2552
f 2549 2552 2520
f 2552 2522 2520
f 2537 2535 2541
f 2535 2554 2541
f 2544 2551 2499
f 2551 2548 2499
f 2552 2529 2522
f 2529 2526 2522
f 2511 2546 2514
f 2546 2517 2514
f 2541 2554 2544
f 2554 2551 2544
f 2554 2535 2553
f 2535 2532 2553
f 2499 2548 2501
f 2548 2505 2501
f 2507 2547 2511
f 2547 2546 2511
f 2546 2549 2517
f 2549 2520 2517
f 2502 2503 2504
f 2503 2506 2504
f 2503 2501 2506
f 2501 2505 2506
f 2508 2509 2510
f 2509 2512 2510
f 2509 2507 2512
f 2507 2511 2512
f 2523 2524 2525
f 2524 2527 2525
f 2524 2522 2527
f 2522 2526 2527
f 2510 2512 2513
f 2512 2515 2513
f 2512 2511 2515
f 2511 2514 2515
f 2513 2515 2516
f 2515 2518 2516
f 2515 2514 2518
f 2514 2517 2518
f 2525 2527 2528
f 2527 2530 2528
f 2527 2526 2530
f 2526 2529 2530
f 2528 2530 2531
f 2530 2533 2531
f 2530 2529 2533
f 2529 2532 2533
f 2538 2539 2540
f 2539 2542 2540
f 2539 2537 2542
f 2537 2541 2542
f 2516 2518 2519
f 2518 2521 2519
f 2518 2517 2521
f 2517 2520 2521
f 2519 2521 2523
f 2521 2524 2523
f 2521 2520 2524
f 2520 2522 2524
f 2531 2533 2534
f 2533 2536 2534
f 2533 2532 2536
f 2532 2535 2536
f 2534 2536 2538
f 2536 2539 2538
f 2536 2535 2539
f 2535 2537 2539
f 2540 2542 2543
f 2542 2545 2543
f 2542 2541 2545
f 2541 2544 2545
f 2504 2506 2508
f 2506 2509 2508
f 2506 2505 2509
f 2505 2507 2509
f 2543 2545 2498
f 2545 2500 2498
f 2545 2544 2500
f 2544 2499 2500
f 2498 2500 2502
f 2500 2503 2502
f 2500 2499 2503
f 2499 2501 2503
f 2547 2550 2546
f 2550 2549 2546
f 2550 2553 2549
f 2553 2552 2549
f 2548 2551 2547
f 2551 2550 2547
f 2551 2554 2550
f 2554 2553 2550
f 2559 2555 2560
f 2555 2557 2560
f 2560 2557 2558
f 2557 2556 2558
f 2562 2559 2563
f 2559 2560 2563
f 2563 2560 2561
f 2560 2558 2561
f 2565 2562 2566
f 2562 2563 2566
f 2566 2563 2564
f 2563 2561 2564
f 2568 2565 2569
f 2565 2566 2569
f 2569 2566 2567
f 2566 2564 2567
f 2571 2568 2572
f 2568 2569 2572
f 2572 2569 2570
f 2569 2567 2570
f 2574 2571 2575
f 2571 2572 2575
f 2575 2572 2573
f 2572 2570 2573
f 2577 2574 2578
f 2574 2575 2578
f 2578 2575 2576
f 2575 2573 2576
f 2580 2577 2581
f 2577 2578 2581
f 2581 2578 2579
f 2578 2576 2579
f 2583 2580 2584
f 2580 2581 2584
f 2584 2581 2582
f 2581 2579 2582
f 2586 2583 2587
f 2583 2584 2587
f 2587 2584 2585
f 2584 2582 2585
f 2589 2586 2590
f 2586 2587 2590
f 2590 2587 2588
f 2587 2585 2588
f 2592 2589 2593
f 2589 2590 2593
f 2593 2590 2591
f 2590 2588 2591
f 2595 2592 2596
f 2592 2593 2596
f 2596 2593 2594
f 2593 2591 2594
f 2598 2595 2599
f 2595 2596 2599
f 2599 2596 2597
f 2596 2594 2597
f 2601 2598 2602
f 2598 2599 2602
f 2602 2599 2600
f 2599 2597 2600
f 2555 2601 2557
f 2601 2602 2557
f 2557 2602 2556
f 2602 2600 2556
f 2513 2516 2586
f 2516 2583 2586
f 2538 2540 2562
f 2540 2559 2562
f 2516 2519 2583
f 2519 2580 2583
f 2555 2543 2601
f 2543 2498 2601
f 2540 2543 2559
f 2543 2555 2559
f 2519 2523 2580
f 2523 2577 2580
f 2601 2498 2598
f 2498 2502 2598
f 2523 2525 2577
f 2525 2574 2577
f 2502 2504 2598
f 2504 2595 2598
f 2525 2528 2574
f 2528 2571 2574
f 2504 2508 2595
f 2508 2592 2595
f 2528 2531 2571
f 2531 2568 2571
f 2508 2510 2592
f 2510 2589 2592
f 2531 2534 2568
f 2534 2565 2568
f 2510 2513 2589
f 2513 2586 2589
f 2610 2653 2612
f 2653 2652 2612
f 2639 2643 2670
f 2643 2667 2670
f 2658 2637 2657
f 2637 2634 2657
f 2654 2657 2625
f 2657 2627 2625
f 2642 2640 2646
f 2640 2659 2646
f 2649 2656 2604
f 2656 2653 2604
f 2657 2634 2627
f 2634 2631 2627
f 2616 2651 2619
f 2651 2622 2619
f 2646 2659 2649
f 2659 2656 2649
f 2659 2640 2658
f 2640 2637 2658
f 2604 2653 2606
f 2653 2610 2606
f 2612 2652 2616
f 2652 2651 2616
f 2651 2654 2622
f 2654 2625 2622
f 2607 2608 2609
f 2608 2611 2609
f 2608 2606 2611
f 2606 2610 2611
f 2613 2614 2615
f 2614 2617 2615
f 2614 2612 2617
f 2612 2616 2617
f 2628 2629 2630
f 2629 2632 2630
f 2629 2627 2632
f 2627 2631 2632
f 2615 2617 2618
f 2617 2620 2618
f 2617 2616 2620
f 2616 2619 2620
f 2618 2620 2621
f 2620 2623 2621
f 2620 2619 2623
f 2619 2622 2623
f 2630 2632 2633
f 2632 2635 2633
f 2632 2631 2635
f 2631 2634 2635
f 2633 2635 2636
f 2635 2638 2636
f 2635 2634 2638
f 2634 2637 2638
f 2643 2644 2645
f 2644 2647 2645
f 2644 2642 2647
f 2642 2646 2647
f 2621 2623 2624
f 2623 2626 2624
f 2623 2622 2626
f 2622 2625 2626
f 2624 2626 2628
f 2626 2629 2628
f 2626 2625 2629
f 2625 2627 2629
f 2636 2638 2639
f 2638 2641 2639
f 2638 2637 2641
f 2637 2640 2641
f 2639 2641 2643
f 2641 2644 2643
f 2641 2640 2644
f 2640 2642 2644
f 2645 2647 2648
f 2647 2650 2648
f 2647 2646 2650
f 2646 2649 2650
f 2609 2611 2613
f 2611 2614 2613
f 2611 2610 2614
f 2610 2612 2614
f 2648 2650 2603
f 2650 2605 2603
f 2650 2649 2605
f 2649 2604 2605
f 2603 2605 2607
f 2605 2608 2607
f 2605 2604 2608
f 2604 2606 2608
f 2652 2655 2651
f 2655 2654 2651
f 2655 2658 2654
f 2658 2657 2654
f 2653 2656 2652
f 2656 2655 2652
f 2656 2659 2655
f 2659 2658 2655
f 2664 2660 2665
f 2660 2662 2665
f 2665 2662 2663
f 2662 2661 2663
f 2667 2664 2668
f 2664 2665 2668
f 2668 2665 2666
f 2665 2663 2666
f 2670 2667 2671
f 2667 2668 2671
f 2671 2668 2669
f 2668 2666 2669
f 2673 2670 2674
f 2670 2671 2674
f 2674 2671 2672
f 2671 2669 2672
f 2676 2673 2677
f 2673 2674 2677
f 2677 2674 2675
f 2674 2672 2675
f 2679 2676 2680
f 2676 2677 2680
f 2680 2677 2678
f 2677 2675 2678
f 2682 2679 2683
f 2679 2680 2683
f 2683 2680 2681
f 2680 2678 2681
f 2685 2682 2686
f 2682 2683 2686
f 2686 2683 2684
f 2683 2681 2684
f 2688 2685 2689
f 2685 2686 2689
f 2689 2686 2687
f 2686 2684 2687
f 2691 2688 2692
f 2688 2689 2692
f 2692 2689 2690
f 2689 2687 2690
f 2694 2691 2695
f 2691 2692 2695
f 2695 2692 2693
f 2692 2690 2693
f 2697 2694 2698
f 2694 2695 2698
f 2698 2695 2696
f 2695 2693 2696
f 2700 2697 2701
f 2697 2698 2701
f 2701 2698 2699
f 2698 2696 2699
f 2703 2700 2704
f 2700 2701 2704
f 2704 2701 2702
f 2701 2699 2702
f 2706 2703 2707
f 2703 2704 2707
f 2707 2704 2705
f 2704 2702 2705
f 2660 2706 2662
f 2706 2707 2662
f 2662 2707 2661
f 2707 2705 2661
f 2618 2621 2691
f 2621 2688 2691
f 2643 2645 2667
f 2645 2664 2667
f 2621 2624 2688
f 2624 2685 2688
f 2660 2648 2706
f 2648 2603 2706
f 2645 2648 2664
f 2648 2660 2664
f 2624 2628 2685
f 2628 2682 2685
f 2706 2603 2703
f 2603 2607 2703
f 2628 2630 2682
f 2630 2679 2682
f 2607 2609 2703
f 2609 2700 2703
f 2630 2633 2679
f 2633 2676 2679
f 2609 2613 2700
f 2613 2697 2700
f 2633 2636 2676
f 2636 2673 2676
f 2613 2615 2697
f 2615 2694 2697
f 2636 2639 2673
f 2639 2670 2673
f 2615 2618 2694
f 2618 2691 2694
f 2715 2758 2717
f 2758 2757 2717
f 2744 2748 2775
f 2748 2772 2775
f 2763 2742 2762
f 2742 2739 2762
f 2759 2762 2730
f 2762 2732 2730
f 2747 2745 2751
f 2745 2764 2751
f 2754 2761 2709
f 2761 2758 2709
f 2762 2739 2732
f 2739 2736 2732
f 2721 2756 2724
f 2756 2727 2724
f 2751 2764 2754
f 2764 2761 2754
f 2764 2745 2763
f 2745 2742 2763
f 2709 2758 2711
f 2758 2715 2711
f 2717 2757 2721
f 2757 2756 2721
f 2756 2759 2727
f 2759 2730 2727
f 2712 2713 2714
f 2713 2716 2714
f 2713 2711 2716
f 2711 2715 2716
f 2718 2719 2720
f 2719 2722 2720
f 2719 2717 2722
f 2717 2721 2722
f 2733 2734 2735
f 2734 2737 2735
f 2734 2732 2737
f 2732 2736 2737
f 2720 2722 2723
f 2722 2725 2723
f 2722 2721 2725
f 2721 2724 2725
f 2723 2725 2726
f 2725 2728 2726
f 2725 2724 2728
f 2724 2727 2728
f 2735 2737 2738
f 2737 2740 2738
f 2737 2736 2740
f 2736 2739 2740
f 2738 2740 2741
f 2740 2743 2741
f 2740 2739 2743
f 2739 2742 2743
f 2748 2749 2750
f 2749 2752 2750
f 2749 2747 2752
f 2747 2751 2752
f 2726 2728 2729
f 2728 2731 2729
f 2728 2727 2731
f 2727 2730 2731
f 2729 2731 2733
f 2731 2734 2733
f 2731 2730 2734
f 2730 2732 2734
f 2741 2743 2744
f 2743 2746 2744
f 2743 2742 2746
f 2742 2745 2746
f 2744 2746 2748
f 2746 2749 2748
f 2746 2745 2749
f 2745 2747 2749
f 2750 2752 2753
f 2752 2755 2753
f 2752 2751 2755
f 2751 2754 2755
f 2714 2716 2718
f 2716 2719 2718
f 2716 2715 2719
f 2715 2717 2719
f 2753 2755 2708
f 2755 2710 2708
f 2755 2754 2710
f 2754 2709 2710
f 2708 2710 2712
f 2710 2713 2712
f 2710 2709 2713
f 2709 2711 2713
f 2757 2760 2756
f 2760 2759 2756
f 2760 2763 2759
f 2763 2762 2759
f 2758 2761 2757
f 2761 2760 2757
f 2761 2764 2760
f 2764 2763 2760
f 2769 2765 2770
f 2765 2767 2770
f 2770 2767 2768
f 2767 2766 2768
f 2772 2769 2773
f 2769 2770 2773
f 2773 2770 2771
f 2770 2768 2771
f 2775 2772 2776
f 2772 2773 2776
f 2776 2773 2774
f 2773 2771 2774
f 2778 2775 2779
f 2775 2776 2779
f 2779 2776 2777
f 2776 2774 2777
f 2781 2778 2782
f 2778 2779 2782
f 2782 2779 2780
f 2779 2777 2780
f 2784 2781 2785
f 2781 2782 2785
f 2785 2782 2783
f 2782 2780 2783
f 2787 2784 2788
f 2784 2785 2788
f 2788 2785 2786
f 2785 2783 2786
f 2790 2787 2791
f 2787 2788 2791
f 2791 2788 2789
f 2788 2786 2789
f 2793 2790 2794
f 2790 2791 2794
f 2794 2791 2792
f 2791 2789 2792
f 2796 2793 2797
f 2793 2794 2797
f 2797 2794 2795
f 2794 2792 2795
f 2799 2796 2800
f 2796 2797 2800
f 2800 2797 2798
f 2797 2795 2798
f 2802 2799 2803
f 2799 2800 2803
f 2803 2800 2801
f 2800 2798 2801
f 2805 2802 2806
f 2802 2803 2806
f 2806 2803 2804
f 2803 2801 2804
f 2808 2805 2809
f 2805 2806 2809
f 2809 2806 2807
f 2806 2804 2807
f 2811 2808 2812
f 2808 2809 2812
f 2812 2809 2810
f 2809 2807 2810
f 2765 2811 2767
f 2811 2812 2767
f 2767 2812 2766
f 2812 2810 2766
f 2723 2726 2796
f 2726 2793 2796
f 2748 2750 2772
f 2750 2769 2772
f 2726 2729 2793
f 2729 2790 2793
f 2765 2753 2811
f 2753 2708 2811
f 2750 2753 2769
f 2753 2765 2769
f 2729 2733 2790
f 2733 2787 2790
f 2811 2708 2808
f 2708 2712 2808
f 2733 2735 2787
f 2735 2784 2787
f 2712 2714 2808
f 2714 2805 2808
f 2735 2738 2784
f 2738 2781 2784
f 2714 2718 2805
f 2718 2802 2805
f 2738 2741 2781
f 2741 2778 2781
f 2718 2720 2802
f 2720 2799 2802
f 2741 2744 2778
f 2744 2775 2778
f 2720 2723 2799
f 2723 2796 2799
f 2820 2863 2822
f 2863 2862 2822
f 2849 2853 2880
f 2853 2877 2880
f 2868 2847 2867
f 2847 2844 2867
f 2864 2867 2835
f 2867 2837 2835
f 2852 2850 2856
f 2850 2869 2856
f 2859 2866 2814
f 2866 2863 2814
f 2867 2844 2837
f 2844 2841 2837
f 2826 2861 2829
f 2861 2832 2829
f 2856 2869 2859
f 2869 2866 2859
f 2869 2850 2868
f 2850 2847 2868
f 2814 2863 2816
f 2863 2820 2816
f 2822 2862 2826
f 2862 2861 2826
f 2861 2864 2832
f 2864 2835 2832
f 2817 2818 2819
f 2818 2821 2819
f 2818 2816 2821
f 2816 2820 2821
f 2823 2824 2825
f 2824 2827 2825
f 2824 2822 2827
f 2822 2826 2827
f 2838 2839 2840
f 2839 2842 2840
f 2839 2837 2842
f 2837 2841 2842
f 2825 2827 2828
f 2827 2830 2828
f 2827 2826 2830
f 2826 2829 2830
f 2828 2830 2831
f 2830 2833 2831
f 2830 2829 2833
f 2829 2832 2833
f 2840 2842 2843
f 2842 2845 2843
f 2842 2841 2845
f 2841 2844 2845
f 2843 2845 2846
f 2845 2848 2846
f 2845 2844 2848
f 2844 2847 2848
f 2853 2854 2855
f 2854 2857 2855
f 2854 2852 2857
f 2852 2856 2857
f 2831 2833 2834
f 2833 2836 2834
f 2833 2832 2836
f 2832 2835 2836
f 2834 2836 2838
f 2836 2839 2838
f 2836 2835 2839
f 2835 2837 2839
f 2846 2848 2849
f 2848 2851 2849
f 2848 2847 2851
f 2847 2850 2851
f 2849 2851 2853
f 2851 2854 2853
f 2851 2850 2854
f 2850 2852 2854
f 2855 2857 2858
f 2857 2860 2858
f 2857 2856 2860
f 2856 2859 2860
f 2819 2821 2823
f 2821 2824 2823
f 2821 2820 2824
f 2820 2822 2824
f 2858 2860 2813
f 2860 2815 2813
f 2860 2859 2815
f 2859 2814 2815
f 2813 2815 2817
f 2815 2818 2817
f 2815 2814 2818
f 2814 2816 2818
f 2862 2865 2861
f 2865 2864 2861
f 2865 2868 2864
f 2868 2867 2864
f 2863 2866 2862
f 2866 2865 2862
f 2866 2869 2865
f 2869 2868 2865
f 2874 2870 2875
f 2870 2872 2875
f 2875 2872 2873
f 2872 2871 2873
f 2877 2874 2878
f 2874 2875 2878
f 2878 2875 2876
f 2875 2873 2876
f 2880 2877 2881
f 2877 2878 2881
f 2881 2878 2879
f 2878 2876 2879
f 2883 2880 2884
f 2880 2881 2884
f 2884 2881 2882
f 2881 2879 2882
f 2886 2883 2887
f 2883 2884 2887
f 2887 2884 2885
f 2884 2882 2885
f 2889 2886 2890
f 2886 2887 2890
f 2890 2887 2888
f 2887 2885 2888
f 2892 2889 2893
f 2889 2890 2893
f 2893 2890 2891
f 2890 2888 2891
f 2895 2892 2896
f 2892 2893 2896
f 2896 2893 2894
f 2893 2891 2894
f 2898 2895 2899
f 2895 2896 2899
f 2899 2896 2897
f 2896 2894 2897
f 2901 2898 2902
f 2898 2899 2902
f 2902 2899 2900
f 2899 2897 2900
f 2904 2901 2905
f 2901 2902 2905
f 2905 2902 2903
f 2902 2900 2903
f 2907 2904 2908
f 2904 2905 2908
f 2908 2905 2906
f 2905 2903 2906
f 2910 2907 2911
f 2907 2908 2911
f 2911 2908 2909
f 2908 2906 2909
f 2913 2910 2914
f 2910 2911 2914
f 2914 2911 2912
f 2911 2909 2912
f 2916 2913 2917
f 2913 2914 2917
f 2917 2914 2915
f 2914 2912 2915
f 2870 2916 2872
f 2916 2917 2872
f 2872 2917 2871
f 2917 2915 2871
f 2828 2831 2901
f 2831 2898 2901
f 2853 2855 2877
f 2855 2874 2877
f 2831 2834 2898
f 2834 2895 2898
f 2870 2858 2916
f 2858 2813 2916
f 2855 2858 2874
f 2858 2870 2874
f 2834 2838 2895
f 2838 2892 2895
f 2916 2813 2913
f 2813 2817 2913
f 2838 2840 2892
f 2840 2889 2892
f 2817 2819 2913
f 2819 2910 2913
f 2840 2843 2889
f 2843 2886 2889
f 2819 2823 2910
f 2823 2907 2910
f 2843 2846 2886
f 2846 2883 2886
f 2823 2825 2907
f 2825 2904 2907
f 2846 2849 2883
f 2849 2880 2883
f 2825 2828 2904
f 2828 2901 2904
f 2925 2968 2927
f 2968 2967 2927
f 2954 2958 2985
f 2958 2982 2985
f 2973 2952 2972
f 2952 2949 2972
f 2969 2972 2940
f 2972 2942 2940
f 2957 2955 2961
f 2955 2974 2961
f 2964 2971 2919
f 2971 2968 2919
f 2972 2949 2942
f 2949 2946 2942
f 2931 2966 2934
f 2966 2937 2934
f 2961 2974 2964
f 2974 2971 2964
f 2974 2955 2973
f 2955 2952 2973
f 2919 2968 2921
f 2968 2925 2921
f 2927 2967 2931
f 2967 2966 2931
f 2966 2969 2937
f 2969 2940 2937
f 2922 2923 2924
f 2923 2926 2924
f 2923 2921 2926
f 2921 2925 2926
f 2928 2929 2930
f 2929 2932 2930
f 2929 2927 2932
f 2927 2931 2932
f 2943 2944 2945
f 2944 2947 2945
f 2944 2942 2947
f 2942 2946 2947
f 2930 2932 2933
f 2932 2935 2933
f 2932 2931 2935
f 2931 2934 2935
f 2933 2935 2936
f 2935 2938 2936
f 2935 2934 2938
f 2934 2937 2938
f 2945 2947 2948
f 2947 2950 2948
f 2947 2946 2950
f 2946 2949 2950
f 2948 2950 2951
f 2950 2953 2951
f 2950 2949 2953
f 2949 2952 2953
f 2958 2959 2960
f 2959 2962 2960
f 2959 2957 2962
f 2957 2961 2962
f 2936 2938 2939
f 2938 2941 2939
f 2938 2937 2941
f 2937 2940 2941
f 2939 2941 2943
f 2941 2944 2943
f 2941 2940 2944
f 2940 2942 2944
f 2951 2953 2954
f 2953 2956 2954
f 2953 2952 2956
f 2952 2955 2956
f 2954 2956 2958
f 2956 2959 2958
f 2956 2955 2959
f 2955 2957 2959
f 2960 2962 2963
f 2962 2965 2963
f 2962 2961 2965
f 2961 2964 2965
f 2924 2926 2928
f 2926 2929 2928
f 2926 2925 2929
f 2925 2927 2929
f 2963 2965 2918
f 2965 2920 2918
f 2965 2964 2920
f 2964 2919 2920
f 2918 2920 2922
f 2920 2923 2922
f 2920 2919 2923
f 2919 2921 2923
f 2967 2970 2966
f 2970 2969 2966
f 2970 2973 2969
f 2973 2972 2969
f 2968 2971 2967
f 2971 2970 2967
f 2971 2974 2970
f 2974 2973 2970
f 2979 2975 2980
f 2975 2977 2980
f 2980 2977 2978
f 2977 2976 2978
f 2982 2979 2983
f 2979 2980 2983
f 2983 2980 2981
f 2980 2978 2981
f 2985 2982 2986
f 2982 2983 2986
f 2986 2983 2984
f 2983 2981 2984
f 2988 2985 2989
f 2985 2986 2989
f 2989 2986 2987
f 2986 2984 2987
f 2991 2988 2992
f 2988 2989 2992
f 2992 2989 2990
f 2989 2987 2990
f 2994 2991 2995
f 2991 2992 2995
f 2995 2992 2993
f 2992 2990 2993
f 2997 2994 2998
f 2994 2995 2998
f 2998 2995 2996
f 2995 2993 2996
f 3000 2997 3001
f 2997 2998 3001
f 3001 2998 2999
f 2998 2996 2999
f 3003 3000 3004
f 3000 3001 3004
f 3004 3001 3002
f 3001 2999 3002
f 3006 3003 3007
f 3003 3004 3007
f 3007 3004 3005
f 3004 3002 3005
f 3009 3006 3010
f 3006 3007 3010
f 3010 3007 3008
f 3007 3005 3008
f 3012 3009 3013
f 3009 3010 3013
f 3013 3010 3011
f 3010 3008 3011
f 3015 3012 3016
f 3012 3013 3016
f 3016 3013 3014
f 3013 3011 3014
f 3018 3015 3019
f 3015 3016 3019
f 3019 3016 3017
f 3016 3014 3017
f 3021 3018 3022
f 3018 3019 3022
f 3022 3019 3020
f 3019 3017 3020
f 2975 3021 2977
f 3021 3022 2977
f 2977 3022 2976
f 3022 3020 2976
f 2933 2936 3006
f 2936 3003 3006
f 2958 2960 2982
f 2960 2979 2982
f 2936 2939 3003
f 2939 3000 3003
f 2975 2963 3021
f 2963 2918 3021
f 2960 2963 2979
f 2963 2975 2979
f 2939 2943 3000
f 2943 2997 3000
f 3021 2918 3018
f 2918 2922 3018
f 2943 2945 2997
f 2945 2994 2997
f 2922 2924 3018
f 2924 3015 3018
f 2945 2948 2994
f 2948 2991 2994
f 2924 2928 3015
f 2928 3012 3015
f 2948 2951 2991
f 2951 2988 2991
f 2928 2930 3012
f 2930 3009 3012
f 2951 2954 2988
f 2954 2985 2988
f 2930 2933 3009
f 2933 3006 3009
f 3030 3073 3032
f 3073 3072 3032
f 3059 3063 3090
f 3063 3087 3090
f 3078 3057 3077
f 3057 3054 3077
f 3074 3077 3045
f 3077 3047 3045
f 3062 3060 3066
f 3060 3079 3066
f 3069 3076 3024
f 3076 3073 3024
f 3077 3054 3047
f 3054 3051 3047
f 3036 3071 3039
f 3071 3042 3039
f 3066 3079 3069
f 3079 3076 3069
f 3079 3060 3078
f 3060 3057 3078
f 3024 3073 3026
f 3073 3030 3026
f 3032 3072 3036
f 3072 3071 3036
f 3071 3074 3042
f 3074 3045 3042
f 3027 3028 3029
f 3028 3031 3029
f 3028 3026 3031
f 3026 3030 3031
f 3033 3034 3035
f 3034 3037 3035
f 3034 3032 3037
f 3032 3036 3037
f 3048 3049 3050
f 3049 3052 3050
f 3049 3047 3052
f 3047 3051 3052
f 3035 3037 3038
f 3037 3040 3038
f 3037 3036 3040
f 3036 3039 3040
f 3038 3040 3041
f 3040 3043 3041
f 3040 3039 3043
f 3039 3042 3043
f 3050 3052 3053
f 3052 3055 3053
f 3052 3051 3055
f 3051 3054 3055
f 3053 3055 3056
f 3055 3058 3056
f 3055 3054 3058
f 3054 3057 3058
f 3063 3064 3065
f 3064 3067 3065
f 3064 3062 3067
f 3062 3066 3067
f 3041 3043 3044
f 3043 3046 3044
f 3043 3042 3046
f 3042 3045 3046
f 3044 3046 3048
f 3046 3049 3048
f 3046 3045 3049
f 3045 3047 3049
f 3056 3058 3059
f 3058 3061 3059
f 3058 3057 3061
f 3057 3060 3061
f 3059 3061 3063
f 3061 3064 3063
f 3061 3060 3064
f 3060 3062 3064
f 3065 3067 3068
f 3067 3070 3068
f 3067 3066 3070
f 3066 3069 3070
f 3029 3031 3033
f 3031 3034 3033
f 3031 3030 3034
f 3030 3032 3034
f 3068 3070 3023
f 3070 3025 3023
f 3070 3069 3025
f 3069 3024 3025
f 3023 3025 3027
f 3025 3028 3027
f 3025 3024 3028
f 3024 3026 3028
f 3072 3075 3071
f 3075 3074 3071
f 3075 3078 3074
f 3078 3077 3074
f 3073 3076 3072
f 3076 3075 3072
f 3076 3079 3075
f 3079 3078 3075
f 3084 3080 3085
f 3080 3082 3085
f 3085 3082 3083
f 3082 3081 3083
f 3087 3084 3088
f 3084 3085 3088
f 3088 3085 3086
f 3085 3083 3086
f 3090 3087 3091
f 3087 3088 3091
f 3091 3088 3089
f 3088 3086 3089
f 3093 3090 3094
f 3090 3091 3094
f 3094 3091 3092
f 3091 3089 3092
f 3096 3093 3097
f 3093 3094 3097
f 3097 3094 3095
f 3094 3092 3095
f 3099 3096 3100
f 3096 3097 3100
f 3100 3097 3098
f 3097 3095 3098
f 3102 3099 3103
f 3099 3100 3103
f 3103 3100 3101
f 3100 3098 3101
f 3105 3102 3106
f 3102 3103 3106
f 3106 3103 3104
f 3103 3101 3104
f 3108 3105 3109
f 3105 3106 3109
f 3109 3106 3107
f 3106 3104 3107
f 3111 3108 3112
f 3108 3109 3112
f 3112 3109 3110
f 3109 3107 3110
f 3114 3111 3115
f 3111 3112 3115
f 3115 3112 3113
f 3112 3110 3113
f 3117 3114 3118
f 3114 3115 3118
f 3118 3115 3116
f 3115 3113 3116
f 3120 3117 3121
f 3117 3118 3121
f 3121 3118 3119
f 3118 3116 3119
f 3123 3120 3124
f 3120 3121 3124
f 3124 3121 3122
f 3121 3119 3122
f 3126 3123 3127
f 3123 3124 3127
f 3127 3124 3125
f 3124 3122 3125
f 3080 3126 3082
f 3126 3127 3082
f 3082 3127 3081
f 3127 3125 3081
f 3038 3041 3111
f 3041 3108 3111
f 3063 3065 3087
f 3065 3084 3087
f 3041 3044 3108
f 3044 3105 3108
f 3080 3068 3126
f 3068 3023 3126
f 3065 3068 3084
f 3068 3080 3084
f 3044 3048 3105
f 3048 3102 3105
f 3126 3023 3123
f 3023 3027 3123
f 3048 3050 3102
f 3050 3099 3102
f 3027 3029 3123
f 3029 3120 3123
f 3050 3053 3099
f 3053 3096 3099
f 3029 3033 3120
f 3033 3117 3120
f 3053 3056 3096
f 3056 3093 3096
f 3033 3035 3117
f 3035 3114 3117
f 3056 3059 3093
f 3059 3090 3093
f 3035 3038 3114
f 3038 3111 3114
f 3135 3178 3137
f 3178 3177 3137
f 3164 3168 3195
f 3168 3192 3195
f 3183 3162 3182
f 3162 3159 3182
f 3179 3182 3150
f 3182 3152 3150
f 3167 3165 3171
f 3165 3184 3171
f 3174 3181 3129
f 3181 3178 3129
f 3182 3159 3152
f 3159 3156 3152
f 3141 3176 3144
f 3176 3147 3144
f 3171 3184 3174
f 3184 3181 3174
f 3184 3165 3183
f 3165 3162 3183
f 3129 3178 3131
f 3178 3135 3131
f 3137 3177 3141
f 3177 3176 3141
f 3176 3179 3147
f 3179 3150 3147
f 3132 3133 3134
f 3133 3136 3134
f 3133 3131 3136
f 3131 3135 3136
f 3138 3139 3140
f 3139 3142 3140
f 3139 3137 3142
f 3137 3141 3142
f 3153 3154 3155
f 3154 3157 3155
f 3154 3152 3157
f 3152 3156 3157
f 3140 3142 3143
f 3142 3145 3143
f 3142 3141 3145
f 3141 3144 3145
f 3143 3145 3146
f 3145 3148 3146
f 3145 3144 3148
f 3144 3147 3148
f 3155 3157 3158
f 3157 3160 3158
f 3157 3156 3160
f 3156 3159 3160
f 3158 3160 3161
f 3160 3163 3161
f 3160 3159 3163
f 3159 3162 3163
f 3168 3169 3170
f 3169 3172 3170
f 3169 3167 3172
f 3167 3171 3172
f 3146 3148 3149
f 3148 3151 3149
f 3148 3147 3151
f 3147 3150 3151
f 3149 3151 3153
f 3151 3154 3153
f 3151 3150 3154
f 3150 3152 3154
f 3161 3163 3164
f 3163 3166 3164
f 3163 3162 3166
f 3162 3165 3166
f 3164 3166 3168
f 3166 3169 3168
f 3166 3165 3169
f 3165 3167 3169
f 3170 3172 3173
f 3172 3175 3173
f 3172 3171 3175
f 3171 3174 3175
f 3134 3136 3138
f 3136 3139 3138
f 3136 3135 3139
f 3135 3137 3139
f 3173 3175 3128
f 3175 3130 3128
f 3175 3174 3130
f 3174 3129 3130
f 3128 3130 3132
f 3130 3133 3132
f 3130 3129 3133
f 3129 3131 3133
f 3177 3180 3176
f 3180 3179 3176
f 3180 3183 3179
f 3183 3182 3179
f 3178 3181 3177
f 3181 3180 3177
f 3181 3184 3180
f 3184 3183 3180
f 3189 3185 3190
f 3185 3187 3190
f 3190 3187 3188
f 3187 3186 3188
f 3192 3189 3193
f 3189 3190 3193
f 3193 3190 3191
f 3190 3188 3191
f 3195 3192 3196
f 3192 3193 3196
f 3196 3193 3194
f 3193 3191 3194
f 3198 3195 3199
f 3195 3196 3199
f 3199 3196 3197
f 3196 3194 3197
f 3201 3198 3202
f 3198 3199 3202
f 3202 3199 3200
f 3199 3197 3200
f 3204 3201 3205
f 3201 3202 3205
f 3205 3202 3203
f 3202 3200 3203
f 3207 3204 3208
f 3204 3205 3208
f 3208 3205 3206
f 3205 3203 3206
f 3210 3207 3211
f 3207 3208 3211
f 3211 3208 3209
f 3208 3206 3209
f 3213 3210 3214
f 3210 3211 3214
f 3214 3211 3212
f 3211 3209 3212
f 3216 3213 3217
f 3213 3214 3217
f 3217 3214 3215
f 3214 3212 3215
f 3219 3216 3220
f 3216 3217 3220
f 3220 3217 3218
f 3217 3215 3218
f 3222 3219 3223
f 3219 3220 3223
f 3223 3220 3221
f 3220 3218 3221
f 3225 3222 3226
f 3222 3223 3226
f 3226 3223 3224
f 3223 3221 3224
f 3228 3225 3229
f 3225 3226 3229
f 3229 3226 3227
f 3226 3224 3227
f 3231 3228 3232
f 3228 3229 3232
f 3232 3229 3230
f 3229 3227 3230
f 3185 3231 3187
f 3231 3232 3187
f 3187 3232 3186
f 3232 3230 3186
f 3143 3146 3216
f 3146 3213 3216
f 3168 3170 3192
f 3170 3189 3192
f 3146 3149 3213
f 3149 3210 3213
f 3185 3173 3231
f 3173 3128 3231
f 3170 3173 3189
f 3173 3185 3189
f 3149 3153 3210
f 3153 3207 3210
f 3231 3128 3228
f 3128 3132 3228
f 3153 3155 3207
f 3155 3204 3207
f 3132 3134 3228
f 3134 3225 3228
f 3155 3158 3204
f 3158 3201 3204
f 3134 3138 3225
f 3138 3222 3225
f 3158 3161 3201
f 3161 3198 3201
f 3138 3140 3222
f 3140 3219 3222
f 3161 3164 3198
f 3164 3195 3198
f 3140 3143 3219
f 3143 3216 3219
f 3240 3283 3242
f 3283 3282 3242
f 3269 3273 3300
f 3273 3297 3300
f 3288 3267 3287
f 3267 3264 3287
f 3284 3287 3255
f 3287 3257 3255
f 3272 3270 3276
f 3270 3289 3276
f 3279 3286 3234
f 3286 3283 3234
f 3287 3264 3257
f 3264 3261 3257
f 3246 3281 3249
f 3281 3252 3249
f 3276 3289 3279
f 3289 3286 3279
f 3289 3270 3288
f 3270 3267 3288
f 3234 3283 3236
f 3283 3240 3236
f 3242 3282 3246
f 3282 3281 3246
f 3281 3284 3252
f 3284 3255 3252
f 3237 3238 3239
f 3238 3241 3239
f 3238 3236 3241
f 3236 3240 3241
f 3243 3244 3245
f 3244 3247 3245
f 3244 3242 3247
f 3242 3246 3247
f 3258 3259 3260
f 3259 3262 3260
f 3259 3257 3262
f 3257 3261 3262
f 3245 3247 3248
f 3247 3250 3248
f 3247 3246 3250
f 3246 3249 3250
f 3248 3250 3251
f 3250 3253 3251
f 3250 3249 3253
f 3249 3252 3253
f 3260 3262 3263
f 3262 3265 3263
f 3262 3261 3265
f 3261 3264 3265
f 3263 3265 3266
f 3265 3268 3266
f 3265 3264 3268
f 3264 3267 3268
f 3273 3274 3275
f 3274 3277 3275
f 3274 3272 3277
f 3272 3276 3277
f 3251 3253 3254
f 3253 3256 3254
f 3253 3252 3256
f 3252 3255 3256
f 3254 3256 3258
f 3256 3259 3258
f 3256 3255 3259
f 3255 3257 3259
f 3266 3268 3269
f 3268 3271 3269
f 3268 3267 3271
f 3267 3270 3271
f 3269 3271 3273
f 3271 3274 3273
f 3271 3270 3274
f 3270 3272 3274
f 3275 3277 3278
f 3277 3280 3278
f 3277 3276 3280
f 3276 3279 3280
f 3239 3241 3243
f 3241 3244 3243
f 3241 3240 3244
f 3240 3242 3244
f 3278 3280 3233
f 3280 3235 3233
f 3280 3279 3235
f 3279 3234 3235
f 3233 3235 3237
f 3235 3238 3237
f 3235 3234 3238
f 3234 3236 3238
f 3282 3285 3281
f 3285 3284 3281
f 3285 3288 3284
f 3288 3287 3284
f 3283 3286 3282
f 3286 3285 3282
f 3286 3289 3285
f 3289 3288 3285
f 3294 3290 3295
f 3290 3292 3295
f 3295 3292 3293
f 3292 3291 3293
f 3297 3294 3298
f 3294 3295 3298
f 3298 3295 3296
f 3295 3293 3296
f 3300 3297 3301
f 3297 3298 3301
f 3301 3298 3299
f 3298 3296 3299
f 3303 3300 3304
f 3300 3301 3304
f 3304 3301 3302
f 3301 3299 3302
f 3306 3303 3307
f 3303 3304 3307
f 3307 3304 3305
f 3304 3302 3305
f 3309 3306 3310
f 3306 3307 3310
f 3310 3307 3308
f 3307 3305 3308
f 3312 3309 3313
f 3309 3310 3313
f 3313 3310 3311
f 3310 3308 3311
f 3315 3312 3316
f 3312 3313 3316
f 3316 3313 3314
f 3313 3311 3314
f 3318 3315 3319
f 3315 3316 3319
f 3319 3316 3317
f 3316 3314 3317
f 3321 3318 3322
f 3318 3319 3322
f 3322 3319 3320
f 3319 3317 3320
f 3324 3321 3325
f 3321 3322 3325
f 3325 3322 3323
f 3322 3320 3323
f 3327 3324 3328
f 3324 3325 3328
f 3328 3325 3326
f 3325 3323 3326
f 3330 3327 3331
f 3327 3328 3331
f 3331 3328 3329
f 3328 3326 3329
f 3333 3330 3334
f 3330 3331 3334
f 3334 3331 3332
f 3331 3329 3332
f 3336 3333 3337
f 3333 3334 3337
f 3337 3334 3335
f 3334 3332 3335
f 3290 3336 3292
f 3336 3337 3292
f 3292 3337 3291
f 3337 3335 3291
f 3248 3251 3321
f 3251 3318 3321
f 3273 3275 3297
f 3275 3294 3297
f 3251 3254 3318
f 3254 3315 3318
f 3290 3278 3336
f 3278 3233 3336
f 3275 3278 3294
f 3278 3290 3294
f 3254 3258 3315
f 3258 3312 3315
f 3336 3233 3333
f 3233 3237 3333
f 3258 3260 3312
f 3260 3309 3312
f 3237 3239 3333
f 3239 3330 3333
f 3260 3263 3309
f 3263 3306 3309
f 3239 3243 3330
f 3243 3327 3330
f 3263 3266 3306
f 3266 3303 3306
f 3243 3245 3327
f 3245 3324 3327
f 3266 3269 3303
f 3269 3300 3303
f 3245 3248 3324
f 3248 3321 3324
f 3424 3421 3356
f 3421 3355 3356
f 3383 3342 3380
f 3342 3341 3380
f 3395 3346 3392
f 3346 3345 3392
f 3389 3344 3386
f 3344 3343 3386
f 3380 3341 3377
f 3341 3340 3377
f 3407 3350 3404
f 3350 3349 3404
f 3370 3338 3416
f 3338 3353 3416
f 3404 3349 3401
f 3349 3348 3401
f 3386 3343 3383
f 3343 3342 3383
f 3377 3340 3374
f 3340 3339 3374
f 3416 3353 3413
f 3353 3352 3413
f 3410 3351 3407
f 3351 3350 3407
f 3401 3348 3398
f 3348 3347 3398
f 3392 3345 3389
f 3345 3344 3389
f 3398 3347 3395
f 3347 3346 3395
f 3413 3352 3410
f 3352 3351 3410
f 3445 3442 3363
f 3442 3362 3363
f 3374 3339 3370
f 3339 3338 3370
f 3448 3445 3364
f 3445 3363 3364
f 3427 3424 3357
f 3424 3356 3357
f 3451 3448 3365
f 3448 3364 3365
f 3430 3427 3358
f 3427 3357 3358
f 3454 3451 3366
f 3451 3365 3366
f 3433 3430 3359
f 3430 3358 3359
f 3457 3454 3367
f 3454 3366 3367
f 3436 3433 3360
f 3433 3359 3360
f 3460 3457 3368
f 3457 3367 3368
f 3439 3436 3361
f 3436 3360 3361
f 3463 3460 3369
f 3460 3368 3369
f 3442 3439 3362
f 3439 3361 3362
f 3400 3397 3449
f 3397 3446 3449
f 3379 3376 3428
f 3376 3425 3428
f 3403 3400 3452
f 3400 3449 3452
f 3428 3431 3379
f 3431 3382 3379
f 3403 3452 3406
f 3452 3455 3406
f 3385 3382 3434
f 3382 3431 3434
f 3455 3458 3406
f 3458 3409 3406
f 3388 3385 3437
f 3385 3434 3437
f 3461 3412 3458
f 3412 3409 3458
f 3391 3388 3440
f 3388 3437 3440
f 3415 3412 3464
f 3412 3461 3464
f 3391 3440 3394
f 3440 3443 3394
f 3415 3464 3371
f 3464 3418 3371
f 3421 3419 3355
f 3419 3354 3355
f 3443 3446 3394
f 3446 3397 3394
f 3422 3425 3373
f 3425 3376 3373
f 3374 3370 3375
f 3370 3372 3375
f 3375 3372 3373
f 3372 3371 3373
f 3377 3374 3378
f 3374 3375 3378
f 3378 3375 3376
f 3375 3373 3376
f 3380 3377 3381
f 3377 3378 3381
f 3381 3378 3379
f 3378 3376 3379
f 3383 3380 3384
f 3380 3381 3384
f 3384 3381 3382
f 3381 3379 3382
f 3386 3383 3387
f 3383 3384 3387
f 3387 3384 3385
f 3384 3382 3385
f 3389 3386 3390
f 3386 3387 3390
f 3390 3387 3388
f 3387 3385 3388
f 3392 3389 3393
f 3389 3390 3393
f 3393 3390 3391
f 3390 3388 3391
f 3395 3392 3396
f 3392 3393 3396
f 3396 3393 3394
f 3393 3391 3394
f 3398 3395 3399
f 3395 3396 3399
f 3399 3396 3397
f 3396 3394 3397
f 3401 3398 3402
f 3398 3399 3402
f 3402 3399 3400
f 3399 3397 3400
f 3404 3401 3405
f 3401 3402 3405
f 3405 3402 3403
f 3402 3400 3403
f 3407 3404 3408
f 3404 3405 3408
f 3408 3405 3406
f 3405 3403 3406
f 3410 3407 3411
f 3407 3408 3411
f 3411 3408 3409
f 3408 3406 3409
f 3413 3410 3414
f 3410 3411 3414
f 3414 3411 3412
f 3411 3409 3412
f 3416 3413 3417
f 3413 3414 3417
f 3417 3414 3415
f 3414 3412 3415
f 3370 3416 3372
f 3416 3417 3372
f 3372 3417 3371
f 3417 3415 3371
f 3419 3463 3354
f 3463 3369 3354
f 3419 3421 3420
f 3421 3423 3420
f 3420 3423 3418
f 3423 3422 3418
f 3421 3424 3423
f 3424 3426 3423
f 3423 3426 3422
f 3426 3425 3422
f 3424 3427 3426
f 3427 3429 3426
f 3426 3429 3425
f 3429 3428 3425
f 3427 3430 3429
f 3430 3432 3429
f 3429 3432 3428
f 3432 3431 3428
f 3430 3433 3432
f 3433 3435 3432
f 3432 3435 3431
f 3435 3434 3431
f 3433 3436 3435
f 3436 3438 3435
f 3435 3438 3434
f 3438 3437 3434
f 3436 3439 3438
f 3439 3441 3438
f 3438 3441 3437
f 3441 3440 3437
f 3439 3442 3441
f 3442 3444 3441
f 3441 3444 3440
f 3444 3443 3440
f 3442 3445 3444
f 3445 3447 3444
f 3444 3447 3443
f 3447 3446 3443
f 3445 3448 3447
f 3448 3450 3447
f 3447 3450 3446
f 3450 3449 3446
f 3448 3451 3450
f 3451 3453 3450
f 3450 3453 3449
f 3453 3452 3449
f 3451 3454 3453
f 3454 3456 3453
f 3453 3456 3452
f 3456 3455 3452
f 3454 3457 3456
f 3457 3459 3456
f 3456 3459 3455
f 3459 3458 3455
f 3457 3460 3459
f 3460 3462 3459
f 3459 3462 3458
f 3462 3461 3458
f 3460 3463 3462
f 3463 3465 3462
f 3462 3465 3461
f 3465 3464 3461
f 3463 3419 3465
f 3419 3420 3465
f 3465 3420 3464
f 3420 3418 3464
f 3418 3422 3371
f 3422 3373 3371
f 3552 3549 3484
f 3549 3483 3484
f 3511 3470 3508
f 3470 3469 3508
f 3523 3474 3520
f 3474 3473 3520
f 3517 3472 3514
f 3472 3471 3514
f 3508 3469 3505
f 3469 3468 3505
f 3535 3478 3532
f 3478 3477 3532
f 3498 3466 3544
f 3466 3481 3544
f 3532 3477 3529
f 3477 3476 3529
f 3514 3471 3511
f 3471 3470 3511
f 3505 3468 3502
f 3468 3467 3502
f 3544 3481 3541
f 3481 3480 3541
f 3538 3479 3535
f 3479 3478 3535
f 3529 3476 3526
f 3476 3475 3526
f 3520 3473 3517
f 3473 3472 3517
f 3526 3475 3523
f 3475 3474 3523
f 3541 3480 3538
f 3480 3479 3538
f 3573 3570 3491
f 3570 3490 3491
f 3502 3467 3498
f 3467 3466 3498
f 3576 3573 3492
f 3573 3491 3492
f 3555 3552 3485
f 3552 3484 3485
f 3579 3576 3493
f 3576 3492 3493
f 3558 3555 3486
f 3555 3485 3486
f 3582 3579 3494
f 3579 3493 3494
f 3561 3558 3487
f 3558 3486 3487
f 3585 3582 3495
f 3582 3494 3495
f 3564 3561 3488
f 3561 3487 3488
f 3588 3585 3496
f 3585 3495 3496
f 3567 3564 3489
f 3564 3488 3489
f 3591 3588 3497
f 3588 3496 3497
f 3570 3567 3490
f 3567 3489 3490
f 3528 3525 3577
f 3525 3574 3577
f 3507 3504 3556
f 3504 3553 3556
f 3531 3528 3580
f 3528 3577 3580
f 3556 3559 3507
f 3559 3510 3507
f 3531 3580 3534
f 3580 3583 3534
f 3513 3510 3562
f 3510 3559 3562
f 3583 3586 3534
f 3586 3537 3534
f 3516 3513 3565
f 3513 3562 3565
f 3589 3540 3586
f 3540 3537 3586
f 3519 3516 3568
f 3516 3565 3568
f 3543 3540 3592
f 3540 3589 3592
f 3519 3568 3522
f 3568 3571 3522
f 3543 3592 3499
f 3592 3546 3499
f 3549 3547 3483
f 3547 3482 3483
f 3571 3574 3522
f 3574 3525 3522
f 3550 3553 3501
f 3553 3504 3501
f 3502 3498 3503
f 3498 3500 3503
f 3503 3500 3501
f 3500 3499 3501
f 3505 3502 3506
f 3502 3503 3506
f 3506 3503 3504
f 3503 3501 3504
f 3508 3505 3509
f 3505 3506 3509
f 3509 3506 3507
f 3506 3504 3507
f 3511 3508 3512
f 3508 3509 3512
f 3512 3509 3510
f 3509 3507 3510
f 3514 3511 3515
f 3511 3512 3515
f 3515 3512 3513
f 3512 3510 3513
f 3517 3514 3518
f 3514 3515 3518
f 3518 3515 3516
f 3515 3513 3516
f 3520 3517 3521
f 3517 3518 3521
f 3521 3518 3519
f 3518 3516 3519
f 3523 3520 3524
f 3520 3521 3524
f 3524 3521 3522
f 3521 3519 3522
f 3526 3523 3527
f 3523 3524 3527
f 3527 3524 3525
f 3524 3522 3525
f 3529 3526 3530
f 3526 3527 3530
f 3530 3527 3528
f 3527 3525 3528
f 3532 3529 3533
f 3529 3530 3533
f 3533 3530 3531
f 3530 3528 3531
f 3535 3532 3536
f 3532 3533 3536
f 3536 3533 3534
f 3533 3531 3534
f 3538 3535 3539
f 3535 3536 3539
f 3539 3536 3537
f 3536 3534 3537
f 3541 3538 3542
f 3538 3539 3542
f 3542 3539 3540
f 3539 3537 3540
f 3544 3541 3545
f 3541 3542 3545
f 3545 3542 3543
f 3542 3540 3543
f 3498 3544 3500
f 3544 3545 3500
f 3500 3545 3499
f 3545 3543 3499
f 3547 3591 3482
f 3591 3497 3482
f 3547 3549 3548
f 3549 3551 3548
f 3548 3551 3546
f 3551 3550 3546
f 3549 3552 3551
f 3552 3554 3551
f 3551 3554 3550
f 3554 3553 3550
f 3552 3555 3554
f 3555 3557 3554
f 3554 3557 3553
f 3557 3556 3553
f 3555 3558 3557
f 3558 3560 3557
f 3557 3560 3556
f 3560 3559 3556
f 3558 3561 3560
f 3561 3563 3560
f 3560 3563 3559
f 3563 3562 3559
f 3561 3564 3563
f 3564 3566 3563
f 3563 3566 3562
f 3566 3565 3562
f 3564 3567 3566
f 3567 3569 3566
f 3566 3569 3565
f 3569 3568 3565
f 3567 3570 3569
f 3570 3572 3569
f 3569 3572 3568
f 3572 3571 3568
f 3570 3573 3572
f 3573 3575 3572
f 3572 3575 3571
f 3575 3574 3571
f 3573 3576 3575
f 3576 3578 3575
f 3575 3578 3574
f 3578 3577 3574
f 3576 3579 3578
f 3579 3581 3578
f 3578 3581 3577
f 3581 3580 3577
f 3579 3582 3581
f 3582 3584 3581
f 3581 3584 3580
f 3584 3583 3580
f 3582 3585 3584
f 3585 3587 3584
f 3584 3587 3583
f 3587 3586 3583
f 3585 3588 3587
f 3588 3590 3587
f 3587 3590 3586
f 3590 3589 3586
f 3588 3591 3590
f 3591 3593 3590
f 3590 3593 3589
f 3593 3592 3589
f 3591 3547 3593
f 3547 3548 3593
f 3593 3548 3592
f 3548 3546 3592
f 3546 3550 3499
f 3550 3501 3499
f 3680 3677 3612
f 3677 3611 3612
f 3639 3598 3636
f 3598 3597 3636
f 3651 3602 3648
f 3602 3601 3648
f 3645 3600 3642
f 3600 3599 3642
f 3636 3597 3633
f 3597 3596 3633
f 3663 3606 3660
f 3606 3605 3660
f 3626 3594 3672
f 3594 3609 3672
f 3660 3605 3657
f 3605 3604 3657
f 3642 3599 3639
f 3599 3598 3639
f 3633 3596 3630
f 3596 3595 3630
f 3672 3609 3669
f 3609 3608 3669
f 3666 3607 3663
f 3607 3606 3663
f 3657 3604 3654
f 3604 3603 3654
f 3648 3601 3645
f 3601 3600 3645
f 3654 3603 3651
f 3603 3602 3651
f 3669 3608 3666
f 3608 3607 3666
f 3701 3698 3619
f 3698 3618 3619
f 3630 3595 3626
f 3595 3594 3626
f 3704 3701 3620
f 3701 3619 3620
f 3683 3680 3613
f 3680 3612 3613
f 3707 3704 3621
f 3704 3620 3621
f 3686 3683 3614
f 3683 3613 3614
f 3710 3707 3622
f 3707 3621 3622
f 3689 3686 3615
f 3686 3614 3615
f 3713 3710 3623
f 3710 3622 3623
f 3692 3689 3616
f 3689 3615 3616
f 3716 3713 3624
f 3713 3623 3624
f 3695 3692 3617
f 3692 3616 3617
f 3719 3716 3625
f 3716 3624 3625
f 3698 3695 3618
f 3695 3617 3618
f 3656 3653 3705
f 3653 3702 3705
f 3635 3632 3684
f 3632 3681 3684
f 3659 3656 3708
f 3656 3705 3708
f 3684 3687 3635
f 3687 3638 3635
f 3659 3708 3662
f 3708 3711 3662
f 3641 3638 3690
f 3638 3687 3690
f 3711 3714 3662
f 3714 3665 3662
f 3644 3641 3693
f 3641 3690 3693
f 3717 3668 3714
f 3668 3665 3714
f 3647 3644 3696
f 3644 3693 3696
f 3671 3668 3720
f 3668 3717 3720
f 3647 3696 3650
f 3696 3699 3650
f 3671 3720 3627
f 3720 3674 3627
f 3677 3675 3611
f 3675 3610 3611
f 3699 3702 3650
f 3702 3653 3650
f 3678 3681 3629
f 3681 3632 3629
f 3630 3626 3631
f 3626 3628 3631
f 3631 3628 3629
f 3628 3627 3629
f 3633 3630 3634
f 3630 3631 3634
f 3634 3631 3632
f 3631 3629 3632
f 3636 3633 3637
f 3633 3634 3637
f 3637 3634 3635
f 3634 3632 3635
f 3639 3636 3640
f 3636 3637 3640
f 3640 3637 3638
f 3637 3635 3638
f 3642 3639 3643
f 3639 3640 3643
f 3643 3640 3641
f 3640 3638 3641
f 3645 3642 3646
f 3642 3643 3646
f 3646 3643 3644
f 3643 3641 3644
f 3648 3645 3649
f 3645 3646 3649
f 3649 3646 3647
f 3646 3644 3647
f 3651 3648 3652
f 3648 3649 3652
f 3652 3649 3650
f 3649 3647 3650
f 3654 3651 3655
f 3651 3652 3655
f 3655 3652 3653
f 3652 3650 3653
f 3657 3654 3658
f 3654 3655 3658
f 3658 3655 3656
f 3655 3653 3656
f 3660 3657 3661
f 3657 3658 3661
f 3661 3658 3659
f 3658 3656 3659
f 3663 3660 3664
f 3660 3661 3664
f 3664 3661 3662
f 3661 3659 3662
f 3666 3663 3667
f 3663 3664 3667
f 3667 3664 3665
f 3664 3662 3665
f 3669 3666 3670
f 3666 3667 3670
f 3670 3667 3668
f 3667 3665 3668
f 3672 3669 3673
f 3669 3670 3673
f 3673 3670 3671
f 3670 3668 3671
f 3626 3672 3628
f 3672 3673 3628
f 3628 3673 3627
f 3673 3671 3627
f 3675 3719 3610
f 3719 3625 3610
f 3675 3677 3676
f 3677 3679 3676
f 3676 3679 3674
f 3679 3678 3674
f 3677 3680 3679
f 3680 3682 3679
f 3679 3682 3678
f 3682 3681 3678
f 3680 3683 3682
f 3683 3685 3682
f 3682 3685 3681
f 3685 3684 3681
f 3683 3686 3685
f 3686 3688 3685
f 3685 3688 3684
f 3688 3687 3684
f 3686 3689 3688
f 3689 3691 3688
f 3688 3691 3687
f 3691 3690 3687
f 3689 3692 3691
f 3692 3694 3691
f 3691 3694 3690
f 3694 3693 3690
f 3692 3695 3694
f 3695 3697 3694
f 3694 3697 3693
f 3697 3696 3693
f 3695 3698 3697
f 3698 3700 3697
f 3697 3700 3696
f 3700 3699 3696
f 3698 3701 3700
f 3701 3703 3700
f 3700 3703 3699
f 3703 3702 3699
f 3701 3704 3703
f 3704 3706 3703
f 3703 3706 3702
f 3706 3705 3702
f 3704 3707 3706
f 3707 3709 3706
f 3706 3709 3705
f 3709 3708 3705
f 3707 3710 3709
f 3710 3712 3709
f 3709 3712 3708
f 3712 3711 3708
f 3710 3713 3712
f 3713 3715 3712
f 3712 3715 3711
f 3715 3714 3711
f 3713 3716 3715
f 3716 3718 3715
f 3715 3718 3714
f 3718 3717 3714
f 3716 3719 3718
f 3719 3721 3718
f 3718 3721 3717
f 3721 3720 3717
f 3719 3675 3721
f 3675 3676 3721
f 3721 3676 3720
f 3676 3674 3720
f 3674 3678 3627
f 3678 3629 3627
f 3808 3805 3740
f 3805 3739 3740
f 3767 3726 3764
f 3726 3725 3764
f 3779 3730 3776
f 3730 3729 3776
f 3773 3728 3770
f 3728 3727 3770
f 3764 3725 3761
f 3725 3724 3761
f 3791 3734 3788
f 3734 3733 3788
f 3754 3722 3800
f 3722 3737 3800
f 3788 3733 3785
f 3733 3732 3785
f 3770 3727 3767
f 3727 3726 3767
f 3761 3724 3758
f 3724 3723 3758
f 3800 3737 3797
f 3737 3736 3797
f 3794 3735 3791
f 3735 3734 3791
f 3785 3732 3782
f 3732 3731 3782
f 3776 3729 3773
f 3729 3728 3773
f 3782 3731 3779
f 3731 3730 3779
f 3797 3736 3794
f 3736 3735 3794
f 3829 3826 3747
f 3826 3746 3747
f 3758 3723 3754
f 3723 3722 3754
f 3832 3829 3748
f 3829 3747 3748
f 3811 3808 3741
f 3808 3740 3741
f 3835 3832 3749
f 3832 3748 3749
f 3814 3811 3742
f 3811 3741 3742
f 3838 3835 3750
f 3835 3749 3750
f 3817 3814 3743
f 3814 3742 3743
f 3841 3838 3751
f 3838 3750 3751
f 3820 3817 3744
f 3817 3743 3744
f 3844 3841 3752
f 3841 3751 3752
f 3823 3820 3745
f 3820 3744 3745
f 3847 3844 3753
f 3844 3752 3753
f 3826 3823 3746
f 3823 3745 3746
f 3784 3781 3833
f 3781 3830 3833
f 3763 3760 3812
f 3760 3809 3812
f 3787 3784 3836
f 3784 3833 3836
f 3812 3815 3763
f 3815 3766 3763
f 3787 3836 3790
f 3836 3839 3790
f 3769 3766 3818
f 3766 3815 3818
f 3839 3842 3790
f 3842 3793 3790
f 3772 3769 3821
f 3769 3818 3821
f 3845 3796 3842
f 3796 3793 3842
f 3775 3772 3824
f 3772 3821 3824
f 3799 3796 3848
f 3796 3845 3848
f 3775 3824 3778
f 3824 3827 3778
f 3799 3848 3755
f 3848 3802 3755
f 3805 3803 3739
f 3803 3738 3739
f 3827 3830 3778
f 3830 3781 3778
f 3806 3809 3757
f 3809 3760 3757
f 3758 3754 3759
f 3754 3756 3759
f 3759 3756 3757
f 3756 3755 3757
f 3761 3758 3762
f 3758 3759 3762
f 3762 3759 3760
f 3759 3757 3760
f 3764 3761 3765
f 3761 3762 3765
f 3765 3762 3763
f 3762 3760 3763
f 3767 3764 3768
f 3764 3765 3768
f 3768 3765 3766
f 3765 3763 3766
f 3770 3767 3771
f 3767 3768 3771
f 3771 3768 3769
f 3768 3766 3769
f 3773 3770 3774
f 3770 3771 3774
f 3774 3771 3772
f 3771 3769 3772
f 3776 3773 3777
f 3773 3774 3777
f 3777 3774 3775
f 3774 3772 3775
f 3779 3776 3780
f 3776 3777 3780
f 3780 3777 3778
f 3777 3775 3778
f 3782 3779 3783
f 3779 3780 3783
f 3783 3780 3781
f 3780 3778 3781
f 3785 3782 3786
f 3782 3783 3786
f 3786 3783 3784
f 3783 3781 3784
f 3788 3785 3789
f 3785 3786 3789
f 3789 3786 3787
f 3786 3784 3787
f 3791 3788 3792
f 3788 3789 3792
f 3792 3789 3790
f 3789 3787 3790
f 3794 3791 3795
f 3791 3792 3795
f 3795 3792 3793
f 3792 3790 3793
f 3797 3794 3798
f 3794 3795 3798
f 3798 3795 3796
f 3795 3793 3796
f 3800 3797 3801
f 3797 3798 3801
f 3801 3798 3799
f 3798 3796 3799
f 3754 3800 3756
f 3800 3801 3756
f 3756 3801 3755
f 3801 3799 3755
f 3803 3847 3738
f 3847 3753 3738
f 3803 3805 3804
f 3805 3807 3804
f 3804 3807 3802
f 3807 3806 3802
f 3805 3808 3807
f 3808 3810 3807
f 3807 3810 3806
f 3810 3809 3806
f 3808 3811 3810
f 3811 3813 3810
f 3810 3813 3809
f 3813 3812 3809
f 3811 3814 3813
f 3814 3816 3813
f 3813 3816 3812
f 3816 3815 3812
f 3814 3817 3816
f 3817 3819 3816
f 3816 3819 3815
f 3819 3818 3815
f 3817 3820 3819
f 3820 3822 3819
f 3819 3822 3818
f 3822 3821 3818
f 3820 3823 3822
f 3823 3825 3822
f 3822 3825 3821
f 3825 3824 3821
f 3823 3826 3825
f 3826 3828 3825
f 3825 3828 3824
f 3828 3827 3824
f 3826 3829 3828
f 3829 3831 3828
f 3828 3831 3827
f 3831 3830 3827
f 3829 3832 3831
f 3832 3834 3831
f 3831 3834 3830
f 3834 3833 3830
f 3832 3835 3834
f 3835 3837 3834
f 3834 3837 3833
f 3837 3836 3833
f 3835 3838 3837
f 3838 3840 3837
f 3837 3840 3836
f 3840 3839 3836
f 3838 3841 3840
f 3841 3843 3840
f 3840 3843 3839
f 3843 3842 3839
f 3841 3844 3843
f 3844 3846 3843
f 3843 3846 3842
f 3846 3845 3842
f 3844 3847 3846
f 3847 3849 3846
f 3846 3849 3845
f 3849 3848 3845
f 3847 3803 3849
f 3803 3804 3849
f 3849 3804 3848
f 3804 3802 3848
f 3802 3806 3755
f 3806 3757 3755
f 3936 3933 3868
f 3933 3867 3868
f 3895 3854 3892
f 3854 3853 3892
f 3907 3858 3904
f 3858 3857 3904
f 3901 3856 3898
f 3856 3855 3898
f 3892 3853 3889
f 3853 3852 3889
f 3919 3862 3916
f 3862 3861 3916
f 3882 3850 3928
f 3850 3865 3928
f 3916 3861 3913
f 3861 3860 3913
f 3898 3855 3895
f 3855 3854 3895
f 3889 3852 3886
f 3852 3851 3886
f 3928 3865 3925
f 3865 3864 3925
f 3922 3863 3919
f 3863 3862 3919
f 3913 3860 3910
f 3860 3859 3910
f 3904 3857 3901
f 3857 3856 3901
f 3910 3859 3907
f 3859 3858 3907
f 3925 3864 3922
f 3864 3863 3922
f 3957 3954 3875
f 3954 3874 3875
f 3886 3851 3882
f 3851 3850 3882
f 3960 3957 3876
f 3957 3875 3876
f 3939 3936 3869
f 3936 3868 3869
f 3963 3960 3877
f 3960 3876 3877
f 3942 3939 3870
f 3939 3869 3870
f 3966 3963 3878
f 3963 3877 3878
f 3945 3942 3871
f 3942 3870 3871
f 3969 3966 3879
f 3966 3878 3879
f 3948 3945 3872
f 3945 3871 3872
f 3972 3969 3880
f 3969 3879 3880
f 3951 3948 3873
f 3948 3872 3873
f 3975 3972 3881
f 3972 3880 3881
f 3954 3951 3874
f 3951 3873 3874
f 3912 3909 3961
f 3909 3958 3961
f 3891 3888 3940
f 3888 3937 3940
f 3915 3912 3964
f 3912 3961 3964
f 3940 3943 3891
f 3943 3894 3891
f 3915 3964 3918
f 3964 3967 3918
f 3897 3894 3946
f 3894 3943 3946
f 3967 3970 3918
f 3970 3921 3918
f 3900 3897 3949
f 3897 3946 3949
f 3973 3924 3970
f 3924 3921 3970
f 3903 3900 3952
f 3900 3949 3952
f 3927 3924 3976
f 3924 3973 3976
f 3903 3952 3906
f 3952 3955 3906
f 3927 3976 3883
f 3976 3930 3883
f 3933 3931 3867
f 3931 3866 3867
f 3955 3958 3906
f 3958 3909 3906
f 3934 3937 3885
f 3937 3888 3885
f 3886 3882 3887
f 3882 3884 3887
f 3887 3884 3885
f 3884 3883 3885
f 3889 3886 3890
f 3886 3887 3890
f 3890 3887 3888
f 3887 3885 3888
f 3892 3889 3893
f 3889 3890 3893
f 3893 3890 3891
f 3890 3888 3891
f 3895 3892 3896
f 3892 3893 3896
f 3896 3893 3894
f 3893 3891 3894
f 3898 3895 3899
f 3895 3896 3899
f 3899 3896 3897
f 3896 3894 3897
f 3901 3898 3902
f 3898 3899 3902
f 3902 3899 3900
f 3899 3897 3900
f 3904 3901 3905
f 3901 3902 3905
f 3905 3902 3903
f 3902 3900 3903
f 3907 3904 3908
f 3904 3905 3908
f 3908 3905 3906
f 3905 3903 3906
f 3910 3907 3911
f 3907 3908 3911
f 3911 3908 3909
f 3908 3906 3909
f 3913 3910 3914
f 3910 3911 3914
f 3914 3911 3912
f 3911 3909 3912
f 3916 3913 3917
f 3913 3914 3917
f 3917 3914 3915
f 3914 3912 3915
f 3919 3916 3920
f 3916 3917 3920
f 3920 3917 3918
f 3917 3915 3918
f 3922 3919 3923
f 3919 3920 3923
f 3923 3920 3921
f 3920 3918 3921
f 3925 3922 3926
f 3922 3923 3926
f 3926 3923 3924
f 3923 3921 3924
f 3928 3925 3929
f 3925 3926 3929
f 3929 3926 3927
f 3926 3924 3927
f 3882 3928 3884
f 3928 3929 3884
f 3884 3929 3883
f 3929 3927 3883
f 3931 3975 3866
f 3975 3881 3866
f 3931 3933 3932
f 3933 3935 3932
f 3932 3935 3930
f 3935 3934 3930
f 3933 3936 3935
f 3936 3938 3935
f 3935 3938 3934
f 3938 3937 3934
f 3936 3939 3938
f 3939 3941 3938
f 3938 3941 3937
f 3941 3940 3937
f 3939 3942 3941
f 3942 3944 3941
f 3941 3944 3940
f 3944 3943 3940
f 3942 3945 3944
f 3945 3947 3944
f 3944 3947 3943
f 3947 3946 3943
f 3945 3948 3947
f 3948 3950 3947
f 3947 3950 3946
f 3950 3949 3946
f 3948 3951 3950
f 3951 3953 3950
f 3950 3953 3949
f 3953 3952 3949
f 3951 3954 3953
f 3954 3956 3953
f 3953 3956 3952
f 3956 3955 3952
f 3954 3957 3956
f 3957 3959 3956
f 3956 3959 3955
f 3959 3958 3955
f 3957 3960 3959
f 3960 3962 3959
f 3959 3962 3958
f 3962 3961 3958
f 3960 3963 3962
f 3963 3965 3962
f 3962 3965 3961
f 3965 3964 3961
f 3963 3966 3965
f 3966 3968 3965
f 3965 3968 3964
f 3968 3967 3964
f 3966 3969 3968
f 3969 3971 3968
f 3968 3971 3967
f 3971 3970 3967
f 3969 3972 3971
f 3972 3974 3971
f 3971 3974 3970
f 3974 3973 3970
f 3972 3975 3974
f 3975 3977 3974
f 3974 3977 3973
f 3977 3976 3973
f 3975 3931 3977
f 3931 3932 3977
f 3977 3932 3976
f 3932 3930 3976
f 3930 3934 3883
f 3934 3885 3883
f 4064 4061 3996
f 4061 3995 3996
f 4023 3982 4020
f 3982 3981 4020
f 4035 3986 4032
f 3986 3985 4032
f 4029 3984 4026
f 3984 3983 4026
f 4020 3981 4017
f 3981 3980 4017
f 4047 3990 4044
f 3990 3989 4044
f 4010 3978 4056
f 3978 3993 4056
f 4044 3989 4041
f 3989 3988 4041
f 4026 3983 4023
f 3983 3982 4023
f 4017 3980 4014
f 3980 3979 4014
f 4056 3993 4053
f 3993 3992 4053
f 4050 3991 4047
f 3991 3990 4047
f 4041 3988 4038
f 3988 3987 4038
f 4032 3985 4029
f 3985 3984 4029
f 4038 3987 4035
f 3987 3986 4035
f 4053 3992 4050
f 3992 3991 4050
f 4085 4082 4003
f 4082 4002 4003
f 4014 3979 4010
f 3979 3978 4010
f 4088 4085 4004
f 4085 4003 4004
f 4067 4064 3997
f 4064 3996 3997
f 4091 4088 4005
f 4088 4004 4005
f 4070 4067 3998
f 4067 3997 3998
f 4094 4091 4006
f 4091 4005 4006
f 4073 4070 3999
f 4070 3998 3999
f 4097 4094 4007
f 4094 4006 4007
f 4076 4073 4000
f 4073 3999 4000
f 4100 4097 4008
f 4097 4007 4008
f 4079 4076 4001
f 4076 4000 4001
f 4103 4100 4009
f 4100 4008 4009
f 4082 4079 4002
f 4079 4001 4002
f 4040 4037 4089
f 4037 4086 4089
f 4019 4016 4068
f 4016 4065 4068
f 4043 4040 4092
f 4040 4089 4092
f 4068 4071 4019
f 4071 4022 4019
f 4043 4092 4046
f 4092 4095 4046
f 4025 4022 4074
f 4022 4071 4074
f 4095 4098 4046
f 4098 4049 4046
f 4028 4025 4077
f 4025 4074 4077
f 4101 4052 4098
f 4052 4049 4098
f 4031 4028 4080
f 4028 4077 4080
f 4055 4052 4104
f 4052 4101 4104
f 4031 4080 4034
f 4080 4083 4034
f 4055 4104 4011
f 4104 4058 4011
f 4061 4059 3995
f 4059 3994 3995
f 4083 4086 4034
f 4086 4037 4034
f 4062 4065 4013
f 4065 4016 4013
f 4014 4010 4015
f 4010 4012 4015
f 4015 4012 4013
f 4012 4011 4013
f 4017 4014 4018
f 4014 4015 4018
f 4018 4015 4016
f 4015 4013 4016
f 4020 4017 4021
f 4017 4018 4021
f 4021 4018 4019
f 4018 4016 4019
f 4023 4020 4024
f 4020 4021 4024
f 4024 4021 4022
f 4021 4019 4022
f 4026 4023 4027
f 4023 4024 4027
f 4027 4024 4025
f 4024 4022 4025
f 4029 4026 4030
f 4026 4027 4030
f 4030 4027 4028
f 4027 4025 4028
f 4032 4029 4033
f 4029 4030 4033
f 4033 4030 4031
f 4030 4028 4031
f 4035 4032 4036
f 4032 4033 4036
f 4036 4033 4034
f 4033 4031 4034
f 4038 4035 4039
f 4035 4036 4039
f 4039 4036 4037
f 4036 4034 4037
f 4041 4038 4042
f 4038 4039 4042
f 4042 4039 4040
f 4039 4037 4040
f 4044 4041 4045
f 4041 4042 4045
f 4045 4042 4043
f 4042 4040 4043
f 4047 4044 4048
f 4044 4045 4048
f 4048 4045 4046
f 4045 4043 4046
f 4050 4047 4051
f 4047 4048 4051
f 4051 4048 4049
f 4048 4046 4049
f 4053 4050 4054
f 4050 4051 4054
f 4054 4051 4052
f 4051 4049 4052
f 4056 4053 4057
f 4053 4054 4057
f 4057 4054 4055
f 4054 4052 4055
f 4010 4056 4012
f 4056 4057 4012
f 4012 4057 4011
f 4057 4055 4011
f 4059 4103 3994
f 4103 4009 3994
f 4059 4061 4060
f 4061 4063 4060
f 4060 4063 4058
f 4063 4062 4058
f 4061 4064 4063
f 4064 4066 4063
f 4063 4066 4062
f 4066 4065 4062
f 4064 4067 4066
f 4067 4069 4066
f 4066 4069 4065
f 4069 4068 4065
f 4067 4070 4069
f 4070 4072 4069
f 4069 4072 4068
f 4072 4071 4068
f 4070 4073 4072
f 4073 4075 4072
f 4072 4075 4071
f 4075 4074 4071
f 4073 4076 4075
f 4076 4078 4075
f 4075 4078 4074
f 4078 4077 4074
f 4076 4079 4078
f 4079 4081 4078
f 4078 4081 4077
f 4081 4080 4077
f 4079 4082 4081
f 4082 4084 4081
f 4081 4084 4080
f 4084 4083 4080
f 4082 4085 4084
f 4085 4087 4084
f 4084 4087 4083
f 4087 4086 4083
f 4085 4088 4087
f 4088 4090 4087
f 4087 4090 4086
f 4090 4089 4086
f 4088 4091 4090
f 4091 4093 4090
f 4090 4093 4089
f 4093 4092 4089
f 4091 4094 4093
f 4094 4096 4093
f 4093 4096 4092
f 4096 4095 4092
f 4094 4097 4096
f 4097 4099 4096
f 4096 4099 4095
f 4099 4098 4095
f 4097 4100 4099
f 4100 4102 4099
f 4099 4102 4098
f 4102 4101 4098
f 4100 4103 4102
f 4103 4105 4102
f 4102 4105 4101
f 4105 4104 4101
f 4103 4059 4105
f 4059 4060 4105
f 4105 4060 4104
f 4060 4058 4104
f 4058 4062 4011
f 4062 4013 4011
f 4192 4189 4124
f 4189 4123 4124
f 4151 4110 4148
f 4110 4109 4148
f 4163 4114 4160
f 4114 4113 4160
f 4157 4112 4154
f 4112 4111 4154
f 4148 4109 4145
f 4109 4108 4145
f 4175 4118 4172
f 4118 4117 4172
f 4138 4106 4184
f 4106 4121 4184
f 4172 4117 4169
f 4117 4116 4169
f 4154 4111 4151
f 4111 4110 4151
f 4145 4108 4142
f 4108 4107 4142
f 4184 4121 4181
f 4121 4120 4181
f 4178 4119 4175
f 4119 4118 4175
f 4169 4116 4166
f 4116 4115 4166
f 4160 4113 4157
f 4113 4112 4157
f 4166 4115 4163
f 4115 4114 4163
f 4181 4120 4178
f 4120 4119 4178
f 4213 4210 4131
f 4210 4130 4131
f 4142 4107 4138
f 4107 4106 4138
f 4216 4213 4132
f 4213 4131 4132
f 4195 4192 4125
f 4192 4124 4125
f 4219 4216 4133
f 4216 4132 4133
f 4198 4195 4126
f 4195 4125 4126
f 4222 4219 4134
f 4219 4133 4134
f 4201 4198 4127
f 4198 4126 4127
f 4225 4222 4135
f 4222 4134 4135
f 4204 4201 4128
f 4201 4127 4128
f 4228 4225 4136
f 4225 4135 4136
f 4207 4204 4129
f 4204 4128 4129
f 4231 4228 4137
f 4228 4136 4137
f 4210 4207 4130
f 4207 4129 4130
f 4168 4165 4217
f 4165 4214 4217
f 4147 4144 4196
f 4144 4193 4196
f 4171 4168 4220
f 4168 4217 4220
f 4196 4199 4147
f 4199 4150 4147
f 4171 4220 4174
f 4220 4223 4174
f 4153 4150 4202
f 4150 4199 4202
f 4223 4226 4174
f 4226 4177 4174
f 4156 4153 4205
f 4153 4202 4205
f 4229 4180 4226
f 4180 4177 4226
f 4159 4156 4208
f 4156 4205 4208
f 4183 4180 4232
f 4180 4229 4232
f 4159 4208 4162
f 4208 4211 4162
f 4183 4232 4139
f 4232 4186 4139
f 4189 4187 4123
f 4187 4122 4123
f 4211 4214 4162
f 4214 4165 4162
f 4190 4193 4141
f 4193 4144 4141
f 4142 4138 4143
f 4138 4140 4143
f 4143 4140 4141
f 4140 4139 4141
f 4145 4142 4146
f 4142 4143 4146
f 4146 4143 4144
f 4143 4141 4144
f 4148 4145 4149
f 4145 4146 4149
f 4149 4146 4147
f 4146 4144 4147
f 4151 4148 4152
f 4148 4149 4152
f 4152 4149 4150
f 4149 4147 4150
f 4154 4151 4155
f 4151 4152 4155
f 4155 4152 4153
f 4152 4150 4153
f 4157 4154 4158
f 4154 4155 4158
f 4158 4155 4156
f 4155 4153 4156
f 4160 4157 4161
f 4157 4158 4161
f 4161 4158 4159
f 4158 4156 4159
f 4163 4160 4164
f 4160 4161 4164
f 4164 4161 4162
f 4161 4159 4162
f 4166 4163 4167
f 4163 4164 4167
f 4167 4164 4165
f 4164 4162 4165
f 4169 4166 4170
f 4166 4167 4170
f 4170 4167 4168
f 4167 4165 4168
f 4172 4169 4173
f 4169 4170 4173
f 4173 4170 4171
f 4170 4168 4171
f 4175 4172 4176
f 4172 4173 4176
f 4176 4173 4174
f 4173 4171 4174
f 4178 4175 4179
f 4175 4176 4179
f 4179 4176 4177
f 4176 4174 4177
f 4181 4178 4182
f 4178 4179 4182
f 4182 4179 4180
f 4179 4177 4180
f 4184 4181 4185
f 4181 4182 4185
f 4185 4182 4183
f 4182 4180 4183
f 4138 4184 4140
f 4184 4185 4140
f 4140 4185 4139
f 4185 4183 4139
f 4187 4231 4122
f 4231 4137 4122
f 4187 4189 4188
f 4189 4191 4188
f 4188 4191 4186
f 4191 4190 4186
f 4189 4192 4191
f 4192 4194 4191
f 4191 4194 4190
f 4194 4193 4190
f 4192 4195 4194
f 4195 4197 4194
f 4194 4197 4193
f 4197 4196 4193
f 4195 4198 4197
f 4198 4200 4197
f 4197 4200 4196
f 4200 4199 4196
f 4198 4201 4200
f 4201 4203 4200
f 4200 4203 4199
f 4203 4202 4199
f 4201 4204 4203
f 4204 4206 4203
f 4203 4206 4202
f 4206 4205 4202
f 4204 4207 4206
f 4207 4209 4206
f 4206 4209 4205
f 4209 4208 4205
f 4207 4210 4209
f 4210 4212 4209
f 4209 4212 4208
f 4212 4211 4208
f 4210 4213 4212
f 4213 4215 4212
f 4212 4215 4211
f 4215 4214 4211
f 4213 4216 4215
f 4216 4218 4215
f 4215 4218 4214
f 4218 4217 4214
f 4216 4219 4218
f 4219 4221 4218
f 4218 4221 4217
f 4221 4220 4217
f 4219 4222 4221
f 4222 4224 4221
f 4221 4224 4220
f 4224 4223 4220
f 4222 4225 4224
f 4225 4227 4224
f 4224 4227 4223
f 4227 4226 4223
f 4225 4228 4227
f 4228 4230 4227
f 4227 4230 4226
f 4230 4229 4226
f 4228 4231 4230
f 4231 4233 4230
f 4230 4233 4229
f 4233 4232 4229
f 4231 4187 4233
f 4187 4188 4233
f 4233 4188 4232
f 4188 4186 4232
f 4186 4190 4139
f 4190 4141 4139
f 4320 4317 4252
f 4317 4251 4252
f 4279 4238 4276
f 4238 4237 4276
f 4291 4242 4288
f 4242 4241 4288
f 4285 4240 4282
f 4240 4239 4282
f 4276 4237 4273
f 4237 4236 4273
f 4303 4246 4300
f 4246 4245 4300
f 4266 4234 4312
f 4234 4249 4312
f 4300 4245 4297
f 4245 4244 4297
f 4282 4239 4279
f 4239 4238 4279
f 4273 4236 4270
f 4236 4235 4270
f 4312 4249 4309
f 4249 4248 4309
f 4306 4247 4303
f 4247 4246 4303
f 4297 4244 4294
f 4244 4243 4294
f 4288 4241 4285
f 4241 4240 4285
f 4294 4243 4291
f 4243 4242 4291
f 4309 4248 4306
f 4248 4247 4306
f 4341 4338 4259
f 4338 4258 4259
f 4270 4235 4266
f 4235 4234 4266
f 4344 4341 4260
f 4341 4259 4260
f 4323 4320 4253
f 4320 4252 4253
f 4347 4344 4261
f 4344 4260 4261
f 4326 4323 4254
f 4323 4253 4254
f 4350 4347 4262
f 4347 4261 4262
f 4329 4326 4255
f 4326 4254 4255
f 4353 4350 4263
f 4350 4262 4263
f 4332 4329 4256
f 4329 4255 4256
f 4356 4353 4264
f 4353 4263 4264
f 4335 4332 4257
f 4332 4256 4257
f 4359 4356 4265
f 4356 4264 4265
f 4338 4335 4258
f 4335 4257 4258
f 4296 4293 4345
f 4293 4342 4345
f 4275 4272 4324
f 4272 4321 4324
f 4299 4296 4348
f 4296 4345 4348
f 4324 4327 4275
f 4327 4278 4275
f 4299 4348 4302
f 4348 4351 4302
f 4281 4278 4330
f 4278 4327 4330
f 4351 4354 4302
f 4354 4305 4302
f 4284 4281 4333
f 4281 4330 4333
f 4357 4308 4354
f 4308 4305 4354
f 4287 4284 4336
f 4284 4333 4336
f 4311 4308 4360
f 4308 4357 4360
f 4287 4336 4290
f 4336 4339 4290
f 4311 4360 4267
f 4360 4314 4267
f 4317 4315 4251
f 4315 4250 4251
f 4339 4342 4290
f 4342 4293 4290
f 4318 4321 4269
f 4321 4272 4269
f 4270 4266 4271
f 4266 4268 4271
f 4271 4268 4269
f 4268 4267 4269
f 4273 4270 4274
f 4270 4271 4274
f 4274 4271 4272
f 4271 4269 4272
f 4276 4273 4277
f 4273 4274 4277
f 4277 4274 4275
f 4274 4272 4275
f 4279 4276 4280
f 4276 4277 4280
f 4280 4277 4278
f 4277 4275 4278
f 4282 4279 4283
f 4279 4280 4283
f 4283 4280 4281
f 4280 4278 4281
f 4285 4282 4286
f 4282 4283 4286
f 4286 4283 4284
f 4283 4281 4284
f 4288 4285 4289
f 4285 4286 4289
f 4289 4286 4287
f 4286 4284 4287
f 4291 4288 4292
f 4288 4289 4292
f 4292 4289 4290
f 4289 4287 4290
f 4294 4291 4295
f 4291 4292 4295
f 4295 4292 4293
f 4292 4290 4293
f 4297 4294 4298
f 4294 4295 4298
f 4298 4295 4296
f 4295 4293 4296
f 4300 4297 4301
f 4297 4298 4301
f 4301 4298 4299
f 4298 4296 4299
f 4303 4300 4304
f 4300 4301 4304
f 4304 4301 4302
f 4301 4299 4302
f 4306 4303 4307
f 4303 4304 4307
f 4307 4304 4305
f 4304 4302 4305
f 4309 4306 4310
f 4306 4307 4310
f 4310 4307 4308
f 4307 4305 4308
f 4312 4309 4313
f 4309 4310 4313
f 4313 4310 4311
f 4310 4308 4311
f 4266 4312 4268
f 4312 4313 4268
f 4268 4313 4267
f 4313 4311 4267
f 4315 4359 4250
f 4359 4265 4250
f 4315 4317 4316
f 4317 4319 4316
f 4316 4319 4314
f 4319 4318 4314
f 4317 4320 4319
f 4320 4322 4319
f 4319 4322 4318
f 4322 4321 4318
f 4320 4323 4322
f 4323 4325 4322
f 4322 4325 4321
f 4325 4324 4321
f 4323 4326 4325
f 4326 4328 4325
f 4325 4328 4324
f 4328 4327 4324
f 4326 4329 4328
f 4329 4331 4328
f 4328 4331 4327
f 4331 4330 4327
f 4329 4332 4331
f 4332 4334 4331
f 4331 4334 4330
f 4334 4333 4330
f 4332 4335 4334
f 4335 4337 4334
f 4334 4337 4333
f 4337 4336 4333
f 4335 4338 4337
f 4338 4340 4337
f 4337 4340 4336
f 4340 4339 4336
f 4338 4341 4340
f 4341 4343 4340
f 4340 4343 4339
f 4343 4342 4339
f 4341 4344 4343
f 4344 4346 4343
f 4343 4346 4342
f 4346 4345 4342
f 4344 4347 4346
f 4347 4349 4346
f 4346 4349 4345
f 4349 4348 4345
f 4347 4350 4349
f 4350 4352 4349
f 4349 4352 4348
f 4352 4351 4348
f 4350 4353 4352
f 4353 4355 4352
f 4352 4355 4351
f 4355 4354 4351
f 4353 4356 4355
f 4356 4358 4355
f 4355 4358 4354
f 4358 4357 4354
f 4356 4359 4358
f 4359 4361 4358
f 4358 4361 4357
f 4361 4360 4357
f 4359 4315 4361
f 4315 4316 4361
f 4361 4316 4360
f 4316 4314 4360
f 4314 4318 4267
f 4318 4269 4267
f 4448 4445 4380
f 4445 4379 4380
f 4407 4366 4404
f 4366 4365 4404
f 4419 4370 4416
f 4370 4369 4416
f 4413 4368 4410
f 4368 4367 4410
f 4404 4365 4401
f 4365 4364 4401
f 4431 4374 4428
f 4374 4373 4428
f 4394 4362 4440
f 4362 4377 4440
f 4428 4373 4425
f 4373 4372 4425
f 4410 4367 4407
f 4367 4366 4407
f 4401 4364 4398
f 4364 4363 4398
f 4440 4377 4437
f 4377 4376 4437
f 4434 4375 4431
f 4375 4374 4431
f 4425 4372 4422
f 4372 4371 4422
f 4416 4369 4413
f 4369 4368 4413
f 4422 4371 4419
f 4371 4370 4419
f 4437 4376 4434
f 4376 4375 4434
f 4469 4466 4387
f 4466 4386 4387
f 4398 4363 4394
f 4363 4362 4394
f 4472 4469 4388
f 4469 4387 4388
f 4451 4448 4381
f 4448 4380 4381
f 4475 4472 4389
f 4472 4388 4389
f 4454 4451 4382
f 4451 4381 4382
f 4478 4475 4390
f 4475 4389 4390
f 4457 4454 4383
f 4454 4382 4383
f 4481 4478 4391
f 4478 4390 4391
f 4460 4457 4384
f 4457 4383 4384
f 4484 4481 4392
f 4481 4391 4392
f 4463 4460 4385
f 4460 4384 4385
f 4487 4484 4393
f 4484 4392 4393
f 4466 4463 4386
f 4463 4385 4386
f 4424 4421 4473
f 4421 4470 4473
f 4403 4400 4452
f 4400 4449 4452
f 4427 4424 4476
f 4424 4473 4476
f 4452 4455 4403
f 4455 4406 4403
f 4427 4476 4430
f 4476 4479 4430
f 4409 4406 4458
f 4406 4455 4458
f 4479 4482 4430
f 4482 4433 4430
f 4412 4409 4461
f 4409 4458 4461
f 4485 4436 4482
f 4436 4433 4482
f 4415 4412 4464
f 4412 4461 4464
f 4439 4436 4488
f 4436 4485 4488
f 4415 4464 4418
f 4464 4467 4418
f 4439 4488 4395
f 4488 4442 4395
f 4445 4443 4379
f 4443 4378 4379
f 4467 4470 4418
f 4470 4421 4418
f 4446 4449 4397
f 4449 4400 4397
f 4398 4394 4399
f 4394 4396 4399
f 4399 4396 4397
f 4396 4395 4397
f 4401 4398 4402
f 4398 4399 4402
f 4402 4399 4400
f 4399 4397 4400
f 4404 4401 4405
f 4401 4402 4405
f 4405 4402 4403
f 4402 4400 4403
f 4407 4404 4408
f 4404 4405 4408
f 4408 4405 4406
f 4405 4403 4406
f 4410 4407 4411
f 4407 4408 4411
f 4411 4408 4409
f 4408 4406 4409
f 4413 4410 4414
f 4410 4411 4414
f 4414 4411 4412
f 4411 4409 4412
f 4416 4413 4417
f 4413 4414 4417
f 4417 4414 4415
f 4414 4412 4415
f 4419 4416 4420
f 4416 4417 4420
f 4420 4417 4418
f 4417 4415 4418
f 4422 4419 4423
f 4419 4420 4423
f 4423 4420 4421
f 4420 4418 4421
f 4425 4422 4426
f 4422 4423 4426
f 4426 4423 4424
f 4423 4421 4424
f 4428 4425 4429
f 4425 4426 4429
f 4429 4426 4427
f 4426 4424 4427
f 4431 4428 4432
f 4428 4429 4432
f 4432 4429 4430
f 4429 4427 4430
f 4434 4431 4435
f 4431 4432 4435
f 4435 4432 4433
f 4432 4430 4433
f 4437 4434 4438
f 4434 4435 4438
f 4438 4435 4436
f 4435 4433 4436
f 4440 4437 4441
f 4437 4438 4441
f 4441 4438 4439
f 4438 4436 4439
f 4394 4440 4396
f 4440 4441 4396
f 4396 4441 4395
f 4441 4439 4395
f 4443 4487 4378
f 4487 4393 4378
f 4443 4445 4444
f 4445 4447 4444
f 4444 4447 4442
f 4447 4446 4442
f 4445 4448 4447
f 4448 4450 4447
f 4447 4450 4446
f 4450 4449 4446
f 4448 4451 4450
f 4451 4453 4450
f 4450 4453 4449
f 4453 4452 4449
f 4451 4454 4453
f 4454 4456 4453
f 4453 4456 4452
f 4456 4455 4452
f 4454 4457 4456
f 4457 4459 4456
f 4456 4459 4455
f 4459 4458 4455
f 4457 4460 4459
f 4460 4462 4459
f 4459 4462 4458
f 4462 4461 4458
f 4460 4463 4462
f 4463 4465 4462
f 4462 4465 4461
f 4465 4464 4461
f 4463 4466 4465
f 4466 4468 4465
f 4465 4468 4464
f 4468 4467 4464
f 4466 4469 4468
f 4469 4471 4468
f 4468 4471 4467
f 4471 4470 4467
f 4469 4472 4471
f 4472 4474 4471
f 4471 4474 4470
f 4474 4473 4470
f 4472 4475 4474
f 4475 4477 4474
f 4474 4477 4473
f 4477 4476 4473
f 4475 4478 4477
f 4478 4480 4477
f 4477 4480 4476
f 4480 4479 4476
f 4478 4481 4480
f 4481 4483 4480
f 4480 4483 4479
f 4483 4482 4479
f 4481 4484 4483
f 4484 4486 4483
f 4483 4486 4482
f 4486 4485 4482
f 4484 4487 4486
f 4487 4489 4486
f 4486 4489 4485
f 4489 4488 4485
f 4487 4443 4489
f 4443 4444 4489
f 4489 4444 4488
f 4444 4442 4488
f 4442 4446 4395
f 4446 4397 4395
f 4576 4573 4508
f 4573 4507 4508
f 4535 4494 4532
f 4494 4493 4532
f 4547 4498 4544
f 4498 4497 4544
f 4541 4496 4538
f 4496 4495 4538
f 4532 4493 4529
f 4493 4492 4529
f 4559 4502 4556
f 4502 4501 4556
f 4522 4490 4568
f 4490 4505 4568
f 4556 4501 4553
f 4501 4500 4553
f 4538 4495 4535
f 4495 4494 4535
f 4529 4492 4526
f 4492 4491 4526
f 4568 4505 4565
f 4505 4504 4565
f 4562 4503 4559
f 4503 4502 4559
f 4553 4500 4550
f 4500 4499 4550
f 4544 4497 4541
f 4497 4496 4541
f 4550 4499 4547
f 4499 4498 4547
f 4565 4504 4562
f 4504 4503 4562
f 4597 4594 4515
f 4594 4514 4515
f 4526 4491 4522
f 4491 4490 4522
f 4600 4597 4516
f 4597 4515 4516
f 4579 4576 4509
f 4576 4508 4509
f 4603 4600 4517
f 4600 4516 4517
f 4582 4579 4510
f 4579 4509 4510
f 4606 4603 4518
f 4603 4517 4518
f 4585 4582 4511
f 4582 4510 4511
f 4609 4606 4519
f 4606 4518 4519
f 4588 4585 4512
f 4585 4511 4512
f 4612 4609 4520
f 4609 4519 4520
f 4591 4588 4513
f 4588 4512 4513
f 4615 4612 4521
f 4612 4520 4521
f 4594 4591 4514
f 4591 4513 4514
f 4552 4549 4601
f 4549 4598 4601
f 4531 4528 4580
f 4528 4577 4580
f 4555 4552 4604
f 4552 4601 4604
f 4580 4583 4531
f 4583 4534 4531
f 4555 4604 4558
f 4604 4607 4558
f 4537 4534 4586
f 4534 4583 4586
f 4607 4610 4558
f 4610 4561 4558
f 4540 4537 4589
f 4537 4586 4589
f 4613 4564 4610
f 4564 4561 4610
f 4543 4540 4592
f 4540 4589 4592
f 4567 4564 4616
f 4564 4613 4616
f 4543 4592 4546
f 4592 4595 4546
f 4567 4616 4523
f 4616 4570 4523
f 4573 4571 4507
f 4571 4506 4507
f 4595 4598 4546
f 4598 4549 4546
f 4574 4577 4525
f 4577 4528 4525
f 4526 4522 4527
f 4522 4524 4527
f 4527 4524 4525
f 4524 4523 4525
f 4529 4526 4530
f 4526 4527 4530
f 4530 4527 4528
f 4527 4525 4528
f 4532 4529 4533
f 4529 4530 4533
f 4533 4530 4531
f 4530 4528 4531
f 4535 4532 4536
f 4532 4533 4536
f 4536 4533 4534
f 4533 4531 4534
f 4538 4535 4539
f 4535 4536 4539
f 4539 4536 4537
f 4536 4534 4537
f 4541 4538 4542
f 4538 4539 4542
f 4542 4539 4540
f 4539 4537 4540
f 4544 4541 4545
f 4541 4542 4545
f 4545 4542 4543
f 4542 4540 4543
f 4547 4544 4548
f 4544 4545 4548
f 4548 4545 4546
f 4545 4543 4546
f 4550 4547 4551
f 4547 4548 4551
f 4551 4548 4549
f 4548 4546 4549
f 4553 4550 4554
f 4550 4551 4554
f 4554 4551 4552
f 4551 4549 4552
f 4556 4553 4557
f 4553 4554 4557
f 4557 4554 4555
f 4554 4552 4555
f 4559 4556 4560
f 4556 4557 4560
f 4560 4557 4558
f 4557 4555 4558
f 4562 4559 4563
f 4559 4560 4563
f 4563 4560 4561
f 4560 4558 4561
f 4565 4562 4566
f 4562 4563 4566
f 4566 4563 4564
f 4563 4561 4564
f 4568 4565 4569
f 4565 4566 4569
f 4569 4566 4567
f 4566 4564 4567
f 4522 4568 4524
f 4568 4569 4524
f 4524 4569 4523
f 4569 4567 4523
f 4571 4615 4506
f 4615 4521 4506
f 4571 4573 4572
f 4573 4575 4572
f 4572 4575 4570
f 4575 4574 4570
f 4573 4576 4575
f 4576 4578 4575
f 4575 4578 4574
f 4578 4577 4574
f 4576 4579 4578
f 4579 4581 4578
f 4578 4581 4577
f 4581 4580 4577
f 4579 4582 4581
f 4582 4584 4581
f 4581 4584 4580
f 4584 4583 4580
f 4582 4585 4584
f 4585 4587 4584
f 4584 4587 4583
f 4587 4586 4583
f 4585 4588 4587
f 4588 4590 4587
f 4587 4590 4586
f 4590 4589 4586
f 4588 4591 4590
f 4591 4593 4590
f 4590 4593 4589
f 4593 4592 4589
f 4591 4594 4593
f 4594 4596 4593
f 4593 4596 4592
f 4596 4595 4592
f 4594 4597 4596
f 4597 4599 4596
f 4596 4599 4595
f 4599 4598 4595
f 4597 4600 4599
f 4600 4602 4599
f 4599 4602 4598
f 4602 4601 4598
f 4600 4603 4602
f 4603 4605 4602
f 4602 4605 4601
f 4605 4604 4601
f 4603 4606 4605
f 4606 4608 4605
f 4605 4608 4604
f 4608 4607 4604
f 4606 4609 4608
f 4609 4611 4608
f 4608 4611 4607
f 4611 4610 4607
f 4609 4612 4611
f 4612 4614 4611
f 4611 4614 4610
f 4614 4613 4610
f 4612 4615 4614
f 4615 4617 4614
f 4614 4617 4613
f 4617 4616 4613
f 4615 4571 4617
f 4571 4572 4617
f 4617 4572 4616
f 4572 4570 4616
f 4570 4574 4523
f 4574 4525 4523
f 4704 4701 4636
f 4701 4635 4636
f 4663 4622 4660
f 4622 4621 4660
f 4675 4626 4672
f 4626 4625 4672
f 4669 4624 4666
f 4624 4623 4666
f 4660 4621 4657
f 4621 4620 4657
f 4687 4630 4684
f 4630 4629 4684
f 4650 4618 4696
f 4618 4633 4696
f 4684 4629 4681
f 4629 4628 4681
f 4666 4623 4663
f 4623 4622 4663
f 4657 4620 4654
f 4620 4619 4654
f 4696 4633 4693
f 4633 4632 4693
f 4690 4631 4687
f 4631 4630 4687
f 4681 4628 4678
f 4628 4627 4678
f 4672 4625 4669
f 4625 4624 4669
f 4678 4627 4675
f 4627 4626 4675
f 4693 4632 4690
f 4632 4631 4690
f 4725 4722 4643
f 4722 4642 4643
f 4654 4619 4650
f 4619 4618 4650
f 4728 4725 4644
f 4725 4643 4644
f 4707 4704 4637
f 4704 4636 4637
f 4731 4728 4645
f 4728 4644 4645
f 4710 4707 4638
f 4707 4637 4638
f 4734 4731 4646
f 4731 4645 4646
f 4713 4710 4639
f 4710 4638 4639
f 4737 4734 4647
f 4734 4646 4647
f 4716 4713 4640
f 4713 4639 4640
f 4740 4737 4648
f 4737 4647 4648
f 4719 4716 4641
f 4716 4640 4641
f 4743 4740 4649
f 4740 4648 4649
f 4722 4719 4642
f 4719 4641 4642
f 4680 4677 4729
f 4677 4726 4729
f 4659 4656 4708
f 4656 4705 4708
f 4683 4680 4732
f 4680 4729 4732
f 4708 4711 4659
f 4711 4662 4659
f 4683 4732 4686
f 4732 4735 4686
f 4665 4662 4714
f 4662 4711 4714
f 4735 4738 4686
f 4738 4689 4686
f 4668 4665 4717
f 4665 4714 4717
f 4741 4692 4738
f 4692 4689 4738
f 4671 4668 4720
f 4668 4717 4720
f 4695 4692 4744
f 4692 4741 4744
f 4671 4720 4674
f 4720 4723 4674
f 4695 4744 4651
f 4744 4698 4651
f 4701 4699 4635
f 4699 4634 4635
f 4723 4726 4674
f 4726 4677 4674
f 4702 4705 4653
f 4705 4656 4653
f 4654 4650 4655
f 4650 4652 4655
f 4655 4652 4653
f 4652 4651 4653
f 4657 4654 4658
f 4654 4655 4658
f 4658 4655 4656
f 4655 4653 4656
f 4660 4657 4661
f 4657 4658 4661
f 4661 4658 4659
f 4658 4656 4659
f 4663 4660 4664
f 4660 4661 4664
f 4664 4661 4662
f 4661 4659 4662
f 4666 4663 4667
f 4663 4664 4667
f 4667 4664 4665
f 4664 4662 4665
f 4669 4666 4670
f 4666 4667 4670
f 4670 4667 4668
f 4667 4665 4668
f 4672 4669 4673
f 4669 4670 4673
f 4673 4670 4671
f 4670 4668 4671
f 4675 4672 4676
f 4672 4673 4676
f 4676 4673 4674
f 4673 4671 4674
f 4678 4675 4679
f 4675 4676 4679
f 4679 4676 4677
f 4676 4674 4677
f 4681 4678 4682
f 4678 4679 4682
f 4682 4679 4680
f 4679 4677 4680
f 4684 4681 4685
f 4681 4682 4685
f 4685 4682 4683
f 4682 4680 4683
f 4687 4684 4688
f 4684 4685 4688
f 4688 4685 4686
f 4685 4683 4686
f 4690 4687 4691
f 4687 4688 4691
f 4691 4688 4689
f 4688 4686 4689
f 4693 4690 4694
f 4690 4691 4694
f 4694 4691 4692
f 4691 4689 4692
f 4696 4693 4697
f 4693 4694 4697
f 4697 4694 4695
f 4694 4692 4695
f 4650 4696 4652
f 4696 4697 4652
f 4652 4697 4651
f 4697 4695 4651
f 4699 4743 4634
f 4743 4649 4634
f 4699 4701 4700
f 4701 4703 4700
f 4700 4703 4698
f 4703 4702 4698
f 4701 4704 4703
f 4704 4706 4703
f 4703 4706 4702
f 4706 4705 4702
f 4704 4707 4706
f 4707 4709 4706
f 4706 4709 4705
f 4709 4708 4705
f 4707 4710 4709
f 4710 4712 4709
f 4709 4712 4708
f 4712 4711 4708
f 4710 4713 4712
f 4713 4715 4712
f 4712 4715 4711
f 4715 4714 4711
f 4713 4716 4715
f 4716 4718 4715
f 4715 4718 4714
f 4718 4717 4714
f 4716 4719 4718
f 4719 4721 4718
f 4718 4721 4717
f 4721 4720 4717
f 4719 4722 4721
f 4722 4724 4721
f 4721 4724 4720
f 4724 4723 4720
f 4722 4725 4724
f 4725 4727 4724
f 4724 4727 4723
f 4727 4726 4723
f 4725 4728 4727
f 4728 4730 4727
f 4727 4730 4726
f 4730 4729 4726
f 4728 4731 4730
f 4731 4733 4730
f 4730 4733 4729
f 4733 4732 4729
f 4731 4734 4733
f 4734 4736 4733
f 4733 4736 4732
f 4736 4735 4732
f 4734 4737 4736
f 4737 4739 4736
f 4736 4739 4735
f 4739 4738 4735
f 4737 4740 4739
f 4740 4742 4739
f 4739 4742 4738
f 4742 4741 4738
f 4740 4743 4742
f 4743 4745 4742
f 4742 4745 4741
f 4745 4744 4741
f 4743 4699 4745
f 4699 4700 4745
f 4745 4700 4744
f 4700 4698 4744
f 4698 4702 4651
f 4702 4653 4651
o Part.3
v 47.96 -3.18 7.96
v 47.96 -0.02 7.96
v 46.4 -3.18 6.4
v 46.4 -3.18 5.4
v 47.96 -0.02 5.4
v 46.4 -1.1 6.4
v 45.4 -1.1 5.4
v 45.4 -0.02 5.4
v 46.4 -1.1 5.4
v 47.96 -3.18 5.4
v 45.4 -1.1 6.4
v 45.4 -3.18 7.96
v 45.4 -3.18 6.4
v 45.4 -0.02 7.96
v -47.96 -3.18 7.96
v -47.96 -0.02 7.96
v -46.4 -3.18 6.4
v -46.4 -3.18 5.4
v -47.96 -0.02 5.4
v -46.4 -1.1 6.4
v -45.4 -1.1 5.4
v -45.4 -0.02 5.4
v -46.4 -1.1 5.4
v -47.96 -3.18 5.4
v -45.4 -1.1 6.4
v -45.4 -3.18 7.96
v -45.4 -3.18 6.4
v -45.4 -0.02 7.96
v 0 -0.02 5.4
v 0 -1.1 5.4
v 0 -3.18 7.96
v 0 -0.02 7.96
v 0 -3.18 6.4
v 0 -1.1 6.4
v 47.96 -3.18 -7.96
v 47.96 -0.02 -7.96
v 46.4 -3.18 -6.4
v 46.4 -3.18 -5.4
v 47.96 -0.02 -5.4
v 46.4 -1.1 -6.4
v 45.4 -1.1 -5.4
v 45.4 -0.02 -5.4
v 46.4 -1.1 -5.4
v 47.96 -3.18 -5.4
v 45.4 -1.1 -6.4
v 45.4 -3.18 -7.96
v 45.4 -3.18 -6.4
v 45.4 -0.02 -7.96
v 45.4 -0.02 0
v 45.4 -1.1 0
v 47.96 -3.18 0
v 47.96 -0.02 0
v 46.4 -3.18 0
v 46.4 -1.1 0
v -47.96 -3.18 -7.96
v -47.96 -0.02 -7.96
v -46.4 -3.18 -6.4
v -46.4 -3.18 -5.4
v -47.96 -0.02 -5.4
v -46.4 -1.1 -6.4
v -45.4 -1.1 -5.4
v -45.4 -0.02 -5.4
v -46.4 -1.1 -5.4
v -47.96 -3.18 -5.4
v -45.4 -1.1 -6.4
v -45.4 -3.18 -7.96
v -45.4 -3.18 -6.4
v -45.4 -0.02 -7.96
v 0 -0.02 -5.4
v 0 -1.1 -5.4
v 0 -3.18 -7.96
v 0 -0.02 -7.96
v 0 -3.18 -6.4
v 0 -1.1 -6.4
v -45.4 -0.02 0
v -45.4 -1.1 0
v -47.96 -3.18 0
v -47.96 -0.02 0
v -46.4 -3.18 0
v -46.4 -1.1 0
v 0 -1.1 0
v 0 -0.02 0
v 47.96 -3.18 5.4
v 47.96 -3.18 7.96
v 47.96 -3.18 7.96
v 47.96 -0.02 7.96
v 47.96 -0.02 7.96
v 45.4 -0.02 7.96
v 45.4 -3.18 6.4
v 46.4 -3.18 6.4
v 46.4 -3.18 6.4
v 46.4 -1.1 6.4
v 46.4 -1.1 6.4
v 46.4 -3.18 5.4
v 46.4 -1.1 5.4
v 47.96 -3.18 0
v 45.4 -3.18 7.96
v 0 -3.18 7.96
v 45.4 -1.1 6.4
v 0 -1.1 6.4
v 47.96 -0.02 5.4
v 47.96 -0.02 0
v 46.4 -3.18 0
v 46.4 -1.1 0
v 0 -0.02 7.96
v 0 -3.18 6.4
v -47.96 -3.18 5.4
v -47.96 -3.18 7.96
v -47.96 -3.18 7.96
v -47.96 -0.02 7.96
v -47.96 -0.02 7.96
v -45.4 -0.02 7.96
v -45.4 -3.18 6.4
v -46.4 -3.18 6.4
v -46.4 -3.18 6.4
v -46.4 -1.1 6.4
v -46.4 -1.1 6.4
v -46.4 -3.18 5.4
v -46.4 -1.1 5.4
v -47.96 -3.18 0
v -45.4 -3.18 7.96
v -45.4 -1.1 6.4
v -47.96 -0.02 5.4
v -47.96 -0.02 0
v -46.4 -3.18 0
v -46.4 -1.1 0
v 47.96 -3.18 -5.4
v 47.96 -3.18 -7.96
v 47.96 -3.18 -7.96
v 47.96 -0.02 -7.96
v 47.96 -0.02 -7.96
v 45.4 -0.02 -7.96
v 45.4 -3.18 -6.4
v 46.4 -3.18 -6.4
v 46.4 -3.18 -6.4
v 46.4 -1.1 -6.4
v 46.4 -1.1 -6.4
v 46.4 -3.18 -5.4
v 46.4 -1.1 -5.4
v 45.4 -3.18 -7.96
v 0 -3.18 -7.96
v 45.4 -1.1 -6.4
v 0 -1.1 -6.4
v 47.96 -0.02 -5.4
v 0 -0.02 -7.96
v 0 -3.18 -6.4
v -47.96 -3.18 -5.4
v -47.96 -3.18 -7.96
v -47.96 -3.18 -7.96
v -47.96 -0.02 -7.96
v -47.96 -0.02 -7.96
v -45.4 -0.02 -7.96
v -45.4 -3.18 -6.4
v -46.4 -3.18 -6.4
v -46.4 -3.18 -6.4
v -46.4 -1.1 -6.4
v -46.4 -1.1 -6.4
v -46.4 -3.18 -5.4
v -46.4 -1.1 -5.4
v -45.4 -3.18 -7.96
v -45.4 -1.1 -6.4
v -47.96 -0.02 -5.4
v -43.082 1.55 -6.217
v -43.179 1.8 -5.982
v -43.11 1.727 -6.148
v -42.483 1.8 -5.517
v -42.303 1.55 -5.697
v -42.356 1.727 -5.644
v -41.783 1.55 -4.918
v -42.018 1.8 -4.821
v -41.852 1.727 -4.89
v -41.855 1.8 -4
v -41.6 1.55 -4
v -41.675 1.727 -4
v -41.783 1.55 -3.082
v -42.018 1.8 -3.179
v -41.852 1.727 -3.11
v -42.303 1.55 -2.303
v -42.483 1.8 -2.483
v -42.356 1.727 -2.356
v -43.082 1.55 -1.783
v -43.179 1.8 -2.018
v -43.11 1.727 -1.852
v -44 1.55 -1.6
v -44 1.8 -1.855
v -44 1.727 -1.675
v -44.821 1.8 -2.018
v -44.918 1.55 -1.783
v -44.89 1.727 -1.852
v -45.697 1.55 -2.303
v -45.517 1.8 -2.483
v -45.644 1.727 -2.356
v -46.217 1.55 -3.082
v -45.982 1.8 -3.179
v -46.148 1.727 -3.11
v -46.4 1.55 -4
v -46.145 1.8 -4
v -46.325 1.727 -4
v -46.217 1.55 -4.918
v -45.982 1.8 -4.821
v -46.148 1.727 -4.89
v -45.517 1.8 -5.517
v -45.697 1.55 -5.697
v -45.644 1.727 -5.644
v -44.918 1.55 -6.217
v -44.821 1.8 -5.982
v -44.89 1.727 -6.148
v -44 1.55 -6.4
v -44 1.8 -6.145
v -44 1.727 -6.325
v -42.937 1.8 -2.986
v -42.836 1.8 -4
v -42.937 1.8 -5.014
v -44 1.8 -2.903
v -44 1.8 -4
v -44 1.8 -5.097
v -45.063 1.8 -2.986
v -45.164 1.8 -4
v -45.063 1.8 -5.014
v -44 0.13 -6.4
v -44 -0.02 -6.553
v -44 0.024 -6.445
v -44.977 -0.02 -6.359
v -44.918 0.13 -6.217
v -44.936 0.024 -6.259
v -45.805 -0.02 -5.805
v -45.697 0.13 -5.697
v -45.729 0.024 -5.729
v -46.359 -0.02 -4.977
v -46.217 0.13 -4.918
v -46.259 0.024 -4.936
v -46.553 -0.02 -4
v -46.4 0.13 -4
v -46.445 0.024 -4
v -46.359 -0.02 -3.023
v -46.217 0.13 -3.082
v -46.259 0.024 -3.064
v -45.805 -0.02 -2.195
v -45.697 0.13 -2.303
v -45.729 0.024 -2.271
v -44.977 -0.02 -1.641
v -44.918 0.13 -1.783
v -44.936 0.024 -1.741
v -44 -0.02 -1.447
v -44 0.13 -1.6
v -44 0.024 -1.555
v -43.023 -0.02 -1.641
v -43.082 0.13 -1.783
v -43.064 0.024 -1.741
v -42.195 -0.02 -2.195
v -42.303 0.13 -2.303
v -42.271 0.024 -2.271
v -41.641 -0.02 -3.023
v -41.783 0.13 -3.082
v -41.741 0.024 -3.064
v -41.447 -0.02 -4
v -41.6 0.13 -4
v -41.555 0.024 -4
v -41.641 -0.02 -4.977
v -41.783 0.13 -4.918
v -41.741 0.024 -4.936
v -42.195 -0.02 -5.805
v -42.303 0.13 -5.697
v -42.271 0.024 -5.729
v -43.023 -0.02 -6.359
v -43.082 0.13 -6.217
v -43.064 0.024 -6.259
v -43.082 1.55 1.783
v -43.179 1.8 2.018
v -43.11 1.727 1.852
v -42.483 1.8 2.483
v -42.303 1.55 2.303
v -42.356 1.727 2.356
v -41.783 1.55 3.082
v -42.018 1.8 3.179
v -41.852 1.727 3.11
v -41.855 1.8 4
v -41.6 1.55 4
v -41.675 1.727 4
v -41.783 1.55 4.918
v -42.018 1.8 4.821
v -41.852 1.727 4.89
v -42.303 1.55 5.697
v -42.483 1.8 5.517
v -42.356 1.727 5.644
v -43.082 1.55 6.217
v -43.179 1.8 5.982
v -43.11 1.727 6.148
v -44 1.55 6.4
v -44 1.8 6.145
v -44 1.727 6.325
v -44.821 1.8 5.982
v -44.918 1.55 6.217
v -44.89 1.727 6.148
v -45.697 1.55 5.697
v -45.517 1.8 5.517
v -45.644 1.727 5.644
v -46.217 1.55 4.918
v -45.982 1.8 4.821
v -46.148 1.727 4.89
v -46.4 1.55 4
v -46.145 1.8 4
v -46.325 1.727 4
v -46.217 1.55 3.082
v -45.982 1.8 3.179
v -46.148 1.727 3.11
v -45.517 1.8 2.483
v -45.697 1.55 2.303
v -45.644 1.727 2.356
v -44.918 1.55 1.783
v -44.821 1.8 2.018
v -44.89 1.727 1.852
v -44 1.55 1.6
v -44 1.8 1.855
v -44 1.727 1.675
v -42.937 1.8 5.014
v -42.836 1.8 4
v -42.937 1.8 2.986
v -44 1.8 5.097
v -44 1.8 4
v -44 1.8 2.903
v -45.063 1.8 5.014
v -45.164 1.8 4
v -45.063 1.8 2.986
v -44 0.13 1.6
v -44 -0.02 1.447
v -44 0.024 1.555
v -44.977 -0.02 1.641
v -44.918 0.13 1.783
v -44.936 0.024 1.741
v -45.805 -0.02 2.195
v -45.697 0.13 2.303
v -45.729 0.024 2.271
v -46.359 -0.02 3.023
v -46.217 0.13 3.082
v -46.259 0.024 3.064
v -46.553 -0.02 4
v -46.4 0.13 4
v -46.445 0.024 4
v -46.359 -0.02 4.977
v -46.217 0.13 4.918
v -46.259 0.024 4.936
v -45.805 -0.02 5.805
v -45.697 0.13 5.697
v -45.729 0.024 5.729
v -44.977 -0.02 6.359
v -44.918 0.13 6.217
v -44.936 0.024 6.259
v -44 -0.02 6.553
v -44 0.13 6.4
v -44 0.024 6.445
v -43.023 -0.02 6.359
v -43.082 0.13 6.217
v -43.064 0.024 6.259
v -42.195 -0.02 5.805
v -42.303 0.13 5.697
v -42.271 0.024 5.729
v -41.641 -0.02 4.977
v -41.783 0.13 4.918
v -41.741 0.024 4.936
v -41.447 -0.02 4
v -41.6 0.13 4
v -41.555 0.024 4
v -41.641 -0.02 3.023
v -41.783 0.13 3.082
v -41.741 0.024 3.064
v -42.195 -0.02 2.195
v -42.303 0.13 2.303
v -42.271 0.024 2.271
v -43.023 -0.02 1.641
v -43.082 0.13 1.783
v -43.064 0.024 1.741
v -35.082 1.55 -6.217
v -35.179 1.8 -5.982
v -35.11 1.727 -6.148
v -34.483 1.8 -5.517
v -34.303 1.55 -5.697
v -34.356 1.727 -5.644
v -33.783 1.55 -4.918
v -34.018 1.8 -4.821
v -33.852 1.727 -4.89
v -33.855 1.8 -4
v -33.6 1.55 -4
v -33.675 1.727 -4
v -33.783 1.55 -3.082
v -34.018 1.8 -3.179
v -33.852 1.727 -3.11
v -34.303 1.55 -2.303
v -34.483 1.8 -2.483
v -34.356 1.727 -2.356
v -35.082 1.55 -1.783
v -35.179 1.8 -2.018
v -35.11 1.727 -1.852
v -36 1.55 -1.6
v -36 1.8 -1.855
v -36 1.727 -1.675
v -36.821 1.8 -2.018
v -36.918 1.55 -1.783
v -36.89 1.727 -1.852
v -37.697 1.55 -2.303
v -37.517 1.8 -2.483
v -37.644 1.727 -2.356
v -38.217 1.55 -3.082
v -37.982 1.8 -3.179
v -38.148 1.727 -3.11
v -38.4 1.55 -4
v -38.145 1.8 -4
v -38.325 1.727 -4
v -38.217 1.55 -4.918
v -37.982 1.8 -4.821
v -38.148 1.727 -4.89
v -37.517 1.8 -5.517
v -37.697 1.55 -5.697
v -37.644 1.727 -5.644
v -36.918 1.55 -6.217
v -36.821 1.8 -5.982
v -36.89 1.727 -6.148
v -36 1.55 -6.4
v -36 1.8 -6.145
v -36 1.727 -6.325
v -34.937 1.8 -2.986
v -34.836 1.8 -4
v -34.937 1.8 -5.014
v -36 1.8 -2.903
v -36 1.8 -4
v -36 1.8 -5.097
v -37.063 1.8 -2.986
v -37.164 1.8 -4
v -37.063 1.8 -5.014
v -36 0.13 -6.4
v -36 -0.02 -6.553
v -36 0.024 -6.445
v -36.977 -0.02 -6.359
v -36.918 0.13 -6.217
v -36.936 0.024 -6.259
v -37.805 -0.02 -5.805
v -37.697 0.13 -5.697
v -37.729 0.024 -5.729
v -38.359 -0.02 -4.977
v -38.217 0.13 -4.918
v -38.259 0.024 -4.936
v -38.553 -0.02 -4
v -38.4 0.13 -4
v -38.445 0.024 -4
v -38.359 -0.02 -3.023
v -38.217 0.13 -3.082
v -38.259 0.024 -3.064
v -37.805 -0.02 -2.195
v -37.697 0.13 -2.303
v -37.729 0.024 -2.271
v -36.977 -0.02 -1.641
v -36.918 0.13 -1.783
v -36.936 0.024 -1.741
v -36 -0.02 -1.447
v -36 0.13 -1.6
v -36 0.024 -1.555
v -35.023 -0.02 -1.641
v -35.082 0.13 -1.783
v -35.064 0.024 -1.741
v -34.195 -0.02 -2.195
v -34.303 0.13 -2.303
v -34.271 0.024 -2.271
v -33.641 -0.02 -3.023
v -33.783 0.13 -3.082
v -33.741 0.024 -3.064
v -33.447 -0.02 -4
v -33.6 0.13 -4
v -33.555 0.024 -4
v -33.641 -0.02 -4.977
v -33.783 0.13 -4.918
v -33.741 0.024 -4.936
v -34.195 -0.02 -5.805
v -34.303 0.13 -5.697
v -34.271 0.024 -5.729
v -35.023 -0.02 -6.359
v -35.082 0.13 -6.217
v -35.064 0.024 -6.259
v -35.082 1.55 1.783
v -35.179 1.8 2.018
v -35.11 1.727 1.852
v -34.483 1.8 2.483
v -34.303 1.55 2.303
v -34.356 1.727 2.356
v -33.783 1.55 3.082
v -34.018 1.8 3.179
v -33.852 1.727 3.11
v -33.855 1.8 4
v -33.6 1.55 4
v -33.675 1.727 4
v -33.783 1.55 4.918
v -34.018 1.8 4.821
v -33.852 1.727 4.89
v -34.303 1.55 5.697
v -34.483 1.8 5.517
v -34.356 1.727 5.644
v -35.082 1.55 6.217
v -35.179 1.8 5.982
v -35.11 1.727 6.148
v -36 1.55 6.4
v -36 1.8 6.145
v -36 1.727 6.325
v -36.821 1.8 5.982
v -36.918 1.55 6.217
v -36.89 1.727 6.148
v -37.697 1.55 5.697
v -37.517 1.8 5.517
v -37.644 1.727 5.644
v -38.217 1.55 4.918
v -37.982 1.8 4.821
v -38.148 1.727 4.89
v -38.4 1.55 4
v -38.145 1.8 4
v -38.325 1.727 4
v -38.217 1.55 3.082
v -37.982 1.8 3.179
v -38.148 1.727 3.11
v -37.517 1.8 2.483
v -37.697 1.55 2.303
v -37.644 1.727 2.356
v -36.918 1.55 1.783
v -36.821 1.8 2.018
v -36.89 1.727 1.852
v -36 1.55 1.6
v -36 1.8 1.855
v -36 1.727 1.675
v -34.937 1.8 5.014
v -34.836 1.8 4
v -34.937 1.8 2.986
v -36 1.8 5.097
v -36 1.8 4
v -36 1.8 2.903
v -37.063 1.8 5.014
v -37.164 1.8 4
v -37.063 1.8 2.986
v -36 0.13 1.6
v -36 -0.02 1.447
v -36 0.024 1.555
v -36.977 -0.02 1.641
v -36.918 0.13 1.783
v -36.936 0.024 1.741
v -37.805 -0.02 2.195
v -37.697 0.13 2.303
v -37.729 0.024 2.271
v -38.359 -0.02 3.023
v -38.217 0.13 3.082
v -38.259 0.024 3.064
v -38.553 -0.02 4
v -38.4 0.13 4
v -38.445 0.024 4
v -38.359 -0.02 4.977
v -38.217 0.13 4.918
v -38.259 0.024 4.936
v -37.805 -0.02 5.805
v -37.697 0.13 5.697
v -37.729 0.024 5.729
v -36.977 -0.02 6.359
v -36.918 0.13 6.217
v -36.936 0.024 6.259
v -36 -0.02 6.553
v -36 0.13 6.4
v -36 0.024 6.445
v -35.023 -0.02 6.359
v -35.082 0.13 6.217
v -35.064 0.024 6.259
v -34.195 -0.02 5.805
v -34.303 0.13 5.697
v -34.271 0.024 5.729
v -33.641 -0.02 4.977
v -33.783 0.13 4.918
v -33.741 0.024 4.936
v -33.447 -0.02 4
v -33.6 0.13 4
v -33.555 0.024 4
v -33.641 -0.02 3.023
v -33.783 0.13 3.082
v -33.741 0.024 3.064
v -34.195 -0.02 2.195
v -34.303 0.13 2.303
v -34.271 0.024 2.271
v -35.023 -0.02 1.641
v -35.082 0.13 1.783
v -35.064 0.024 1.741
v -27.082 1.55 -6.217
v -27.179 1.8 -5.982
v -27.11 1.727 -6.148
v -26.483 1.8 -5.517
v -26.303 1.55 -5.697
v -26.356 1.727 -5.644
v -25.783 1.55 -4.918
v -26.018 1.8 -4.821
v -25.852 1.727 -4.89
v -25.855 1.8 -4
v -25.6 1.55 -4
v -25.675 1.727 -4
v -25.783 1.55 -3.082
v -26.018 1.8 -3.179
v -25.852 1.727 -3.11
v -26.303 1.55 -2.303
v -26.483 1.8 -2.483
v -26.356 1.727 -2.356
v -27.082 1.55 -1.783
v -27.179 1.8 -2.018
v -27.11 1.727 -1.852
v -28 1.55 -1.6
v -28 1.8 -1.855
v -28 1.727 -1.675
v -28.821 1.8 -2.018
v -28.918 1.55 -1.783
v -28.89 1.727 -1.852
v -29.697 1.55 -2.303
v -29.517 1.8 -2.483
v -29.644 1.727 -2.356
v -30.217 1.55 -3.082
v -29.982 1.8 -3.179
v -30.148 1.727 -3.11
v -30.4 1.55 -4
v -30.145 1.8 -4
v -30.325 1.727 -4
v -30.217 1.55 -4.918
v -29.982 1.8 -4.821
v -30.148 1.727 -4.89
v -29.517 1.8 -5.517
v -29.697 1.55 -5.697
v -29.644 1.727 -5.644
v -28.918 1.55 -6.217
v -28.821 1.8 -5.982
v -28.89 1.727 -6.148
v -28 1.55 -6.4
v -28 1.8 -6.145
v -28 1.727 -6.325
v -26.937 1.8 -2.986
v -26.836 1.8 -4
v -26.937 1.8 -5.014
v -28 1.8 -2.903
v -28 1.8 -4
v -28 1.8 -5.097
v -29.063 1.8 -2.986
v -29.164 1.8 -4
v -29.063 1.8 -5.014
v -28 0.13 -6.4
v -28 -0.02 -6.553
v -28 0.024 -6.445
v -28.977 -0.02 -6.359
v -28.918 0.13 -6.217
v -28.936 0.024 -6.259
v -29.805 -0.02 -5.805
v -29.697 0.13 -5.697
v -29.729 0.024 -5.729
v -30.359 -0.02 -4.977
v -30.217 0.13 -4.918
v -30.259 0.024 -4.936
v -30.553 -0.02 -4
v -30.4 0.13 -4
v -30.445 0.024 -4
v -30.359 -0.02 -3.023
v -30.217 0.13 -3.082
v -30.259 0.024 -3.064
v -29.805 -0.02 -2.195
v -29.697 0.13 -2.303
v -29.729 0.024 -2.271
v -28.977 -0.02 -1.641
v -28.918 0.13 -1.783
v -28.936 0.024 -1.741
v -28 -0.02 -1.447
v -28 0.13 -1.6
v -28 0.024 -1.555
v -27.023 -0.02 -1.641
v -27.082 0.13 -1.783
v -27.064 0.024 -1.741
v -26.195 -0.02 -2.195
v -26.303 0.13 -2.303
v -26.271 0.024 -2.271
v -25.641 -0.02 -3.023
v -25.783 0.13 -3.082
v -25.741 0.024 -3.064
v -25.447 -0.02 -4
v -25.6 0.13 -4
v -25.555 0.024 -4
v -25.641 -0.02 -4.977
v -25.783 0.13 -4.918
v -25.741 0.024 -4.936
v -26.195 -0.02 -5.805
v -26.303 0.13 -5.697
v -26.271 0.024 -5.729
v -27.023 -0.02 -6.359
v -27.082 0.13 -6.217
v -27.064 0.024 -6.259
v -27.082 1.55 1.783
v -27.179 1.8 2.018
v -27.11 1.727 1.852
v -26.483 1.8 2.483
v -26.303 1.55 2.303
v -26.356 1.727 2.356
v -25.783 1.55 3.082
v -26.018 1.8 3.179
v -25.852 1.727 3.11
v -25.855 1.8 4
v -25.6 1.55 4
v -25.675 1.727 4
v -25.783 1.55 4.918
v -26.018 1.8 4.821
v -25.852 1.727 4.89
v -26.303 1.55 5.697
v -26.483 1.8 5.517
v -26.356 1.727 5.644
v -27.082 1.55 6.217
v -27.179 1.8 5.982
v -27.11 1.727 6.148
v -28 1.55 6.4
v -28 1.8 6.145
v -28 1.727 6.325
v -28.821 1.8 5.982
v -28.918 1.55 6.217
v -28.89 1.727 6.148
v -29.697 1.55 5.697
v -29.517 1.8 5.517
v -29.644 1.727 5.644
v -30.217 1.55 4.918
v -29.982 1.8 4.821
v -30.148 1.727 4.89
v -30.4 1.55 4
v -30.145 1.8 4
v -30.325 1.727 4
v -30.217 1.55 3.082
v -29.982 1.8 3.179
v -30.148 1.727 3.11
v -29.517 1.8 2.483
v -29.697 1.55 2.303
v -29.644 1.727 2.356
v -28.918 1.55 1.783
v -28.821 1.8 2.018
v -28.89 1.727 1.852
v -28 1.55 1.6
v -28 1.8 1.855
v -28 1.727 1.675
v -26.937 1.8 5.014
v -26.836 1.8 4
v -26.937 1.8 2.986
v -28 1.8 5.097
v -28 1.8 4
v -28 1.8 2.903
v -29.063 1.8 5.014
v -29.164 1.8 4
v -29.063 1.8 2.986
v -28 0.13 1.6
v -28 -0.02 1.447
v -28 0.024 1.555
v -28.977 -0.02 1.641
v -28.918 0.13 1.783
v -28.936 0.024 1.741
v -29.805 -0.02 2.195
v -29.697 0.13 2.303
v -29.729 0.024 2.271
v -30.359 -0.02 3.023
v -30.217 0.13 3.082
v -30.259 0.024 3.064
v -30.553 -0.02 4
v -30.4 0.13 4
v -30.445 0.024 4
v -30.359 -0.02 4.977
v -30.217 0.13 4.918
v -30.259 0.024 4.936
v -29.805 -0.02 5.805
v -29.697 0.13 5.697
v -29.729 0.024 5.729
v -28.977 -0.02 6.359
v -28.918 0.13 6.217
v -28.936 0.024 6.259
v -28 -0.02 6.553
v -28 0.13 6.4
v -28 0.024 6.445
v -27.023 -0.02 6.359
v -27.082 0.13 6.217
v -27.064 0.024 6.259
v -26.195 -0.02 5.805
v -26.303 0.13 5.697
v -26.271 0.024 5.729
v -25.641 -0.02 4.977
v -25.783 0.13 4.918
v -25.741 0.024 4.936
v -25.447 -0.02 4
v -25.6 0.13 4
v -25.555 0.024 4
v -25.641 -0.02 3.023
v -25.783 0.13 3.082
v -25.741 0.024 3.064
v -26.195 -0.02 2.195
v -26.303 0.13 2.303
v -26.271 0.024 2.271
v -27.023 -0.02 1.641
v -27.082 0.13 1.783
v -27.064 0.024 1.741
v -19.082 1.55 -6.217
v -19.179 1.8 -5.982
v -19.11 1.727 -6.148
v -18.483 1.8 -5.517
v -18.303 1.55 -5.697
v -18.356 1.727 -5.644
v -17.783 1.55 -4.918
v -18.018 1.8 -4.821
v -17.852 1.727 -4.89
v -17.855 1.8 -4
v -17.6 1.55 -4
v -17.675 1.727 -4
v -17.783 1.55 -3.082
v -18.018 1.8 -3.179
v -17.852 1.727 -3.11
v -18.303 1.55 -2.303
v -18.483 1.8 -2.483
v -18.356 1.727 -2.356
v -19.082 1.55 -1.783
v -19.179 1.8 -2.018
v -19.11 1.727 -1.852
v -20 1.55 -1.6
v -20 1.8 -1.855
v -20 1.727 -1.675
v -20.821 1.8 -2.018
v -20.918 1.55 -1.783
v -20.89 1.727 -1.852
v -21.697 1.55 -2.303
v -21.517 1.8 -2.483
v -21.644 1.727 -2.356
v -22.217 1.55 -3.082
v -21.982 1.8 -3.179
v -22.148 1.727 -3.11
v -22.4 1.55 -4
v -22.145 1.8 -4
v -22.325 1.727 -4
v -22.217 1.55 -4.918
v -21.982 1.8 -4.821
v -22.148 1.727 -4.89
v -21.517 1.8 -5.517
v -21.697 1.55 -5.697
v -21.644 1.727 -5.644
v -20.918 1.55 -6.217
v -20.821 1.8 -5.982
v -20.89 1.727 -6.148
v -20 1.55 -6.4
v -20 1.8 -6.145
v -20 1.727 -6.325
v -18.937 1.8 -2.986
v -18.836 1.8 -4
v -18.937 1.8 -5.014
v -20 1.8 -2.903
v -20 1.8 -4
v -20 1.8 -5.097
v -21.063 1.8 -2.986
v -21.164 1.8 -4
v -21.063 1.8 -5.014
v -20 0.13 -6.4
v -20 -0.02 -6.553
v -20 0.024 -6.445
v -20.977 -0.02 -6.359
v -20.918 0.13 -6.217
v -20.936 0.024 -6.259
v -21.805 -0.02 -5.805
v -21.697 0.13 -5.697
v -21.729 0.024 -5.729
v -22.359 -0.02 -4.977
v -22.217 0.13 -4.918
v -22.259 0.024 -4.936
v -22.553 -0.02 -4
v -22.4 0.13 -4
v -22.445 0.024 -4
v -22.359 -0.02 -3.023
v -22.217 0.13 -3.082
v -22.259 0.024 -3.064
v -21.805 -0.02 -2.195
v -21.697 0.13 -2.303
v -21.729 0.024 -2.271
v -20.977 -0.02 -1.641
v -20.918 0.13 -1.783
v -20.936 0.024 -1.741
v -20 -0.02 -1.447
v -20 0.13 -1.6
v -20 0.024 -1.555
v -19.023 -0.02 -1.641
v -19.082 0.13 -1.783
v -19.064 0.024 -1.741
v -18.195 -0.02 -2.195
v -18.303 0.13 -2.303
v -18.271 0.024 -2.271
v -17.641 -0.02 -3.023
v -17.783 0.13 -3.082
v -17.741 0.024 -3.064
v -17.447 -0.02 -4
v -17.6 0.13 -4
v -17.555 0.024 -4
v -17.641 -0.02 -4.977
v -17.783 0.13 -4.918
v -17.741 0.024 -4.936
v -18.195 -0.02 -5.805
v -18.303 0.13 -5.697
v -18.271 0.024 -5.729
v -19.023 -0.02 -6.359
v -19.082 0.13 -6.217
v -19.064 0.024 -6.259
v -19.082 1.55 1.783
v -19.179 1.8 2.018
v -19.11 1.727 1.852
v -18.483 1.8 2.483
v -18.303 1.55 2.303
v -18.356 1.727 2.356
v -17.783 1.55 3.082
v -18.018 1.8 3.179
v -17.852 1.727 3.11
v -17.855 1.8 4
v -17.6 1.55 4
v -17.675 1.727 4
v -17.783 1.55 4.918
v -18.018 1.8 4.821
v -17.852 1.727 4.89
v -18.303 1.55 5.697
v -18.483 1.8 5.517
v -18.356 1.727 5.644
v -19.082 1.55 6.217
v -19.179 1.8 5.982
v -19.11 1.727 6.148
v -20 1.55 6.4
v -20 1.8 6.145
v -20 1.727 6.325
v -20.821 1.8 5.982
v -20.918 1.55 6.217
v -20.89 1.727 6.148
v -21.697 1.55 5.697
v -21.517 1.8 5.517
v -21.644 1.727 5.644
v -22.217 1.55 4.918
v -21.982 1.8 4.821
v -22.148 1.727 4.89
v -22.4 1.55 4
v -22.145 1.8 4
v -22.325 1.727 4
v -22.217 1.55 3.082
v -21.982 1.8 3.179
v -22.148 1.727 3.11
v -21.517 1.8 2.483
v -21.697 1.55 2.303
v -21.644 1.727 2.356
v -20.918 1.55 1.783
v -20.821 1.8 2.018
v -20.89 1.727 1.852
v -20 1.55 1.6
v -20 1.8 1.855
v -20 1.727 1.675
v -18.937 1.8 5.014
v -18.836 1.8 4
v -18.937 1.8 2.986
v -20 1.8 5.097
v -20 1.8 4
v -20 1.8 2.903
v -21.063 1.8 5.014
v -21.164 1.8 4
v -21.063 1.8 2.986
v -20 0.13 1.6
v -20 -0.02 1.447
v -20 0.024 1.555
v -20.977 -0.02 1.641
v -20.918 0.13 1.783
v -20.936 0.024 1.741
v -21.805 -0.02 2.195
v -21.697 0.13 2.303
v -21.729 0.024 2.271
v -22.359 -0.02 3.023
v -22.217 0.13 3.082
v -22.259 0.024 3.064
v -22.553 -0.02 4
v -22.4 0.13 4
v -22.445 0.024 4
v -22.359 -0.02 4.977
v -22.217 0.13 4.918
v -22.259 0.024 4.936
v -21.805 -0.02 5.805
v -21.697 0.13 5.697
v -21.729 0.024 5.729
v -20.977 -0.02 6.359
v -20.918 0.13 6.217
v -20.936 0.024 6.259
v -20 -0.02 6.553
v -20 0.13 6.4
v -20 0.024 6.445
v -19.023 -0.02 6.359
v -19.082 0.13 6.217
v -19.064 0.024 6.259
v -18.195 -0.02 5.805
v -18.303 0.13 5.697
v -18.271 0.024 5.729
v -17.641 -0.02 4.977
v -17.783 0.13 4.918
v -17.741 0.024 4.936
v -17.447 -0.02 4
v -17.6 0.13 4
v -17.555 0.024 4
v -17.641 -0.02 3.023
v -17.783 0.13 3.082
v -17.741 0.024 3.064
v -18.195 -0.02 2.195
v -18.303 0.13 2.303
v -18.271 0.024 2.271
v -19.023 -0.02 1.641
v -19.082 0.13 1.783
v -19.064 0.024 1.741
v -11.082 1.55 -6.217
v -11.179 1.8 -5.982
v -11.11 1.727 -6.148
v -10.483 1.8 -5.517
v -10.303 1.55 -5.697
v -10.356 1.727 -5.644
v -9.783 1.55 -4.918
v -10.018 1.8 -4.821
v -9.852 1.727 -4.89
v -9.855 1.8 -4
v -9.6 1.55 -4
v -9.675 1.727 -4
v -9.783 1.55 -3.082
v -10.018 1.8 -3.179
v -9.852 1.727 -3.11
v -10.303 1.55 -2.303
v -10.483 1.8 -2.483
v -10.356 1.727 -2.356
v -11.082 1.55 -1.783
v -11.179 1.8 -2.018
v -11.11 1.727 -1.852
v -12 1.55 -1.6
v -12 1.8 -1.855
v -12 1.727 -1.675
v -12.821 1.8 -2.018
v -12.918 1.55 -1.783
v -12.89 1.727 -1.852
v -13.697 1.55 -2.303
v -13.517 1.8 -2.483
v -13.644 1.727 -2.356
v -14.217 1.55 -3.082
v -13.982 1.8 -3.179
v -14.148 1.727 -3.11
v -14.4 1.55 -4
v -14.145 1.8 -4
v -14.325 1.727 -4
v -14.217 1.55 -4.918
v -13.982 1.8 -4.821
v -14.148 1.727 -4.89
v -13.517 1.8 -5.517
v -13.697 1.55 -5.697
v -13.644 1.727 -5.644
v -12.918 1.55 -6.217
v -12.821 1.8 -5.982
v -12.89 1.727 -6.148
v -12 1.55 -6.4
v -12 1.8 -6.145
v -12 1.727 -6.325
v -10.937 1.8 -2.986
v -10.836 1.8 -4
v -10.937 1.8 -5.014
v -12 1.8 -2.903
v -12 1.8 -4
v -12 1.8 -5.097
v -13.063 1.8 -2.986
v -13.164 1.8 -4
v -13.063 1.8 -5.014
v -12 0.13 -6.4
v -12 -0.02 -6.553
v -12 0.024 -6.445
v -12.977 -0.02 -6.359
v -12.918 0.13 -6.217
v -12.936 0.024 -6.259
v -13.805 -0.02 -5.805
v -13.697 0.13 -5.697
v -13.729 0.024 -5.729
v -14.359 -0.02 -4.977
v -14.217 0.13 -4.918
v -14.259 0.024 -4.936
v -14.553 -0.02 -4
v -14.4 0.13 -4
v -14.445 0.024 -4
v -14.359 -0.02 -3.023
v -14.217 0.13 -3.082
v -14.259 0.024 -3.064
v -13.805 -0.02 -2.195
v -13.697 0.13 -2.303
v -13.729 0.024 -2.271
v -12.977 -0.02 -1.641
v -12.918 0.13 -1.783
v -12.936 0.024 -1.741
v -12 -0.02 -1.447
v -12 0.13 -1.6
v -12 0.024 -1.555
v -11.023 -0.02 -1.641
v -11.082 0.13 -1.783
v -11.064 0.024 -1.741
v -10.195 -0.02 -2.195
v -10.303 0.13 -2.303
v -10.271 0.024 -2.271
v -9.641 -0.02 -3.023
v -9.783 0.13 -3.082
v -9.741 0.024 -3.064
v -9.447 -0.02 -4
v -9.6 0.13 -4
v -9.555 0.024 -4
v -9.641 -0.02 -4.977
v -9.783 0.13 -4.918
v -9.741 0.024 -4.936
v -10.195 -0.02 -5.805
v -10.303 0.13 -5.697
v -10.271 0.024 -5.729
v -11.023 -0.02 -6.359
v -11.082 0.13 -6.217
v -11.064 0.024 -6.259
v -11.082 1.55 1.783
v -11.179 1.8 2.018
v -11.11 1.727 1.852
v -10.483 1.8 2.483
v -10.303 1.55 2.303
v -10.356 1.727 2.356
v -9.783 1.55 3.082
v -10.018 1.8 3.179
v -9.852 1.727 3.11
v -9.855 1.8 4
v -9.6 1.55 4
v -9.675 1.727 4
v -9.783 1.55 4.918
v -10.018 1.8 4.821
v -9.852 1.727 4.89
v -10.303 1.55 5.697
v -10.483 1.8 5.517
v -10.356 1.727 5.644
v -11.082 1.55 6.217
v -11.179 1.8 5.982
v -11.11 1.727 6.148
v -12 1.55 6.4
v -12 1.8 6.145
v -12 1.727 6.325
v -12.821 1.8 5.982
v -12.918 1.55 6.217
v -12.89 1.727 6.148
v -13.697 1.55 5.697
v -13.517 1.8 5.517
v -13.644 1.727 5.644
v -14.217 1.55 4.918
v -13.982 1.8 4.821
v -14.148 1.727 4.89
v -14.4 1.55 4
v -14.145 1.8 4
v -14.325 1.727 4
v -14.217 1.55 3.082
v -13.982 1.8 3.179
v -14.148 1.727 3.11
v -13.517 1.8 2.483
v -13.697 1.55 2.303
v -13.644 1.727 2.356
v -12.918 1.55 1.783
v -12.821 1.8 2.018
v -12.89 1.727 1.852
v -12 1.55 1.6
v -12 1.8 1.855
v -12 1.727 1.675
v -10.937 1.8 5.014
v -10.836 1.8 4
v -10.937 1.8 2.986
v -12 1.8 5.097
v -12 1.8 4
v -12 1.8 2.903
v -13.063 1.8 5.014
v -13.164 1.8 4
v -13.063 1.8 2.986
v -12 0.13 1.6
v -12 -0.02 1.447
v -12 0.024 1.555
v -12.977 -0.02 1.641
v -12.918 0.13 1.783
v -12.936 0.024 1.741
v -13.805 -0.02 2.195
v -13.697 0.13 2.303
v -13.729 0.024 2.271
v -14.359 -0.02 3.023
v -14.217 0.13 3.082
v -14.259 0.024 3.064
v -14.553 -0.02 4
v -14.4 0.13 4
v -14.445 0.024 4
v -14.359 -0.02 4.977
v -14.217 0.13 4.918
v -14.259 0.024 4.936
v -13.805 -0.02 5.805
v -13.697 0.13 5.697
v -13.729 0.024 5.729
v -12.977 -0.02 6.359
v -12.918 0.13 6.217
v -12.936 0.024 6.259
v -12 -0.02 6.553
v -12 0.13 6.4
v -12 0.024 6.445
v -11.023 -0.02 6.359
v -11.082 0.13 6.217
v -11.064 0.024 6.259
v -10.195 -0.02 5.805
v -10.303 0.13 5.697
v -10.271 0.024 5.729
v -9.641 -0.02 4.977
v -9.783 0.13 4.918
v -9.741 0.024 4.936
v -9.447 -0.02 4
v -9.6 0.13 4
v -9.555 0.024 4
v -9.641 -0.02 3.023
v -9.783 0.13 3.082
v -9.741 0.024 3.064
v -10.195 -0.02 2.195
v -10.303 0.13 2.303
v -10.271 0.024 2.271
v -11.023 -0.02 1.641
v -11.082 0.13 1.783
v -11.064 0.024 1.741
v -3.082 1.55 -6.217
v -3.179 1.8 -5.982
v -3.11 1.727 -6.148
v -2.483 1.8 -5.517
v -2.303 1.55 -5.697
v -2.356 1.727 -5.644
v -1.783 1.55 -4.918
v -2.018 1.8 -4.821
v -1.852 1.727 -4.89
v -1.855 1.8 -4
v -1.6 1.55 -4
v -1.675 1.727 -4
v -1.783 1.55 -3.082
v -2.018 1.8 -3.179
v -1.852 1.727 -3.11
v -2.303 1.55 -2.303
v -2.483 1.8 -2.483
v -2.356 1.727 -2.356
v -3.082 1.55 -1.783
v -3.179 1.8 -2.018
v -3.11 1.727 -1.852
v -4 1.55 -1.6
v -4 1.8 -1.855
v -4 1.727 -1.675
v -4.821 1.8 -2.018
v -4.918 1.55 -1.783
v -4.89 1.727 -1.852
v -5.697 1.55 -2.303
v -5.517 1.8 -2.483
v -5.644 1.727 -2.356
v -6.217 1.55 -3.082
v -5.982 1.8 -3.179
v -6.148 1.727 -3.11
v -6.4 1.55 -4
v -6.145 1.8 -4
v -6.325 1.727 -4
v -6.217 1.55 -4.918
v -5.982 1.8 -4.821
v -6.148 1.727 -4.89
v -5.517 1.8 -5.517
v -5.697 1.55 -5.697
v -5.644 1.727 -5.644
v -4.918 1.55 -6.217
v -4.821 1.8 -5.982
v -4.89 1.727 -6.148
v -4 1.55 -6.4
v -4 1.8 -6.145
v -4 1.727 -6.325
v -2.937 1.8 -2.986
v -2.836 1.8 -4
v -2.937 1.8 -5.014
v -4 1.8 -2.903
v -4 1.8 -4
v -4 1.8 -5.097
v -5.063 1.8 -2.986
v -5.164 1.8 -4
v -5.063 1.8 -5.014
v -4 0.13 -6.4
v -4 -0.02 -6.553
v -4 0.024 -6.445
v -4.977 -0.02 -6.359
v -4.918 0.13 -6.217
v -4.936 0.024 -6.259
v -5.805 -0.02 -5.805
v -5.697 0.13 -5.697
v -5.729 0.024 -5.729
v -6.359 -0.02 -4.977
v -6.217 0.13 -4.918
v -6.259 0.024 -4.936
v -6.553 -0.02 -4
v -6.4 0.13 -4
v -6.445 0.024 -4
v -6.359 -0.02 -3.023
v -6.217 0.13 -3.082
v -6.259 0.024 -3.064
v -5.805 -0.02 -2.195
v -5.697 0.13 -2.303
v -5.729 0.024 -2.271
v -4.977 -0.02 -1.641
v -4.918 0.13 -1.783
v -4.936 0.024 -1.741
v -4 -0.02 -1.447
v -4 0.13 -1.6
v -4 0.024 -1.555
v -3.023 -0.02 -1.641
v -3.082 0.13 -1.783
v -3.064 0.024 -1.741
v -2.195 -0.02 -2.195
v -2.303 0.13 -2.303
v -2.271 0.024 -2.271
v -1.641 -0.02 -3.023
v -1.783 0.13 -3.082
v -1.741 0.024 -3.064
v -1.447 -0.02 -4
v -1.6 0.13 -4
v -1.555 0.024 -4
v -1.641 -0.02 -4.977
v -1.783 0.13 -4.918
v -1.741 0.024 -4.936
v -2.195 -0.02 -5.805
v -2.303 0.13 -5.697
v -2.271 0.024 -5.729
v -3.023 -0.02 -6.359
v -3.082 0.13 -6.217
v -3.064 0.024 -6.259
v -3.082 1.55 1.783
v -3.179 1.8 2.018
v -3.11 1.727 1.852
v -2.483 1.8 2.483
v -2.303 1.55 2.303
v -2.356 1.727 2.356
v -1.783 1.55 3.082
v -2.018 1.8 3.179
v -1.852 1.727 3.11
v -1.855 1.8 4
v -1.6 1.55 4
v -1.675 1.727 4
v -1.783 1.55 4.918
v -2.018 1.8 4.821
v -1.852 1.727 4.89
v -2.303 1.55 5.697
v -2.483 1.8 5.517
v -2.356 1.727 5.644
v -3.082 1.55 6.217
v -3.179 1.8 5.982
v -3.11 1.727 6.148
v -4 1.55 6.4
v -4 1.8 6.145
v -4 1.727 6.325
v -4.821 1.8 5.982
v -4.918 1.55 6.217
v -4.89 1.727 6.148
v -5.697 1.55 5.697
v -5.517 1.8 5.517
v -5.644 1.727 5.644
v -6.217 1.55 4.918
v -5.982 1.8 4.821
v -6.148 1.727 4.89
v -6.4 1.55 4
v -6.145 1.8 4
v -6.325 1.727 4
v -6.217 1.55 3.082
v -5.982 1.8 3.179
v -6.148 1.727 3.11
v -5.517 1.8 2.483
v -5.697 1.55 2.303
v -5.644 1.727 2.356
v -4.918 1.55 1.783
v -4.821 1.8 2.018
v -4.89 1.727 1.852
v -4 1.55 1.6
v -4 1.8 1.855
v -4 1.727 1.675
v -2.937 1.8 5.014
v -2.836 1.8 4
v -2.937 1.8 2.986
v -4 1.8 5.097
v -4 1.8 4
v -4 1.8 2.903
v -5.063 1.8 5.014
v -5.164 1.8 4
v -5.063 1.8 2.986
v -4 0.13 1.6
v -4 -0.02 1.447
v -4 0.024 1.555
v -4.977 -0.02 1.641
v -4.918 0.13 1.783
v -4.936 0.024 1.741
v -5.805 -0.02 2.195
v -5.697 0.13 2.303
v -5.729 0.024 2.271
v -6.359 -0.02 3.023
v -6.217 0.13 3.082
v -6.259 0.024 3.064
v -6.553 -0.02 4
v -6.4 0.13 4
v -6.445 0.024 4
v -6.359 -0.02 4.977
v -6.217 0.13 4.918
v -6.259 0.024 4.936
v -5.805 -0.02 5.805
v -5.697 0.13 5.697
v -5.729 0.024 5.729
v -4.977 -0.02 6.359
v -4.918 0.13 6.217
v -4.936 0.024 6.259
v -4 -0.02 6.553
v -4 0.13 6.4
v -4 0.024 6.445
v -3.023 -0.02 6.359
v -3.082 0.13 6.217
v -3.064 0.024 6.259
v -2.195 -0.02 5.805
v -2.303 0.13 5.697
v -2.271 0.024 5.729
v -1.641 -0.02 4.977
v -1.783 0.13 4.918
v -1.741 0.024 4.936
v -1.447 -0.02 4
v -1.6 0.13 4
v -1.555 0.024 4
v -1.641 -0.02 3.023
v -1.783 0.13 3.082
v -1.741 0.024 3.064
v -2.195 -0.02 2.195
v -2.303 0.13 2.303
v -2.271 0.024 2.271
v -3.023 -0.02 1.641
v -3.082 0.13 1.783
v -3.064 0.024 1.741
v 4.918 1.55 -6.217
v 4.821 1.8 -5.982
v 4.89 1.727 -6.148
v 5.517 1.8 -5.517
v 5.697 1.55 -5.697
v 5.644 1.727 -5.644
v 6.217 1.55 -4.918
v 5.982 1.8 -4.821
v 6.148 1.727 -4.89
v 6.145 1.8 -4
v 6.4 1.55 -4
v 6.325 1.727 -4
v 6.217 1.55 -3.082
v 5.982 1.8 -3.179
v 6.148 1.727 -3.11
v 5.697 1.55 -2.303
v 5.517 1.8 -2.483
v 5.644 1.727 -2.356
v 4.918 1.55 -1.783
v 4.821 1.8 -2.018
v 4.89 1.727 -1.852
v 4 1.55 -1.6
v 4 1.8 -1.855
v 4 1.727 -1.675
v 3.179 1.8 -2.018
v 3.082 1.55 -1.783
v 3.11 1.727 -1.852
v 2.303 1.55 -2.303
v 2.483 1.8 -2.483
v 2.356 1.727 -2.356
v 1.783 1.55 -3.082
v 2.018 1.8 -3.179
v 1.852 1.727 -3.11
v 1.6 1.55 -4
v 1.855 1.8 -4
v 1.675 1.727 -4
v 1.783 1.55 -4.918
v 2.018 1.8 -4.821
v 1.852 1.727 -4.89
v 2.483 1.8 -5.517
v 2.303 1.55 -5.697
v 2.356 1.727 -5.644
v 3.082 1.55 -6.217
v 3.179 1.8 -5.982
v 3.11 1.727 -6.148
v 4 1.55 -6.4
v 4 1.8 -6.145
v 4 1.727 -6.325
v 5.063 1.8 -2.986
v 5.164 1.8 -4
v 5.063 1.8 -5.014
v 4 1.8 -2.903
v 4 1.8 -4
v 4 1.8 -5.097
v 2.937 1.8 -2.986
v 2.836 1.8 -4
v 2.937 1.8 -5.014
v 4 0.13 -6.4
v 4 -0.02 -6.553
v 4 0.024 -6.445
v 3.023 -0.02 -6.359
v 3.082 0.13 -6.217
v 3.064 0.024 -6.259
v 2.195 -0.02 -5.805
v 2.303 0.13 -5.697
v 2.271 0.024 -5.729
v 1.641 -0.02 -4.977
v 1.783 0.13 -4.918
v 1.741 0.024 -4.936
v 1.447 -0.02 -4
v 1.6 0.13 -4
v 1.555 0.024 -4
v 1.641 -0.02 -3.023
v 1.783 0.13 -3.082
v 1.741 0.024 -3.064
v 2.195 -0.02 -2.195
v 2.303 0.13 -2.303
v 2.271 0.024 -2.271
v 3.023 -0.02 -1.641
v 3.082 0.13 -1.783
v 3.064 0.024 -1.741
v 4 -0.02 -1.447
v 4 0.13 -1.6
v 4 0.024 -1.555
v 4.977 -0.02 -1.641
v 4.918 0.13 -1.783
v 4.936 0.024 -1.741
v 5.805 -0.02 -2.195
v 5.697 0.13 -2.303
v 5.729 0.024 -2.271
v 6.359 -0.02 -3.023
v 6.217 0.13 -3.082
v 6.259 0.024 -3.064
v 6.553 -0.02 -4
v 6.4 0.13 -4
v 6.445 0.024 -4
v 6.359 -0.02 -4.977
v 6.217 0.13 -4.918
v 6.259 0.024 -4.936
v 5.805 -0.02 -5.805
v 5.697 0.13 -5.697
v 5.729 0.024 -5.729
v 4.977 -0.02 -6.359
v 4.918 0.13 -6.217
v 4.936 0.024 -6.259
v 4.918 1.55 1.783
v 4.821 1.8 2.018
v 4.89 1.727 1.852
v 5.517 1.8 2.483
v 5.697 1.55 2.303
v 5.644 1.727 2.356
v 6.217 1.55 3.082
v 5.982 1.8 3.179
v 6.148 1.727 3.11
v 6.145 1.8 4
v 6.4 1.55 4
v 6.325 1.727 4
v 6.217 1.55 4.918
v 5.982 1.8 4.821
v 6.148 1.727 4.89
v 5.697 1.55 5.697
v 5.517 1.8 5.517
v 5.644 1.727 5.644
v 4.918 1.55 6.217
v 4.821 1.8 5.982
v 4.89 1.727 6.148
v 4 1.55 6.4
v 4 1.8 6.145
v 4 1.727 6.325
v 3.179 1.8 5.982
v 3.082 1.55 6.217
v 3.11 1.727 6.148
v 2.303 1.55 5.697
v 2.483 1.8 5.517
v 2.356 1.727 5.644
v 1.783 1.55 4.918
v 2.018 1.8 4.821
v 1.852 1.727 4.89
v 1.6 1.55 4
v 1.855 1.8 4
v 1.675 1.727 4
v 1.783 1.55 3.082
v 2.018 1.8 3.179
v 1.852 1.727 3.11
v 2.483 1.8 2.483
v 2.303 1.55 2.303
v 2.356 1.727 2.356
v 3.082 1.55 1.783
v 3.179 1.8 2.018
v 3.11 1.727 1.852
v 4 1.55 1.6
v 4 1.8 1.855
v 4 1.727 1.675
v 5.063 1.8 5.014
v 5.164 1.8 4
v 5.063 1.8 2.986
v 4 1.8 5.097
v 4 1.8 4
v 4 1.8 2.903
v 2.937 1.8 5.014
v 2.836 1.8 4
v 2.937 1.8 2.986
v 4 0.13 1.6
v 4 -0.02 1.447
v 4 0.024 1.555
v 3.023 -0.02 1.641
v 3.082 0.13 1.783
v 3.064 0.024 1.741
v 2.195 -0.02 2.195
v 2.303 0.13 2.303
v 2.271 0.024 2.271
v 1.641 -0.02 3.023
v 1.783 0.13 3.082
v 1.741 0.024 3.064
v 1.447 -0.02 4
v 1.6 0.13 4
v 1.555 0.024 4
v 1.641 -0.02 4.977
v 1.783 0.13 4.918
v 1.741 0.024 4.936
v 2.195 -0.02 5.805
v 2.303 0.13 5.697
v 2.271 0.024 5.729
v 3.023 -0.02 6.359
v 3.082 0.13 6.217
v 3.064 0.024 6.259
v 4 -0.02 6.553
v 4 0.13 6.4
v 4 0.024 6.445
v 4.977 -0.02 6.359
v 4.918 0.13 6.217
v 4.936 0.024 6.259
v 5.805 -0.02 5.805
v 5.697 0.13 5.697
v 5.729 0.024 5.729
v 6.359 -0.02 4.977
v 6.217 0.13 4.918
v 6.259 0.024 4.936
v 6.553 -0.02 4
v 6.4 0.13 4
v 6.445 0.024 4
v 6.359 -0.02 3.023
v 6.217 0.13 3.082
v 6.259 0.024 3.064
v 5.805 -0.02 2.195
v 5.697 0.13 2.303
v 5.729 0.024 2.271
v 4.977 -0.02 1.641
v 4.918 0.13 1.783
v 4.936 0.024 1.741
v 12.918 1.55 -6.217
v 12.821 1.8 -5.982
v 12.89 1.727 -6.148
v 13.517 1.8 -5.517
v 13.697 1.55 -5.697
v 13.644 1.727 -5.644
v 14.217 1.55 -4.918
v 13.982 1.8 -4.821
v 14.148 1.727 -4.89
v 14.145 1.8 -4
v 14.4 1.55 -4
v 14.325 1.727 -4
v 14.217 1.55 -3.082
v 13.982 1.8 -3.179
v 14.148 1.727 -3.11
v 13.697 1.55 -2.303
v 13.517 1.8 -2.483
v 13.644 1.727 -2.356
v 12.918 1.55 -1.783
v 12.821 1.8 -2.018
v 12.89 1.727 -1.852
v 12 1.55 -1.6
v 12 1.8 -1.855
v 12 1.727 -1.675
v 11.179 1.8 -2.018
v 11.082 1.55 -1.783
v 11.11 1.727 -1.852
v 10.303 1.55 -2.303
v 10.483 1.8 -2.483
v 10.356 1.727 -2.356
v 9.783 1.55 -3.082
v 10.018 1.8 -3.179
v 9.852 1.727 -3.11
v 9.6 1.55 -4
v 9.855 1.8 -4
v 9.675 1.727 -4
v 9.783 1.55 -4.918
v 10.018 1.8 -4.821
v 9.852 1.727 -4.89
v 10.483 1.8 -5.517
v 10.303 1.55 -5.697
v 10.356 1.727 -5.644
v 11.082 1.55 -6.217
v 11.179 1.8 -5.982
v 11.11 1.727 -6.148
v 12 1.55 -6.4
v 12 1.8 -6.145
v 12 1.727 -6.325
v 13.063 1.8 -2.986
v 13.164 1.8 -4
v 13.063 1.8 -5.014
v 12 1.8 -2.903
v 12 1.8 -4
v 12 1.8 -5.097
v 10.937 1.8 -2.986
v 10.836 1.8 -4
v 10.937 1.8 -5.014
v 12 0.13 -6.4
v 12 -0.02 -6.553
v 12 0.024 -6.445
v 11.023 -0.02 -6.359
v 11.082 0.13 -6.217
v 11.064 0.024 -6.259
v 10.195 -0.02 -5.805
v 10.303 0.13 -5.697
v 10.271 0.024 -5.729
v 9.641 -0.02 -4.977
v 9.783 0.13 -4.918
v 9.741 0.024 -4.936
v 9.447 -0.02 -4
v 9.6 0.13 -4
v 9.555 0.024 -4
v 9.641 -0.02 -3.023
v 9.783 0.13 -3.082
v 9.741 0.024 -3.064
v 10.195 -0.02 -2.195
v 10.303 0.13 -2.303
v 10.271 0.024 -2.271
v 11.023 -0.02 -1.641
v 11.082 0.13 -1.783
v 11.064 0.024 -1.741
v 12 -0.02 -1.447
v 12 0.13 -1.6
v 12 0.024 -1.555
v 12.977 -0.02 -1.641
v 12.918 0.13 -1.783
v 12.936 0.024 -1.741
v 13.805 -0.02 -2.195
v 13.697 0.13 -2.303
v 13.729 0.024 -2.271
v 14.359 -0.02 -3.023
v 14.217 0.13 -3.082
v 14.259 0.024 -3.064
v 14.553 -0.02 -4
v 14.4 0.13 -4
v 14.445 0.024 -4
v 14.359 -0.02 -4.977
v 14.217 0.13 -4.918
v 14.259 0.024 -4.936
v 13.805 -0.02 -5.805
v 13.697 0.13 -5.697
v 13.729 0.024 -5.729
v 12.977 -0.02 -6.359
v 12.918 0.13 -6.217
v 12.936 0.024 -6.259
v 12.918 1.55 1.783
v 12.821 1.8 2.018
v 12.89 1.727 1.852
v 13.517 1.8 2.483
v 13.697 1.55 2.303
v 13.644 1.727 2.356
v 14.217 1.55 3.082
v 13.982 1.8 3.179
v 14.148 1.727 3.11
v 14.145 1.8 4
v 14.4 1.55 4
v 14.325 1.727 4
v 14.217 1.55 4.918
v 13.982 1.8 4.821
v 14.148 1.727 4.89
v 13.697 1.55 5.697
v 13.517 1.8 5.517
v 13.644 1.727 5.644
v 12.918 1.55 6.217
v 12.821 1.8 5.982
v 12.89 1.727 6.148
v 12 1.55 6.4
v 12 1.8 6.145
v 12 1.727 6.325
v 11.179 1.8 5.982
v 11.082 1.55 6.217
v 11.11 1.727 6.148
v 10.303 1.55 5.697
v 10.483 1.8 5.517
v 10.356 1.727 5.644
v 9.783 1.55 4.918
v 10.018 1.8 4.821
v 9.852 1.727 4.89
v 9.6 1.55 4
v 9.855 1.8 4
v 9.675 1.727 4
v 9.783 1.55 3.082
v 10.018 1.8 3.179
v 9.852 1.727 3.11
v 10.483 1.8 2.483
v 10.303 1.55 2.303
v 10.356 1.727 2.356
v 11.082 1.55 1.783
v 11.179 1.8 2.018
v 11.11 1.727 1.852
v 12 1.55 1.6
v 12 1.8 1.855
v 12 1.727 1.675
v 13.063 1.8 5.014
v 13.164 1.8 4
v 13.063 1.8 2.986
v 12 1.8 5.097
v 12 1.8 4
v 12 1.8 2.903
v 10.937 1.8 5.014
v 10.836 1.8 4
v 10.937 1.8 2.986
v 12 0.13 1.6
v 12 -0.02 1.447
v 12 0.024 1.555
v 11.023 -0.02 1.641
v 11.082 0.13 1.783
v 11.064 0.024 1.741
v 10.195 -0.02 2.195
v 10.303 0.13 2.303
v 10.271 0.024 2.271
v 9.641 -0.02 3.023
v 9.783 0.13 3.082
v 9.741 0.024 3.064
v 9.447 -0.02 4
v 9.6 0.13 4
v 9.555 0.024 4
v 9.641 -0.02 4.977
v 9.783 0.13 4.918
v 9.741 0.024 4.936
v 10.195 -0.02 5.805
v 10.303 0.13 5.697
v 10.271 0.024 5.729
v 11.023 -0.02 6.359
v 11.082 0.13 6.217
v 11.064 0.024 6.259
v 12 -0.02 6.553
v 12 0.13 6.4
v 12 0.024 6.445
v 12.977 -0.02 6.359
v 12.918 0.13 6.217
v 12.936 0.024 6.259
v 13.805 -0.02 5.805
v 13.697 0.13 5.697
v 13.729 0.024 5.729
v 14.359 -0.02 4.977
v 14.217 0.13 4.918
v 14.259 0.024 4.936
v 14.553 -0.02 4
v 14.4 0.13 4
v 14.445 0.024 4
v 14.359 -0.02 3.023
v 14.217 0.13 3.082
v 14.259 0.024 3.064
v 13.805 -0.02 2.195
v 13.697 0.13 2.303
v 13.729 0.024 2.271
v 12.977 -0.02 1.641
v 12.918 0.13 1.783
v 12.936 0.024 1.741
v 20.918 1.55 -6.217
v 20.821 1.8 -5.982
v 20.89 1.727 -6.148
v 21.517 1.8 -5.517
v 21.697 1.55 -5.697
v 21.644 1.727 -5.644
v 22.217 1.55 -4.918
v 21.982 1.8 -4.821
v 22.148 1.727 -4.89
v 22.145 1.8 -4
v 22.4 1.55 -4
v 22.325 1.727 -4
v 22.217 1.55 -3.082
v 21.982 1.8 -3.179
v 22.148 1.727 -3.11
v 21.697 1.55 -2.303
v 21.517 1.8 -2.483
v 21.644 1.727 -2.356
v 20.918 1.55 -1.783
v 20.821 1.8 -2.018
v 20.89 1.727 -1.852
v 20 1.55 -1.6
v 20 1.8 -1.855
v 20 1.727 -1.675
v 19.179 1.8 -2.018
v 19.082 1.55 -1.783
v 19.11 1.727 -1.852
v 18.303 1.55 -2.303
v 18.483 1.8 -2.483
v 18.356 1.727 -2.356
v 17.783 1.55 -3.082
v 18.018 1.8 -3.179
v 17.852 1.727 -3.11
v 17.6 1.55 -4
v 17.855 1.8 -4
v 17.675 1.727 -4
v 17.783 1.55 -4.918
v 18.018 1.8 -4.821
v 17.852 1.727 -4.89
v 18.483 1.8 -5.517
v 18.303 1.55 -5.697
v 18.356 1.727 -5.644
v 19.082 1.55 -6.217
v 19.179 1.8 -5.982
v 19.11 1.727 -6.148
v 20 1.55 -6.4
v 20 1.8 -6.145
v 20 1.727 -6.325
v 21.063 1.8 -2.986
v 21.164 1.8 -4
v 21.063 1.8 -5.014
v 20 1.8 -2.903
v 20 1.8 -4
v 20 1.8 -5.097
v 18.937 1.8 -2.986
v 18.836 1.8 -4
v 18.937 1.8 -5.014
v 20 0.13 -6.4
v 20 -0.02 -6.553
v 20 0.024 -6.445
v 19.023 -0.02 -6.359
v 19.082 0.13 -6.217
v 19.064 0.024 -6.259
v 18.195 -0.02 -5.805
v 18.303 0.13 -5.697
v 18.271 0.024 -5.729
v 17.641 -0.02 -4.977
v 17.783 0.13 -4.918
v 17.741 0.024 -4.936
v 17.447 -0.02 -4
v 17.6 0.13 -4
v 17.555 0.024 -4
v 17.641 -0.02 -3.023
v 17.783 0.13 -3.082
v 17.741 0.024 -3.064
v 18.195 -0.02 -2.195
v 18.303 0.13 -2.303
v 18.271 0.024 -2.271
v 19.023 -0.02 -1.641
v 19.082 0.13 -1.783
v 19.064 0.024 -1.741
v 20 -0.02 -1.447
v 20 0.13 -1.6
v 20 0.024 -1.555
v 20.977 -0.02 -1.641
v 20.918 0.13 -1.783
v 20.936 0.024 -1.741
v 21.805 -0.02 -2.195
v 21.697 0.13 -2.303
v 21.729 0.024 -2.271
v 22.359 -0.02 -3.023
v 22.217 0.13 -3.082
v 22.259 0.024 -3.064
v 22.553 -0.02 -4
v 22.4 0.13 -4
v 22.445 0.024 -4
v 22.359 -0.02 -4.977
v 22.217 0.13 -4.918
v 22.259 0.024 -4.936
v 21.805 -0.02 -5.805
v 21.697 0.13 -5.697
v 21.729 0.024 -5.729
v 20.977 -0.02 -6.359
v 20.918 0.13 -6.217
v 20.936 0.024 -6.259
v 20.918 1.55 1.783
v 20.821 1.8 2.018
v 20.89 1.727 1.852
v 21.517 1.8 2.483
v 21.697 1.55 2.303
v 21.644 1.727 2.356
v 22.217 1.55 3.082
v 21.982 1.8 3.179
v 22.148 1.727 3.11
v 22.145 1.8 4
v 22.4 1.55 4
v 22.325 1.727 4
v 22.217 1.55 4.918
v 21.982 1.8 4.821
v 22.148 1.727 4.89
v 21.697 1.55 5.697
v 21.517 1.8 5.517
v 21.644 1.727 5.644
v 20.918 1.55 6.217
v 20.821 1.8 5.982
v 20.89 1.727 6.148
v 20 1.55 6.4
v 20 1.8 6.145
v 20 1.727 6.325
v 19.179 1.8 5.982
v 19.082 1.55 6.217
v 19.11 1.727 6.148
v 18.303 1.55 5.697
v 18.483 1.8 5.517
v 18.356 1.727 5.644
v 17.783 1.55 4.918
v 18.018 1.8 4.821
v 17.852 1.727 4.89
v 17.6 1.55 4
v 17.855 1.8 4
v 17.675 1.727 4
v 17.783 1.55 3.082
v 18.018 1.8 3.179
v 17.852 1.727 3.11
v 18.483 1.8 2.483
v 18.303 1.55 2.303
v 18.356 1.727 2.356
v 19.082 1.55 1.783
v 19.179 1.8 2.018
v 19.11 1.727 1.852
v 20 1.55 1.6
v 20 1.8 1.855
v 20 1.727 1.675
v 21.063 1.8 5.014
v 21.164 1.8 4
v 21.063 1.8 2.986
v 20 1.8 5.097
v 20 1.8 4
v 20 1.8 2.903
v 18.937 1.8 5.014
v 18.836 1.8 4
v 18.937 1.8 2.986
v 20 0.13 1.6
v 20 -0.02 1.447
v 20 0.024 1.555
v 19.023 -0.02 1.641
v 19.082 0.13 1.783
v 19.064 0.024 1.741
v 18.195 -0.02 2.195
v 18.303 0.13 2.303
v 18.271 0.024 2.271
v 17.641 -0.02 3.023
v 17.783 0.13 3.082
v 17.741 0.024 3.064
v 17.447 -0.02 4
v 17.6 0.13 4
v 17.555 0.024 4
v 17.641 -0.02 4.977
v 17.783 0.13 4.918
v 17.741 0.024 4.936
v 18.195 -0.02 5.805
v 18.303 0.13 5.697
v 18.271 0.024 5.729
v 19.023 -0.02 6.359
v 19.082 0.13 6.217
v 19.064 0.024 6.259
v 20 -0.02 6.553
v 20 0.13 6.4
v 20 0.024 6.445
v 20.977 -0.02 6.359
v 20.918 0.13 6.217
v 20.936 0.024 6.259
v 21.805 -0.02 5.805
v 21.697 0.13 5.697
v 21.729 0.024 5.729
v 22.359 -0.02 4.977
v 22.217 0.13 4.918
v 22.259 0.024 4.936
v 22.553 -0.02 4
v 22.4 0.13 4
v 22.445 0.024 4
v 22.359 -0.02 3.023
v 22.217 0.13 3.082
v 22.259 0.024 3.064
v 21.805 -0.02 2.195
v 21.697 0.13 2.303
v 21.729 0.024 2.271
v 20.977 -0.02 1.641
v 20.918 0.13 1.783
v 20.936 0.024 1.741
v 28.918 1.55 -6.217
v 28.821 1.8 -5.982
v 28.89 1.727 -6.148
v 29.517 1.8 -5.517
v 29.697 1.55 -5.697
v 29.644 1.727 -5.644
v 30.217 1.55 -4.918
v 29.982 1.8 -4.821
v 30.148 1.727 -4.89
v 30.145 1.8 -4
v 30.4 1.55 -4
v 30.325 1.727 -4
v 30.217 1.55 -3.082
v 29.982 1.8 -3.179
v 30.148 1.727 -3.11
v 29.697 1.55 -2.303
v 29.517 1.8 -2.483
v 29.644 1.727 -2.356
v 28.918 1.55 -1.783
v 28.821 1.8 -2.018
v 28.89 1.727 -1.852
v 28 1.55 -1.6
v 28 1.8 -1.855
v 28 1.727 -1.675
v 27.179 1.8 -2.018
v 27.082 1.55 -1.783
v 27.11 1.727 -1.852
v 26.303 1.55 -2.303
v 26.483 1.8 -2.483
v 26.356 1.727 -2.356
v 25.783 1.55 -3.082
v 26.018 1.8 -3.179
v 25.852 1.727 -3.11
v 25.6 1.55 -4
v 25.855 1.8 -4
v 25.675 1.727 -4
v 25.783 1.55 -4.918
v 26.018 1.8 -4.821
v 25.852 1.727 -4.89
v 26.483 1.8 -5.517
v 26.303 1.55 -5.697
v 26.356 1.727 -5.644
v 27.082 1.55 -6.217
v 27.179 1.8 -5.982
v 27.11 1.727 -6.148
v 28 1.55 -6.4
v 28 1.8 -6.145
v 28 1.727 -6.325
v 29.063 1.8 -2.986
v 29.164 1.8 -4
v 29.063 1.8 -5.014
v 28 1.8 -2.903
v 28 1.8 -4
v 28 1.8 -5.097
v 26.937 1.8 -2.986
v 26.836 1.8 -4
v 26.937 1.8 -5.014
v 28 0.13 -6.4
v 28 -0.02 -6.553
v 28 0.024 -6.445
v 27.023 -0.02 -6.359
v 27.082 0.13 -6.217
v 27.064 0.024 -6.259
v 26.195 -0.02 -5.805
v 26.303 0.13 -5.697
v 26.271 0.024 -5.729
v 25.641 -0.02 -4.977
v 25.783 0.13 -4.918
v 25.741 0.024 -4.936
v 25.447 -0.02 -4
v 25.6 0.13 -4
v 25.555 0.024 -4
v 25.641 -0.02 -3.023
v 25.783 0.13 -3.082
v 25.741 0.024 -3.064
v 26.195 -0.02 -2.195
v 26.303 0.13 -2.303
v 26.271 0.024 -2.271
v 27.023 -0.02 -1.641
v 27.082 0.13 -1.783
v 27.064 0.024 -1.741
v 28 -0.02 -1.447
v 28 0.13 -1.6
v 28 0.024 -1.555
v 28.977 -0.02 -1.641
v 28.918 0.13 -1.783
v 28.936 0.024 -1.741
v 29.805 -0.02 -2.195
v 29.697 0.13 -2.303
v 29.729 0.024 -2.271
v 30.359 -0.02 -3.023
v 30.217 0.13 -3.082
v 30.259 0.024 -3.064
v 30.553 -0.02 -4
v 30.4 0.13 -4
v 30.445 0.024 -4
v 30.359 -0.02 -4.977
v 30.217 0.13 -4.918
v 30.259 0.024 -4.936
v 29.805 -0.02 -5.805
v 29.697 0.13 -5.697
v 29.729 0.024 -5.729
v 28.977 -0.02 -6.359
v 28.918 0.13 -6.217
v 28.936 0.024 -6.259
v 28.918 1.55 1.783
v 28.821 1.8 2.018
v 28.89 1.727 1.852
v 29.517 1.8 2.483
v 29.697 1.55 2.303
v 29.644 1.727 2.356
v 30.217 1.55 3.082
v 29.982 1.8 3.179
v 30.148 1.727 3.11
v 30.145 1.8 4
v 30.4 1.55 4
v 30.325 1.727 4
v 30.217 1.55 4.918
v 29.982 1.8 4.821
v 30.148 1.727 4.89
v 29.697 1.55 5.697
v 29.517 1.8 5.517
v 29.644 1.727 5.644
v 28.918 1.55 6.217
v 28.821 1.8 5.982
v 28.89 1.727 6.148
v 28 1.55 6.4
v 28 1.8 6.145
v 28 1.727 6.325
v 27.179 1.8 5.982
v 27.082 1.55 6.217
v 27.11 1.727 6.148
v 26.303 1.55 5.697
v 26.483 1.8 5.517
v 26.356 1.727 5.644
v 25.783 1.55 4.918
v 26.018 1.8 4.821
v 25.852 1.727 4.89
v 25.6 1.55 4
v 25.855 1.8 4
v 25.675 1.727 4
v 25.783 1.55 3.082
v 26.018 1.8 3.179
v 25.852 1.727 3.11
v 26.483 1.8 2.483
v 26.303 1.55 2.303
v 26.356 1.727 2.356
v 27.082 1.55 1.783
v 27.179 1.8 2.018
v 27.11 1.727 1.852
v 28 1.55 1.6
v 28 1.8 1.855
v 28 1.727 1.675
v 29.063 1.8 5.014
v 29.164 1.8 4
v 29.063 1.8 2.986
v 28 1.8 5.097
v 28 1.8 4
v 28 1.8 2.903
v 26.937 1.8 5.014
v 26.836 1.8 4
v 26.937 1.8 2.986
v 28 0.13 1.6
v 28 -0.02 1.447
v 28 0.024 1.555
v 27.023 -0.02 1.641
v 27.082 0.13 1.783
v 27.064 0.024 1.741
v 26.195 -0.02 2.195
v 26.303 0.13 2.303
v 26.271 0.024 2.271
v 25.641 -0.02 3.023
v 25.783 0.13 3.082
v 25.741 0.024 3.064
v 25.447 -0.02 4
v 25.6 0.13 4
v 25.555 0.024 4
v 25.641 -0.02 4.977
v 25.783 0.13 4.918
v 25.741 0.024 4.936
v 26.195 -0.02 5.805
v 26.303 0.13 5.697
v 26.271 0.024 5.729
v 27.023 -0.02 6.359
v 27.082 0.13 6.217
v 27.064 0.024 6.259
v 28 -0.02 6.553
v 28 0.13 6.4
v 28 0.024 6.445
v 28.977 -0.02 6.359
v 28.918 0.13 6.217
v 28.936 0.024 6.259
v 29.805 -0.02 5.805
v 29.697 0.13 5.697
v 29.729 0.024 5.729
v 30.359 -0.02 4.977
v 30.217 0.13 4.918
v 30.259 0.024 4.936
v 30.553 -0.02 4
v 30.4 0.13 4
v 30.445 0.024 4
v 30.359 -0.02 3.023
v 30.217 0.13 3.082
v 30.259 0.024 3.064
v 29.805 -0.02 2.195
v 29.697 0.13 2.303
v 29.729 0.024 2.271
v 28.977 -0.02 1.641
v 28.918 0.13 1.783
v 28.936 0.024 1.741
v 36.918 1.55 -6.217
v 36.821 1.8 -5.982
v 36.89 1.727 -6.148
v 37.517 1.8 -5.517
v 37.697 1.55 -5.697
v 37.644 1.727 -5.644
v 38.217 1.55 -4.918
v 37.982 1.8 -4.821
v 38.148 1.727 -4.89
v 38.145 1.8 -4
v 38.4 1.55 -4
v 38.325 1.727 -4
v 38.217 1.55 -3.082
v 37.982 1.8 -3.179
v 38.148 1.727 -3.11
v 37.697 1.55 -2.303
v 37.517 1.8 -2.483
v 37.644 1.727 -2.356
v 36.918 1.55 -1.783
v 36.821 1.8 -2.018
v 36.89 1.727 -1.852
v 36 1.55 -1.6
v 36 1.8 -1.855
v 36 1.727 -1.675
v 35.179 1.8 -2.018
v 35.082 1.55 -1.783
v 35.11 1.727 -1.852
v 34.303 1.55 -2.303
v 34.483 1.8 -2.483
v 34.356 1.727 -2.356
v 33.783 1.55 -3.082
v 34.018 1.8 -3.179
v 33.852 1.727 -3.11
v 33.6 1.55 -4
v 33.855 1.8 -4
v 33.675 1.727 -4
v 33.783 1.55 -4.918
v 34.018 1.8 -4.821
v 33.852 1.727 -4.89
v 34.483 1.8 -5.517
v 34.303 1.55 -5.697
v 34.356 1.727 -5.644
v 35.082 1.55 -6.217
v 35.179 1.8 -5.982
v 35.11 1.727 -6.148
v 36 1.55 -6.4
v 36 1.8 -6.145
v 36 1.727 -6.325
v 37.063 1.8 -2.986
v 37.164 1.8 -4
v 37.063 1.8 -5.014
v 36 1.8 -2.903
v 36 1.8 -4
v 36 1.8 -5.097
v 34.937 1.8 -2.986
v 34.836 1.8 -4
v 34.937 1.8 -5.014
v 36 0.13 -6.4
v 36 -0.02 -6.553
v 36 0.024 -6.445
v 35.023 -0.02 -6.359
v 35.082 0.13 -6.217
v 35.064 0.024 -6.259
v 34.195 -0.02 -5.805
v 34.303 0.13 -5.697
v 34.271 0.024 -5.729
v 33.641 -0.02 -4.977
v 33.783 0.13 -4.918
v 33.741 0.024 -4.936
v 33.447 -0.02 -4
v 33.6 0.13 -4
v 33.555 0.024 -4
v 33.641 -0.02 -3.023
v 33.783 0.13 -3.082
v 33.741 0.024 -3.064
v 34.195 -0.02 -2.195
v 34.303 0.13 -2.303
v 34.271 0.024 -2.271
v 35.023 -0.02 -1.641
v 35.082 0.13 -1.783
v 35.064 0.024 -1.741
v 36 -0.02 -1.447
v 36 0.13 -1.6
v 36 0.024 -1.555
v 36.977 -0.02 -1.641
v 36.918 0.13 -1.783
v 36.936 0.024 -1.741
v 37.805 -0.02 -2.195
v 37.697 0.13 -2.303
v 37.729 0.024 -2.271
v 38.359 -0.02 -3.023
v 38.217 0.13 -3.082
v 38.259 0.024 -3.064
v 38.553 -0.02 -4
v 38.4 0.13 -4
v 38.445 0.024 -4
v 38.359 -0.02 -4.977
v 38.217 0.13 -4.918
v 38.259 0.024 -4.936
v 37.805 -0.02 -5.805
v 37.697 0.13 -5.697
v 37.729 0.024 -5.729
v 36.977 -0.02 -6.359
v 36.918 0.13 -6.217
v 36.936 0.024 -6.259
v 36.918 1.55 1.783
v 36.821 1.8 2.018
v 36.89 1.727 1.852
v 37.517 1.8 2.483
v 37.697 1.55 2.303
v 37.644 1.727 2.356
v 38.217 1.55 3.082
v 37.982 1.8 3.179
v 38.148 1.727 3.11
v 38.145 1.8 4
v 38.4 1.55 4
v 38.325 1.727 4
v 38.217 1.55 4.918
v 37.982 1.8 4.821
v 38.148 1.727 4.89
v 37.697 1.55 5.697
v 37.517 1.8 5.517
v 37.644 1.727 5.644
v 36.918 1.55 6.217
v 36.821 1.8 5.982
v 36.89 1.727 6.148
v 36 1.55 6.4
v 36 1.8 6.145
v 36 1.727 6.325
v 35.179 1.8 5.982
v 35.082 1.55 6.217
v 35.11 1.727 6.148
v 34.303 1.55 5.697
v 34.483 1.8 5.517
v 34.356 1.727 5.644
v 33.783 1.55 4.918
v 34.018 1.8 4.821
v 33.852 1.727 4.89
v 33.6 1.55 4
v 33.855 1.8 4
v 33.675 1.727 4
v 33.783 1.55 3.082
v 34.018 1.8 3.179
v 33.852 1.727 3.11
v 34.483 1.8 2.483
v 34.303 1.55 2.303
v 34.356 1.727 2.356
v 35.082 1.55 1.783
v 35.179 1.8 2.018
v 35.11 1.727 1.852
v 36 1.55 1.6
v 36 1.8 1.855
v 36 1.727 1.675
v 37.063 1.8 5.014
v 37.164 1.8 4
v 37.063 1.8 2.986
v 36 1.8 5.097
v 36 1.8 4
v 36 1.8 2.903
v 34.937 1.8 5.014
v 34.836 1.8 4
v 34.937 1.8 2.986
v 36 0.13 1.6
v 36 -0.02 1.447
v 36 0.024 1.555
v 35.023 -0.02 1.641
v 35.082 0.13 1.783
v 35.064 0.024 1.741
v 34.195 -0.02 2.195
v 34.303 0.13 2.303
v 34.271 0.024 2.271
v 33.641 -0.02 3.023
v 33.783 0.13 3.082
v 33.741 0.024 3.064
v 33.447 -0.02 4
v 33.6 0.13 4
v 33.555 0.024 4
v 33.641 -0.02 4.977
v 33.783 0.13 4.918
v 33.741 0.024 4.936
v 34.195 -0.02 5.805
v 34.303 0.13 5.697
v 34.271 0.024 5.729
v 35.023 -0.02 6.359
v 35.082 0.13 6.217
v 35.064 0.024 6.259
v 36 -0.02 6.553
v 36 0.13 6.4
v 36 0.024 6.445
v 36.977 -0.02 6.359
v 36.918 0.13 6.217
v 36.936 0.024 6.259
v 37.805 -0.02 5.805
v 37.697 0.13 5.697
v 37.729 0.024 5.729
v 38.359 -0.02 4.977
v 38.217 0.13 4.918
v 38.259 0.024 4.936
v 38.553 -0.02 4
v 38.4 0.13 4
v 38.445 0.024 4
v 38.359 -0.02 3.023
v 38.217 0.13 3.082
v 38.259 0.024 3.064
v 37.805 -0.02 2.195
v 37.697 0.13 2.303
v 37.729 0.024 2.271
v 36.977 -0.02 1.641
v 36.918 0.13 1.783
v 36.936 0.024 1.741
v 44.918 1.55 -6.217
v 44.821 1.8 -5.982
v 44.89 1.727 -6.148
v 45.517 1.8 -5.517
v 45.697 1.55 -5.697
v 45.644 1.727 -5.644
v 46.217 1.55 -4.918
v 45.982 1.8 -4.821
v 46.148 1.727 -4.89
v 46.145 1.8 -4
v 46.4 1.55 -4
v 46.325 1.727 -4
v 46.217 1.55 -3.082
v 45.982 1.8 -3.179
v 46.148 1.727 -3.11
v 45.697 1.55 -2.303
v 45.517 1.8 -2.483
v 45.644 1.727 -2.356
v 44.918 1.55 -1.783
v 44.821 1.8 -2.018
v 44.89 1.727 -1.852
v 44 1.55 -1.6
v 44 1.8 -1.855
v 44 1.727 -1.675
v 43.179 1.8 -2.018
v 43.082 1.55 -1.783
v 43.11 1.727 -1.852
v 42.303 1.55 -2.303
v 42.483 1.8 -2.483
v 42.356 1.727 -2.356
v 41.783 1.55 -3.082
v 42.018 1.8 -3.179
v 41.852 1.727 -3.11
v 41.6 1.55 -4
v 41.855 1.8 -4
v 41.675 1.727 -4
v 41.783 1.55 -4.918
v 42.018 1.8 -4.821
v 41.852 1.727 -4.89
v 42.483 1.8 -5.517
v 42.303 1.55 -5.697
v 42.356 1.727 -5.644
v 43.082 1.55 -6.217
v 43.179 1.8 -5.982
v 43.11 1.727 -6.148
v 44 1.55 -6.4
v 44 1.8 -6.145
v 44 1.727 -6.325
v 45.063 1.8 -2.986
v 45.164 1.8 -4
v 45.063 1.8 -5.014
v 44 1.8 -2.903
v 44 1.8 -4
v 44 1.8 -5.097
v 42.937 1.8 -2.986
v 42.836 1.8 -4
v 42.937 1.8 -5.014
v 44 0.13 -6.4
v 44 -0.02 -6.553
v 44 0.024 -6.445
v 43.023 -0.02 -6.359
v 43.082 0.13 -6.217
v 43.064 0.024 -6.259
v 42.195 -0.02 -5.805
v 42.303 0.13 -5.697
v 42.271 0.024 -5.729
v 41.641 -0.02 -4.977
v 41.783 0.13 -4.918
v 41.741 0.024 -4.936
v 41.447 -0.02 -4
v 41.6 0.13 -4
v 41.555 0.024 -4
v 41.641 -0.02 -3.023
v 41.783 0.13 -3.082
v 41.741 0.024 -3.064
v 42.195 -0.02 -2.195
v 42.303 0.13 -2.303
v 42.271 0.024 -2.271
v 43.023 -0.02 -1.641
v 43.082 0.13 -1.783
v 43.064 0.024 -1.741
v 44 -0.02 -1.447
v 44 0.13 -1.6
v 44 0.024 -1.555
v 44.977 -0.02 -1.641
v 44.918 0.13 -1.783
v 44.936 0.024 -1.741
v 45.805 -0.02 -2.195
v 45.697 0.13 -2.303
v 45.729 0.024 -2.271
v 46.359 -0.02 -3.023
v 46.217 0.13 -3.082
v 46.259 0.024 -3.064
v 46.553 -0.02 -4
v 46.4 0.13 -4
v 46.445 0.024 -4
v 46.359 -0.02 -4.977
v 46.217 0.13 -4.918
v 46.259 0.024 -4.936
v 45.805 -0.02 -5.805
v 45.697 0.13 -5.697
v 45.729 0.024 -5.729
v 44.977 -0.02 -6.359
v 44.918 0.13 -6.217
v 44.936 0.024 -6.259
v 44.918 1.55 1.783
v 44.821 1.8 2.018
v 44.89 1.727 1.852
v 45.517 1.8 2.483
v 45.697 1.55 2.303
v 45.644 1.727 2.356
v 46.217 1.55 3.082
v 45.982 1.8 3.179
v 46.148 1.727 3.11
v 46.145 1.8 4
v 46.4 1.55 4
v 46.325 1.727 4
v 46.217 1.55 4.918
v 45.982 1.8 4.821
v 46.148 1.727 4.89
v 45.697 1.55 5.697
v 45.517 1.8 5.517
v 45.644 1.727 5.644
v 44.918 1.55 6.217
v 44.821 1.8 5.982
v 44.89 1.727 6.148
v 44 1.55 6.4
v 44 1.8 6.145
v 44 1.727 6.325
v 43.179 1.8 5.982
v 43.082 1.55 6.217
v 43.11 1.727 6.148
v 42.303 1.55 5.697
v 42.483 1.8 5.517
v 42.356 1.727 5.644
v 41.783 1.55 4.918
v 42.018 1.8 4.821
v 41.852 1.727 4.89
v 41.6 1.55 4
v 41.855 1.8 4
v 41.675 1.727 4
v 41.783 1.55 3.082
v 42.018 1.8 3.179
v 41.852 1.727 3.11
v 42.483 1.8 2.483
v 42.303 1.55 2.303
v 42.356 1.727 2.356
v 43.082 1.55 1.783
v 43.179 1.8 2.018
v 43.11 1.727 1.852
v 44 1.55 1.6
v 44 1.8 1.855
v 44 1.727 1.675
v 45.063 1.8 5.014
v 45.164 1.8 4
v 45.063 1.8 2.986
v 44 1.8 5.097
v 44 1.8 4
v 44 1.8 2.903
v 42.937 1.8 5.014
v 42.836 1.8 4
v 42.937 1.8 2.986
v 44 0.13 1.6
v 44 -0.02 1.447
v 44 0.024 1.555
v 43.023 -0.02 1.641
v 43.082 0.13 1.783
v 43.064 0.024 1.741
v 42.195 -0.02 2.195
v 42.303 0.13 2.303
v 42.271 0.024 2.271
v 41.641 -0.02 3.023
v 41.783 0.13 3.082
v 41.741 0.024 3.064
v 41.447 -0.02 4
v 41.6 0.13 4
v 41.555 0.024 4
v 41.641 -0.02 4.977
v 41.783 0.13 4.918
v 41.741 0.024 4.936
v 42.195 -0.02 5.805
v 42.303 0.13 5.697
v 42.271 0.024 5.729
v 43.023 -0.02 6.359
v 43.082 0.13 6.217
v 43.064 0.024 6.259
v 44 -0.02 6.553
v 44 0.13 6.4
v 44 0.024 6.445
v 44.977 -0.02 6.359
v 44.918 0.13 6.217
v 44.936 0.024 6.259
v 45.805 -0.02 5.805
v 45.697 0.13 5.697
v 45.729 0.024 5.729
v 46.359 -0.02 4.977
v 46.217 0.13 4.918
v 46.259 0.024 4.936
v 46.553 -0.02 4
v 46.4 0.13 4
v 46.445 0.024 4
v 46.359 -0.02 3.023
v 46.217 0.13 3.082
v 46.259 0.024 3.064
v 45.805 -0.02 2.195
v 45.697 0.13 2.303
v 45.729 0.024 2.271
v 44.977 -0.02 1.641
v 44.918 0.13 1.783
v 44.936 0.024 1.741
v -40 -1.1 -3.25
v -41.244 -1.1 -3.003
v -42.298 -1.1 -2.298
v -43.003 -1.1 -1.244
v -43.25 -1.1 0
v -43.003 -1.1 1.244
v -42.298 -1.1 2.298
v -41.244 -1.1 3.003
v -40 -1.1 3.25
v -38.756 -1.1 3.003
v -37.702 -1.1 2.298
v -36.997 -1.1 1.244
v -36.75 -1.1 0
v -36.997 -1.1 -1.244
v -37.702 -1.1 -2.298
v -38.756 -1.1 -3.003
v -40 -1.1 -2.4
v -40.918 -1.1 -2.217
v -41.697 -1.1 -1.697
v -42.217 -1.1 -0.918
v -42.4 -1.1 0
v -42.217 -1.1 0.918
v -41.697 -1.1 1.697
v -40.918 -1.1 2.217
v -40 -1.1 2.4
v -39.082 -1.1 2.217
v -38.303 -1.1 1.697
v -37.783 -1.1 0.918
v -37.6 -1.1 0
v -37.783 -1.1 -0.918
v -38.303 -1.1 -1.697
v -39.082 -1.1 -2.217
v -40 -3.03 -3.25
v -40 -3.18 -3.097
v -40 -3.136 -3.205
v -41.185 -3.18 -2.861
v -41.244 -3.03 -3.003
v -41.227 -3.136 -2.961
v -42.19 -3.18 -2.19
v -42.298 -3.03 -2.298
v -42.266 -3.136 -2.266
v -42.861 -3.18 -1.185
v -43.003 -3.03 -1.244
v -42.961 -3.136 -1.227
v -43.097 -3.18 0
v -43.25 -3.03 0
v -43.205 -3.136 0
v -42.861 -3.18 1.185
v -43.003 -3.03 1.244
v -42.961 -3.136 1.227
v -42.19 -3.18 2.19
v -42.298 -3.03 2.298
v -42.266 -3.136 2.266
v -41.185 -3.18 2.861
v -41.244 -3.03 3.003
v -41.227 -3.136 2.961
v -40 -3.18 3.097
v -40 -3.03 3.25
v -40 -3.136 3.205
v -38.815 -3.18 2.861
v -38.756 -3.03 3.003
v -38.773 -3.136 2.961
v -37.81 -3.18 2.19
v -37.702 -3.03 2.298
v -37.734 -3.136 2.266
v -37.139 -3.18 1.185
v -36.997 -3.03 1.244
v -37.039 -3.136 1.227
v -36.903 -3.18 0
v -36.75 -3.03 0
v -36.795 -3.136 0
v -37.139 -3.18 -1.185
v -36.997 -3.03 -1.244
v -37.039 -3.136 -1.227
v -37.81 -3.18 -2.19
v -37.702 -3.03 -2.298
v -37.734 -3.136 -2.266
v -38.815 -3.18 -2.861
v -38.756 -3.03 -3.003
v -38.773 -3.136 -2.961
v -40 -3.18 -2.553
v -40 -3.03 -2.4
v -40 -3.136 -2.445
v -40.918 -3.03 -2.217
v -40.977 -3.18 -2.359
v -40.936 -3.136 -2.259
v -41.697 -3.03 -1.697
v -41.805 -3.18 -1.805
v -41.729 -3.136 -1.729
v -42.217 -3.03 -0.918
v -42.359 -3.18 -0.977
v -42.259 -3.136 -0.936
v -42.4 -3.03 0
v -42.553 -3.18 0
v -42.445 -3.136 0
v -42.217 -3.03 0.918
v -42.359 -3.18 0.977
v -42.259 -3.136 0.936
v -41.697 -3.03 1.697
v -41.805 -3.18 1.805
v -41.729 -3.136 1.729
v -40.918 -3.03 2.217
v -40.977 -3.18 2.359
v -40.936 -3.136 2.259
v -40 -3.03 2.4
v -40 -3.18 2.553
v -40 -3.136 2.445
v -39.082 -3.03 2.217
v -39.023 -3.18 2.359
v -39.064 -3.136 2.259
v -38.303 -3.03 1.697
v -38.195 -3.18 1.805
v -38.271 -3.136 1.729
v -37.783 -3.03 0.918
v -37.641 -3.18 0.977
v -37.741 -3.136 0.936
v -37.6 -3.03 0
v -37.447 -3.18 0
v -37.555 -3.136 0
v -37.783 -3.03 -0.918
v -37.641 -3.18 -0.977
v -37.741 -3.136 -0.936
v -38.303 -3.03 -1.697
v -38.195 -3.18 -1.805
v -38.271 -3.136 -1.729
v -39.082 -3.03 -2.217
v -39.023 -3.18 -2.359
v -39.064 -3.136 -2.259
v -32 -1.1 -3.25
v -33.244 -1.1 -3.003
v -34.298 -1.1 -2.298
v -35.003 -1.1 -1.244
v -35.25 -1.1 0
v -35.003 -1.1 1.244
v -34.298 -1.1 2.298
v -33.244 -1.1 3.003
v -32 -1.1 3.25
v -30.756 -1.1 3.003
v -29.702 -1.1 2.298
v -28.997 -1.1 1.244
v -28.75 -1.1 0
v -28.997 -1.1 -1.244
v -29.702 -1.1 -2.298
v -30.756 -1.1 -3.003
v -32 -1.1 -2.4
v -32.918 -1.1 -2.217
v -33.697 -1.1 -1.697
v -34.217 -1.1 -0.918
v -34.4 -1.1 0
v -34.217 -1.1 0.918
v -33.697 -1.1 1.697
v -32.918 -1.1 2.217
v -32 -1.1 2.4
v -31.082 -1.1 2.217
v -30.303 -1.1 1.697
v -29.783 -1.1 0.918
v -29.6 -1.1 0
v -29.783 -1.1 -0.918
v -30.303 -1.1 -1.697
v -31.082 -1.1 -2.217
v -32 -3.03 -3.25
v -32 -3.18 -3.097
v -32 -3.136 -3.205
v -33.185 -3.18 -2.861
v -33.244 -3.03 -3.003
v -33.227 -3.136 -2.961
v -34.19 -3.18 -2.19
v -34.298 -3.03 -2.298
v -34.266 -3.136 -2.266
v -34.861 -3.18 -1.185
v -35.003 -3.03 -1.244
v -34.961 -3.136 -1.227
v -35.097 -3.18 0
v -35.25 -3.03 0
v -35.205 -3.136 0
v -34.861 -3.18 1.185
v -35.003 -3.03 1.244
v -34.961 -3.136 1.227
v -34.19 -3.18 2.19
v -34.298 -3.03 2.298
v -34.266 -3.136 2.266
v -33.185 -3.18 2.861
v -33.244 -3.03 3.003
v -33.227 -3.136 2.961
v -32 -3.18 3.097
v -32 -3.03 3.25
v -32 -3.136 3.205
v -30.815 -3.18 2.861
v -30.756 -3.03 3.003
v -30.773 -3.136 2.961
v -29.81 -3.18 2.19
v -29.702 -3.03 2.298
v -29.734 -3.136 2.266
v -29.139 -3.18 1.185
v -28.997 -3.03 1.244
v -29.039 -3.136 1.227
v -28.903 -3.18 0
v -28.75 -3.03 0
v -28.795 -3.136 0
v -29.139 -3.18 -1.185
v -28.997 -3.03 -1.244
v -29.039 -3.136 -1.227
v -29.81 -3.18 -2.19
v -29.702 -3.03 -2.298
v -29.734 -3.136 -2.266
v -30.815 -3.18 -2.861
v -30.756 -3.03 -3.003
v -30.773 -3.136 -2.961
v -32 -3.18 -2.553
v -32 -3.03 -2.4
v -32 -3.136 -2.445
v -32.918 -3.03 -2.217
v -32.977 -3.18 -2.359
v -32.936 -3.136 -2.259
v -33.697 -3.03 -1.697
v -33.805 -3.18 -1.805
v -33.729 -3.136 -1.729
v -34.217 -3.03 -0.918
v -34.359 -3.18 -0.977
v -34.259 -3.136 -0.936
v -34.4 -3.03 0
v -34.553 -3.18 0
v -34.445 -3.136 0
v -34.217 -3.03 0.918
v -34.359 -3.18 0.977
v -34.259 -3.136 0.936
v -33.697 -3.03 1.697
v -33.805 -3.18 1.805
v -33.729 -3.136 1.729
v -32.918 -3.03 2.217
v -32.977 -3.18 2.359
v -32.936 -3.136 2.259
v -32 -3.03 2.4
v -32 -3.18 2.553
v -32 -3.136 2.445
v -31.082 -3.03 2.217
v -31.023 -3.18 2.359
v -31.064 -3.136 2.259
v -30.303 -3.03 1.697
v -30.195 -3.18 1.805
v -30.271 -3.136 1.729
v -29.783 -3.03 0.918
v -29.641 -3.18 0.977
v -29.741 -3.136 0.936
v -29.6 -3.03 0
v -29.447 -3.18 0
v -29.555 -3.136 0
v -29.783 -3.03 -0.918
v -29.641 -3.18 -0.977
v -29.741 -3.136 -0.936
v -30.303 -3.03 -1.697
v -30.195 -3.18 -1.805
v -30.271 -3.136 -1.729
v -31.082 -3.03 -2.217
v -31.023 -3.18 -2.359
v -31.064 -3.136 -2.259
v -24 -1.1 -3.25
v -25.244 -1.1 -3.003
v -26.298 -1.1 -2.298
v -27.003 -1.1 -1.244
v -27.25 -1.1 0
v -27.003 -1.1 1.244
v -26.298 -1.1 2.298
v -25.244 -1.1 3.003
v -24 -1.1 3.25
v -22.756 -1.1 3.003
v -21.702 -1.1 2.298
v -20.997 -1.1 1.244
v -20.75 -1.1 0
v -20.997 -1.1 -1.244
v -21.702 -1.1 -2.298
v -22.756 -1.1 -3.003
v -24 -1.1 -2.4
v -24.918 -1.1 -2.217
v -25.697 -1.1 -1.697
v -26.217 -1.1 -0.918
v -26.4 -1.1 0
v -26.217 -1.1 0.918
v -25.697 -1.1 1.697
v -24.918 -1.1 2.217
v -24 -1.1 2.4
v -23.082 -1.1 2.217
v -22.303 -1.1 1.697
v -21.783 -1.1 0.918
v -21.6 -1.1 0
v -21.783 -1.1 -0.918
v -22.303 -1.1 -1.697
v -23.082 -1.1 -2.217
v -24 -3.03 -3.25
v -24 -3.18 -3.097
v -24 -3.136 -3.205
v -25.185 -3.18 -2.861
v -25.244 -3.03 -3.003
v -25.227 -3.136 -2.961
v -26.19 -3.18 -2.19
v -26.298 -3.03 -2.298
v -26.266 -3.136 -2.266
v -26.861 -3.18 -1.185
v -27.003 -3.03 -1.244
v -26.961 -3.136 -1.227
v -27.097 -3.18 0
v -27.25 -3.03 0
v -27.205 -3.136 0
v -26.861 -3.18 1.185
v -27.003 -3.03 1.244
v -26.961 -3.136 1.227
v -26.19 -3.18 2.19
v -26.298 -3.03 2.298
v -26.266 -3.136 2.266
v -25.185 -3.18 2.861
v -25.244 -3.03 3.003
v -25.227 -3.136 2.961
v -24 -3.18 3.097
v -24 -3.03 3.25
v -24 -3.136 3.205
v -22.815 -3.18 2.861
v -22.756 -3.03 3.003
v -22.773 -3.136 2.961
v -21.81 -3.18 2.19
v -21.702 -3.03 2.298
v -21.734 -3.136 2.266
v -21.139 -3.18 1.185
v -20.997 -3.03 1.244
v -21.039 -3.136 1.227
v -20.903 -3.18 0
v -20.75 -3.03 0
v -20.795 -3.136 0
v -21.139 -3.18 -1.185
v -20.997 -3.03 -1.244
v -21.039 -3.136 -1.227
v -21.81 -3.18 -2.19
v -21.702 -3.03 -2.298
v -21.734 -3.136 -2.266
v -22.815 -3.18 -2.861
v -22.756 -3.03 -3.003
v -22.773 -3.136 -2.961
v -24 -3.18 -2.553
v -24 -3.03 -2.4
v -24 -3.136 -2.445
v -24.918 -3.03 -2.217
v -24.977 -3.18 -2.359
v -24.936 -3.136 -2.259
v -25.697 -3.03 -1.697
v -25.805 -3.18 -1.805
v -25.729 -3.136 -1.729
v -26.217 -3.03 -0.918
v -26.359 -3.18 -0.977
v -26.259 -3.136 -0.936
v -26.4 -3.03 0
v -26.553 -3.18 0
v -26.445 -3.136 0
v -26.217 -3.03 0.918
v -26.359 -3.18 0.977
v -26.259 -3.136 0.936
v -25.697 -3.03 1.697
v -25.805 -3.18 1.805
v -25.729 -3.136 1.729
v -24.918 -3.03 2.217
v -24.977 -3.18 2.359
v -24.936 -3.136 2.259
v -24 -3.03 2.4
v -24 -3.18 2.553
v -24 -3.136 2.445
v -23.082 -3.03 2.217
v -23.023 -3.18 2.359
v -23.064 -3.136 2.259
v -22.303 -3.03 1.697
v -22.195 -3.18 1.805
v -22.271 -3.136 1.729
v -21.783 -3.03 0.918
v -21.641 -3.18 0.977
v -21.741 -3.136 0.936
v -21.6 -3.03 0
v -21.447 -3.18 0
v -21.555 -3.136 0
v -21.783 -3.03 -0.918
v -21.641 -3.18 -0.977
v -21.741 -3.136 -0.936
v -22.303 -3.03 -1.697
v -22.195 -3.18 -1.805
v -22.271 -3.136 -1.729
v -23.082 -3.03 -2.217
v -23.023 -3.18 -2.359
v -23.064 -3.136 -2.259
v -16 -1.1 -3.25
v -17.244 -1.1 -3.003
v -18.298 -1.1 -2.298
v -19.003 -1.1 -1.244
v -19.25 -1.1 0
v -19.003 -1.1 1.244
v -18.298 -1.1 2.298
v -17.244 -1.1 3.003
v -16 -1.1 3.25
v -14.756 -1.1 3.003
v -13.702 -1.1 2.298
v -12.997 -1.1 1.244
v -12.75 -1.1 0
v -12.997 -1.1 -1.244
v -13.702 -1.1 -2.298
v -14.756 -1.1 -3.003
v -16 -1.1 -2.4
v -16.918 -1.1 -2.217
v -17.697 -1.1 -1.697
v -18.217 -1.1 -0.918
v -18.4 -1.1 0
v -18.217 -1.1 0.918
v -17.697 -1.1 1.697
v -16.918 -1.1 2.217
v -16 -1.1 2.4
v -15.082 -1.1 2.217
v -14.303 -1.1 1.697
v -13.783 -1.1 0.918
v -13.6 -1.1 0
v -13.783 -1.1 -0.918
v -14.303 -1.1 -1.697
v -15.082 -1.1 -2.217
v -16 -3.03 -3.25
v -16 -3.18 -3.097
v -16 -3.136 -3.205
v -17.185 -3.18 -2.861
v -17.244 -3.03 -3.003
v -17.227 -3.136 -2.961
v -18.19 -3.18 -2.19
v -18.298 -3.03 -2.298
v -18.266 -3.136 -2.266
v -18.861 -3.18 -1.185
v -19.003 -3.03 -1.244
v -18.961 -3.136 -1.227
v -19.097 -3.18 0
v -19.25 -3.03 0
v -19.205 -3.136 0
v -18.861 -3.18 1.185
v -19.003 -3.03 1.244
v -18.961 -3.136 1.227
v -18.19 -3.18 2.19
v -18.298 -3.03 2.298
v -18.266 -3.136 2.266
v -17.185 -3.18 2.861
v -17.244 -3.03 3.003
v -17.227 -3.136 2.961
v -16 -3.18 3.097
v -16 -3.03 3.25
v -16 -3.136 3.205
v -14.815 -3.18 2.861
v -14.756 -3.03 3.003
v -14.773 -3.136 2.961
v -13.81 -3.18 2.19
v -13.702 -3.03 2.298
v -13.734 -3.136 2.266
v -13.139 -3.18 1.185
v -12.997 -3.03 1.244
v -13.039 -3.136 1.227
v -12.903 -3.18 0
v -12.75 -3.03 0
v -12.795 -3.136 0
v -13.139 -3.18 -1.185
v -12.997 -3.03 -1.244
v -13.039 -3.136 -1.227
v -13.81 -3.18 -2.19
v -13.702 -3.03 -2.298
v -13.734 -3.136 -2.266
v -14.815 -3.18 -2.861
v -14.756 -3.03 -3.003
v -14.773 -3.136 -2.961
v -16 -3.18 -2.553
v -16 -3.03 -2.4
v -16 -3.136 -2.445
v -16.918 -3.03 -2.217
v -16.977 -3.18 -2.359
v -16.936 -3.136 -2.259
v -17.697 -3.03 -1.697
v -17.805 -3.18 -1.805
v -17.729 -3.136 -1.729
v -18.217 -3.03 -0.918
v -18.359 -3.18 -0.977
v -18.259 -3.136 -0.936
v -18.4 -3.03 0
v -18.553 -3.18 0
v -18.445 -3.136 0
v -18.217 -3.03 0.918
v -18.359 -3.18 0.977
v -18.259 -3.136 0.936
v -17.697 -3.03 1.697
v -17.805 -3.18 1.805
v -17.729 -3.136 1.729
v -16.918 -3.03 2.217
v -16.977 -3.18 2.359
v -16.936 -3.136 2.259
v -16 -3.03 2.4
v -16 -3.18 2.553
v -16 -3.136 2.445
v -15.082 -3.03 2.217
v -15.023 -3.18 2.359
v -15.064 -3.136 2.259
v -14.303 -3.03 1.697
v -14.195 -3.18 1.805
v -14.271 -3.136 1.729
v -13.783 -3.03 0.918
v -13.641 -3.18 0.977
v -13.741 -3.136 0.936
v -13.6 -3.03 0
v -13.447 -3.18 0
v -13.555 -3.136 0
v -13.783 -3.03 -0.918
v -13.641 -3.18 -0.977
v -13.741 -3.136 -0.936
v -14.303 -3.03 -1.697
v -14.195 -3.18 -1.805
v -14.271 -3.136 -1.729
v -15.082 -3.03 -2.217
v -15.023 -3.18 -2.359
v -15.064 -3.136 -2.259
v -8 -1.1 -3.25
v -9.244 -1.1 -3.003
v -10.298 -1.1 -2.298
v -11.003 -1.1 -1.244
v -11.25 -1.1 0
v -11.003 -1.1 1.244
v -10.298 -1.1 2.298
v -9.244 -1.1 3.003
v -8 -1.1 3.25
v -6.756 -1.1 3.003
v -5.702 -1.1 2.298
v -4.997 -1.1 1.244
v -4.75 -1.1 0
v -4.997 -1.1 -1.244
v -5.702 -1.1 -2.298
v -6.756 -1.1 -3.003
v -8 -1.1 -2.4
v -8.918 -1.1 -2.217
v -9.697 -1.1 -1.697
v -10.217 -1.1 -0.918
v -10.4 -1.1 0
v -10.217 -1.1 0.918
v -9.697 -1.1 1.697
v -8.918 -1.1 2.217
v -8 -1.1 2.4
v -7.082 -1.1 2.217
v -6.303 -1.1 1.697
v -5.783 -1.1 0.918
v -5.6 -1.1 0
v -5.783 -1.1 -0.918
v -6.303 -1.1 -1.697
v -7.082 -1.1 -2.217
v -8 -3.03 -3.25
v -8 -3.18 -3.097
v -8 -3.136 -3.205
v -9.185 -3.18 -2.861
v -9.244 -3.03 -3.003
v -9.227 -3.136 -2.961
v -10.19 -3.18 -2.19
v -10.298 -3.03 -2.298
v -10.266 -3.136 -2.266
v -10.861 -3.18 -1.185
v -11.003 -3.03 -1.244
v -10.961 -3.136 -1.227
v -11.097 -3.18 0
v -11.25 -3.03 0
v -11.205 -3.136 0
v -10.861 -3.18 1.185
v -11.003 -3.03 1.244
v -10.961 -3.136 1.227
v -10.19 -3.18 2.19
v -10.298 -3.03 2.298
v -10.266 -3.136 2.266
v -9.185 -3.18 2.861
v -9.244 -3.03 3.003
v -9.227 -3.136 2.961
v -8 -3.18 3.097
v -8 -3.03 3.25
v -8 -3.136 3.205
v -6.815 -3.18 2.861
v -6.756 -3.03 3.003
v -6.773 -3.136 2.961
v -5.81 -3.18 2.19
v -5.702 -3.03 2.298
v -5.734 -3.136 2.266
v -5.139 -3.18 1.185
v -4.997 -3.03 1.244
v -5.039 -3.136 1.227
v -4.903 -3.18 0
v -4.75 -3.03 0
v -4.795 -3.136 0
v -5.139 -3.18 -1.185
v -4.997 -3.03 -1.244
v -5.039 -3.136 -1.227
v -5.81 -3.18 -2.19
v -5.702 -3.03 -2.298
v -5.734 -3.136 -2.266
v -6.815 -3.18 -2.861
v -6.756 -3.03 -3.003
v -6.773 -3.136 -2.961
v -8 -3.18 -2.553
v -8 -3.03 -2.4
v -8 -3.136 -2.445
v -8.918 -3.03 -2.217
v -8.977 -3.18 -2.359
v -8.936 -3.136 -2.259
v -9.697 -3.03 -1.697
v -9.805 -3.18 -1.805
v -9.729 -3.136 -1.729
v -10.217 -3.03 -0.918
v -10.359 -3.18 -0.977
v -10.259 -3.136 -0.936
v -10.4 -3.03 0
v -10.553 -3.18 0
v -10.445 -3.136 0
v -10.217 -3.03 0.918
v -10.359 -3.18 0.977
v -10.259 -3.136 0.936
v -9.697 -3.03 1.697
v -9.805 -3.18 1.805
v -9.729 -3.136 1.729
v -8.918 -3.03 2.217
v -8.977 -3.18 2.359
v -8.936 -3.136 2.259
v -8 -3.03 2.4
v -8 -3.18 2.553
v -8 -3.136 2.445
v -7.082 -3.03 2.217
v -7.023 -3.18 2.359
v -7.064 -3.136 2.259
v -6.303 -3.03 1.697
v -6.195 -3.18 1.805
v -6.271 -3.136 1.729
v -5.783 -3.03 0.918
v -5.641 -3.18 0.977
v -5.741 -3.136 0.936
v -5.6 -3.03 0
v -5.447 -3.18 0
v -5.555 -3.136 0
v -5.783 -3.03 -0.918
v -5.641 -3.18 -0.977
v -5.741 -3.136 -0.936
v -6.303 -3.03 -1.697
v -6.195 -3.18 -1.805
v -6.271 -3.136 -1.729
v -7.082 -3.03 -2.217
v -7.023 -3.18 -2.359
v -7.064 -3.136 -2.259
v 0 -1.1 -3.25
v -1.244 -1.1 -3.003
v -2.298 -1.1 -2.298
v -3.003 -1.1 -1.244
v -3.25 -1.1 0
v -3.003 -1.1 1.244
v -2.298 -1.1 2.298
v -1.244 -1.1 3.003
v 0 -1.1 3.25
v 1.244 -1.1 3.003
v 2.298 -1.1 2.298
v 3.003 -1.1 1.244
v 3.25 -1.1 0
v 3.003 -1.1 -1.244
v 2.298 -1.1 -2.298
v 1.244 -1.1 -3.003
v 0 -1.1 -2.4
v -0.918 -1.1 -2.217
v -1.697 -1.1 -1.697
v -2.217 -1.1 -0.918
v -2.4 -1.1 0
v -2.217 -1.1 0.918
v -1.697 -1.1 1.697
v -0.918 -1.1 2.217
v 0 -1.1 2.4
v 0.918 -1.1 2.217
v 1.697 -1.1 1.697
v 2.217 -1.1 0.918
v 2.4 -1.1 0
v 2.217 -1.1 -0.918
v 1.697 -1.1 -1.697
v 0.918 -1.1 -2.217
v 0 -3.03 -3.25
v 0 -3.18 -3.097
v 0 -3.136 -3.205
v -1.185 -3.18 -2.861
v -1.244 -3.03 -3.003
v -1.227 -3.136 -2.961
v -2.19 -3.18 -2.19
v -2.298 -3.03 -2.298
v -2.266 -3.136 -2.266
v -2.861 -3.18 -1.185
v -3.003 -3.03 -1.244
v -2.961 -3.136 -1.227
v -3.097 -3.18 0
v -3.25 -3.03 0
v -3.205 -3.136 0
v -2.861 -3.18 1.185
v -3.003 -3.03 1.244
v -2.961 -3.136 1.227
v -2.19 -3.18 2.19
v -2.298 -3.03 2.298
v -2.266 -3.136 2.266
v -1.185 -3.18 2.861
v -1.244 -3.03 3.003
v -1.227 -3.136 2.961
v 0 -3.18 3.097
v 0 -3.03 3.25
v 0 -3.136 3.205
v 1.185 -3.18 2.861
v 1.244 -3.03 3.003
v 1.227 -3.136 2.961
v 2.19 -3.18 2.19
v 2.298 -3.03 2.298
v 2.266 -3.136 2.266
v 2.861 -3.18 1.185
v 3.003 -3.03 1.244
v 2.961 -3.136 1.227
v 3.097 -3.18 0
v 3.25 -3.03 0
v 3.205 -3.136 0
v 2.861 -3.18 -1.185
v 3.003 -3.03 -1.244
v 2.961 -3.136 -1.227
v 2.19 -3.18 -2.19
v 2.298 -3.03 -2.298
v 2.266 -3.136 -2.266
v 1.185 -3.18 -2.861
v 1.244 -3.03 -3.003
v 1.227 -3.136 -2.961
v 0 -3.18 -2.553
v 0 -3.03 -2.4
v 0 -3.136 -2.445
v -0.918 -3.03 -2.217
v -0.977 -3.18 -2.359
v -0.936 -3.136 -2.259
v -1.697 -3.03 -1.697
v -1.805 -3.18 -1.805
v -1.729 -3.136 -1.729
v -2.217 -3.03 -0.918
v -2.359 -3.18 -0.977
v -2.259 -3.136 -0.936
v -2.4 -3.03 0
v -2.553 -3.18 0
v -2.445 -3.136 0
v -2.217 -3.03 0.918
v -2.359 -3.18 0.977
v -2.259 -3.136 0.936
v -1.697 -3.03 1.697
v -1.805 -3.18 1.805
v -1.729 -3.136 1.729
v -0.918 -3.03 2.217
v -0.977 -3.18 2.359
v -0.936 -3.136 2.259
v 0 -3.03 2.4
v 0 -3.18 2.553
v 0 -3.136 2.445
v 0.918 -3.03 2.217
v 0.977 -3.18 2.359
v 0.936 -3.136 2.259
v 1.697 -3.03 1.697
v 1.805 -3.18 1.805
v 1.729 -3.136 1.729
v 2.217 -3.03 0.918
v 2.359 -3.18 0.977
v 2.259 -3.136 0.936
v 2.4 -3.03 0
v 2.553 -3.18 0
v 2.445 -3.136 0
v 2.217 -3.03 -0.918
v 2.359 -3.18 -0.977
v 2.259 -3.136 -0.936
v 1.697 -3.03 -1.697
v 1.805 -3.18 -1.805
v 1.729 -3.136 -1.729
v 0.918 -3.03 -2.217
v 0.977 -3.18 -2.359
v 0.936 -3.136 -2.259
v 8 -1.1 -3.25
v 6.756 -1.1 -3.003
v 5.702 -1.1 -2.298
v 4.997 -1.1 -1.244
v 4.75 -1.1 0
v 4.997 -1.1 1.244
v 5.702 -1.1 2.298
v 6.756 -1.1 3.003
v 8 -1.1 3.25
v 9.244 -1.1 3.003
v 10.298 -1.1 2.298
v 11.003 -1.1 1.244
v 11.25 -1.1 0
v 11.003 -1.1 -1.244
v 10.298 -1.1 -2.298
v 9.244 -1.1 -3.003
v 8 -1.1 -2.4
v 7.082 -1.1 -2.217
v 6.303 -1.1 -1.697
v 5.783 -1.1 -0.918
v 5.6 -1.1 0
v 5.783 -1.1 0.918
v 6.303 -1.1 1.697
v 7.082 -1.1 2.217
v 8 -1.1 2.4
v 8.918 -1.1 2.217
v 9.697 -1.1 1.697
v 10.217 -1.1 0.918
v 10.4 -1.1 0
v 10.217 -1.1 -0.918
v 9.697 -1.1 -1.697
v 8.918 -1.1 -2.217
v 8 -3.03 -3.25
v 8 -3.18 -3.097
v 8 -3.136 -3.205
v 6.815 -3.18 -2.861
v 6.756 -3.03 -3.003
v 6.773 -3.136 -2.961
v 5.81 -3.18 -2.19
v 5.702 -3.03 -2.298
v 5.734 -3.136 -2.266
v 5.139 -3.18 -1.185
v 4.997 -3.03 -1.244
v 5.039 -3.136 -1.227
v 4.903 -3.18 0
v 4.75 -3.03 0
v 4.795 -3.136 0
v 5.139 -3.18 1.185
v 4.997 -3.03 1.244
v 5.039 -3.136 1.227
v 5.81 -3.18 2.19
v 5.702 -3.03 2.298
v 5.734 -3.136 2.266
v 6.815 -3.18 2.861
v 6.756 -3.03 3.003
v 6.773 -3.136 2.961
v 8 -3.18 3.097
v 8 -3.03 3.25
v 8 -3.136 3.205
v 9.185 -3.18 2.861
v 9.244 -3.03 3.003
v 9.227 -3.136 2.961
v 10.19 -3.18 2.19
v 10.298 -3.03 2.298
v 10.266 -3.136 2.266
v 10.861 -3.18 1.185
v 11.003 -3.03 1.244
v 10.961 -3.136 1.227
v 11.097 -3.18 0
v 11.25 -3.03 0
v 11.205 -3.136 0
v 10.861 -3.18 -1.185
v 11.003 -3.03 -1.244
v 10.961 -3.136 -1.227
v 10.19 -3.18 -2.19
v 10.298 -3.03 -2.298
v 10.266 -3.136 -2.266
v 9.185 -3.18 -2.861
v 9.244 -3.03 -3.003
v 9.227 -3.136 -2.961
v 8 -3.18 -2.553
v 8 -3.03 -2.4
v 8 -3.136 -2.445
v 7.082 -3.03 -2.217
v 7.023 -3.18 -2.359
v 7.064 -3.136 -2.259
v 6.303 -3.03 -1.697
v 6.195 -3.18 -1.805
v 6.271 -3.136 -1.729
v 5.783 -3.03 -0.918
v 5.641 -3.18 -0.977
v 5.741 -3.136 -0.936
v 5.6 -3.03 0
v 5.447 -3.18 0
v 5.555 -3.136 0
v 5.783 -3.03 0.918
v 5.641 -3.18 0.977
v 5.741 -3.136 0.936
v 6.303 -3.03 1.697
v 6.195 -3.18 1.805
v 6.271 -3.136 1.729
v 7.082 -3.03 2.217
v 7.023 -3.18 2.359
v 7.064 -3.136 2.259
v 8 -3.03 2.4
v 8 -3.18 2.553
v 8 -3.136 2.445
v 8.918 -3.03 2.217
v 8.977 -3.18 2.359
v 8.936 -3.136 2.259
v 9.697 -3.03 1.697
v 9.805 -3.18 1.805
v 9.729 -3.136 1.729
v 10.217 -3.03 0.918
v 10.359 -3.18 0.977
v 10.259 -3.136 0.936
v 10.4 -3.03 0
v 10.553 -3.18 0
v 10.445 -3.136 0
v 10.217 -3.03 -0.918
v 10.359 -3.18 -0.977
v 10.259 -3.136 -0.936
v 9.697 -3.03 -1.697
v 9.805 -3.18 -1.805
v 9.729 -3.136 -1.729
v 8.918 -3.03 -2.217
v 8.977 -3.18 -2.359
v 8.936 -3.136 -2.259
v 16 -1.1 -3.25
v 14.756 -1.1 -3.003
v 13.702 -1.1 -2.298
v 12.997 -1.1 -1.244
v 12.75 -1.1 0
v 12.997 -1.1 1.244
v 13.702 -1.1 2.298
v 14.756 -1.1 3.003
v 16 -1.1 3.25
v 17.244 -1.1 3.003
v 18.298 -1.1 2.298
v 19.003 -1.1 1.244
v 19.25 -1.1 0
v 19.003 -1.1 -1.244
v 18.298 -1.1 -2.298
v 17.244 -1.1 -3.003
v 16 -1.1 -2.4
v 15.082 -1.1 -2.217
v 14.303 -1.1 -1.697
v 13.783 -1.1 -0.918
v 13.6 -1.1 0
v 13.783 -1.1 0.918
v 14.303 -1.1 1.697
v 15.082 -1.1 2.217
v 16 -1.1 2.4
v 16.918 -1.1 2.217
v 17.697 -1.1 1.697
v 18.217 -1.1 0.918
v 18.4 -1.1 0
v 18.217 -1.1 -0.918
v 17.697 -1.1 -1.697
v 16.918 -1.1 -2.217
v 16 -3.03 -3.25
v 16 -3.18 -3.097
v 16 -3.136 -3.205
v 14.815 -3.18 -2.861
v 14.756 -3.03 -3.003
v 14.773 -3.136 -2.961
v 13.81 -3.18 -2.19
v 13.702 -3.03 -2.298
v 13.734 -3.136 -2.266
v 13.139 -3.18 -1.185
v 12.997 -3.03 -1.244
v 13.039 -3.136 -1.227
v 12.903 -3.18 0
v 12.75 -3.03 0
v 12.795 -3.136 0
v 13.139 -3.18 1.185
v 12.997 -3.03 1.244
v 13.039 -3.136 1.227
v 13.81 -3.18 2.19
v 13.702 -3.03 2.298
v 13.734 -3.136 2.266
v 14.815 -3.18 2.861
v 14.756 -3.03 3.003
v 14.773 -3.136 2.961
v 16 -3.18 3.097
v 16 -3.03 3.25
v 16 -3.136 3.205
v 17.185 -3.18 2.861
v 17.244 -3.03 3.003
v 17.227 -3.136 2.961
v 18.19 -3.18 2.19
v 18.298 -3.03 2.298
v 18.266 -3.136 2.266
v 18.861 -3.18 1.185
v 19.003 -3.03 1.244
v 18.961 -3.136 1.227
v 19.097 -3.18 0
v 19.25 -3.03 0
v 19.205 -3.136 0
v 18.861 -3.18 -1.185
v 19.003 -3.03 -1.244
v 18.961 -3.136 -1.227
v 18.19 -3.18 -2.19
v 18.298 -3.03 -2.298
v 18.266 -3.136 -2.266
v 17.185 -3.18 -2.861
v 17.244 -3.03 -3.003
v 17.227 -3.136 -2.961
v 16 -3.18 -2.553
v 16 -3.03 -2.4
v 16 -3.136 -2.445
v 15.082 -3.03 -2.217
v 15.023 -3.18 -2.359
v 15.064 -3.136 -2.259
v 14.303 -3.03 -1.697
v 14.195 -3.18 -1.805
v 14.271 -3.136 -1.729
v 13.783 -3.03 -0.918
v 13.641 -3.18 -0.977
v 13.741 -3.136 -0.936
v 13.6 -3.03 0
v 13.447 -3.18 0
v 13.555 -3.136 0
v 13.783 -3.03 0.918
v 13.641 -3.18 0.977
v 13.741 -3.136 0.936
v 14.303 -3.03 1.697
v 14.195 -3.18 1.805
v 14.271 -3.136 1.729
v 15.082 -3.03 2.217
v 15.023 -3.18 2.359
v 15.064 -3.136 2.259
v 16 -3.03 2.4
v 16 -3.18 2.553
v 16 -3.136 2.445
v 16.918 -3.03 2.217
v 16.977 -3.18 2.359
v 16.936 -3.136 2.259
v 17.697 -3.03 1.697
v 17.805 -3.18 1.805
v 17.729 -3.136 1.729
v 18.217 -3.03 0.918
v 18.359 -3.18 0.977
v 18.259 -3.136 0.936
v 18.4 -3.03 0
v 18.553 -3.18 0
v 18.445 -3.136 0
v 18.217 -3.03 -0.918
v 18.359 -3.18 -0.977
v 18.259 -3.136 -0.936
v 17.697 -3.03 -1.697
v 17.805 -3.18 -1.805
v 17.729 -3.136 -1.729
v 16.918 -3.03 -2.217
v 16.977 -3.18 -2.359
v 16.936 -3.136 -2.259
v 24 -1.1 -3.25
v 22.756 -1.1 -3.003
v 21.702 -1.1 -2.298
v 20.997 -1.1 -1.244
v 20.75 -1.1 0
v 20.997 -1.1 1.244
v 21.702 -1.1 2.298
v 22.756 -1.1 3.003
v 24 -1.1 3.25
v 25.244 -1.1 3.003
v 26.298 -1.1 2.298
v 27.003 -1.1 1.244
v 27.25 -1.1 0
v 27.003 -1.1 -1.244
v 26.298 -1.1 -2.298
v 25.244 -1.1 -3.003
v 24 -1.1 -2.4
v 23.082 -1.1 -2.217
v 22.303 -1.1 -1.697
v 21.783 -1.1 -0.918
v 21.6 -1.1 0
v 21.783 -1.1 0.918
v 22.303 -1.1 1.697
v 23.082 -1.1 2.217
v 24 -1.1 2.4
v 24.918 -1.1 2.217
v 25.697 -1.1 1.697
v 26.217 -1.1 0.918
v 26.4 -1.1 0
v 26.217 -1.1 -0.918
v 25.697 -1.1 -1.697
v 24.918 -1.1 -2.217
v 24 -3.03 -3.25
v 24 -3.18 -3.097
v 24 -3.136 -3.205
v 22.815 -3.18 -2.861
v 22.756 -3.03 -3.003
v 22.773 -3.136 -2.961
v 21.81 -3.18 -2.19
v 21.702 -3.03 -2.298
v 21.734 -3.136 -2.266
v 21.139 -3.18 -1.185
v 20.997 -3.03 -1.244
v 21.039 -3.136 -1.227
v 20.903 -3.18 0
v 20.75 -3.03 0
v 20.795 -3.136 0
v 21.139 -3.18 1.185
v 20.997 -3.03 1.244
v 21.039 -3.136 1.227
v 21.81 -3.18 2.19
v 21.702 -3.03 2.298
v 21.734 -3.136 2.266
v 22.815 -3.18 2.861
v 22.756 -3.03 3.003
v 22.773 -3.136 2.961
v 24 -3.18 3.097
v 24 -3.03 3.25
v 24 -3.136 3.205
v 25.185 -3.18 2.861
v 25.244 -3.03 3.003
v 25.227 -3.136 2.961
v 26.19 -3.18 2.19
v 26.298 -3.03 2.298
v 26.266 -3.136 2.266
v 26.861 -3.18 1.185
v 27.003 -3.03 1.244
v 26.961 -3.136 1.227
v 27.097 -3.18 0
v 27.25 -3.03 0
v 27.205 -3.136 0
v 26.861 -3.18 -1.185
v 27.003 -3.03 -1.244
v 26.961 -3.136 -1.227
v 26.19 -3.18 -2.19
v 26.298 -3.03 -2.298
v 26.266 -3.136 -2.266
v 25.185 -3.18 -2.861
v 25.244 -3.03 -3.003
v 25.227 -3.136 -2.961
v 24 -3.18 -2.553
v 24 -3.03 -2.4
v 24 -3.136 -2.445
v 23.082 -3.03 -2.217
v 23.023 -3.18 -2.359
v 23.064 -3.136 -2.259
v 22.303 -3.03 -1.697
v 22.195 -3.18 -1.805
v 22.271 -3.136 -1.729
v 21.783 -3.03 -0.918
v 21.641 -3.18 -0.977
v 21.741 -3.136 -0.936
v 21.6 -3.03 0
v 21.447 -3.18 0
v 21.555 -3.136 0
v 21.783 -3.03 0.918
v 21.641 -3.18 0.977
v 21.741 -3.136 0.936
v 22.303 -3.03 1.697
v 22.195 -3.18 1.805
v 22.271 -3.136 1.729
v 23.082 -3.03 2.217
v 23.023 -3.18 2.359
v 23.064 -3.136 2.259
v 24 -3.03 2.4
v 24 -3.18 2.553
v 24 -3.136 2.445
v 24.918 -3.03 2.217
v 24.977 -3.18 2.359
v 24.936 -3.136 2.259
v 25.697 -3.03 1.697
v 25.805 -3.18 1.805
v 25.729 -3.136 1.729
v 26.217 -3.03 0.918
v 26.359 -3.18 0.977
v 26.259 -3.136 0.936
v 26.4 -3.03 0
v 26.553 -3.18 0
v 26.445 -3.136 0
v 26.217 -3.03 -0.918
v 26.359 -3.18 -0.977
v 26.259 -3.136 -0.936
v 25.697 -3.03 -1.697
v 25.805 -3.18 -1.805
v 25.729 -3.136 -1.729
v 24.918 -3.03 -2.217
v 24.977 -3.18 -2.359
v 24.936 -3.136 -2.259
v 32 -1.1 -3.25
v 30.756 -1.1 -3.003
v 29.702 -1.1 -2.298
v 28.997 -1.1 -1.244
v 28.75 -1.1 0
v 28.997 -1.1 1.244
v 29.702 -1.1 2.298
v 30.756 -1.1 3.003
v 32 -1.1 3.25
v 33.244 -1.1 3.003
v 34.298 -1.1 2.298
v 35.003 -1.1 1.244
v 35.25 -1.1 0
v 35.003 -1.1 -1.244
v 34.298 -1.1 -2.298
v 33.244 -1.1 -3.003
v 32 -1.1 -2.4
v 31.082 -1.1 -2.217
v 30.303 -1.1 -1.697
v 29.783 -1.1 -0.918
v 29.6 -1.1 0
v 29.783 -1.1 0.918
v 30.303 -1.1 1.697
v 31.082 -1.1 2.217
v 32 -1.1 2.4
v 32.918 -1.1 2.217
v 33.697 -1.1 1.697
v 34.217 -1.1 0.918
v 34.4 -1.1 0
v 34.217 -1.1 -0.918
v 33.697 -1.1 -1.697
v 32.918 -1.1 -2.217
v 32 -3.03 -3.25
v 32 -3.18 -3.097
v 32 -3.136 -3.205
v 30.815 -3.18 -2.861
v 30.756 -3.03 -3.003
v 30.773 -3.136 -2.961
v 29.81 -3.18 -2.19
v 29.702 -3.03 -2.298
v 29.734 -3.136 -2.266
v 29.139 -3.18 -1.185
v 28.997 -3.03 -1.244
v 29.039 -3.136 -1.227
v 28.903 -3.18 0
v 28.75 -3.03 0
v 28.795 -3.136 0
v 29.139 -3.18 1.185
v 28.997 -3.03 1.244
v 29.039 -3.136 1.227
v 29.81 -3.18 2.19
v 29.702 -3.03 2.298
v 29.734 -3.136 2.266
v 30.815 -3.18 2.861
v 30.756 -3.03 3.003
v 30.773 -3.136 2.961
v 32 -3.18 3.097
v 32 -3.03 3.25
v 32 -3.136 3.205
v 33.185 -3.18 2.861
v 33.244 -3.03 3.003
v 33.227 -3.136 2.961
v 34.19 -3.18 2.19
v 34.298 -3.03 2.298
v 34.266 -3.136 2.266
v 34.861 -3.18 1.185
v 35.003 -3.03 1.244
v 34.961 -3.136 1.227
v 35.097 -3.18 0
v 35.25 -3.03 0
v 35.205 -3.136 0
v 34.861 -3.18 -1.185
v 35.003 -3.03 -1.244
v 34.961 -3.136 -1.227
v 34.19 -3.18 -2.19
v 34.298 -3.03 -2.298
v 34.266 -3.136 -2.266
v 33.185 -3.18 -2.861
v 33.244 -3.03 -3.003
v 33.227 -3.136 -2.961
v 32 -3.18 -2.553
v 32 -3.03 -2.4
v 32 -3.136 -2.445
v 31.082 -3.03 -2.217
v 31.023 -3.18 -2.359
v 31.064 -3.136 -2.259
v 30.303 -3.03 -1.697
v 30.195 -3.18 -1.805
v 30.271 -3.136 -1.729
v 29.783 -3.03 -0.918
v 29.641 -3.18 -0.977
v 29.741 -3.136 -0.936
v 29.6 -3.03 0
v 29.447 -3.18 0
v 29.555 -3.136 0
v 29.783 -3.03 0.918
v 29.641 -3.18 0.977
v 29.741 -3.136 0.936
v 30.303 -3.03 1.697
v 30.195 -3.18 1.805
v 30.271 -3.136 1.729
v 31.082 -3.03 2.217
v 31.023 -3.18 2.359
v 31.064 -3.136 2.259
v 32 -3.03 2.4
v 32 -3.18 2.553
v 32 -3.136 2.445
v 32.918 -3.03 2.217
v 32.977 -3.18 2.359
v 32.936 -3.136 2.259
v 33.697 -3.03 1.697
v 33.805 -3.18 1.805
v 33.729 -3.136 1.729
v 34.217 -3.03 0.918
v 34.359 -3.18 0.977
v 34.259 -3.136 0.936
v 34.4 -3.03 0
v 34.553 -3.18 0
v 34.445 -3.136 0
v 34.217 -3.03 -0.918
v 34.359 -3.18 -0.977
v 34.259 -3.136 -0.936
v 33.697 -3.03 -1.697
v 33.805 -3.18 -1.805
v 33.729 -3.136 -1.729
v 32.918 -3.03 -2.217
v 32.977 -3.18 -2.359
v 32.936 -3.136 -2.259
v 40 -1.1 -3.25
v 38.756 -1.1 -3.003
v 37.702 -1.1 -2.298
v 36.997 -1.1 -1.244
v 36.75 -1.1 0
v 36.997 -1.1 1.244
v 37.702 -1.1 2.298
v 38.756 -1.1 3.003
v 40 -1.1 3.25
v 41.244 -1.1 3.003
v 42.298 -1.1 2.298
v 43.003 -1.1 1.244
v 43.25 -1.1 0
v 43.003 -1.1 -1.244
v 42.298 -1.1 -2.298
v 41.244 -1.1 -3.003
v 40 -1.1 -2.4
v 39.082 -1.1 -2.217
v 38.303 -1.1 -1.697
v 37.783 -1.1 -0.918
v 37.6 -1.1 0
v 37.783 -1.1 0.918
v 38.303 -1.1 1.697
v 39.082 -1.1 2.217
v 40 -1.1 2.4
v 40.918 -1.1 2.217
v 41.697 -1.1 1.697
v 42.217 -1.1 0.918
v 42.4 -1.1 0
v 42.217 -1.1 -0.918
v 41.697 -1.1 -1.697
v 40.918 -1.1 -2.217
v 40 -3.03 -3.25
v 40 -3.18 -3.097
v 40 -3.136 -3.205
v 38.815 -3.18 -2.861
v 38.756 -3.03 -3.003
v 38.773 -3.136 -2.961
v 37.81 -3.18 -2.19
v 37.702 -3.03 -2.298
v 37.734 -3.136 -2.266
v 37.139 -3.18 -1.185
v 36.997 -3.03 -1.244
v 37.039 -3.136 -1.227
v 36.903 -3.18 0
v 36.75 -3.03 0
v 36.795 -3.136 0
v 37.139 -3.18 1.185
v 36.997 -3.03 1.244
v 37.039 -3.136 1.227
v 37.81 -3.18 2.19
v 37.702 -3.03 2.298
v 37.734 -3.136 2.266
v 38.815 -3.18 2.861
v 38.756 -3.03 3.003
v 38.773 -3.136 2.961
v 40 -3.18 3.097
v 40 -3.03 3.25
v 40 -3.136 3.205
v 41.185 -3.18 2.861
v 41.244 -3.03 3.003
v 41.227 -3.136 2.961
v 42.19 -3.18 2.19
v 42.298 -3.03 2.298
v 42.266 -3.136 2.266
v 42.861 -3.18 1.185
v 43.003 -3.03 1.244
v 42.961 -3.136 1.227
v 43.097 -3.18 0
v 43.25 -3.03 0
v 43.205 -3.136 0
v 42.861 -3.18 -1.185
v 43.003 -3.03 -1.244
v 42.961 -3.136 -1.227
v 42.19 -3.18 -2.19
v 42.298 -3.03 -2.298
v 42.266 -3.136 -2.266
v 41.185 -3.18 -2.861
v 41.244 -3.03 -3.003
v 41.227 -3.136 -2.961
v 40 -3.18 -2.553
v 40 -3.03 -2.4
v 40 -3.136 -2.445
v 39.082 -3.03 -2.217
v 39.023 -3.18 -2.359
v 39.064 -3.136 -2.259
v 38.303 -3.03 -1.697
v 38.195 -3.18 -1.805
v 38.271 -3.136 -1.729
v 37.783 -3.03 -0.918
v 37.641 -3.18 -0.977
v 37.741 -3.136 -0.936
v 37.6 -3.03 0
v 37.447 -3.18 0
v 37.555 -3.136 0
v 37.783 -3.03 0.918
v 37.641 -3.18 0.977
v 37.741 -3.136 0.936
v 38.303 -3.03 1.697
v 38.195 -3.18 1.805
v 38.271 -3.136 1.729
v 39.082 -3.03 2.217
v 39.023 -3.18 2.359
v 39.064 -3.136 2.259
v 40 -3.03 2.4
v 40 -3.18 2.553
v 40 -3.136 2.445
v 40.918 -3.03 2.217
v 40.977 -3.18 2.359
v 40.936 -3.136 2.259
v 41.697 -3.03 1.697
v 41.805 -3.18 1.805
v 41.729 -3.136 1.729
v 42.217 -3.03 0.918
v 42.359 -3.18 0.977
v 42.259 -3.136 0.936
v 42.4 -3.03 0
v 42.553 -3.18 0
v 42.445 -3.136 0
v 42.217 -3.03 -0.918
v 42.359 -3.18 -0.977
v 42.259 -3.136 -0.936
v 41.697 -3.03 -1.697
v 41.805 -3.18 -1.805
v 41.729 -3.136 -1.729
v 40.918 -3.03 -2.217
v 40.977 -3.18 -2.359
v 40.936 -3.136 -2.259
usemtl MB_322
s off
f 4828 4846 4829
f 4846 4831 4829
f 4849 4754 4795
f 4754 4752 4795
f 4842 4834 4830
f 4834 4835 4830
f 4758 4844 4836
f 4844 4837 4836
f 4851 4779 4758
f 4779 4844 4758
f 4748 4838 4839
f 4838 4840 4839
f 4830 4835 4755
f 4835 4749 4755
f 4746 4832 4757
f 4832 4833 4757
f 4752 4756 4775
f 4756 4845 4775
f 4843 4778 4842
f 4778 4834 4842
f 4759 4747 4753
f 4747 4750 4753
f 4841 4797 4828
f 4797 4846 4828
f 4757 4833 4776
f 4833 4777 4776
f 4795 4752 4826
f 4752 4775 4826
f 4754 4751 4752
f 4751 4756 4752
f 4774 4753 4827
f 4753 4794 4827
f 4850 4759 4774
f 4759 4753 4774
f 4839 4840 4848
f 4840 4799 4848
f 4755 4749 4796
f 4749 4798 4796
f 4753 4750 4794
f 4750 4847 4794
f 4852 4853 4868
f 4853 4855 4868
f 4871 4821 4768
f 4821 4766 4768
f 4866 4854 4858
f 4854 4859 4858
f 4772 4860 4867
f 4860 4861 4867
f 4851 4772 4779
f 4772 4867 4779
f 4762 4863 4862
f 4863 4864 4862
f 4854 4769 4859
f 4769 4763 4859
f 4760 4771 4856
f 4771 4857 4856
f 4766 4775 4770
f 4775 4845 4770
f 4843 4866 4778
f 4866 4858 4778
f 4773 4767 4761
f 4767 4764 4761
f 4865 4852 4823
f 4852 4868 4823
f 4771 4776 4857
f 4776 4777 4857
f 4821 4826 4766
f 4826 4775 4766
f 4768 4766 4765
f 4766 4770 4765
f 4774 4827 4767
f 4827 4820 4767
f 4850 4774 4773
f 4774 4767 4773
f 4863 4870 4864
f 4870 4825 4864
f 4769 4822 4763
f 4822 4824 4763
f 4767 4820 4764
f 4820 4869 4764
f 4872 4873 4889
f 4873 4875 4889
f 4849 4795 4788
f 4795 4786 4788
f 4885 4874 4878
f 4874 4879 4878
f 4792 4880 4887
f 4880 4881 4887
f 4891 4792 4819
f 4792 4887 4819
f 4782 4883 4882
f 4883 4884 4882
f 4874 4789 4879
f 4789 4783 4879
f 4780 4791 4876
f 4791 4877 4876
f 4786 4815 4790
f 4815 4888 4790
f 4886 4885 4818
f 4885 4878 4818
f 4793 4787 4781
f 4787 4784 4781
f 4841 4872 4797
f 4872 4889 4797
f 4791 4816 4877
f 4816 4817 4877
f 4795 4826 4786
f 4826 4815 4786
f 4788 4786 4785
f 4786 4790 4785
f 4814 4827 4787
f 4827 4794 4787
f 4890 4814 4793
f 4814 4787 4793
f 4883 4848 4884
f 4848 4799 4884
f 4789 4796 4783
f 4796 4798 4783
f 4787 4794 4784
f 4794 4847 4784
f 4892 4907 4893
f 4907 4895 4893
f 4871 4808 4821
f 4808 4806 4821
f 4905 4898 4894
f 4898 4899 4894
f 4812 4906 4900
f 4906 4901 4900
f 4891 4819 4812
f 4819 4906 4812
f 4802 4902 4903
f 4902 4904 4903
f 4894 4899 4809
f 4899 4803 4809
f 4800 4896 4811
f 4896 4897 4811
f 4806 4810 4815
f 4810 4888 4815
f 4886 4818 4905
f 4818 4898 4905
f 4813 4801 4807
f 4801 4804 4807
f 4865 4823 4892
f 4823 4907 4892
f 4811 4897 4816
f 4897 4817 4816
f 4821 4806 4826
f 4806 4815 4826
f 4808 4805 4806
f 4805 4810 4806
f 4814 4807 4827
f 4807 4820 4827
f 4890 4813 4814
f 4813 4807 4814
f 4903 4904 4870
f 4904 4825 4870
f 4809 4803 4822
f 4803 4824 4822
f 4807 4804 4820
f 4804 4869 4820
f 4915 4958 4917
f 4958 4957 4917
f 4944 4948 4975
f 4948 4972 4975
f 4963 4942 4962
f 4942 4939 4962
f 4959 4962 4930
f 4962 4932 4930
f 4947 4945 4951
f 4945 4964 4951
f 4954 4961 4909
f 4961 4958 4909
f 4962 4939 4932
f 4939 4936 4932
f 4921 4956 4924
f 4956 4927 4924
f 4951 4964 4954
f 4964 4961 4954
f 4964 4945 4963
f 4945 4942 4963
f 4909 4958 4911
f 4958 4915 4911
f 4917 4957 4921
f 4957 4956 4921
f 4956 4959 4927
f 4959 4930 4927
f 4912 4913 4914
f 4913 4916 4914
f 4913 4911 4916
f 4911 4915 4916
f 4918 4919 4920
f 4919 4922 4920
f 4919 4917 4922
f 4917 4921 4922
f 4933 4934 4935
f 4934 4937 4935
f 4934 4932 4937
f 4932 4936 4937
f 4920 4922 4923
f 4922 4925 4923
f 4922 4921 4925
f 4921 4924 4925
f 4923 4925 4926
f 4925 4928 4926
f 4925 4924 4928
f 4924 4927 4928
f 4935 4937 4938
f 4937 4940 4938
f 4937 4936 4940
f 4936 4939 4940
f 4938 4940 4941
f 4940 4943 4941
f 4940 4939 4943
f 4939 4942 4943
f 4948 4949 4950
f 4949 4952 4950
f 4949 4947 4952
f 4947 4951 4952
f 4926 4928 4929
f 4928 4931 4929
f 4928 4927 4931
f 4927 4930 4931
f 4929 4931 4933
f 4931 4934 4933
f 4931 4930 4934
f 4930 4932 4934
f 4941 4943 4944
f 4943 4946 4944
f 4943 4942 4946
f 4942 4945 4946
f 4944 4946 4948
f 4946 4949 4948
f 4946 4945 4949
f 4945 4947 4949
f 4950 4952 4953
f 4952 4955 4953
f 4952 4951 4955
f 4951 4954 4955
f 4914 4916 4918
f 4916 4919 4918
f 4916 4915 4919
f 4915 4917 4919
f 4953 4955 4908
f 4955 4910 4908
f 4955 4954 4910
f 4954 4909 4910
f 4908 4910 4912
f 4910 4913 4912
f 4910 4909 4913
f 4909 4911 4913
f 4957 4960 4956
f 4960 4959 4956
f 4960 4963 4959
f 4963 4962 4959
f 4958 4961 4957
f 4961 4960 4957
f 4961 4964 4960
f 4964 4963 4960
f 4969 4965 4970
f 4965 4967 4970
f 4970 4967 4968
f 4967 4966 4968
f 4972 4969 4973
f 4969 4970 4973
f 4973 4970 4971
f 4970 4968 4971
f 4975 4972 4976
f 4972 4973 4976
f 4976 4973 4974
f 4973 4971 4974
f 4978 4975 4979
f 4975 4976 4979
f 4979 4976 4977
f 4976 4974 4977
f 4981 4978 4982
f 4978 4979 4982
f 4982 4979 4980
f 4979 4977 4980
f 4984 4981 4985
f 4981 4982 4985
f 4985 4982 4983
f 4982 4980 4983
f 4987 4984 4988
f 4984 4985 4988
f 4988 4985 4986
f 4985 4983 4986
f 4990 4987 4991
f 4987 4988 4991
f 4991 4988 4989
f 4988 4986 4989
f 4993 4990 4994
f 4990 4991 4994
f 4994 4991 4992
f 4991 4989 4992
f 4996 4993 4997
f 4993 4994 4997
f 4997 4994 4995
f 4994 4992 4995
f 4999 4996 5000
f 4996 4997 5000
f 5000 4997 4998
f 4997 4995 4998
f 5002 4999 5003
f 4999 5000 5003
f 5003 5000 5001
f 5000 4998 5001
f 5005 5002 5006
f 5002 5003 5006
f 5006 5003 5004
f 5003 5001 5004
f 5008 5005 5009
f 5005 5006 5009
f 5009 5006 5007
f 5006 5004 5007
f 5011 5008 5012
f 5008 5009 5012
f 5012 5009 5010
f 5009 5007 5010
f 4965 5011 4967
f 5011 5012 4967
f 4967 5012 4966
f 5012 5010 4966
f 4923 4926 4996
f 4926 4993 4996
f 4948 4950 4972
f 4950 4969 4972
f 4926 4929 4993
f 4929 4990 4993
f 4965 4953 5011
f 4953 4908 5011
f 4950 4953 4969
f 4953 4965 4969
f 4929 4933 4990
f 4933 4987 4990
f 5011 4908 5008
f 4908 4912 5008
f 4933 4935 4987
f 4935 4984 4987
f 4912 4914 5008
f 4914 5005 5008
f 4935 4938 4984
f 4938 4981 4984
f 4914 4918 5005
f 4918 5002 5005
f 4938 4941 4981
f 4941 4978 4981
f 4918 4920 5002
f 4920 4999 5002
f 4941 4944 4978
f 4944 4975 4978
f 4920 4923 4999
f 4923 4996 4999
f 5020 5063 5022
f 5063 5062 5022
f 5049 5053 5080
f 5053 5077 5080
f 5068 5047 5067
f 5047 5044 5067
f 5064 5067 5035
f 5067 5037 5035
f 5052 5050 5056
f 5050 5069 5056
f 5059 5066 5014
f 5066 5063 5014
f 5067 5044 5037
f 5044 5041 5037
f 5026 5061 5029
f 5061 5032 5029
f 5056 5069 5059
f 5069 5066 5059
f 5069 5050 5068
f 5050 5047 5068
f 5014 5063 5016
f 5063 5020 5016
f 5022 5062 5026
f 5062 5061 5026
f 5061 5064 5032
f 5064 5035 5032
f 5017 5018 5019
f 5018 5021 5019
f 5018 5016 5021
f 5016 5020 5021
f 5023 5024 5025
f 5024 5027 5025
f 5024 5022 5027
f 5022 5026 5027
f 5038 5039 5040
f 5039 5042 5040
f 5039 5037 5042
f 5037 5041 5042
f 5025 5027 5028
f 5027 5030 5028
f 5027 5026 5030
f 5026 5029 5030
f 5028 5030 5031
f 5030 5033 5031
f 5030 5029 5033
f 5029 5032 5033
f 5040 5042 5043
f 5042 5045 5043
f 5042 5041 5045
f 5041 5044 5045
f 5043 5045 5046
f 5045 5048 5046
f 5045 5044 5048
f 5044 5047 5048
f 5053 5054 5055
f 5054 5057 5055
f 5054 5052 5057
f 5052 5056 5057
f 5031 5033 5034
f 5033 5036 5034
f 5033 5032 5036
f 5032 5035 5036
f 5034 5036 5038
f 5036 5039 5038
f 5036 5035 5039
f 5035 5037 5039
f 5046 5048 5049
f 5048 5051 5049
f 5048 5047 5051
f 5047 5050 5051
f 5049 5051 5053
f 5051 5054 5053
f 5051 5050 5054
f 5050 5052 5054
f 5055 5057 5058
f 5057 5060 5058
f 5057 5056 5060
f 5056 5059 5060
f 5019 5021 5023
f 5021 5024 5023
f 5021 5020 5024
f 5020 5022 5024
f 5058 5060 5013
f 5060 5015 5013
f 5060 5059 5015
f 5059 5014 5015
f 5013 5015 5017
f 5015 5018 5017
f 5015 5014 5018
f 5014 5016 5018
f 5062 5065 5061
f 5065 5064 5061
f 5065 5068 5064
f 5068 5067 5064
f 5063 5066 5062
f 5066 5065 5062
f 5066 5069 5065
f 5069 5068 5065
f 5074 5070 5075
f 5070 5072 5075
f 5075 5072 5073
f 5072 5071 5073
f 5077 5074 5078
f 5074 5075 5078
f 5078 5075 5076
f 5075 5073 5076
f 5080 5077 5081
f 5077 5078 5081
f 5081 5078 5079
f 5078 5076 5079
f 5083 5080 5084
f 5080 5081 5084
f 5084 5081 5082
f 5081 5079 5082
f 5086 5083 5087
f 5083 5084 5087
f 5087 5084 5085
f 5084 5082 5085
f 5089 5086 5090
f 5086 5087 5090
f 5090 5087 5088
f 5087 5085 5088
f 5092 5089 5093
f 5089 5090 5093
f 5093 5090 5091
f 5090 5088 5091
f 5095 5092 5096
f 5092 5093 5096
f 5096 5093 5094
f 5093 5091 5094
f 5098 5095 5099
f 5095 5096 5099
f 5099 5096 5097
f 5096 5094 5097
f 5101 5098 5102
f 5098 5099 5102
f 5102 5099 5100
f 5099 5097 5100
f 5104 5101 5105
f 5101 5102 5105
f 5105 5102 5103
f 5102 5100 5103
f 5107 5104 5108
f 5104 5105 5108
f 5108 5105 5106
f 5105 5103 5106
f 5110 5107 5111
f 5107 5108 5111
f 5111 5108 5109
f 5108 5106 5109
f 5113 5110 5114
f 5110 5111 5114
f 5114 5111 5112
f 5111 5109 5112
f 5116 5113 5117
f 5113 5114 5117
f 5117 5114 5115
f 5114 5112 5115
f 5070 5116 5072
f 5116 5117 5072
f 5072 5117 5071
f 5117 5115 5071
f 5028 5031 5101
f 5031 5098 5101
f 5053 5055 5077
f 5055 5074 5077
f 5031 5034 5098
f 5034 5095 5098
f 5070 5058 5116
f 5058 5013 5116
f 5055 5058 5074
f 5058 5070 5074
f 5034 5038 5095
f 5038 5092 5095
f 5116 5013 5113
f 5013 5017 5113
f 5038 5040 5092
f 5040 5089 5092
f 5017 5019 5113
f 5019 5110 5113
f 5040 5043 5089
f 5043 5086 5089
f 5019 5023 5110
f 5023 5107 5110
f 5043 5046 5086
f 5046 5083 5086
f 5023 5025 5107
f 5025 5104 5107
f 5046 5049 5083
f 5049 5080 5083
f 5025 5028 5104
f 5028 5101 5104
f 5125 5168 5127
f 5168 5167 5127
f 5154 5158 5185
f 5158 5182 5185
f 5173 5152 5172
f 5152 5149 5172
f 5169 5172 5140
f 5172 5142 5140
f 5157 5155 5161
f 5155 5174 5161
f 5164 5171 5119
f 5171 5168 5119
f 5172 5149 5142
f 5149 5146 5142
f 5131 5166 5134
f 5166 5137 5134
f 5161 5174 5164
f 5174 5171 5164
f 5174 5155 5173
f 5155 5152 5173
f 5119 5168 5121
f 5168 5125 5121
f 5127 5167 5131
f 5167 5166 5131
f 5166 5169 5137
f 5169 5140 5137
f 5122 5123 5124
f 5123 5126 5124
f 5123 5121 5126
f 5121 5125 5126
f 5128 5129 5130
f 5129 5132 5130
f 5129 5127 5132
f 5127 5131 5132
f 5143 5144 5145
f 5144 5147 5145
f 5144 5142 5147
f 5142 5146 5147
f 5130 5132 5133
f 5132 5135 5133
f 5132 5131 5135
f 5131 5134 5135
f 5133 5135 5136
f 5135 5138 5136
f 5135 5134 5138
f 5134 5137 5138
f 5145 5147 5148
f 5147 5150 5148
f 5147 5146 5150
f 5146 5149 5150
f 5148 5150 5151
f 5150 5153 5151
f 5150 5149 5153
f 5149 5152 5153
f 5158 5159 5160
f 5159 5162 5160
f 5159 5157 5162
f 5157 5161 5162
f 5136 5138 5139
f 5138 5141 5139
f 5138 5137 5141
f 5137 5140 5141
f 5139 5141 5143
f 5141 5144 5143
f 5141 5140 5144
f 5140 5142 5144
f 5151 5153 5154
f 5153 5156 5154
f 5153 5152 5156
f 5152 5155 5156
f 5154 5156 5158
f 5156 5159 5158
f 5156 5155 5159
f 5155 5157 5159
f 5160 5162 5163
f 5162 5165 5163
f 5162 5161 5165
f 5161 5164 5165
f 5124 5126 5128
f 5126 5129 5128
f 5126 5125 5129
f 5125 5127 5129
f 5163 5165 5118
f 5165 5120 5118
f 5165 5164 5120
f 5164 5119 5120
f 5118 5120 5122
f 5120 5123 5122
f 5120 5119 5123
f 5119 5121 5123
f 5167 5170 5166
f 5170 5169 5166
f 5170 5173 5169
f 5173 5172 5169
f 5168 5171 5167
f 5171 5170 5167
f 5171 5174 5170
f 5174 5173 5170
f 5179 5175 5180
f 5175 5177 5180
f 5180 5177 5178
f 5177 5176 5178
f 5182 5179 5183
f 5179 5180 5183
f 5183 5180 5181
f 5180 5178 5181
f 5185 5182 5186
f 5182 5183 5186
f 5186 5183 5184
f 5183 5181 5184
f 5188 5185 5189
f 5185 5186 5189
f 5189 5186 5187
f 5186 5184 5187
f 5191 5188 5192
f 5188 5189 5192
f 5192 5189 5190
f 5189 5187 5190
f 5194 5191 5195
f 5191 5192 5195
f 5195 5192 5193
f 5192 5190 5193
f 5197 5194 5198
f 5194 5195 5198
f 5198 5195 5196
f 5195 5193 5196
f 5200 5197 5201
f 5197 5198 5201
f 5201 5198 5199
f 5198 5196 5199
f 5203 5200 5204
f 5200 5201 5204
f 5204 5201 5202
f 5201 5199 5202
f 5206 5203 5207
f 5203 5204 5207
f 5207 5204 5205
f 5204 5202 5205
f 5209 5206 5210
f 5206 5207 5210
f 5210 5207 5208
f 5207 5205 5208
f 5212 5209 5213
f 5209 5210 5213
f 5213 5210 5211
f 5210 5208 5211
f 5215 5212 5216
f 5212 5213 5216
f 5216 5213 5214
f 5213 5211 5214
f 5218 5215 5219
f 5215 5216 5219
f 5219 5216 5217
f 5216 5214 5217
f 5221 5218 5222
f 5218 5219 5222
f 5222 5219 5220
f 5219 5217 5220
f 5175 5221 5177
f 5221 5222 5177
f 5177 5222 5176
f 5222 5220 5176
f 5133 5136 5206
f 5136 5203 5206
f 5158 5160 5182
f 5160 5179 5182
f 5136 5139 5203
f 5139 5200 5203
f 5175 5163 5221
f 5163 5118 5221
f 5160 5163 5179
f 5163 5175 5179
f 5139 5143 5200
f 5143 5197 5200
f 5221 5118 5218
f 5118 5122 5218
f 5143 5145 5197
f 5145 5194 5197
f 5122 5124 5218
f 5124 5215 5218
f 5145 5148 5194
f 5148 5191 5194
f 5124 5128 5215
f 5128 5212 5215
f 5148 5151 5191
f 5151 5188 5191
f 5128 5130 5212
f 5130 5209 5212
f 5151 5154 5188
f 5154 5185 5188
f 5130 5133 5209
f 5133 5206 5209
f 5230 5273 5232
f 5273 5272 5232
f 5259 5263 5290
f 5263 5287 5290
f 5278 5257 5277
f 5257 5254 5277
f 5274 5277 5245
f 5277 5247 5245
f 5262 5260 5266
f 5260 5279 5266
f 5269 5276 5224
f 5276 5273 5224
f 5277 5254 5247
f 5254 5251 5247
f 5236 5271 5239
f 5271 5242 5239
f 5266 5279 5269
f 5279 5276 5269
f 5279 5260 5278
f 5260 5257 5278
f 5224 5273 5226
f 5273 5230 5226
f 5232 5272 5236
f 5272 5271 5236
f 5271 5274 5242
f 5274 5245 5242
f 5227 5228 5229
f 5228 5231 5229
f 5228 5226 5231
f 5226 5230 5231
f 5233 5234 5235
f 5234 5237 5235
f 5234 5232 5237
f 5232 5236 5237
f 5248 5249 5250
f 5249 5252 5250
f 5249 5247 5252
f 5247 5251 5252
f 5235 5237 5238
f 5237 5240 5238
f 5237 5236 5240
f 5236 5239 5240
f 5238 5240 5241
f 5240 5243 5241
f 5240 5239 5243
f 5239 5242 5243
f 5250 5252 5253
f 5252 5255 5253
f 5252 5251 5255
f 5251 5254 5255
f 5253 5255 5256
f 5255 5258 5256
f 5255 5254 5258
f 5254 5257 5258
f 5263 5264 5265
f 5264 5267 5265
f 5264 5262 5267
f 5262 5266 5267
f 5241 5243 5244
f 5243 5246 5244
f 5243 5242 5246
f 5242 5245 5246
f 5244 5246 5248
f 5246 5249 5248
f 5246 5245 5249
f 5245 5247 5249
f 5256 5258 5259
f 5258 5261 5259
f 5258 5257 5261
f 5257 5260 5261
f 5259 5261 5263
f 5261 5264 5263
f 5261 5260 5264
f 5260 5262 5264
f 5265 5267 5268
f 5267 5270 5268
f 5267 5266 5270
f 5266 5269 5270
f 5229 5231 5233
f 5231 5234 5233
f 5231 5230 5234
f 5230 5232 5234
f 5268 5270 5223
f 5270 5225 5223
f 5270 5269 5225
f 5269 5224 5225
f 5223 5225 5227
f 5225 5228 5227
f 5225 5224 5228
f 5224 5226 5228
f 5272 5275 5271
f 5275 5274 5271
f 5275 5278 5274
f 5278 5277 5274
f 5273 5276 5272
f 5276 5275 5272
f 5276 5279 5275
f 5279 5278 5275
f 5284 5280 5285
f 5280 5282 5285
f 5285 5282 5283
f 5282 5281 5283
f 5287 5284 5288
f 5284 5285 5288
f 5288 5285 5286
f 5285 5283 5286
f 5290 5287 5291
f 5287 5288 5291
f 5291 5288 5289
f 5288 5286 5289
f 5293 5290 5294
f 5290 5291 5294
f 5294 5291 5292
f 5291 5289 5292
f 5296 5293 5297
f 5293 5294 5297
f 5297 5294 5295
f 5294 5292 5295
f 5299 5296 5300
f 5296 5297 5300
f 5300 5297 5298
f 5297 5295 5298
f 5302 5299 5303
f 5299 5300 5303
f 5303 5300 5301
f 5300 5298 5301
f 5305 5302 5306
f 5302 5303 5306
f 5306 5303 5304
f 5303 5301 5304
f 5308 5305 5309
f 5305 5306 5309
f 5309 5306 5307
f 5306 5304 5307
f 5311 5308 5312
f 5308 5309 5312
f 5312 5309 5310
f 5309 5307 5310
f 5314 5311 5315
f 5311 5312 5315
f 5315 5312 5313
f 5312 5310 5313
f 5317 5314 5318
f 5314 5315 5318
f 5318 5315 5316
f 5315 5313 5316
f 5320 5317 5321
f 5317 5318 5321
f 5321 5318 5319
f 5318 5316 5319
f 5323 5320 5324
f 5320 5321 5324
f 5324 5321 5322
f 5321 5319 5322
f 5326 5323 5327
f 5323 5324 5327
f 5327 5324 5325
f 5324 5322 5325
f 5280 5326 5282
f 5326 5327 5282
f 5282 5327 5281
f 5327 5325 5281
f 5238 5241 5311
f 5241 5308 5311
f 5263 5265 5287
f 5265 5284 5287
f 5241 5244 5308
f 5244 5305 5308
f 5280 5268 5326
f 5268 5223 5326
f 5265 5268 5284
f 5268 5280 5284
f 5244 5248 5305
f 5248 5302 5305
f 5326 5223 5323
f 5223 5227 5323
f 5248 5250 5302
f 5250 5299 5302
f 5227 5229 5323
f 5229 5320 5323
f 5250 5253 5299
f 5253 5296 5299
f 5229 5233 5320
f 5233 5317 5320
f 5253 5256 5296
f 5256 5293 5296
f 5233 5235 5317
f 5235 5314 5317
f 5256 5259 5293
f 5259 5290 5293
f 5235 5238 5314
f 5238 5311 5314
f 5335 5378 5337
f 5378 5377 5337
f 5364 5368 5395
f 5368 5392 5395
f 5383 5362 5382
f 5362 5359 5382
f 5379 5382 5350
f 5382 5352 5350
f 5367 5365 5371
f 5365 5384 5371
f 5374 5381 5329
f 5381 5378 5329
f 5382 5359 5352
f 5359 5356 5352
f 5341 5376 5344
f 5376 5347 5344
f 5371 5384 5374
f 5384 5381 5374
f 5384 5365 5383
f 5365 5362 5383
f 5329 5378 5331
f 5378 5335 5331
f 5337 5377 5341
f 5377 5376 5341
f 5376 5379 5347
f 5379 5350 5347
f 5332 5333 5334
f 5333 5336 5334
f 5333 5331 5336
f 5331 5335 5336
f 5338 5339 5340
f 5339 5342 5340
f 5339 5337 5342
f 5337 5341 5342
f 5353 5354 5355
f 5354 5357 5355
f 5354 5352 5357
f 5352 5356 5357
f 5340 5342 5343
f 5342 5345 5343
f 5342 5341 5345
f 5341 5344 5345
f 5343 5345 5346
f 5345 5348 5346
f 5345 5344 5348
f 5344 5347 5348
f 5355 5357 5358
f 5357 5360 5358
f 5357 5356 5360
f 5356 5359 5360
f 5358 5360 5361
f 5360 5363 5361
f 5360 5359 5363
f 5359 5362 5363
f 5368 5369 5370
f 5369 5372 5370
f 5369 5367 5372
f 5367 5371 5372
f 5346 5348 5349
f 5348 5351 5349
f 5348 5347 5351
f 5347 5350 5351
f 5349 5351 5353
f 5351 5354 5353
f 5351 5350 5354
f 5350 5352 5354
f 5361 5363 5364
f 5363 5366 5364
f 5363 5362 5366
f 5362 5365 5366
f 5364 5366 5368
f 5366 5369 5368
f 5366 5365 5369
f 5365 5367 5369
f 5370 5372 5373
f 5372 5375 5373
f 5372 5371 5375
f 5371 5374 5375
f 5334 5336 5338
f 5336 5339 5338
f 5336 5335 5339
f 5335 5337 5339
f 5373 5375 5328
f 5375 5330 5328
f 5375 5374 5330
f 5374 5329 5330
f 5328 5330 5332
f 5330 5333 5332
f 5330 5329 5333
f 5329 5331 5333
f 5377 5380 5376
f 5380 5379 5376
f 5380 5383 5379
f 5383 5382 5379
f 5378 5381 5377
f 5381 5380 5377
f 5381 5384 5380
f 5384 5383 5380
f 5389 5385 5390
f 5385 5387 5390
f 5390 5387 5388
f 5387 5386 5388
f 5392 5389 5393
f 5389 5390 5393
f 5393 5390 5391
f 5390 5388 5391
f 5395 5392 5396
f 5392 5393 5396
f 5396 5393 5394
f 5393 5391 5394
f 5398 5395 5399
f 5395 5396 5399
f 5399 5396 5397
f 5396 5394 5397
f 5401 5398 5402
f 5398 5399 5402
f 5402 5399 5400
f 5399 5397 5400
f 5404 5401 5405
f 5401 5402 5405
f 5405 5402 5403
f 5402 5400 5403
f 5407 5404 5408
f 5404 5405 5408
f 5408 5405 5406
f 5405 5403 5406
f 5410 5407 5411
f 5407 5408 5411
f 5411 5408 5409
f 5408 5406 5409
f 5413 5410 5414
f 5410 5411 5414
f 5414 5411 5412
f 5411 5409 5412
f 5416 5413 5417
f 5413 5414 5417
f 5417 5414 5415
f 5414 5412 5415
f 5419 5416 5420
f 5416 5417 5420
f 5420 5417 5418
f 5417 5415 5418
f 5422 5419 5423
f 5419 5420 5423
f 5423 5420 5421
f 5420 5418 5421
f 5425 5422 5426
f 5422 5423 5426
f 5426 5423 5424
f 5423 5421 5424
f 5428 5425 5429
f 5425 5426 5429
f 5429 5426 5427
f 5426 5424 5427
f 5431 5428 5432
f 5428 5429 5432
f 5432 5429 5430
f 5429 5427 5430
f 5385 5431 5387
f 5431 5432 5387
f 5387 5432 5386
f 5432 5430 5386
f 5343 5346 5416
f 5346 5413 5416
f 5368 5370 5392
f 5370 5389 5392
f 5346 5349 5413
f 5349 5410 5413
f 5385 5373 5431
f 5373 5328 5431
f 5370 5373 5389
f 5373 5385 5389
f 5349 5353 5410
f 5353 5407 5410
f 5431 5328 5428
f 5328 5332 5428
f 5353 5355 5407
f 5355 5404 5407
f 5332 5334 5428
f 5334 5425 5428
f 5355 5358 5404
f 5358 5401 5404
f 5334 5338 5425
f 5338 5422 5425
f 5358 5361 5401
f 5361 5398 5401
f 5338 5340 5422
f 5340 5419 5422
f 5361 5364 5398
f 5364 5395 5398
f 5340 5343 5419
f 5343 5416 5419
f 5440 5483 5442
f 5483 5482 5442
f 5469 5473 5500
f 5473 5497 5500
f 5488 5467 5487
f 5467 5464 5487
f 5484 5487 5455
f 5487 5457 5455
f 5472 5470 5476
f 5470 5489 5476
f 5479 5486 5434
f 5486 5483 5434
f 5487 5464 5457
f 5464 5461 5457
f 5446 5481 5449
f 5481 5452 5449
f 5476 5489 5479
f 5489 5486 5479
f 5489 5470 5488
f 5470 5467 5488
f 5434 5483 5436
f 5483 5440 5436
f 5442 5482 5446
f 5482 5481 5446
f 5481 5484 5452
f 5484 5455 5452
f 5437 5438 5439
f 5438 5441 5439
f 5438 5436 5441
f 5436 5440 5441
f 5443 5444 5445
f 5444 5447 5445
f 5444 5442 5447
f 5442 5446 5447
f 5458 5459 5460
f 5459 5462 5460
f 5459 5457 5462
f 5457 5461 5462
f 5445 5447 5448
f 5447 5450 5448
f 5447 5446 5450
f 5446 5449 5450
f 5448 5450 5451
f 5450 5453 5451
f 5450 5449 5453
f 5449 5452 5453
f 5460 5462 5463
f 5462 5465 5463
f 5462 5461 5465
f 5461 5464 5465
f 5463 5465 5466
f 5465 5468 5466
f 5465 5464 5468
f 5464 5467 5468
f 5473 5474 5475
f 5474 5477 5475
f 5474 5472 5477
f 5472 5476 5477
f 5451 5453 5454
f 5453 5456 5454
f 5453 5452 5456
f 5452 5455 5456
f 5454 5456 5458
f 5456 5459 5458
f 5456 5455 5459
f 5455 5457 5459
f 5466 5468 5469
f 5468 5471 5469
f 5468 5467 5471
f 5467 5470 5471
f 5469 5471 5473
f 5471 5474 5473
f 5471 5470 5474
f 5470 5472 5474
f 5475 5477 5478
f 5477 5480 5478
f 5477 5476 5480
f 5476 5479 5480
f 5439 5441 5443
f 5441 5444 5443
f 5441 5440 5444
f 5440 5442 5444
f 5478 5480 5433
f 5480 5435 5433
f 5480 5479 5435
f 5479 5434 5435
f 5433 5435 5437
f 5435 5438 5437
f 5435 5434 5438
f 5434 5436 5438
f 5482 5485 5481
f 5485 5484 5481
f 5485 5488 5484
f 5488 5487 5484
f 5483 5486 5482
f 5486 5485 5482
f 5486 5489 5485
f 5489 5488 5485
f 5494 5490 5495
f 5490 5492 5495
f 5495 5492 5493
f 5492 5491 5493
f 5497 5494 5498
f 5494 5495 5498
f 5498 5495 5496
f 5495 5493 5496
f 5500 5497 5501
f 5497 5498 5501
f 5501 5498 5499
f 5498 5496 5499
f 5503 5500 5504
f 5500 5501 5504
f 5504 5501 5502
f 5501 5499 5502
f 5506 5503 5507
f 5503 5504 5507
f 5507 5504 5505
f 5504 5502 5505
f 5509 5506 5510
f 5506 5507 5510
f 5510 5507 5508
f 5507 5505 5508
f 5512 5509 5513
f 5509 5510 5513
f 5513 5510 5511
f 5510 5508 5511
f 5515 5512 5516
f 5512 5513 5516
f 5516 5513 5514
f 5513 5511 5514
f 5518 5515 5519
f 5515 5516 5519
f 5519 5516 5517
f 5516 5514 5517
f 5521 5518 5522
f 5518 5519 5522
f 5522 5519 5520
f 5519 5517 5520
f 5524 5521 5525
f 5521 5522 5525
f 5525 5522 5523
f 5522 5520 5523
f 5527 5524 5528
f 5524 5525 5528
f 5528 5525 5526
f 5525 5523 5526
f 5530 5527 5531
f 5527 5528 5531
f 5531 5528 5529
f 5528 5526 5529
f 5533 5530 5534
f 5530 5531 5534
f 5534 5531 5532
f 5531 5529 5532
f 5536 5533 5537
f 5533 5534 5537
f 5537 5534 5535
f 5534 5532 5535
f 5490 5536 5492
f 5536 5537 5492
f 5492 5537 5491
f 5537 5535 5491
f 5448 5451 5521
f 5451 5518 5521
f 5473 5475 5497
f 5475 5494 5497
f 5451 5454 5518
f 5454 5515 5518
f 5490 5478 5536
f 5478 5433 5536
f 5475 5478 5494
f 5478 5490 5494
f 5454 5458 5515
f 5458 5512 5515
f 5536 5433 5533
f 5433 5437 5533
f 5458 5460 5512
f 5460 5509 5512
f 5437 5439 5533
f 5439 5530 5533
f 5460 5463 5509
f 5463 5506 5509
f 5439 5443 5530
f 5443 5527 5530
f 5463 5466 5506
f 5466 5503 5506
f 5443 5445 5527
f 5445 5524 5527
f 5466 5469 5503
f 5469 5500 5503
f 5445 5448 5524
f 5448 5521 5524
f 5545 5588 5547
f 5588 5587 5547
f 5574 5578 5605
f 5578 5602 5605
f 5593 5572 5592
f 5572 5569 5592
f 5589 5592 5560
f 5592 5562 5560
f 5577 5575 5581
f 5575 5594 5581
f 5584 5591 5539
f 5591 5588 5539
f 5592 5569 5562
f 5569 5566 5562
f 5551 5586 5554
f 5586 5557 5554
f 5581 5594 5584
f 5594 5591 5584
f 5594 5575 5593
f 5575 5572 5593
f 5539 5588 5541
f 5588 5545 5541
f 5547 5587 5551
f 5587 5586 5551
f 5586 5589 5557
f 5589 5560 5557
f 5542 5543 5544
f 5543 5546 5544
f 5543 5541 5546
f 5541 5545 5546
f 5548 5549 5550
f 5549 5552 5550
f 5549 5547 5552
f 5547 5551 5552
f 5563 5564 5565
f 5564 5567 5565
f 5564 5562 5567
f 5562 5566 5567
f 5550 5552 5553
f 5552 5555 5553
f 5552 5551 5555
f 5551 5554 5555
f 5553 5555 5556
f 5555 5558 5556
f 5555 5554 5558
f 5554 5557 5558
f 5565 5567 5568
f 5567 5570 5568
f 5567 5566 5570
f 5566 5569 5570
f 5568 5570 5571
f 5570 5573 5571
f 5570 5569 5573
f 5569 5572 5573
f 5578 5579 5580
f 5579 5582 5580
f 5579 5577 5582
f 5577 5581 5582
f 5556 5558 5559
f 5558 5561 5559
f 5558 5557 5561
f 5557 5560 5561
f 5559 5561 5563
f 5561 5564 5563
f 5561 5560 5564
f 5560 5562 5564
f 5571 5573 5574
f 5573 5576 5574
f 5573 5572 5576
f 5572 5575 5576
f 5574 5576 5578
f 5576 5579 5578
f 5576 5575 5579
f 5575 5577 5579
f 5580 5582 5583
f 5582 5585 5583
f 5582 5581 5585
f 5581 5584 5585
f 5544 5546 5548
f 5546 5549 5548
f 5546 5545 5549
f 5545 5547 5549
f 5583 5585 5538
f 5585 5540 5538
f 5585 5584 5540
f 5584 5539 5540
f 5538 5540 5542
f 5540 5543 5542
f 5540 5539 5543
f 5539 5541 5543
f 5587 5590 5586
f 5590 5589 5586
f 5590 5593 5589
f 5593 5592 5589
f 5588 5591 5587
f 5591 5590 5587
f 5591 5594 5590
f 5594 5593 5590
f 5599 5595 5600
f 5595 5597 5600
f 5600 5597 5598
f 5597 5596 5598
f 5602 5599 5603
f 5599 5600 5603
f 5603 5600 5601
f 5600 5598 5601
f 5605 5602 5606
f 5602 5603 5606
f 5606 5603 5604
f 5603 5601 5604
f 5608 5605 5609
f 5605 5606 5609
f 5609 5606 5607
f 5606 5604 5607
f 5611 5608 5612
f 5608 5609 5612
f 5612 5609 5610
f 5609 5607 5610
f 5614 5611 5615
f 5611 5612 5615
f 5615 5612 5613
f 5612 5610 5613
f 5617 5614 5618
f 5614 5615 5618
f 5618 5615 5616
f 5615 5613 5616
f 5620 5617 5621
f 5617 5618 5621
f 5621 5618 5619
f 5618 5616 5619
f 5623 5620 5624
f 5620 5621 5624
f 5624 5621 5622
f 5621 5619 5622
f 5626 5623 5627
f 5623 5624 5627
f 5627 5624 5625
f 5624 5622 5625
f 5629 5626 5630
f 5626 5627 5630
f 5630 5627 5628
f 5627 5625 5628
f 5632 5629 5633
f 5629 5630 5633
f 5633 5630 5631
f 5630 5628 5631
f 5635 5632 5636
f 5632 5633 5636
f 5636 5633 5634
f 5633 5631 5634
f 5638 5635 5639
f 5635 5636 5639
f 5639 5636 5637
f 5636 5634 5637
f 5641 5638 5642
f 5638 5639 5642
f 5642 5639 5640
f 5639 5637 5640
f 5595 5641 5597
f 5641 5642 5597
f 5597 5642 5596
f 5642 5640 5596
f 5553 5556 5626
f 5556 5623 5626
f 5578 5580 5602
f 5580 5599 5602
f 5556 5559 5623
f 5559 5620 5623
f 5595 5583 5641
f 5583 5538 5641
f 5580 5583 5599
f 5583 5595 5599
f 5559 5563 5620
f 5563 5617 5620
f 5641 5538 5638
f 5538 5542 5638
f 5563 5565 5617
f 5565 5614 5617
f 5542 5544 5638
f 5544 5635 5638
f 5565 5568 5614
f 5568 5611 5614
f 5544 5548 5635
f 5548 5632 5635
f 5568 5571 5611
f 5571 5608 5611
f 5548 5550 5632
f 5550 5629 5632
f 5571 5574 5608
f 5574 5605 5608
f 5550 5553 5629
f 5553 5626 5629
f 5650 5693 5652
f 5693 5692 5652
f 5679 5683 5710
f 5683 5707 5710
f 5698 5677 5697
f 5677 5674 5697
f 5694 5697 5665
f 5697 5667 5665
f 5682 5680 5686
f 5680 5699 5686
f 5689 5696 5644
f 5696 5693 5644
f 5697 5674 5667
f 5674 5671 5667
f 5656 5691 5659
f 5691 5662 5659
f 5686 5699 5689
f 5699 5696 5689
f 5699 5680 5698
f 5680 5677 5698
f 5644 5693 5646
f 5693 5650 5646
f 5652 5692 5656
f 5692 5691 5656
f 5691 5694 5662
f 5694 5665 5662
f 5647 5648 5649
f 5648 5651 5649
f 5648 5646 5651
f 5646 5650 5651
f 5653 5654 5655
f 5654 5657 5655
f 5654 5652 5657
f 5652 5656 5657
f 5668 5669 5670
f 5669 5672 5670
f 5669 5667 5672
f 5667 5671 5672
f 5655 5657 5658
f 5657 5660 5658
f 5657 5656 5660
f 5656 5659 5660
f 5658 5660 5661
f 5660 5663 5661
f 5660 5659 5663
f 5659 5662 5663
f 5670 5672 5673
f 5672 5675 5673
f 5672 5671 5675
f 5671 5674 5675
f 5673 5675 5676
f 5675 5678 5676
f 5675 5674 5678
f 5674 5677 5678
f 5683 5684 5685
f 5684 5687 5685
f 5684 5682 5687
f 5682 5686 5687
f 5661 5663 5664
f 5663 5666 5664
f 5663 5662 5666
f 5662 5665 5666
f 5664 5666 5668
f 5666 5669 5668
f 5666 5665 5669
f 5665 5667 5669
f 5676 5678 5679
f 5678 5681 5679
f 5678 5677 5681
f 5677 5680 5681
f 5679 5681 5683
f 5681 5684 5683
f 5681 5680 5684
f 5680 5682 5684
f 5685 5687 5688
f 5687 5690 5688
f 5687 5686 5690
f 5686 5689 5690
f 5649 5651 5653
f 5651 5654 5653
f 5651 5650 5654
f 5650 5652 5654
f 5688 5690 5643
f 5690 5645 5643
f 5690 5689 5645
f 5689 5644 5645
f 5643 5645 5647
f 5645 5648 5647
f 5645 5644 5648
f 5644 5646 5648
f 5692 5695 5691
f 5695 5694 5691
f 5695 5698 5694
f 5698 5697 5694
f 5693 5696 5692
f 5696 5695 5692
f 5696 5699 5695
f 5699 5698 5695
f 5704 5700 5705
f 5700 5702 5705
f 5705 5702 5703
f 5702 5701 5703
f 5707 5704 5708
f 5704 5705 5708
f 5708 5705 5706
f 5705 5703 5706
f 5710 5707 5711
f 5707 5708 5711
f 5711 5708 5709
f 5708 5706 5709
f 5713 5710 5714
f 5710 5711 5714
f 5714 5711 5712
f 5711 5709 5712
f 5716 5713 5717
f 5713 5714 5717
f 5717 5714 5715
f 5714 5712 5715
f 5719 5716 5720
f 5716 5717 5720
f 5720 5717 5718
f 5717 5715 5718
f 5722 5719 5723
f 5719 5720 5723
f 5723 5720 5721
f 5720 5718 5721
f 5725 5722 5726
f 5722 5723 5726
f 5726 5723 5724
f 5723 5721 5724
f 5728 5725 5729
f 5725 5726 5729
f 5729 5726 5727
f 5726 5724 5727
f 5731 5728 5732
f 5728 5729 5732
f 5732 5729 5730
f 5729 5727 5730
f 5734 5731 5735
f 5731 5732 5735
f 5735 5732 5733
f 5732 5730 5733
f 5737 5734 5738
f 5734 5735 5738
f 5738 5735 5736
f 5735 5733 5736
f 5740 5737 5741
f 5737 5738 5741
f 5741 5738 5739
f 5738 5736 5739
f 5743 5740 5744
f 5740 5741 5744
f 5744 5741 5742
f 5741 5739 5742
f 5746 5743 5747
f 5743 5744 5747
f 5747 5744 5745
f 5744 5742 5745
f 5700 5746 5702
f 5746 5747 5702
f 5702 5747 5701
f 5747 5745 5701
f 5658 5661 5731
f 5661 5728 5731
f 5683 5685 5707
f 5685 5704 5707
f 5661 5664 5728
f 5664 5725 5728
f 5700 5688 5746
f 5688 5643 5746
f 5685 5688 5704
f 5688 5700 5704
f 5664 5668 5725
f 5668 5722 5725
f 5746 5643 5743
f 5643 5647 5743
f 5668 5670 5722
f 5670 5719 5722
f 5647 5649 5743
f 5649 5740 5743
f 5670 5673 5719
f 5673 5716 5719
f 5649 5653 5740
f 5653 5737 5740
f 5673 5676 5716
f 5676 5713 5716
f 5653 5655 5737
f 5655 5734 5737
f 5676 5679 5713
f 5679 5710 5713
f 5655 5658 5734
f 5658 5731 5734
f 5755 5798 5757
f 5798 5797 5757
f 5784 5788 5815
f 5788 5812 5815
f 5803 5782 5802
f 5782 5779 5802
f 5799 5802 5770
f 5802 5772 5770
f 5787 5785 5791
f 5785 5804 5791
f 5794 5801 5749
f 5801 5798 5749
f 5802 5779 5772
f 5779 5776 5772
f 5761 5796 5764
f 5796 5767 5764
f 5791 5804 5794
f 5804 5801 5794
f 5804 5785 5803
f 5785 5782 5803
f 5749 5798 5751
f 5798 5755 5751
f 5757 5797 5761
f 5797 5796 5761
f 5796 5799 5767
f 5799 5770 5767
f 5752 5753 5754
f 5753 5756 5754
f 5753 5751 5756
f 5751 5755 5756
f 5758 5759 5760
f 5759 5762 5760
f 5759 5757 5762
f 5757 5761 5762
f 5773 5774 5775
f 5774 5777 5775
f 5774 5772 5777
f 5772 5776 5777
f 5760 5762 5763
f 5762 5765 5763
f 5762 5761 5765
f 5761 5764 5765
f 5763 5765 5766
f 5765 5768 5766
f 5765 5764 5768
f 5764 5767 5768
f 5775 5777 5778
f 5777 5780 5778
f 5777 5776 5780
f 5776 5779 5780
f 5778 5780 5781
f 5780 5783 5781
f 5780 5779 5783
f 5779 5782 5783
f 5788 5789 5790
f 5789 5792 5790
f 5789 5787 5792
f 5787 5791 5792
f 5766 5768 5769
f 5768 5771 5769
f 5768 5767 5771
f 5767 5770 5771
f 5769 5771 5773
f 5771 5774 5773
f 5771 5770 5774
f 5770 5772 5774
f 5781 5783 5784
f 5783 5786 5784
f 5783 5782 5786
f 5782 5785 5786
f 5784 5786 5788
f 5786 5789 5788
f 5786 5785 5789
f 5785 5787 5789
f 5790 5792 5793
f 5792 5795 5793
f 5792 5791 5795
f 5791 5794 5795
f 5754 5756 5758
f 5756 5759 5758
f 5756 5755 5759
f 5755 5757 5759
f 5793 5795 5748
f 5795 5750 5748
f 5795 5794 5750
f 5794 5749 5750
f 5748 5750 5752
f 5750 5753 5752
f 5750 5749 5753
f 5749 5751 5753
f 5797 5800 5796
f 5800 5799 5796
f 5800 5803 5799
f 5803 5802 5799
f 5798 5801 5797
f 5801 5800 5797
f 5801 5804 5800
f 5804 5803 5800
f 5809 5805 5810
f 5805 5807 5810
f 5810 5807 5808
f 5807 5806 5808
f 5812 5809 5813
f 5809 5810 5813
f 5813 5810 5811
f 5810 5808 5811
f 5815 5812 5816
f 5812 5813 5816
f 5816 5813 5814
f 5813 5811 5814
f 5818 5815 5819
f 5815 5816 5819
f 5819 5816 5817
f 5816 5814 5817
f 5821 5818 5822
f 5818 5819 5822
f 5822 5819 5820
f 5819 5817 5820
f 5824 5821 5825
f 5821 5822 5825
f 5825 5822 5823
f 5822 5820 5823
f 5827 5824 5828
f 5824 5825 5828
f 5828 5825 5826
f 5825 5823 5826
f 5830 5827 5831
f 5827 5828 5831
f 5831 5828 5829
f 5828 5826 5829
f 5833 5830 5834
f 5830 5831 5834
f 5834 5831 5832
f 5831 5829 5832
f 5836 5833 5837
f 5833 5834 5837
f 5837 5834 5835
f 5834 5832 5835
f 5839 5836 5840
f 5836 5837 5840
f 5840 5837 5838
f 5837 5835 5838
f 5842 5839 5843
f 5839 5840 5843
f 5843 5840 5841
f 5840 5838 5841
f 5845 5842 5846
f 5842 5843 5846
f 5846 5843 5844
f 5843 5841 5844
f 5848 5845 5849
f 5845 5846 5849
f 5849 5846 5847
f 5846 5844 5847
f 5851 5848 5852
f 5848 5849 5852
f 5852 5849 5850
f 5849 5847 5850
f 5805 5851 5807
f 5851 5852 5807
f 5807 5852 5806
f 5852 5850 5806
f 5763 5766 5836
f 5766 5833 5836
f 5788 5790 5812
f 5790 5809 5812
f 5766 5769 5833
f 5769 5830 5833
f 5805 5793 5851
f 5793 5748 5851
f 5790 5793 5809
f 5793 5805 5809
f 5769 5773 5830
f 5773 5827 5830
f 5851 5748 5848
f 5748 5752 5848
f 5773 5775 5827
f 5775 5824 5827
f 5752 5754 5848
f 5754 5845 5848
f 5775 5778 5824
f 5778 5821 5824
f 5754 5758 5845
f 5758 5842 5845
f 5778 5781 5821
f 5781 5818 5821
f 5758 5760 5842
f 5760 5839 5842
f 5781 5784 5818
f 5784 5815 5818
f 5760 5763 5839
f 5763 5836 5839
f 5860 5903 5862
f 5903 5902 5862
f 5889 5893 5920
f 5893 5917 5920
f 5908 5887 5907
f 5887 5884 5907
f 5904 5907 5875
f 5907 5877 5875
f 5892 5890 5896
f 5890 5909 5896
f 5899 5906 5854
f 5906 5903 5854
f 5907 5884 5877
f 5884 5881 5877
f 5866 5901 5869
f 5901 5872 5869
f 5896 5909 5899
f 5909 5906 5899
f 5909 5890 5908
f 5890 5887 5908
f 5854 5903 5856
f 5903 5860 5856
f 5862 5902 5866
f 5902 5901 5866
f 5901 5904 5872
f 5904 5875 5872
f 5857 5858 5859
f 5858 5861 5859
f 5858 5856 5861
f 5856 5860 5861
f 5863 5864 5865
f 5864 5867 5865
f 5864 5862 5867
f 5862 5866 5867
f 5878 5879 5880
f 5879 5882 5880
f 5879 5877 5882
f 5877 5881 5882
f 5865 5867 5868
f 5867 5870 5868
f 5867 5866 5870
f 5866 5869 5870
f 5868 5870 5871
f 5870 5873 5871
f 5870 5869 5873
f 5869 5872 5873
f 5880 5882 5883
f 5882 5885 5883
f 5882 5881 5885
f 5881 5884 5885
f 5883 5885 5886
f 5885 5888 5886
f 5885 5884 5888
f 5884 5887 5888
f 5893 5894 5895
f 5894 5897 5895
f 5894 5892 5897
f 5892 5896 5897
f 5871 5873 5874
f 5873 5876 5874
f 5873 5872 5876
f 5872 5875 5876
f 5874 5876 5878
f 5876 5879 5878
f 5876 5875 5879
f 5875 5877 5879
f 5886 5888 5889
f 5888 5891 5889
f 5888 5887 5891
f 5887 5890 5891
f 5889 5891 5893
f 5891 5894 5893
f 5891 5890 5894
f 5890 5892 5894
f 5895 5897 5898
f 5897 5900 5898
f 5897 5896 5900
f 5896 5899 5900
f 5859 5861 5863
f 5861 5864 5863
f 5861 5860 5864
f 5860 5862 5864
f 5898 5900 5853
f 5900 5855 5853
f 5900 5899 5855
f 5899 5854 5855
f 5853 5855 5857
f 5855 5858 5857
f 5855 5854 5858
f 5854 5856 5858
f 5902 5905 5901
f 5905 5904 5901
f 5905 5908 5904
f 5908 5907 5904
f 5903 5906 5902
f 5906 5905 5902
f 5906 5909 5905
f 5909 5908 5905
f 5914 5910 5915
f 5910 5912 5915
f 5915 5912 5913
f 5912 5911 5913
f 5917 5914 5918
f 5914 5915 5918
f 5918 5915 5916
f 5915 5913 5916
f 5920 5917 5921
f 5917 5918 5921
f 5921 5918 5919
f 5918 5916 5919
f 5923 5920 5924
f 5920 5921 5924
f 5924 5921 5922
f 5921 5919 5922
f 5926 5923 5927
f 5923 5924 5927
f 5927 5924 5925
f 5924 5922 5925
f 5929 5926 5930
f 5926 5927 5930
f 5930 5927 5928
f 5927 5925 5928
f 5932 5929 5933
f 5929 5930 5933
f 5933 5930 5931
f 5930 5928 5931
f 5935 5932 5936
f 5932 5933 5936
f 5936 5933 5934
f 5933 5931 5934
f 5938 5935 5939
f 5935 5936 5939
f 5939 5936 5937
f 5936 5934 5937
f 5941 5938 5942
f 5938 5939 5942
f 5942 5939 5940
f 5939 5937 5940
f 5944 5941 5945
f 5941 5942 5945
f 5945 5942 5943
f 5942 5940 5943
f 5947 5944 5948
f 5944 5945 5948
f 5948 5945 5946
f 5945 5943 5946
f 5950 5947 5951
f 5947 5948 5951
f 5951 5948 5949
f 5948 5946 5949
f 5953 5950 5954
f 5950 5951 5954
f 5954 5951 5952
f 5951 5949 5952
f 5956 5953 5957
f 5953 5954 5957
f 5957 5954 5955
f 5954 5952 5955
f 5910 5956 5912
f 5956 5957 5912
f 5912 5957 5911
f 5957 5955 5911
f 5868 5871 5941
f 5871 5938 5941
f 5893 5895 5917
f 5895 5914 5917
f 5871 5874 5938
f 5874 5935 5938
f 5910 5898 5956
f 5898 5853 5956
f 5895 5898 5914
f 5898 5910 5914
f 5874 5878 5935
f 5878 5932 5935
f 5956 5853 5953
f 5853 5857 5953
f 5878 5880 5932
f 5880 5929 5932
f 5857 5859 5953
f 5859 5950 5953
f 5880 5883 5929
f 5883 5926 5929
f 5859 5863 5950
f 5863 5947 5950
f 5883 5886 5926
f 5886 5923 5926
f 5863 5865 5947
f 5865 5944 5947
f 5886 5889 5923
f 5889 5920 5923
f 5865 5868 5944
f 5868 5941 5944
f 5965 6008 5967
f 6008 6007 5967
f 5994 5998 6025
f 5998 6022 6025
f 6013 5992 6012
f 5992 5989 6012
f 6009 6012 5980
f 6012 5982 5980
f 5997 5995 6001
f 5995 6014 6001
f 6004 6011 5959
f 6011 6008 5959
f 6012 5989 5982
f 5989 5986 5982
f 5971 6006 5974
f 6006 5977 5974
f 6001 6014 6004
f 6014 6011 6004
f 6014 5995 6013
f 5995 5992 6013
f 5959 6008 5961
f 6008 5965 5961
f 5967 6007 5971
f 6007 6006 5971
f 6006 6009 5977
f 6009 5980 5977
f 5962 5963 5964
f 5963 5966 5964
f 5963 5961 5966
f 5961 5965 5966
f 5968 5969 5970
f 5969 5972 5970
f 5969 5967 5972
f 5967 5971 5972
f 5983 5984 5985
f 5984 5987 5985
f 5984 5982 5987
f 5982 5986 5987
f 5970 5972 5973
f 5972 5975 5973
f 5972 5971 5975
f 5971 5974 5975
f 5973 5975 5976
f 5975 5978 5976
f 5975 5974 5978
f 5974 5977 5978
f 5985 5987 5988
f 5987 5990 5988
f 5987 5986 5990
f 5986 5989 5990
f 5988 5990 5991
f 5990 5993 5991
f 5990 5989 5993
f 5989 5992 5993
f 5998 5999 6000
f 5999 6002 6000
f 5999 5997 6002
f 5997 6001 6002
f 5976 5978 5979
f 5978 5981 5979
f 5978 5977 5981
f 5977 5980 5981
f 5979 5981 5983
f 5981 5984 5983
f 5981 5980 5984
f 5980 5982 5984
f 5991 5993 5994
f 5993 5996 5994
f 5993 5992 5996
f 5992 5995 5996
f 5994 5996 5998
f 5996 5999 5998
f 5996 5995 5999
f 5995 5997 5999
f 6000 6002 6003
f 6002 6005 6003
f 6002 6001 6005
f 6001 6004 6005
f 5964 5966 5968
f 5966 5969 5968
f 5966 5965 5969
f 5965 5967 5969
f 6003 6005 5958
f 6005 5960 5958
f 6005 6004 5960
f 6004 5959 5960
f 5958 5960 5962
f 5960 5963 5962
f 5960 5959 5963
f 5959 5961 5963
f 6007 6010 6006
f 6010 6009 6006
f 6010 6013 6009
f 6013 6012 6009
f 6008 6011 6007
f 6011 6010 6007
f 6011 6014 6010
f 6014 6013 6010
f 6019 6015 6020
f 6015 6017 6020
f 6020 6017 6018
f 6017 6016 6018
f 6022 6019 6023
f 6019 6020 6023
f 6023 6020 6021
f 6020 6018 6021
f 6025 6022 6026
f 6022 6023 6026
f 6026 6023 6024
f 6023 6021 6024
f 6028 6025 6029
f 6025 6026 6029
f 6029 6026 6027
f 6026 6024 6027
f 6031 6028 6032
f 6028 6029 6032
f 6032 6029 6030
f 6029 6027 6030
f 6034 6031 6035
f 6031 6032 6035
f 6035 6032 6033
f 6032 6030 6033
f 6037 6034 6038
f 6034 6035 6038
f 6038 6035 6036
f 6035 6033 6036
f 6040 6037 6041
f 6037 6038 6041
f 6041 6038 6039
f 6038 6036 6039
f 6043 6040 6044
f 6040 6041 6044
f 6044 6041 6042
f 6041 6039 6042
f 6046 6043 6047
f 6043 6044 6047
f 6047 6044 6045
f 6044 6042 6045
f 6049 6046 6050
f 6046 6047 6050
f 6050 6047 6048
f 6047 6045 6048
f 6052 6049 6053
f 6049 6050 6053
f 6053 6050 6051
f 6050 6048 6051
f 6055 6052 6056
f 6052 6053 6056
f 6056 6053 6054
f 6053 6051 6054
f 6058 6055 6059
f 6055 6056 6059
f 6059 6056 6057
f 6056 6054 6057
f 6061 6058 6062
f 6058 6059 6062
f 6062 6059 6060
f 6059 6057 6060
f 6015 6061 6017
f 6061 6062 6017
f 6017 6062 6016
f 6062 6060 6016
f 5973 5976 6046
f 5976 6043 6046
f 5998 6000 6022
f 6000 6019 6022
f 5976 5979 6043
f 5979 6040 6043
f 6015 6003 6061
f 6003 5958 6061
f 6000 6003 6019
f 6003 6015 6019
f 5979 5983 6040
f 5983 6037 6040
f 6061 5958 6058
f 5958 5962 6058
f 5983 5985 6037
f 5985 6034 6037
f 5962 5964 6058
f 5964 6055 6058
f 5985 5988 6034
f 5988 6031 6034
f 5964 5968 6055
f 5968 6052 6055
f 5988 5991 6031
f 5991 6028 6031
f 5968 5970 6052
f 5970 6049 6052
f 5991 5994 6028
f 5994 6025 6028
f 5970 5973 6049
f 5973 6046 6049
f 6070 6113 6072
f 6113 6112 6072
f 6099 6103 6130
f 6103 6127 6130
f 6118 6097 6117
f 6097 6094 6117
f 6114 6117 6085
f 6117 6087 6085
f 6102 6100 6106
f 6100 6119 6106
f 6109 6116 6064
f 6116 6113 6064
f 6117 6094 6087
f 6094 6091 6087
f 6076 6111 6079
f 6111 6082 6079
f 6106 6119 6109
f 6119 6116 6109
f 6119 6100 6118
f 6100 6097 6118
f 6064 6113 6066
f 6113 6070 6066
f 6072 6112 6076
f 6112 6111 6076
f 6111 6114 6082
f 6114 6085 6082
f 6067 6068 6069
f 6068 6071 6069
f 6068 6066 6071
f 6066 6070 6071
f 6073 6074 6075
f 6074 6077 6075
f 6074 6072 6077
f 6072 6076 6077
f 6088 6089 6090
f 6089 6092 6090
f 6089 6087 6092
f 6087 6091 6092
f 6075 6077 6078
f 6077 6080 6078
f 6077 6076 6080
f 6076 6079 6080
f 6078 6080 6081
f 6080 6083 6081
f 6080 6079 6083
f 6079 6082 6083
f 6090 6092 6093
f 6092 6095 6093
f 6092 6091 6095
f 6091 6094 6095
f 6093 6095 6096
f 6095 6098 6096
f 6095 6094 6098
f 6094 6097 6098
f 6103 6104 6105
f 6104 6107 6105
f 6104 6102 6107
f 6102 6106 6107
f 6081 6083 6084
f 6083 6086 6084
f 6083 6082 6086
f 6082 6085 6086
f 6084 6086 6088
f 6086 6089 6088
f 6086 6085 6089
f 6085 6087 6089
f 6096 6098 6099
f 6098 6101 6099
f 6098 6097 6101
f 6097 6100 6101
f 6099 6101 6103
f 6101 6104 6103
f 6101 6100 6104
f 6100 6102 6104
f 6105 6107 6108
f 6107 6110 6108
f 6107 6106 6110
f 6106 6109 6110
f 6069 6071 6073
f 6071 6074 6073
f 6071 6070 6074
f 6070 6072 6074
f 6108 6110 6063
f 6110 6065 6063
f 6110 6109 6065
f 6109 6064 6065
f 6063 6065 6067
f 6065 6068 6067
f 6065 6064 6068
f 6064 6066 6068
f 6112 6115 6111
f 6115 6114 6111
f 6115 6118 6114
f 6118 6117 6114
f 6113 6116 6112
f 6116 6115 6112
f 6116 6119 6115
f 6119 6118 6115
f 6124 6120 6125
f 6120 6122 6125
f 6125 6122 6123
f 6122 6121 6123
f 6127 6124 6128
f 6124 6125 6128
f 6128 6125 6126
f 6125 6123 6126
f 6130 6127 6131
f 6127 6128 6131
f 6131 6128 6129
f 6128 6126 6129
f 6133 6130 6134
f 6130 6131 6134
f 6134 6131 6132
f 6131 6129 6132
f 6136 6133 6137
f 6133 6134 6137
f 6137 6134 6135
f 6134 6132 6135
f 6139 6136 6140
f 6136 6137 6140
f 6140 6137 6138
f 6137 6135 6138
f 6142 6139 6143
f 6139 6140 6143
f 6143 6140 6141
f 6140 6138 6141
f 6145 6142 6146
f 6142 6143 6146
f 6146 6143 6144
f 6143 6141 6144
f 6148 6145 6149
f 6145 6146 6149
f 6149 6146 6147
f 6146 6144 6147
f 6151 6148 6152
f 6148 6149 6152
f 6152 6149 6150
f 6149 6147 6150
f 6154 6151 6155
f 6151 6152 6155
f 6155 6152 6153
f 6152 6150 6153
f 6157 6154 6158
f 6154 6155 6158
f 6158 6155 6156
f 6155 6153 6156
f 6160 6157 6161
f 6157 6158 6161
f 6161 6158 6159
f 6158 6156 6159
f 6163 6160 6164
f 6160 6161 6164
f 6164 6161 6162
f 6161 6159 6162
f 6166 6163 6167
f 6163 6164 6167
f 6167 6164 6165
f 6164 6162 6165
f 6120 6166 6122
f 6166 6167 6122
f 6122 6167 6121
f 6167 6165 6121
f 6078 6081 6151
f 6081 6148 6151
f 6103 6105 6127
f 6105 6124 6127
f 6081 6084 6148
f 6084 6145 6148
f 6120 6108 6166
f 6108 6063 6166
f 6105 6108 6124
f 6108 6120 6124
f 6084 6088 6145
f 6088 6142 6145
f 6166 6063 6163
f 6063 6067 6163
f 6088 6090 6142
f 6090 6139 6142
f 6067 6069 6163
f 6069 6160 6163
f 6090 6093 6139
f 6093 6136 6139
f 6069 6073 6160
f 6073 6157 6160
f 6093 6096 6136
f 6096 6133 6136
f 6073 6075 6157
f 6075 6154 6157
f 6096 6099 6133
f 6099 6130 6133
f 6075 6078 6154
f 6078 6151 6154
f 6175 6218 6177
f 6218 6217 6177
f 6204 6208 6235
f 6208 6232 6235
f 6223 6202 6222
f 6202 6199 6222
f 6219 6222 6190
f 6222 6192 6190
f 6207 6205 6211
f 6205 6224 6211
f 6214 6221 6169
f 6221 6218 6169
f 6222 6199 6192
f 6199 6196 6192
f 6181 6216 6184
f 6216 6187 6184
f 6211 6224 6214
f 6224 6221 6214
f 6224 6205 6223
f 6205 6202 6223
f 6169 6218 6171
f 6218 6175 6171
f 6177 6217 6181
f 6217 6216 6181
f 6216 6219 6187
f 6219 6190 6187
f 6172 6173 6174
f 6173 6176 6174
f 6173 6171 6176
f 6171 6175 6176
f 6178 6179 6180
f 6179 6182 6180
f 6179 6177 6182
f 6177 6181 6182
f 6193 6194 6195
f 6194 6197 6195
f 6194 6192 6197
f 6192 6196 6197
f 6180 6182 6183
f 6182 6185 6183
f 6182 6181 6185
f 6181 6184 6185
f 6183 6185 6186
f 6185 6188 6186
f 6185 6184 6188
f 6184 6187 6188
f 6195 6197 6198
f 6197 6200 6198
f 6197 6196 6200
f 6196 6199 6200
f 6198 6200 6201
f 6200 6203 6201
f 6200 6199 6203
f 6199 6202 6203
f 6208 6209 6210
f 6209 6212 6210
f 6209 6207 6212
f 6207 6211 6212
f 6186 6188 6189
f 6188 6191 6189
f 6188 6187 6191
f 6187 6190 6191
f 6189 6191 6193
f 6191 6194 6193
f 6191 6190 6194
f 6190 6192 6194
f 6201 6203 6204
f 6203 6206 6204
f 6203 6202 6206
f 6202 6205 6206
f 6204 6206 6208
f 6206 6209 6208
f 6206 6205 6209
f 6205 6207 6209
f 6210 6212 6213
f 6212 6215 6213
f 6212 6211 6215
f 6211 6214 6215
f 6174 6176 6178
f 6176 6179 6178
f 6176 6175 6179
f 6175 6177 6179
f 6213 6215 6168
f 6215 6170 6168
f 6215 6214 6170
f 6214 6169 6170
f 6168 6170 6172
f 6170 6173 6172
f 6170 6169 6173
f 6169 6171 6173
f 6217 6220 6216
f 6220 6219 6216
f 6220 6223 6219
f 6223 6222 6219
f 6218 6221 6217
f 6221 6220 6217
f 6221 6224 6220
f 6224 6223 6220
f 6229 6225 6230
f 6225 6227 6230
f 6230 6227 6228
f 6227 6226 6228
f 6232 6229 6233
f 6229 6230 6233
f 6233 6230 6231
f 6230 6228 6231
f 6235 6232 6236
f 6232 6233 6236
f 6236 6233 6234
f 6233 6231 6234
f 6238 6235 6239
f 6235 6236 6239
f 6239 6236 6237
f 6236 6234 6237
f 6241 6238 6242
f 6238 6239 6242
f 6242 6239 6240
f 6239 6237 6240
f 6244 6241 6245
f 6241 6242 6245
f 6245 6242 6243
f 6242 6240 6243
f 6247 6244 6248
f 6244 6245 6248
f 6248 6245 6246
f 6245 6243 6246
f 6250 6247 6251
f 6247 6248 6251
f 6251 6248 6249
f 6248 6246 6249
f 6253 6250 6254
f 6250 6251 6254
f 6254 6251 6252
f 6251 6249 6252
f 6256 6253 6257
f 6253 6254 6257
f 6257 6254 6255
f 6254 6252 6255
f 6259 6256 6260
f 6256 6257 6260
f 6260 6257 6258
f 6257 6255 6258
f 6262 6259 6263
f 6259 6260 6263
f 6263 6260 6261
f 6260 6258 6261
f 6265 6262 6266
f 6262 6263 6266
f 6266 6263 6264
f 6263 6261 6264
f 6268 6265 6269
f 6265 6266 6269
f 6269 6266 6267
f 6266 6264 6267
f 6271 6268 6272
f 6268 6269 6272
f 6272 6269 6270
f 6269 6267 6270
f 6225 6271 6227
f 6271 6272 6227
f 6227 6272 6226
f 6272 6270 6226
f 6183 6186 6256
f 6186 6253 6256
f 6208 6210 6232
f 6210 6229 6232
f 6186 6189 6253
f 6189 6250 6253
f 6225 6213 6271
f 6213 6168 6271
f 6210 6213 6229
f 6213 6225 6229
f 6189 6193 6250
f 6193 6247 6250
f 6271 6168 6268
f 6168 6172 6268
f 6193 6195 6247
f 6195 6244 6247
f 6172 6174 6268
f 6174 6265 6268
f 6195 6198 6244
f 6198 6241 6244
f 6174 6178 6265
f 6178 6262 6265
f 6198 6201 6241
f 6201 6238 6241
f 6178 6180 6262
f 6180 6259 6262
f 6201 6204 6238
f 6204 6235 6238
f 6180 6183 6259
f 6183 6256 6259
f 6280 6323 6282
f 6323 6322 6282
f 6309 6313 6340
f 6313 6337 6340
f 6328 6307 6327
f 6307 6304 6327
f 6324 6327 6295
f 6327 6297 6295
f 6312 6310 6316
f 6310 6329 6316
f 6319 6326 6274
f 6326 6323 6274
f 6327 6304 6297
f 6304 6301 6297
f 6286 6321 6289
f 6321 6292 6289
f 6316 6329 6319
f 6329 6326 6319
f 6329 6310 6328
f 6310 6307 6328
f 6274 6323 6276
f 6323 6280 6276
f 6282 6322 6286
f 6322 6321 6286
f 6321 6324 6292
f 6324 6295 6292
f 6277 6278 6279
f 6278 6281 6279
f 6278 6276 6281
f 6276 6280 6281
f 6283 6284 6285
f 6284 6287 6285
f 6284 6282 6287
f 6282 6286 6287
f 6298 6299 6300
f 6299 6302 6300
f 6299 6297 6302
f 6297 6301 6302
f 6285 6287 6288
f 6287 6290 6288
f 6287 6286 6290
f 6286 6289 6290
f 6288 6290 6291
f 6290 6293 6291
f 6290 6289 6293
f 6289 6292 6293
f 6300 6302 6303
f 6302 6305 6303
f 6302 6301 6305
f 6301 6304 6305
f 6303 6305 6306
f 6305 6308 6306
f 6305 6304 6308
f 6304 6307 6308
f 6313 6314 6315
f 6314 6317 6315
f 6314 6312 6317
f 6312 6316 6317
f 6291 6293 6294
f 6293 6296 6294
f 6293 6292 6296
f 6292 6295 6296
f 6294 6296 6298
f 6296 6299 6298
f 6296 6295 6299
f 6295 6297 6299
f 6306 6308 6309
f 6308 6311 6309
f 6308 6307 6311
f 6307 6310 6311
f 6309 6311 6313
f 6311 6314 6313
f 6311 6310 6314
f 6310 6312 6314
f 6315 6317 6318
f 6317 6320 6318
f 6317 6316 6320
f 6316 6319 6320
f 6279 6281 6283
f 6281 6284 6283
f 6281 6280 6284
f 6280 6282 6284
f 6318 6320 6273
f 6320 6275 6273
f 6320 6319 6275
f 6319 6274 6275
f 6273 6275 6277
f 6275 6278 6277
f 6275 6274 6278
f 6274 6276 6278
f 6322 6325 6321
f 6325 6324 6321
f 6325 6328 6324
f 6328 6327 6324
f 6323 6326 6322
f 6326 6325 6322
f 6326 6329 6325
f 6329 6328 6325
f 6334 6330 6335
f 6330 6332 6335
f 6335 6332 6333
f 6332 6331 6333
f 6337 6334 6338
f 6334 6335 6338
f 6338 6335 6336
f 6335 6333 6336
f 6340 6337 6341
f 6337 6338 6341
f 6341 6338 6339
f 6338 6336 6339
f 6343 6340 6344
f 6340 6341 6344
f 6344 6341 6342
f 6341 6339 6342
f 6346 6343 6347
f 6343 6344 6347
f 6347 6344 6345
f 6344 6342 6345
f 6349 6346 6350
f 6346 6347 6350
f 6350 6347 6348
f 6347 6345 6348
f 6352 6349 6353
f 6349 6350 6353
f 6353 6350 6351
f 6350 6348 6351
f 6355 6352 6356
f 6352 6353 6356
f 6356 6353 6354
f 6353 6351 6354
f 6358 6355 6359
f 6355 6356 6359
f 6359 6356 6357
f 6356 6354 6357
f 6361 6358 6362
f 6358 6359 6362
f 6362 6359 6360
f 6359 6357 6360
f 6364 6361 6365
f 6361 6362 6365
f 6365 6362 6363
f 6362 6360 6363
f 6367 6364 6368
f 6364 6365 6368
f 6368 6365 6366
f 6365 6363 6366
f 6370 6367 6371
f 6367 6368 6371
f 6371 6368 6369
f 6368 6366 6369
f 6373 6370 6374
f 6370 6371 6374
f 6374 6371 6372
f 6371 6369 6372
f 6376 6373 6377
f 6373 6374 6377
f 6377 6374 6375
f 6374 6372 6375
f 6330 6376 6332
f 6376 6377 6332
f 6332 6377 6331
f 6377 6375 6331
f 6288 6291 6361
f 6291 6358 6361
f 6313 6315 6337
f 6315 6334 6337
f 6291 6294 6358
f 6294 6355 6358
f 6330 6318 6376
f 6318 6273 6376
f 6315 6318 6334
f 6318 6330 6334
f 6294 6298 6355
f 6298 6352 6355
f 6376 6273 6373
f 6273 6277 6373
f 6298 6300 6352
f 6300 6349 6352
f 6277 6279 6373
f 6279 6370 6373
f 6300 6303 6349
f 6303 6346 6349
f 6279 6283 6370
f 6283 6367 6370
f 6303 6306 6346
f 6306 6343 6346
f 6283 6285 6367
f 6285 6364 6367
f 6306 6309 6343
f 6309 6340 6343
f 6285 6288 6364
f 6288 6361 6364
f 6385 6428 6387
f 6428 6427 6387
f 6414 6418 6445
f 6418 6442 6445
f 6433 6412 6432
f 6412 6409 6432
f 6429 6432 6400
f 6432 6402 6400
f 6417 6415 6421
f 6415 6434 6421
f 6424 6431 6379
f 6431 6428 6379
f 6432 6409 6402
f 6409 6406 6402
f 6391 6426 6394
f 6426 6397 6394
f 6421 6434 6424
f 6434 6431 6424
f 6434 6415 6433
f 6415 6412 6433
f 6379 6428 6381
f 6428 6385 6381
f 6387 6427 6391
f 6427 6426 6391
f 6426 6429 6397
f 6429 6400 6397
f 6382 6383 6384
f 6383 6386 6384
f 6383 6381 6386
f 6381 6385 6386
f 6388 6389 6390
f 6389 6392 6390
f 6389 6387 6392
f 6387 6391 6392
f 6403 6404 6405
f 6404 6407 6405
f 6404 6402 6407
f 6402 6406 6407
f 6390 6392 6393
f 6392 6395 6393
f 6392 6391 6395
f 6391 6394 6395
f 6393 6395 6396
f 6395 6398 6396
f 6395 6394 6398
f 6394 6397 6398
f 6405 6407 6408
f 6407 6410 6408
f 6407 6406 6410
f 6406 6409 6410
f 6408 6410 6411
f 6410 6413 6411
f 6410 6409 6413
f 6409 6412 6413
f 6418 6419 6420
f 6419 6422 6420
f 6419 6417 6422
f 6417 6421 6422
f 6396 6398 6399
f 6398 6401 6399
f 6398 6397 6401
f 6397 6400 6401
f 6399 6401 6403
f 6401 6404 6403
f 6401 6400 6404
f 6400 6402 6404
f 6411 6413 6414
f 6413 6416 6414
f 6413 6412 6416
f 6412 6415 6416
f 6414 6416 6418
f 6416 6419 6418
f 6416 6415 6419
f 6415 6417 6419
f 6420 6422 6423
f 6422 6425 6423
f 6422 6421 6425
f 6421 6424 6425
f 6384 6386 6388
f 6386 6389 6388
f 6386 6385 6389
f 6385 6387 6389
f 6423 6425 6378
f 6425 6380 6378
f 6425 6424 6380
f 6424 6379 6380
f 6378 6380 6382
f 6380 6383 6382
f 6380 6379 6383
f 6379 6381 6383
f 6427 6430 6426
f 6430 6429 6426
f 6430 6433 6429
f 6433 6432 6429
f 6428 6431 6427
f 6431 6430 6427
f 6431 6434 6430
f 6434 6433 6430
f 6439 6435 6440
f 6435 6437 6440
f 6440 6437 6438
f 6437 6436 6438
f 6442 6439 6443
f 6439 6440 6443
f 6443 6440 6441
f 6440 6438 6441
f 6445 6442 6446
f 6442 6443 6446
f 6446 6443 6444
f 6443 6441 6444
f 6448 6445 6449
f 6445 6446 6449
f 6449 6446 6447
f 6446 6444 6447
f 6451 6448 6452
f 6448 6449 6452
f 6452 6449 6450
f 6449 6447 6450
f 6454 6451 6455
f 6451 6452 6455
f 6455 6452 6453
f 6452 6450 6453
f 6457 6454 6458
f 6454 6455 6458
f 6458 6455 6456
f 6455 6453 6456
f 6460 6457 6461
f 6457 6458 6461
f 6461 6458 6459
f 6458 6456 6459
f 6463 6460 6464
f 6460 6461 6464
f 6464 6461 6462
f 6461 6459 6462
f 6466 6463 6467
f 6463 6464 6467
f 6467 6464 6465
f 6464 6462 6465
f 6469 6466 6470
f 6466 6467 6470
f 6470 6467 6468
f 6467 6465 6468
f 6472 6469 6473
f 6469 6470 6473
f 6473 6470 6471
f 6470 6468 6471
f 6475 6472 6476
f 6472 6473 6476
f 6476 6473 6474
f 6473 6471 6474
f 6478 6475 6479
f 6475 6476 6479
f 6479 6476 6477
f 6476 6474 6477
f 6481 6478 6482
f 6478 6479 6482
f 6482 6479 6480
f 6479 6477 6480
f 6435 6481 6437
f 6481 6482 6437
f 6437 6482 6436
f 6482 6480 6436
f 6393 6396 6466
f 6396 6463 6466
f 6418 6420 6442
f 6420 6439 6442
f 6396 6399 6463
f 6399 6460 6463
f 6435 6423 6481
f 6423 6378 6481
f 6420 6423 6439
f 6423 6435 6439
f 6399 6403 6460
f 6403 6457 6460
f 6481 6378 6478
f 6378 6382 6478
f 6403 6405 6457
f 6405 6454 6457
f 6382 6384 6478
f 6384 6475 6478
f 6405 6408 6454
f 6408 6451 6454
f 6384 6388 6475
f 6388 6472 6475
f 6408 6411 6451
f 6411 6448 6451
f 6388 6390 6472
f 6390 6469 6472
f 6411 6414 6448
f 6414 6445 6448
f 6390 6393 6469
f 6393 6466 6469
f 6490 6533 6492
f 6533 6532 6492
f 6519 6523 6550
f 6523 6547 6550
f 6538 6517 6537
f 6517 6514 6537
f 6534 6537 6505
f 6537 6507 6505
f 6522 6520 6526
f 6520 6539 6526
f 6529 6536 6484
f 6536 6533 6484
f 6537 6514 6507
f 6514 6511 6507
f 6496 6531 6499
f 6531 6502 6499
f 6526 6539 6529
f 6539 6536 6529
f 6539 6520 6538
f 6520 6517 6538
f 6484 6533 6486
f 6533 6490 6486
f 6492 6532 6496
f 6532 6531 6496
f 6531 6534 6502
f 6534 6505 6502
f 6487 6488 6489
f 6488 6491 6489
f 6488 6486 6491
f 6486 6490 6491
f 6493 6494 6495
f 6494 6497 6495
f 6494 6492 6497
f 6492 6496 6497
f 6508 6509 6510
f 6509 6512 6510
f 6509 6507 6512
f 6507 6511 6512
f 6495 6497 6498
f 6497 6500 6498
f 6497 6496 6500
f 6496 6499 6500
f 6498 6500 6501
f 6500 6503 6501
f 6500 6499 6503
f 6499 6502 6503
f 6510 6512 6513
f 6512 6515 6513
f 6512 6511 6515
f 6511 6514 6515
f 6513 6515 6516
f 6515 6518 6516
f 6515 6514 6518
f 6514 6517 6518
f 6523 6524 6525
f 6524 6527 6525
f 6524 6522 6527
f 6522 6526 6527
f 6501 6503 6504
f 6503 6506 6504
f 6503 6502 6506
f 6502 6505 6506
f 6504 6506 6508
f 6506 6509 6508
f 6506 6505 6509
f 6505 6507 6509
f 6516 6518 6519
f 6518 6521 6519
f 6518 6517 6521
f 6517 6520 6521
f 6519 6521 6523
f 6521 6524 6523
f 6521 6520 6524
f 6520 6522 6524
f 6525 6527 6528
f 6527 6530 6528
f 6527 6526 6530
f 6526 6529 6530
f 6489 6491 6493
f 6491 6494 6493
f 6491 6490 6494
f 6490 6492 6494
f 6528 6530 6483
f 6530 6485 6483
f 6530 6529 6485
f 6529 6484 6485
f 6483 6485 6487
f 6485 6488 6487
f 6485 6484 6488
f 6484 6486 6488
f 6532 6535 6531
f 6535 6534 6531
f 6535 6538 6534
f 6538 6537 6534
f 6533 6536 6532
f 6536 6535 6532
f 6536 6539 6535
f 6539 6538 6535
f 6544 6540 6545
f 6540 6542 6545
f 6545 6542 6543
f 6542 6541 6543
f 6547 6544 6548
f 6544 6545 6548
f 6548 6545 6546
f 6545 6543 6546
f 6550 6547 6551
f 6547 6548 6551
f 6551 6548 6549
f 6548 6546 6549
f 6553 6550 6554
f 6550 6551 6554
f 6554 6551 6552
f 6551 6549 6552
f 6556 6553 6557
f 6553 6554 6557
f 6557 6554 6555
f 6554 6552 6555
f 6559 6556 6560
f 6556 6557 6560
f 6560 6557 6558
f 6557 6555 6558
f 6562 6559 6563
f 6559 6560 6563
f 6563 6560 6561
f 6560 6558 6561
f 6565 6562 6566
f 6562 6563 6566
f 6566 6563 6564
f 6563 6561 6564
f 6568 6565 6569
f 6565 6566 6569
f 6569 6566 6567
f 6566 6564 6567
f 6571 6568 6572
f 6568 6569 6572
f 6572 6569 6570
f 6569 6567 6570
f 6574 6571 6575
f 6571 6572 6575
f 6575 6572 6573
f 6572 6570 6573
f 6577 6574 6578
f 6574 6575 6578
f 6578 6575 6576
f 6575 6573 6576
f 6580 6577 6581
f 6577 6578 6581
f 6581 6578 6579
f 6578 6576 6579
f 6583 6580 6584
f 6580 6581 6584
f 6584 6581 6582
f 6581 6579 6582
f 6586 6583 6587
f 6583 6584 6587
f 6587 6584 6585
f 6584 6582 6585
f 6540 6586 6542
f 6586 6587 6542
f 6542 6587 6541
f 6587 6585 6541
f 6498 6501 6571
f 6501 6568 6571
f 6523 6525 6547
f 6525 6544 6547
f 6501 6504 6568
f 6504 6565 6568
f 6540 6528 6586
f 6528 6483 6586
f 6525 6528 6544
f 6528 6540 6544
f 6504 6508 6565
f 6508 6562 6565
f 6586 6483 6583
f 6483 6487 6583
f 6508 6510 6562
f 6510 6559 6562
f 6487 6489 6583
f 6489 6580 6583
f 6510 6513 6559
f 6513 6556 6559
f 6489 6493 6580
f 6493 6577 6580
f 6513 6516 6556
f 6516 6553 6556
f 6493 6495 6577
f 6495 6574 6577
f 6516 6519 6553
f 6519 6550 6553
f 6495 6498 6574
f 6498 6571 6574
f 6595 6638 6597
f 6638 6637 6597
f 6624 6628 6655
f 6628 6652 6655
f 6643 6622 6642
f 6622 6619 6642
f 6639 6642 6610
f 6642 6612 6610
f 6627 6625 6631
f 6625 6644 6631
f 6634 6641 6589
f 6641 6638 6589
f 6642 6619 6612
f 6619 6616 6612
f 6601 6636 6604
f 6636 6607 6604
f 6631 6644 6634
f 6644 6641 6634
f 6644 6625 6643
f 6625 6622 6643
f 6589 6638 6591
f 6638 6595 6591
f 6597 6637 6601
f 6637 6636 6601
f 6636 6639 6607
f 6639 6610 6607
f 6592 6593 6594
f 6593 6596 6594
f 6593 6591 6596
f 6591 6595 6596
f 6598 6599 6600
f 6599 6602 6600
f 6599 6597 6602
f 6597 6601 6602
f 6613 6614 6615
f 6614 6617 6615
f 6614 6612 6617
f 6612 6616 6617
f 6600 6602 6603
f 6602 6605 6603
f 6602 6601 6605
f 6601 6604 6605
f 6603 6605 6606
f 6605 6608 6606
f 6605 6604 6608
f 6604 6607 6608
f 6615 6617 6618
f 6617 6620 6618
f 6617 6616 6620
f 6616 6619 6620
f 6618 6620 6621
f 6620 6623 6621
f 6620 6619 6623
f 6619 6622 6623
f 6628 6629 6630
f 6629 6632 6630
f 6629 6627 6632
f 6627 6631 6632
f 6606 6608 6609
f 6608 6611 6609
f 6608 6607 6611
f 6607 6610 6611
f 6609 6611 6613
f 6611 6614 6613
f 6611 6610 6614
f 6610 6612 6614
f 6621 6623 6624
f 6623 6626 6624
f 6623 6622 6626
f 6622 6625 6626
f 6624 6626 6628
f 6626 6629 6628
f 6626 6625 6629
f 6625 6627 6629
f 6630 6632 6633
f 6632 6635 6633
f 6632 6631 6635
f 6631 6634 6635
f 6594 6596 6598
f 6596 6599 6598
f 6596 6595 6599
f 6595 6597 6599
f 6633 6635 6588
f 6635 6590 6588
f 6635 6634 6590
f 6634 6589 6590
f 6588 6590 6592
f 6590 6593 6592
f 6590 6589 6593
f 6589 6591 6593
f 6637 6640 6636
f 6640 6639 6636
f 6640 6643 6639
f 6643 6642 6639
f 6638 6641 6637
f 6641 6640 6637
f 6641 6644 6640
f 6644 6643 6640
f 6649 6645 6650
f 6645 6647 6650
f 6650 6647 6648
f 6647 6646 6648
f 6652 6649 6653
f 6649 6650 6653
f 6653 6650 6651
f 6650 6648 6651
f 6655 6652 6656
f 6652 6653 6656
f 6656 6653 6654
f 6653 6651 6654
f 6658 6655 6659
f 6655 6656 6659
f 6659 6656 6657
f 6656 6654 6657
f 6661 6658 6662
f 6658 6659 6662
f 6662 6659 6660
f 6659 6657 6660
f 6664 6661 6665
f 6661 6662 6665
f 6665 6662 6663
f 6662 6660 6663
f 6667 6664 6668
f 6664 6665 6668
f 6668 6665 6666
f 6665 6663 6666
f 6670 6667 6671
f 6667 6668 6671
f 6671 6668 6669
f 6668 6666 6669
f 6673 6670 6674
f 6670 6671 6674
f 6674 6671 6672
f 6671 6669 6672
f 6676 6673 6677
f 6673 6674 6677
f 6677 6674 6675
f 6674 6672 6675
f 6679 6676 6680
f 6676 6677 6680
f 6680 6677 6678
f 6677 6675 6678
f 6682 6679 6683
f 6679 6680 6683
f 6683 6680 6681
f 6680 6678 6681
f 6685 6682 6686
f 6682 6683 6686
f 6686 6683 6684
f 6683 6681 6684
f 6688 6685 6689
f 6685 6686 6689
f 6689 6686 6687
f 6686 6684 6687
f 6691 6688 6692
f 6688 6689 6692
f 6692 6689 6690
f 6689 6687 6690
f 6645 6691 6647
f 6691 6692 6647
f 6647 6692 6646
f 6692 6690 6646
f 6603 6606 6676
f 6606 6673 6676
f 6628 6630 6652
f 6630 6649 6652
f 6606 6609 6673
f 6609 6670 6673
f 6645 6633 6691
f 6633 6588 6691
f 6630 6633 6649
f 6633 6645 6649
f 6609 6613 6670
f 6613 6667 6670
f 6691 6588 6688
f 6588 6592 6688
f 6613 6615 6667
f 6615 6664 6667
f 6592 6594 6688
f 6594 6685 6688
f 6615 6618 6664
f 6618 6661 6664
f 6594 6598 6685
f 6598 6682 6685
f 6618 6621 6661
f 6621 6658 6661
f 6598 6600 6682
f 6600 6679 6682
f 6621 6624 6658
f 6624 6655 6658
f 6600 6603 6679
f 6603 6676 6679
f 6700 6743 6702
f 6743 6742 6702
f 6729 6733 6760
f 6733 6757 6760
f 6748 6727 6747
f 6727 6724 6747
f 6744 6747 6715
f 6747 6717 6715
f 6732 6730 6736
f 6730 6749 6736
f 6739 6746 6694
f 6746 6743 6694
f 6747 6724 6717
f 6724 6721 6717
f 6706 6741 6709
f 6741 6712 6709
f 6736 6749 6739
f 6749 6746 6739
f 6749 6730 6748
f 6730 6727 6748
f 6694 6743 6696
f 6743 6700 6696
f 6702 6742 6706
f 6742 6741 6706
f 6741 6744 6712
f 6744 6715 6712
f 6697 6698 6699
f 6698 6701 6699
f 6698 6696 6701
f 6696 6700 6701
f 6703 6704 6705
f 6704 6707 6705
f 6704 6702 6707
f 6702 6706 6707
f 6718 6719 6720
f 6719 6722 6720
f 6719 6717 6722
f 6717 6721 6722
f 6705 6707 6708
f 6707 6710 6708
f 6707 6706 6710
f 6706 6709 6710
f 6708 6710 6711
f 6710 6713 6711
f 6710 6709 6713
f 6709 6712 6713
f 6720 6722 6723
f 6722 6725 6723
f 6722 6721 6725
f 6721 6724 6725
f 6723 6725 6726
f 6725 6728 6726
f 6725 6724 6728
f 6724 6727 6728
f 6733 6734 6735
f 6734 6737 6735
f 6734 6732 6737
f 6732 6736 6737
f 6711 6713 6714
f 6713 6716 6714
f 6713 6712 6716
f 6712 6715 6716
f 6714 6716 6718
f 6716 6719 6718
f 6716 6715 6719
f 6715 6717 6719
f 6726 6728 6729
f 6728 6731 6729
f 6728 6727 6731
f 6727 6730 6731
f 6729 6731 6733
f 6731 6734 6733
f 6731 6730 6734
f 6730 6732 6734
f 6735 6737 6738
f 6737 6740 6738
f 6737 6736 6740
f 6736 6739 6740
f 6699 6701 6703
f 6701 6704 6703
f 6701 6700 6704
f 6700 6702 6704
f 6738 6740 6693
f 6740 6695 6693
f 6740 6739 6695
f 6739 6694 6695
f 6693 6695 6697
f 6695 6698 6697
f 6695 6694 6698
f 6694 6696 6698
f 6742 6745 6741
f 6745 6744 6741
f 6745 6748 6744
f 6748 6747 6744
f 6743 6746 6742
f 6746 6745 6742
f 6746 6749 6745
f 6749 6748 6745
f 6754 6750 6755
f 6750 6752 6755
f 6755 6752 6753
f 6752 6751 6753
f 6757 6754 6758
f 6754 6755 6758
f 6758 6755 6756
f 6755 6753 6756
f 6760 6757 6761
f 6757 6758 6761
f 6761 6758 6759
f 6758 6756 6759
f 6763 6760 6764
f 6760 6761 6764
f 6764 6761 6762
f 6761 6759 6762
f 6766 6763 6767
f 6763 6764 6767
f 6767 6764 6765
f 6764 6762 6765
f 6769 6766 6770
f 6766 6767 6770
f 6770 6767 6768
f 6767 6765 6768
f 6772 6769 6773
f 6769 6770 6773
f 6773 6770 6771
f 6770 6768 6771
f 6775 6772 6776
f 6772 6773 6776
f 6776 6773 6774
f 6773 6771 6774
f 6778 6775 6779
f 6775 6776 6779
f 6779 6776 6777
f 6776 6774 6777
f 6781 6778 6782
f 6778 6779 6782
f 6782 6779 6780
f 6779 6777 6780
f 6784 6781 6785
f 6781 6782 6785
f 6785 6782 6783
f 6782 6780 6783
f 6787 6784 6788
f 6784 6785 6788
f 6788 6785 6786
f 6785 6783 6786
f 6790 6787 6791
f 6787 6788 6791
f 6791 6788 6789
f 6788 6786 6789
f 6793 6790 6794
f 6790 6791 6794
f 6794 6791 6792
f 6791 6789 6792
f 6796 6793 6797
f 6793 6794 6797
f 6797 6794 6795
f 6794 6792 6795
f 6750 6796 6752
f 6796 6797 6752
f 6752 6797 6751
f 6797 6795 6751
f 6708 6711 6781
f 6711 6778 6781
f 6733 6735 6757
f 6735 6754 6757
f 6711 6714 6778
f 6714 6775 6778
f 6750 6738 6796
f 6738 6693 6796
f 6735 6738 6754
f 6738 6750 6754
f 6714 6718 6775
f 6718 6772 6775
f 6796 6693 6793
f 6693 6697 6793
f 6718 6720 6772
f 6720 6769 6772
f 6697 6699 6793
f 6699 6790 6793
f 6720 6723 6769
f 6723 6766 6769
f 6699 6703 6790
f 6703 6787 6790
f 6723 6726 6766
f 6726 6763 6766
f 6703 6705 6787
f 6705 6784 6787
f 6726 6729 6763
f 6729 6760 6763
f 6705 6708 6784
f 6708 6781 6784
f 6805 6848 6807
f 6848 6847 6807
f 6834 6838 6865
f 6838 6862 6865
f 6853 6832 6852
f 6832 6829 6852
f 6849 6852 6820
f 6852 6822 6820
f 6837 6835 6841
f 6835 6854 6841
f 6844 6851 6799
f 6851 6848 6799
f 6852 6829 6822
f 6829 6826 6822
f 6811 6846 6814
f 6846 6817 6814
f 6841 6854 6844
f 6854 6851 6844
f 6854 6835 6853
f 6835 6832 6853
f 6799 6848 6801
f 6848 6805 6801
f 6807 6847 6811
f 6847 6846 6811
f 6846 6849 6817
f 6849 6820 6817
f 6802 6803 6804
f 6803 6806 6804
f 6803 6801 6806
f 6801 6805 6806
f 6808 6809 6810
f 6809 6812 6810
f 6809 6807 6812
f 6807 6811 6812
f 6823 6824 6825
f 6824 6827 6825
f 6824 6822 6827
f 6822 6826 6827
f 6810 6812 6813
f 6812 6815 6813
f 6812 6811 6815
f 6811 6814 6815
f 6813 6815 6816
f 6815 6818 6816
f 6815 6814 6818
f 6814 6817 6818
f 6825 6827 6828
f 6827 6830 6828
f 6827 6826 6830
f 6826 6829 6830
f 6828 6830 6831
f 6830 6833 6831
f 6830 6829 6833
f 6829 6832 6833
f 6838 6839 6840
f 6839 6842 6840
f 6839 6837 6842
f 6837 6841 6842
f 6816 6818 6819
f 6818 6821 6819
f 6818 6817 6821
f 6817 6820 6821
f 6819 6821 6823
f 6821 6824 6823
f 6821 6820 6824
f 6820 6822 6824
f 6831 6833 6834
f 6833 6836 6834
f 6833 6832 6836
f 6832 6835 6836
f 6834 6836 6838
f 6836 6839 6838
f 6836 6835 6839
f 6835 6837 6839
f 6840 6842 6843
f 6842 6845 6843
f 6842 6841 6845
f 6841 6844 6845
f 6804 6806 6808
f 6806 6809 6808
f 6806 6805 6809
f 6805 6807 6809
f 6843 6845 6798
f 6845 6800 6798
f 6845 6844 6800
f 6844 6799 6800
f 6798 6800 6802
f 6800 6803 6802
f 6800 6799 6803
f 6799 6801 6803
f 6847 6850 6846
f 6850 6849 6846
f 6850 6853 6849
f 6853 6852 6849
f 6848 6851 6847
f 6851 6850 6847
f 6851 6854 6850
f 6854 6853 6850
f 6859 6855 6860
f 6855 6857 6860
f 6860 6857 6858
f 6857 6856 6858
f 6862 6859 6863
f 6859 6860 6863
f 6863 6860 6861
f 6860 6858 6861
f 6865 6862 6866
f 6862 6863 6866
f 6866 6863 6864
f 6863 6861 6864
f 6868 6865 6869
f 6865 6866 6869
f 6869 6866 6867
f 6866 6864 6867
f 6871 6868 6872
f 6868 6869 6872
f 6872 6869 6870
f 6869 6867 6870
f 6874 6871 6875
f 6871 6872 6875
f 6875 6872 6873
f 6872 6870 6873
f 6877 6874 6878
f 6874 6875 6878
f 6878 6875 6876
f 6875 6873 6876
f 6880 6877 6881
f 6877 6878 6881
f 6881 6878 6879
f 6878 6876 6879
f 6883 6880 6884
f 6880 6881 6884
f 6884 6881 6882
f 6881 6879 6882
f 6886 6883 6887
f 6883 6884 6887
f 6887 6884 6885
f 6884 6882 6885
f 6889 6886 6890
f 6886 6887 6890
f 6890 6887 6888
f 6887 6885 6888
f 6892 6889 6893
f 6889 6890 6893
f 6893 6890 6891
f 6890 6888 6891
f 6895 6892 6896
f 6892 6893 6896
f 6896 6893 6894
f 6893 6891 6894
f 6898 6895 6899
f 6895 6896 6899
f 6899 6896 6897
f 6896 6894 6897
f 6901 6898 6902
f 6898 6899 6902
f 6902 6899 6900
f 6899 6897 6900
f 6855 6901 6857
f 6901 6902 6857
f 6857 6902 6856
f 6902 6900 6856
f 6813 6816 6886
f 6816 6883 6886
f 6838 6840 6862
f 6840 6859 6862
f 6816 6819 6883
f 6819 6880 6883
f 6855 6843 6901
f 6843 6798 6901
f 6840 6843 6859
f 6843 6855 6859
f 6819 6823 6880
f 6823 6877 6880
f 6901 6798 6898
f 6798 6802 6898
f 6823 6825 6877
f 6825 6874 6877
f 6802 6804 6898
f 6804 6895 6898
f 6825 6828 6874
f 6828 6871 6874
f 6804 6808 6895
f 6808 6892 6895
f 6828 6831 6871
f 6831 6868 6871
f 6808 6810 6892
f 6810 6889 6892
f 6831 6834 6868
f 6834 6865 6868
f 6810 6813 6889
f 6813 6886 6889
f 6910 6953 6912
f 6953 6952 6912
f 6939 6943 6970
f 6943 6967 6970
f 6958 6937 6957
f 6937 6934 6957
f 6954 6957 6925
f 6957 6927 6925
f 6942 6940 6946
f 6940 6959 6946
f 6949 6956 6904
f 6956 6953 6904
f 6957 6934 6927
f 6934 6931 6927
f 6916 6951 6919
f 6951 6922 6919
f 6946 6959 6949
f 6959 6956 6949
f 6959 6940 6958
f 6940 6937 6958
f 6904 6953 6906
f 6953 6910 6906
f 6912 6952 6916
f 6952 6951 6916
f 6951 6954 6922
f 6954 6925 6922
f 6907 6908 6909
f 6908 6911 6909
f 6908 6906 6911
f 6906 6910 6911
f 6913 6914 6915
f 6914 6917 6915
f 6914 6912 6917
f 6912 6916 6917
f 6928 6929 6930
f 6929 6932 6930
f 6929 6927 6932
f 6927 6931 6932
f 6915 6917 6918
f 6917 6920 6918
f 6917 6916 6920
f 6916 6919 6920
f 6918 6920 6921
f 6920 6923 6921
f 6920 6919 6923
f 6919 6922 6923
f 6930 6932 6933
f 6932 6935 6933
f 6932 6931 6935
f 6931 6934 6935
f 6933 6935 6936
f 6935 6938 6936
f 6935 6934 6938
f 6934 6937 6938
f 6943 6944 6945
f 6944 6947 6945
f 6944 6942 6947
f 6942 6946 6947
f 6921 6923 6924
f 6923 6926 6924
f 6923 6922 6926
f 6922 6925 6926
f 6924 6926 6928
f 6926 6929 6928
f 6926 6925 6929
f 6925 6927 6929
f 6936 6938 6939
f 6938 6941 6939
f 6938 6937 6941
f 6937 6940 6941
f 6939 6941 6943
f 6941 6944 6943
f 6941 6940 6944
f 6940 6942 6944
f 6945 6947 6948
f 6947 6950 6948
f 6947 6946 6950
f 6946 6949 6950
f 6909 6911 6913
f 6911 6914 6913
f 6911 6910 6914
f 6910 6912 6914
f 6948 6950 6903
f 6950 6905 6903
f 6950 6949 6905
f 6949 6904 6905
f 6903 6905 6907
f 6905 6908 6907
f 6905 6904 6908
f 6904 6906 6908
f 6952 6955 6951
f 6955 6954 6951
f 6955 6958 6954
f 6958 6957 6954
f 6953 6956 6952
f 6956 6955 6952
f 6956 6959 6955
f 6959 6958 6955
f 6964 6960 6965
f 6960 6962 6965
f 6965 6962 6963
f 6962 6961 6963
f 6967 6964 6968
f 6964 6965 6968
f 6968 6965 6966
f 6965 6963 6966
f 6970 6967 6971
f 6967 6968 6971
f 6971 6968 6969
f 6968 6966 6969
f 6973 6970 6974
f 6970 6971 6974
f 6974 6971 6972
f 6971 6969 6972
f 6976 6973 6977
f 6973 6974 6977
f 6977 6974 6975
f 6974 6972 6975
f 6979 6976 6980
f 6976 6977 6980
f 6980 6977 6978
f 6977 6975 6978
f 6982 6979 6983
f 6979 6980 6983
f 6983 6980 6981
f 6980 6978 6981
f 6985 6982 6986
f 6982 6983 6986
f 6986 6983 6984
f 6983 6981 6984
f 6988 6985 6989
f 6985 6986 6989
f 6989 6986 6987
f 6986 6984 6987
f 6991 6988 6992
f 6988 6989 6992
f 6992 6989 6990
f 6989 6987 6990
f 6994 6991 6995
f 6991 6992 6995
f 6995 6992 6993
f 6992 6990 6993
f 6997 6994 6998
f 6994 6995 6998
f 6998 6995 6996
f 6995 6993 6996
f 7000 6997 7001
f 6997 6998 7001
f 7001 6998 6999
f 6998 6996 6999
f 7003 7000 7004
f 7000 7001 7004
f 7004 7001 7002
f 7001 6999 7002
f 7006 7003 7007
f 7003 7004 7007
f 7007 7004 7005
f 7004 7002 7005
f 6960 7006 6962
f 7006 7007 6962
f 6962 7007 6961
f 7007 7005 6961
f 6918 6921 6991
f 6921 6988 6991
f 6943 6945 6967
f 6945 6964 6967
f 6921 6924 6988
f 6924 6985 6988
f 6960 6948 7006
f 6948 6903 7006
f 6945 6948 6964
f 6948 6960 6964
f 6924 6928 6985
f 6928 6982 6985
f 7006 6903 7003
f 6903 6907 7003
f 6928 6930 6982
f 6930 6979 6982
f 6907 6909 7003
f 6909 7000 7003
f 6930 6933 6979
f 6933 6976 6979
f 6909 6913 7000
f 6913 6997 7000
f 6933 6936 6976
f 6936 6973 6976
f 6913 6915 6997
f 6915 6994 6997
f 6936 6939 6973
f 6939 6970 6973
f 6915 6918 6994
f 6918 6991 6994
f 7015 7058 7017
f 7058 7057 7017
f 7044 7048 7075
f 7048 7072 7075
f 7063 7042 7062
f 7042 7039 7062
f 7059 7062 7030
f 7062 7032 7030
f 7047 7045 7051
f 7045 7064 7051
f 7054 7061 7009
f 7061 7058 7009
f 7062 7039 7032
f 7039 7036 7032
f 7021 7056 7024
f 7056 7027 7024
f 7051 7064 7054
f 7064 7061 7054
f 7064 7045 7063
f 7045 7042 7063
f 7009 7058 7011
f 7058 7015 7011
f 7017 7057 7021
f 7057 7056 7021
f 7056 7059 7027
f 7059 7030 7027
f 7012 7013 7014
f 7013 7016 7014
f 7013 7011 7016
f 7011 7015 7016
f 7018 7019 7020
f 7019 7022 7020
f 7019 7017 7022
f 7017 7021 7022
f 7033 7034 7035
f 7034 7037 7035
f 7034 7032 7037
f 7032 7036 7037
f 7020 7022 7023
f 7022 7025 7023
f 7022 7021 7025
f 7021 7024 7025
f 7023 7025 7026
f 7025 7028 7026
f 7025 7024 7028
f 7024 7027 7028
f 7035 7037 7038
f 7037 7040 7038
f 7037 7036 7040
f 7036 7039 7040
f 7038 7040 7041
f 7040 7043 7041
f 7040 7039 7043
f 7039 7042 7043
f 7048 7049 7050
f 7049 7052 7050
f 7049 7047 7052
f 7047 7051 7052
f 7026 7028 7029
f 7028 7031 7029
f 7028 7027 7031
f 7027 7030 7031
f 7029 7031 7033
f 7031 7034 7033
f 7031 7030 7034
f 7030 7032 7034
f 7041 7043 7044
f 7043 7046 7044
f 7043 7042 7046
f 7042 7045 7046
f 7044 7046 7048
f 7046 7049 7048
f 7046 7045 7049
f 7045 7047 7049
f 7050 7052 7053
f 7052 7055 7053
f 7052 7051 7055
f 7051 7054 7055
f 7014 7016 7018
f 7016 7019 7018
f 7016 7015 7019
f 7015 7017 7019
f 7053 7055 7008
f 7055 7010 7008
f 7055 7054 7010
f 7054 7009 7010
f 7008 7010 7012
f 7010 7013 7012
f 7010 7009 7013
f 7009 7011 7013
f 7057 7060 7056
f 7060 7059 7056
f 7060 7063 7059
f 7063 7062 7059
f 7058 7061 7057
f 7061 7060 7057
f 7061 7064 7060
f 7064 7063 7060
f 7069 7065 7070
f 7065 7067 7070
f 7070 7067 7068
f 7067 7066 7068
f 7072 7069 7073
f 7069 7070 7073
f 7073 7070 7071
f 7070 7068 7071
f 7075 7072 7076
f 7072 7073 7076
f 7076 7073 7074
f 7073 7071 7074
f 7078 7075 7079
f 7075 7076 7079
f 7079 7076 7077
f 7076 7074 7077
f 7081 7078 7082
f 7078 7079 7082
f 7082 7079 7080
f 7079 7077 7080
f 7084 7081 7085
f 7081 7082 7085
f 7085 7082 7083
f 7082 7080 7083
f 7087 7084 7088
f 7084 7085 7088
f 7088 7085 7086
f 7085 7083 7086
f 7090 7087 7091
f 7087 7088 7091
f 7091 7088 7089
f 7088 7086 7089
f 7093 7090 7094
f 7090 7091 7094
f 7094 7091 7092
f 7091 7089 7092
f 7096 7093 7097
f 7093 7094 7097
f 7097 7094 7095
f 7094 7092 7095
f 7099 7096 7100
f 7096 7097 7100
f 7100 7097 7098
f 7097 7095 7098
f 7102 7099 7103
f 7099 7100 7103
f 7103 7100 7101
f 7100 7098 7101
f 7105 7102 7106
f 7102 7103 7106
f 7106 7103 7104
f 7103 7101 7104
f 7108 7105 7109
f 7105 7106 7109
f 7109 7106 7107
f 7106 7104 7107
f 7111 7108 7112
f 7108 7109 7112
f 7112 7109 7110
f 7109 7107 7110
f 7065 7111 7067
f 7111 7112 7067
f 7067 7112 7066
f 7112 7110 7066
f 7023 7026 7096
f 7026 7093 7096
f 7048 7050 7072
f 7050 7069 7072
f 7026 7029 7093
f 7029 7090 7093
f 7065 7053 7111
f 7053 7008 7111
f 7050 7053 7069
f 7053 7065 7069
f 7029 7033 7090
f 7033 7087 7090
f 7111 7008 7108
f 7008 7012 7108
f 7033 7035 7087
f 7035 7084 7087
f 7012 7014 7108
f 7014 7105 7108
f 7035 7038 7084
f 7038 7081 7084
f 7014 7018 7105
f 7018 7102 7105
f 7038 7041 7081
f 7041 7078 7081
f 7018 7020 7102
f 7020 7099 7102
f 7041 7044 7078
f 7044 7075 7078
f 7020 7023 7099
f 7023 7096 7099
f 7120 7163 7122
f 7163 7162 7122
f 7149 7153 7180
f 7153 7177 7180
f 7168 7147 7167
f 7147 7144 7167
f 7164 7167 7135
f 7167 7137 7135
f 7152 7150 7156
f 7150 7169 7156
f 7159 7166 7114
f 7166 7163 7114
f 7167 7144 7137
f 7144 7141 7137
f 7126 7161 7129
f 7161 7132 7129
f 7156 7169 7159
f 7169 7166 7159
f 7169 7150 7168
f 7150 7147 7168
f 7114 7163 7116
f 7163 7120 7116
f 7122 7162 7126
f 7162 7161 7126
f 7161 7164 7132
f 7164 7135 7132
f 7117 7118 7119
f 7118 7121 7119
f 7118 7116 7121
f 7116 7120 7121
f 7123 7124 7125
f 7124 7127 7125
f 7124 7122 7127
f 7122 7126 7127
f 7138 7139 7140
f 7139 7142 7140
f 7139 7137 7142
f 7137 7141 7142
f 7125 7127 7128
f 7127 7130 7128
f 7127 7126 7130
f 7126 7129 7130
f 7128 7130 7131
f 7130 7133 7131
f 7130 7129 7133
f 7129 7132 7133
f 7140 7142 7143
f 7142 7145 7143
f 7142 7141 7145
f 7141 7144 7145
f 7143 7145 7146
f 7145 7148 7146
f 7145 7144 7148
f 7144 7147 7148
f 7153 7154 7155
f 7154 7157 7155
f 7154 7152 7157
f 7152 7156 7157
f 7131 7133 7134
f 7133 7136 7134
f 7133 7132 7136
f 7132 7135 7136
f 7134 7136 7138
f 7136 7139 7138
f 7136 7135 7139
f 7135 7137 7139
f 7146 7148 7149
f 7148 7151 7149
f 7148 7147 7151
f 7147 7150 7151
f 7149 7151 7153
f 7151 7154 7153
f 7151 7150 7154
f 7150 7152 7154
f 7155 7157 7158
f 7157 7160 7158
f 7157 7156 7160
f 7156 7159 7160
f 7119 7121 7123
f 7121 7124 7123
f 7121 7120 7124
f 7120 7122 7124
f 7158 7160 7113
f 7160 7115 7113
f 7160 7159 7115
f 7159 7114 7115
f 7113 7115 7117
f 7115 7118 7117
f 7115 7114 7118
f 7114 7116 7118
f 7162 7165 7161
f 7165 7164 7161
f 7165 7168 7164
f 7168 7167 7164
f 7163 7166 7162
f 7166 7165 7162
f 7166 7169 7165
f 7169 7168 7165
f 7174 7170 7175
f 7170 7172 7175
f 7175 7172 7173
f 7172 7171 7173
f 7177 7174 7178
f 7174 7175 7178
f 7178 7175 7176
f 7175 7173 7176
f 7180 7177 7181
f 7177 7178 7181
f 7181 7178 7179
f 7178 7176 7179
f 7183 7180 7184
f 7180 7181 7184
f 7184 7181 7182
f 7181 7179 7182
f 7186 7183 7187
f 7183 7184 7187
f 7187 7184 7185
f 7184 7182 7185
f 7189 7186 7190
f 7186 7187 7190
f 7190 7187 7188
f 7187 7185 7188
f 7192 7189 7193
f 7189 7190 7193
f 7193 7190 7191
f 7190 7188 7191
f 7195 7192 7196
f 7192 7193 7196
f 7196 7193 7194
f 7193 7191 7194
f 7198 7195 7199
f 7195 7196 7199
f 7199 7196 7197
f 7196 7194 7197
f 7201 7198 7202
f 7198 7199 7202
f 7202 7199 7200
f 7199 7197 7200
f 7204 7201 7205
f 7201 7202 7205
f 7205 7202 7203
f 7202 7200 7203
f 7207 7204 7208
f 7204 7205 7208
f 7208 7205 7206
f 7205 7203 7206
f 7210 7207 7211
f 7207 7208 7211
f 7211 7208 7209
f 7208 7206 7209
f 7213 7210 7214
f 7210 7211 7214
f 7214 7211 7212
f 7211 7209 7212
f 7216 7213 7217
f 7213 7214 7217
f 7217 7214 7215
f 7214 7212 7215
f 7170 7216 7172
f 7216 7217 7172
f 7172 7217 7171
f 7217 7215 7171
f 7128 7131 7201
f 7131 7198 7201
f 7153 7155 7177
f 7155 7174 7177
f 7131 7134 7198
f 7134 7195 7198
f 7170 7158 7216
f 7158 7113 7216
f 7155 7158 7174
f 7158 7170 7174
f 7134 7138 7195
f 7138 7192 7195
f 7216 7113 7213
f 7113 7117 7213
f 7138 7140 7192
f 7140 7189 7192
f 7117 7119 7213
f 7119 7210 7213
f 7140 7143 7189
f 7143 7186 7189
f 7119 7123 7210
f 7123 7207 7210
f 7143 7146 7186
f 7146 7183 7186
f 7123 7125 7207
f 7125 7204 7207
f 7146 7149 7183
f 7149 7180 7183
f 7125 7128 7204
f 7128 7201 7204
f 7225 7268 7227
f 7268 7267 7227
f 7254 7258 7285
f 7258 7282 7285
f 7273 7252 7272
f 7252 7249 7272
f 7269 7272 7240
f 7272 7242 7240
f 7257 7255 7261
f 7255 7274 7261
f 7264 7271 7219
f 7271 7268 7219
f 7272 7249 7242
f 7249 7246 7242
f 7231 7266 7234
f 7266 7237 7234
f 7261 7274 7264
f 7274 7271 7264
f 7274 7255 7273
f 7255 7252 7273
f 7219 7268 7221
f 7268 7225 7221
f 7227 7267 7231
f 7267 7266 7231
f 7266 7269 7237
f 7269 7240 7237
f 7222 7223 7224
f 7223 7226 7224
f 7223 7221 7226
f 7221 7225 7226
f 7228 7229 7230
f 7229 7232 7230
f 7229 7227 7232
f 7227 7231 7232
f 7243 7244 7245
f 7244 7247 7245
f 7244 7242 7247
f 7242 7246 7247
f 7230 7232 7233
f 7232 7235 7233
f 7232 7231 7235
f 7231 7234 7235
f 7233 7235 7236
f 7235 7238 7236
f 7235 7234 7238
f 7234 7237 7238
f 7245 7247 7248
f 7247 7250 7248
f 7247 7246 7250
f 7246 7249 7250
f 7248 7250 7251
f 7250 7253 7251
f 7250 7249 7253
f 7249 7252 7253
f 7258 7259 7260
f 7259 7262 7260
f 7259 7257 7262
f 7257 7261 7262
f 7236 7238 7239
f 7238 7241 7239
f 7238 7237 7241
f 7237 7240 7241
f 7239 7241 7243
f 7241 7244 7243
f 7241 7240 7244
f 7240 7242 7244
f 7251 7253 7254
f 7253 7256 7254
f 7253 7252 7256
f 7252 7255 7256
f 7254 7256 7258
f 7256 7259 7258
f 7256 7255 7259
f 7255 7257 7259
f 7260 7262 7263
f 7262 7265 7263
f 7262 7261 7265
f 7261 7264 7265
f 7224 7226 7228
f 7226 7229 7228
f 7226 7225 7229
f 7225 7227 7229
f 7263 7265 7218
f 7265 7220 7218
f 7265 7264 7220
f 7264 7219 7220
f 7218 7220 7222
f 7220 7223 7222
f 7220 7219 7223
f 7219 7221 7223
f 7267 7270 7266
f 7270 7269 7266
f 7270 7273 7269
f 7273 7272 7269
f 7268 7271 7267
f 7271 7270 7267
f 7271 7274 7270
f 7274 7273 7270
f 7279 7275 7280
f 7275 7277 7280
f 7280 7277 7278
f 7277 7276 7278
f 7282 7279 7283
f 7279 7280 7283
f 7283 7280 7281
f 7280 7278 7281
f 7285 7282 7286
f 7282 7283 7286
f 7286 7283 7284
f 7283 7281 7284
f 7288 7285 7289
f 7285 7286 7289
f 7289 7286 7287
f 7286 7284 7287
f 7291 7288 7292
f 7288 7289 7292
f 7292 7289 7290
f 7289 7287 7290
f 7294 7291 7295
f 7291 7292 7295
f 7295 7292 7293
f 7292 7290 7293
f 7297 7294 7298
f 7294 7295 7298
f 7298 7295 7296
f 7295 7293 7296
f 7300 7297 7301
f 7297 7298 7301
f 7301 7298 7299
f 7298 7296 7299
f 7303 7300 7304
f 7300 7301 7304
f 7304 7301 7302
f 7301 7299 7302
f 7306 7303 7307
f 7303 7304 7307
f 7307 7304 7305
f 7304 7302 7305
f 7309 7306 7310
f 7306 7307 7310
f 7310 7307 7308
f 7307 7305 7308
f 7312 7309 7313
f 7309 7310 7313
f 7313 7310 7311
f 7310 7308 7311
f 7315 7312 7316
f 7312 7313 7316
f 7316 7313 7314
f 7313 7311 7314
f 7318 7315 7319
f 7315 7316 7319
f 7319 7316 7317
f 7316 7314 7317
f 7321 7318 7322
f 7318 7319 7322
f 7322 7319 7320
f 7319 7317 7320
f 7275 7321 7277
f 7321 7322 7277
f 7277 7322 7276
f 7322 7320 7276
f 7233 7236 7306
f 7236 7303 7306
f 7258 7260 7282
f 7260 7279 7282
f 7236 7239 7303
f 7239 7300 7303
f 7275 7263 7321
f 7263 7218 7321
f 7260 7263 7279
f 7263 7275 7279
f 7239 7243 7300
f 7243 7297 7300
f 7321 7218 7318
f 7218 7222 7318
f 7243 7245 7297
f 7245 7294 7297
f 7222 7224 7318
f 7224 7315 7318
f 7245 7248 7294
f 7248 7291 7294
f 7224 7228 7315
f 7228 7312 7315
f 7248 7251 7291
f 7251 7288 7291
f 7228 7230 7312
f 7230 7309 7312
f 7251 7254 7288
f 7254 7285 7288
f 7230 7233 7309
f 7233 7306 7309
f 7330 7373 7332
f 7373 7372 7332
f 7359 7363 7390
f 7363 7387 7390
f 7378 7357 7377
f 7357 7354 7377
f 7374 7377 7345
f 7377 7347 7345
f 7362 7360 7366
f 7360 7379 7366
f 7369 7376 7324
f 7376 7373 7324
f 7377 7354 7347
f 7354 7351 7347
f 7336 7371 7339
f 7371 7342 7339
f 7366 7379 7369
f 7379 7376 7369
f 7379 7360 7378
f 7360 7357 7378
f 7324 7373 7326
f 7373 7330 7326
f 7332 7372 7336
f 7372 7371 7336
f 7371 7374 7342
f 7374 7345 7342
f 7327 7328 7329
f 7328 7331 7329
f 7328 7326 7331
f 7326 7330 7331
f 7333 7334 7335
f 7334 7337 7335
f 7334 7332 7337
f 7332 7336 7337
f 7348 7349 7350
f 7349 7352 7350
f 7349 7347 7352
f 7347 7351 7352
f 7335 7337 7338
f 7337 7340 7338
f 7337 7336 7340
f 7336 7339 7340
f 7338 7340 7341
f 7340 7343 7341
f 7340 7339 7343
f 7339 7342 7343
f 7350 7352 7353
f 7352 7355 7353
f 7352 7351 7355
f 7351 7354 7355
f 7353 7355 7356
f 7355 7358 7356
f 7355 7354 7358
f 7354 7357 7358
f 7363 7364 7365
f 7364 7367 7365
f 7364 7362 7367
f 7362 7366 7367
f 7341 7343 7344
f 7343 7346 7344
f 7343 7342 7346
f 7342 7345 7346
f 7344 7346 7348
f 7346 7349 7348
f 7346 7345 7349
f 7345 7347 7349
f 7356 7358 7359
f 7358 7361 7359
f 7358 7357 7361
f 7357 7360 7361
f 7359 7361 7363
f 7361 7364 7363
f 7361 7360 7364
f 7360 7362 7364
f 7365 7367 7368
f 7367 7370 7368
f 7367 7366 7370
f 7366 7369 7370
f 7329 7331 7333
f 7331 7334 7333
f 7331 7330 7334
f 7330 7332 7334
f 7368 7370 7323
f 7370 7325 7323
f 7370 7369 7325
f 7369 7324 7325
f 7323 7325 7327
f 7325 7328 7327
f 7325 7324 7328
f 7324 7326 7328
f 7372 7375 7371
f 7375 7374 7371
f 7375 7378 7374
f 7378 7377 7374
f 7373 7376 7372
f 7376 7375 7372
f 7376 7379 7375
f 7379 7378 7375
f 7384 7380 7385
f 7380 7382 7385
f 7385 7382 7383
f 7382 7381 7383
f 7387 7384 7388
f 7384 7385 7388
f 7388 7385 7386
f 7385 7383 7386
f 7390 7387 7391
f 7387 7388 7391
f 7391 7388 7389
f 7388 7386 7389
f 7393 7390 7394
f 7390 7391 7394
f 7394 7391 7392
f 7391 7389 7392
f 7396 7393 7397
f 7393 7394 7397
f 7397 7394 7395
f 7394 7392 7395
f 7399 7396 7400
f 7396 7397 7400
f 7400 7397 7398
f 7397 7395 7398
f 7402 7399 7403
f 7399 7400 7403
f 7403 7400 7401
f 7400 7398 7401
f 7405 7402 7406
f 7402 7403 7406
f 7406 7403 7404
f 7403 7401 7404
f 7408 7405 7409
f 7405 7406 7409
f 7409 7406 7407
f 7406 7404 7407
f 7411 7408 7412
f 7408 7409 7412
f 7412 7409 7410
f 7409 7407 7410
f 7414 7411 7415
f 7411 7412 7415
f 7415 7412 7413
f 7412 7410 7413
f 7417 7414 7418
f 7414 7415 7418
f 7418 7415 7416
f 7415 7413 7416
f 7420 7417 7421
f 7417 7418 7421
f 7421 7418 7419
f 7418 7416 7419
f 7423 7420 7424
f 7420 7421 7424
f 7424 7421 7422
f 7421 7419 7422
f 7426 7423 7427
f 7423 7424 7427
f 7427 7424 7425
f 7424 7422 7425
f 7380 7426 7382
f 7426 7427 7382
f 7382 7427 7381
f 7427 7425 7381
f 7338 7341 7411
f 7341 7408 7411
f 7363 7365 7387
f 7365 7384 7387
f 7341 7344 7408
f 7344 7405 7408
f 7380 7368 7426
f 7368 7323 7426
f 7365 7368 7384
f 7368 7380 7384
f 7344 7348 7405
f 7348 7402 7405
f 7426 7323 7423
f 7323 7327 7423
f 7348 7350 7402
f 7350 7399 7402
f 7327 7329 7423
f 7329 7420 7423
f 7350 7353 7399
f 7353 7396 7399
f 7329 7333 7420
f 7333 7417 7420
f 7353 7356 7396
f 7356 7393 7396
f 7333 7335 7417
f 7335 7414 7417
f 7356 7359 7393
f 7359 7390 7393
f 7335 7338 7414
f 7338 7411 7414
f 7514 7511 7446
f 7511 7445 7446
f 7473 7432 7470
f 7432 7431 7470
f 7485 7436 7482
f 7436 7435 7482
f 7479 7434 7476
f 7434 7433 7476
f 7470 7431 7467
f 7431 7430 7467
f 7497 7440 7494
f 7440 7439 7494
f 7460 7428 7506
f 7428 7443 7506
f 7494 7439 7491
f 7439 7438 7491
f 7476 7433 7473
f 7433 7432 7473
f 7467 7430 7464
f 7430 7429 7464
f 7506 7443 7503
f 7443 7442 7503
f 7500 7441 7497
f 7441 7440 7497
f 7491 7438 7488
f 7438 7437 7488
f 7482 7435 7479
f 7435 7434 7479
f 7488 7437 7485
f 7437 7436 7485
f 7503 7442 7500
f 7442 7441 7500
f 7535 7532 7453
f 7532 7452 7453
f 7464 7429 7460
f 7429 7428 7460
f 7538 7535 7454
f 7535 7453 7454
f 7517 7514 7447
f 7514 7446 7447
f 7541 7538 7455
f 7538 7454 7455
f 7520 7517 7448
f 7517 7447 7448
f 7544 7541 7456
f 7541 7455 7456
f 7523 7520 7449
f 7520 7448 7449
f 7547 7544 7457
f 7544 7456 7457
f 7526 7523 7450
f 7523 7449 7450
f 7550 7547 7458
f 7547 7457 7458
f 7529 7526 7451
f 7526 7450 7451
f 7553 7550 7459
f 7550 7458 7459
f 7532 7529 7452
f 7529 7451 7452
f 7490 7487 7539
f 7487 7536 7539
f 7469 7466 7518
f 7466 7515 7518
f 7493 7490 7542
f 7490 7539 7542
f 7518 7521 7469
f 7521 7472 7469
f 7493 7542 7496
f 7542 7545 7496
f 7475 7472 7524
f 7472 7521 7524
f 7545 7548 7496
f 7548 7499 7496
f 7478 7475 7527
f 7475 7524 7527
f 7551 7502 7548
f 7502 7499 7548
f 7481 7478 7530
f 7478 7527 7530
f 7505 7502 7554
f 7502 7551 7554
f 7481 7530 7484
f 7530 7533 7484
f 7505 7554 7461
f 7554 7508 7461
f 7511 7509 7445
f 7509 7444 7445
f 7533 7536 7484
f 7536 7487 7484
f 7512 7515 7463
f 7515 7466 7463
f 7464 7460 7465
f 7460 7462 7465
f 7465 7462 7463
f 7462 7461 7463
f 7467 7464 7468
f 7464 7465 7468
f 7468 7465 7466
f 7465 7463 7466
f 7470 7467 7471
f 7467 7468 7471
f 7471 7468 7469
f 7468 7466 7469
f 7473 7470 7474
f 7470 7471 7474
f 7474 7471 7472
f 7471 7469 7472
f 7476 7473 7477
f 7473 7474 7477
f 7477 7474 7475
f 7474 7472 7475
f 7479 7476 7480
f 7476 7477 7480
f 7480 7477 7478
f 7477 7475 7478
f 7482 7479 7483
f 7479 7480 7483
f 7483 7480 7481
f 7480 7478 7481
f 7485 7482 7486
f 7482 7483 7486
f 7486 7483 7484
f 7483 7481 7484
f 7488 7485 7489
f 7485 7486 7489
f 7489 7486 7487
f 7486 7484 7487
f 7491 7488 7492
f 7488 7489 7492
f 7492 7489 7490
f 7489 7487 7490
f 7494 7491 7495
f 7491 7492 7495
f 7495 7492 7493
f 7492 7490 7493
f 7497 7494 7498
f 7494 7495 7498
f 7498 7495 7496
f 7495 7493 7496
f 7500 7497 7501
f 7497 7498 7501
f 7501 7498 7499
f 7498 7496 7499
f 7503 7500 7504
f 7500 7501 7504
f 7504 7501 7502
f 7501 7499 7502
f 7506 7503 7507
f 7503 7504 7507
f 7507 7504 7505
f 7504 7502 7505
f 7460 7506 7462
f 7506 7507 7462
f 7462 7507 7461
f 7507 7505 7461
f 7509 7553 7444
f 7553 7459 7444
f 7509 7511 7510
f 7511 7513 7510
f 7510 7513 7508
f 7513 7512 7508
f 7511 7514 7513
f 7514 7516 7513
f 7513 7516 7512
f 7516 7515 7512
f 7514 7517 7516
f 7517 7519 7516
f 7516 7519 7515
f 7519 7518 7515
f 7517 7520 7519
f 7520 7522 7519
f 7519 7522 7518
f 7522 7521 7518
f 7520 7523 7522
f 7523 7525 7522
f 7522 7525 7521
f 7525 7524 7521
f 7523 7526 7525
f 7526 7528 7525
f 7525 7528 7524
f 7528 7527 7524
f 7526 7529 7528
f 7529 7531 7528
f 7528 7531 7527
f 7531 7530 7527
f 7529 7532 7531
f 7532 7534 7531
f 7531 7534 7530
f 7534 7533 7530
f 7532 7535 7534
f 7535 7537 7534
f 7534 7537 7533
f 7537 7536 7533
f 7535 7538 7537
f 7538 7540 7537
f 7537 7540 7536
f 7540 7539 7536
f 7538 7541 7540
f 7541 7543 7540
f 7540 7543 7539
f 7543 7542 7539
f 7541 7544 7543
f 7544 7546 7543
f 7543 7546 7542
f 7546 7545 7542
f 7544 7547 7546
f 7547 7549 7546
f 7546 7549 7545
f 7549 7548 7545
f 7547 7550 7549
f 7550 7552 7549
f 7549 7552 7548
f 7552 7551 7548
f 7550 7553 7552
f 7553 7555 7552
f 7552 7555 7551
f 7555 7554 7551
f 7553 7509 7555
f 7509 7510 7555
f 7555 7510 7554
f 7510 7508 7554
f 7508 7512 7461
f 7512 7463 7461
f 7642 7639 7574
f 7639 7573 7574
f 7601 7560 7598
f 7560 7559 7598
f 7613 7564 7610
f 7564 7563 7610
f 7607 7562 7604
f 7562 7561 7604
f 7598 7559 7595
f 7559 7558 7595
f 7625 7568 7622
f 7568 7567 7622
f 7588 7556 7634
f 7556 7571 7634
f 7622 7567 7619
f 7567 7566 7619
f 7604 7561 7601
f 7561 7560 7601
f 7595 7558 7592
f 7558 7557 7592
f 7634 7571 7631
f 7571 7570 7631
f 7628 7569 7625
f 7569 7568 7625
f 7619 7566 7616
f 7566 7565 7616
f 7610 7563 7607
f 7563 7562 7607
f 7616 7565 7613
f 7565 7564 7613
f 7631 7570 7628
f 7570 7569 7628
f 7663 7660 7581
f 7660 7580 7581
f 7592 7557 7588
f 7557 7556 7588
f 7666 7663 7582
f 7663 7581 7582
f 7645 7642 7575
f 7642 7574 7575
f 7669 7666 7583
f 7666 7582 7583
f 7648 7645 7576
f 7645 7575 7576
f 7672 7669 7584
f 7669 7583 7584
f 7651 7648 7577
f 7648 7576 7577
f 7675 7672 7585
f 7672 7584 7585
f 7654 7651 7578
f 7651 7577 7578
f 7678 7675 7586
f 7675 7585 7586
f 7657 7654 7579
f 7654 7578 7579
f 7681 7678 7587
f 7678 7586 7587
f 7660 7657 7580
f 7657 7579 7580
f 7618 7615 7667
f 7615 7664 7667
f 7597 7594 7646
f 7594 7643 7646
f 7621 7618 7670
f 7618 7667 7670
f 7646 7649 7597
f 7649 7600 7597
f 7621 7670 7624
f 7670 7673 7624
f 7603 7600 7652
f 7600 7649 7652
f 7673 7676 7624
f 7676 7627 7624
f 7606 7603 7655
f 7603 7652 7655
f 7679 7630 7676
f 7630 7627 7676
f 7609 7606 7658
f 7606 7655 7658
f 7633 7630 7682
f 7630 7679 7682
f 7609 7658 7612
f 7658 7661 7612
f 7633 7682 7589
f 7682 7636 7589
f 7639 7637 7573
f 7637 7572 7573
f 7661 7664 7612
f 7664 7615 7612
f 7640 7643 7591
f 7643 7594 7591
f 7592 7588 7593
f 7588 7590 7593
f 7593 7590 7591
f 7590 7589 7591
f 7595 7592 7596
f 7592 7593 7596
f 7596 7593 7594
f 7593 7591 7594
f 7598 7595 7599
f 7595 7596 7599
f 7599 7596 7597
f 7596 7594 7597
f 7601 7598 7602
f 7598 7599 7602
f 7602 7599 7600
f 7599 7597 7600
f 7604 7601 7605
f 7601 7602 7605
f 7605 7602 7603
f 7602 7600 7603
f 7607 7604 7608
f 7604 7605 7608
f 7608 7605 7606
f 7605 7603 7606
f 7610 7607 7611
f 7607 7608 7611
f 7611 7608 7609
f 7608 7606 7609
f 7613 7610 7614
f 7610 7611 7614
f 7614 7611 7612
f 7611 7609 7612
f 7616 7613 7617
f 7613 7614 7617
f 7617 7614 7615
f 7614 7612 7615
f 7619 7616 7620
f 7616 7617 7620
f 7620 7617 7618
f 7617 7615 7618
f 7622 7619 7623
f 7619 7620 7623
f 7623 7620 7621
f 7620 7618 7621
f 7625 7622 7626
f 7622 7623 7626
f 7626 7623 7624
f 7623 7621 7624
f 7628 7625 7629
f 7625 7626 7629
f 7629 7626 7627
f 7626 7624 7627
f 7631 7628 7632
f 7628 7629 7632
f 7632 7629 7630
f 7629 7627 7630
f 7634 7631 7635
f 7631 7632 7635
f 7635 7632 7633
f 7632 7630 7633
f 7588 7634 7590
f 7634 7635 7590
f 7590 7635 7589
f 7635 7633 7589
f 7637 7681 7572
f 7681 7587 7572
f 7637 7639 7638
f 7639 7641 7638
f 7638 7641 7636
f 7641 7640 7636
f 7639 7642 7641
f 7642 7644 7641
f 7641 7644 7640
f 7644 7643 7640
f 7642 7645 7644
f 7645 7647 7644
f 7644 7647 7643
f 7647 7646 7643
f 7645 7648 7647
f 7648 7650 7647
f 7647 7650 7646
f 7650 7649 7646
f 7648 7651 7650
f 7651 7653 7650
f 7650 7653 7649
f 7653 7652 7649
f 7651 7654 7653
f 7654 7656 7653
f 7653 7656 7652
f 7656 7655 7652
f 7654 7657 7656
f 7657 7659 7656
f 7656 7659 7655
f 7659 7658 7655
f 7657 7660 7659
f 7660 7662 7659
f 7659 7662 7658
f 7662 7661 7658
f 7660 7663 7662
f 7663 7665 7662
f 7662 7665 7661
f 7665 7664 7661
f 7663 7666 7665
f 7666 7668 7665
f 7665 7668 7664
f 7668 7667 7664
f 7666 7669 7668
f 7669 7671 7668
f 7668 7671 7667
f 7671 7670 7667
f 7669 7672 7671
f 7672 7674 7671
f 7671 7674 7670
f 7674 7673 7670
f 7672 7675 7674
f 7675 7677 7674
f 7674 7677 7673
f 7677 7676 7673
f 7675 7678 7677
f 7678 7680 7677
f 7677 7680 7676
f 7680 7679 7676
f 7678 7681 7680
f 7681 7683 7680
f 7680 7683 7679
f 7683 7682 7679
f 7681 7637 7683
f 7637 7638 7683
f 7683 7638 7682
f 7638 7636 7682
f 7636 7640 7589
f 7640 7591 7589
f 7770 7767 7702
f 7767 7701 7702
f 7729 7688 7726
f 7688 7687 7726
f 7741 7692 7738
f 7692 7691 7738
f 7735 7690 7732
f 7690 7689 7732
f 7726 7687 7723
f 7687 7686 7723
f 7753 7696 7750
f 7696 7695 7750
f 7716 7684 7762
f 7684 7699 7762
f 7750 7695 7747
f 7695 7694 7747
f 7732 7689 7729
f 7689 7688 7729
f 7723 7686 7720
f 7686 7685 7720
f 7762 7699 7759
f 7699 7698 7759
f 7756 7697 7753
f 7697 7696 7753
f 7747 7694 7744
f 7694 7693 7744
f 7738 7691 7735
f 7691 7690 7735
f 7744 7693 7741
f 7693 7692 7741
f 7759 7698 7756
f 7698 7697 7756
f 7791 7788 7709
f 7788 7708 7709
f 7720 7685 7716
f 7685 7684 7716
f 7794 7791 7710
f 7791 7709 7710
f 7773 7770 7703
f 7770 7702 7703
f 7797 7794 7711
f 7794 7710 7711
f 7776 7773 7704
f 7773 7703 7704
f 7800 7797 7712
f 7797 7711 7712
f 7779 7776 7705
f 7776 7704 7705
f 7803 7800 7713
f 7800 7712 7713
f 7782 7779 7706
f 7779 7705 7706
f 7806 7803 7714
f 7803 7713 7714
f 7785 7782 7707
f 7782 7706 7707
f 7809 7806 7715
f 7806 7714 7715
f 7788 7785 7708
f 7785 7707 7708
f 7746 7743 7795
f 7743 7792 7795
f 7725 7722 7774
f 7722 7771 7774
f 7749 7746 7798
f 7746 7795 7798
f 7774 7777 7725
f 7777 7728 7725
f 7749 7798 7752
f 7798 7801 7752
f 7731 7728 7780
f 7728 7777 7780
f 7801 7804 7752
f 7804 7755 7752
f 7734 7731 7783
f 7731 7780 7783
f 7807 7758 7804
f 7758 7755 7804
f 7737 7734 7786
f 7734 7783 7786
f 7761 7758 7810
f 7758 7807 7810
f 7737 7786 7740
f 7786 7789 7740
f 7761 7810 7717
f 7810 7764 7717
f 7767 7765 7701
f 7765 7700 7701
f 7789 7792 7740
f 7792 7743 7740
f 7768 7771 7719
f 7771 7722 7719
f 7720 7716 7721
f 7716 7718 7721
f 7721 7718 7719
f 7718 7717 7719
f 7723 7720 7724
f 7720 7721 7724
f 7724 7721 7722
f 7721 7719 7722
f 7726 7723 7727
f 7723 7724 7727
f 7727 7724 7725
f 7724 7722 7725
f 7729 7726 7730
f 7726 7727 7730
f 7730 7727 7728
f 7727 7725 7728
f 7732 7729 7733
f 7729 7730 7733
f 7733 7730 7731
f 7730 7728 7731
f 7735 7732 7736
f 7732 7733 7736
f 7736 7733 7734
f 7733 7731 7734
f 7738 7735 7739
f 7735 7736 7739
f 7739 7736 7737
f 7736 7734 7737
f 7741 7738 7742
f 7738 7739 7742
f 7742 7739 7740
f 7739 7737 7740
f 7744 7741 7745
f 7741 7742 7745
f 7745 7742 7743
f 7742 7740 7743
f 7747 7744 7748
f 7744 7745 7748
f 7748 7745 7746
f 7745 7743 7746
f 7750 7747 7751
f 7747 7748 7751
f 7751 7748 7749
f 7748 7746 7749
f 7753 7750 7754
f 7750 7751 7754
f 7754 7751 7752
f 7751 7749 7752
f 7756 7753 7757
f 7753 7754 7757
f 7757 7754 7755
f 7754 7752 7755
f 7759 7756 7760
f 7756 7757 7760
f 7760 7757 7758
f 7757 7755 7758
f 7762 7759 7763
f 7759 7760 7763
f 7763 7760 7761
f 7760 7758 7761
f 7716 7762 7718
f 7762 7763 7718
f 7718 7763 7717
f 7763 7761 7717
f 7765 7809 7700
f 7809 7715 7700
f 7765 7767 7766
f 7767 7769 7766
f 7766 7769 7764
f 7769 7768 7764
f 7767 7770 7769
f 7770 7772 7769
f 7769 7772 7768
f 7772 7771 7768
f 7770 7773 7772
f 7773 7775 7772
f 7772 7775 7771
f 7775 7774 7771
f 7773 7776 7775
f 7776 7778 7775
f 7775 7778 7774
f 7778 7777 7774
f 7776 7779 7778
f 7779 7781 7778
f 7778 7781 7777
f 7781 7780 7777
f 7779 7782 7781
f 7782 7784 7781
f 7781 7784 7780
f 7784 7783 7780
f 7782 7785 7784
f 7785 7787 7784
f 7784 7787 7783
f 7787 7786 7783
f 7785 7788 7787
f 7788 7790 7787
f 7787 7790 7786
f 7790 7789 7786
f 7788 7791 7790
f 7791 7793 7790
f 7790 7793 7789
f 7793 7792 7789
f 7791 7794 7793
f 7794 7796 7793
f 7793 7796 7792
f 7796 7795 7792
f 7794 7797 7796
f 7797 7799 7796
f 7796 7799 7795
f 7799 7798 7795
f 7797 7800 7799
f 7800 7802 7799
f 7799 7802 7798
f 7802 7801 7798
f 7800 7803 7802
f 7803 7805 7802
f 7802 7805 7801
f 7805 7804 7801
f 7803 7806 7805
f 7806 7808 7805
f 7805 7808 7804
f 7808 7807 7804
f 7806 7809 7808
f 7809 7811 7808
f 7808 7811 7807
f 7811 7810 7807
f 7809 7765 7811
f 7765 7766 7811
f 7811 7766 7810
f 7766 7764 7810
f 7764 7768 7717
f 7768 7719 7717
f 7898 7895 7830
f 7895 7829 7830
f 7857 7816 7854
f 7816 7815 7854
f 7869 7820 7866
f 7820 7819 7866
f 7863 7818 7860
f 7818 7817 7860
f 7854 7815 7851
f 7815 7814 7851
f 7881 7824 7878
f 7824 7823 7878
f 7844 7812 7890
f 7812 7827 7890
f 7878 7823 7875
f 7823 7822 7875
f 7860 7817 7857
f 7817 7816 7857
f 7851 7814 7848
f 7814 7813 7848
f 7890 7827 7887
f 7827 7826 7887
f 7884 7825 7881
f 7825 7824 7881
f 7875 7822 7872
f 7822 7821 7872
f 7866 7819 7863
f 7819 7818 7863
f 7872 7821 7869
f 7821 7820 7869
f 7887 7826 7884
f 7826 7825 7884
f 7919 7916 7837
f 7916 7836 7837
f 7848 7813 7844
f 7813 7812 7844
f 7922 7919 7838
f 7919 7837 7838
f 7901 7898 7831
f 7898 7830 7831
f 7925 7922 7839
f 7922 7838 7839
f 7904 7901 7832
f 7901 7831 7832
f 7928 7925 7840
f 7925 7839 7840
f 7907 7904 7833
f 7904 7832 7833
f 7931 7928 7841
f 7928 7840 7841
f 7910 7907 7834
f 7907 7833 7834
f 7934 7931 7842
f 7931 7841 7842
f 7913 7910 7835
f 7910 7834 7835
f 7937 7934 7843
f 7934 7842 7843
f 7916 7913 7836
f 7913 7835 7836
f 7874 7871 7923
f 7871 7920 7923
f 7853 7850 7902
f 7850 7899 7902
f 7877 7874 7926
f 7874 7923 7926
f 7902 7905 7853
f 7905 7856 7853
f 7877 7926 7880
f 7926 7929 7880
f 7859 7856 7908
f 7856 7905 7908
f 7929 7932 7880
f 7932 7883 7880
f 7862 7859 7911
f 7859 7908 7911
f 7935 7886 7932
f 7886 7883 7932
f 7865 7862 7914
f 7862 7911 7914
f 7889 7886 7938
f 7886 7935 7938
f 7865 7914 7868
f 7914 7917 7868
f 7889 7938 7845
f 7938 7892 7845
f 7895 7893 7829
f 7893 7828 7829
f 7917 7920 7868
f 7920 7871 7868
f 7896 7899 7847
f 7899 7850 7847
f 7848 7844 7849
f 7844 7846 7849
f 7849 7846 7847
f 7846 7845 7847
f 7851 7848 7852
f 7848 7849 7852
f 7852 7849 7850
f 7849 7847 7850
f 7854 7851 7855
f 7851 7852 7855
f 7855 7852 7853
f 7852 7850 7853
f 7857 7854 7858
f 7854 7855 7858
f 7858 7855 7856
f 7855 7853 7856
f 7860 7857 7861
f 7857 7858 7861
f 7861 7858 7859
f 7858 7856 7859
f 7863 7860 7864
f 7860 7861 7864
f 7864 7861 7862
f 7861 7859 7862
f 7866 7863 7867
f 7863 7864 7867
f 7867 7864 7865
f 7864 7862 7865
f 7869 7866 7870
f 7866 7867 7870
f 7870 7867 7868
f 7867 7865 7868
f 7872 7869 7873
f 7869 7870 7873
f 7873 7870 7871
f 7870 7868 7871
f 7875 7872 7876
f 7872 7873 7876
f 7876 7873 7874
f 7873 7871 7874
f 7878 7875 7879
f 7875 7876 7879
f 7879 7876 7877
f 7876 7874 7877
f 7881 7878 7882
f 7878 7879 7882
f 7882 7879 7880
f 7879 7877 7880
f 7884 7881 7885
f 7881 7882 7885
f 7885 7882 7883
f 7882 7880 7883
f 7887 7884 7888
f 7884 7885 7888
f 7888 7885 7886
f 7885 7883 7886
f 7890 7887 7891
f 7887 7888 7891
f 7891 7888 7889
f 7888 7886 7889
f 7844 7890 7846
f 7890 7891 7846
f 7846 7891 7845
f 7891 7889 7845
f 7893 7937 7828
f 7937 7843 7828
f 7893 7895 7894
f 7895 7897 7894
f 7894 7897 7892
f 7897 7896 7892
f 7895 7898 7897
f 7898 7900 7897
f 7897 7900 7896
f 7900 7899 7896
f 7898 7901 7900
f 7901 7903 7900
f 7900 7903 7899
f 7903 7902 7899
f 7901 7904 7903
f 7904 7906 7903
f 7903 7906 7902
f 7906 7905 7902
f 7904 7907 7906
f 7907 7909 7906
f 7906 7909 7905
f 7909 7908 7905
f 7907 7910 7909
f 7910 7912 7909
f 7909 7912 7908
f 7912 7911 7908
f 7910 7913 7912
f 7913 7915 7912
f 7912 7915 7911
f 7915 7914 7911
f 7913 7916 7915
f 7916 7918 7915
f 7915 7918 7914
f 7918 7917 7914
f 7916 7919 7918
f 7919 7921 7918
f 7918 7921 7917
f 7921 7920 7917
f 7919 7922 7921
f 7922 7924 7921
f 7921 7924 7920
f 7924 7923 7920
f 7922 7925 7924
f 7925 7927 7924
f 7924 7927 7923
f 7927 7926 7923
f 7925 7928 7927
f 7928 7930 7927
f 7927 7930 7926
f 7930 7929 7926
f 7928 7931 7930
f 7931 7933 7930
f 7930 7933 7929
f 7933 7932 7929
f 7931 7934 7933
f 7934 7936 7933
f 7933 7936 7932
f 7936 7935 7932
f 7934 7937 7936
f 7937 7939 7936
f 7936 7939 7935
f 7939 7938 7935
f 7937 7893 7939
f 7893 7894 7939
f 7939 7894 7938
f 7894 7892 7938
f 7892 7896 7845
f 7896 7847 7845
f 8026 8023 7958
f 8023 7957 7958
f 7985 7944 7982
f 7944 7943 7982
f 7997 7948 7994
f 7948 7947 7994
f 7991 7946 7988
f 7946 7945 7988
f 7982 7943 7979
f 7943 7942 7979
f 8009 7952 8006
f 7952 7951 8006
f 7972 7940 8018
f 7940 7955 8018
f 8006 7951 8003
f 7951 7950 8003
f 7988 7945 7985
f 7945 7944 7985
f 7979 7942 7976
f 7942 7941 7976
f 8018 7955 8015
f 7955 7954 8015
f 8012 7953 8009
f 7953 7952 8009
f 8003 7950 8000
f 7950 7949 8000
f 7994 7947 7991
f 7947 7946 7991
f 8000 7949 7997
f 7949 7948 7997
f 8015 7954 8012
f 7954 7953 8012
f 8047 8044 7965
f 8044 7964 7965
f 7976 7941 7972
f 7941 7940 7972
f 8050 8047 7966
f 8047 7965 7966
f 8029 8026 7959
f 8026 7958 7959
f 8053 8050 7967
f 8050 7966 7967
f 8032 8029 7960
f 8029 7959 7960
f 8056 8053 7968
f 8053 7967 7968
f 8035 8032 7961
f 8032 7960 7961
f 8059 8056 7969
f 8056 7968 7969
f 8038 8035 7962
f 8035 7961 7962
f 8062 8059 7970
f 8059 7969 7970
f 8041 8038 7963
f 8038 7962 7963
f 8065 8062 7971
f 8062 7970 7971
f 8044 8041 7964
f 8041 7963 7964
f 8002 7999 8051
f 7999 8048 8051
f 7981 7978 8030
f 7978 8027 8030
f 8005 8002 8054
f 8002 8051 8054
f 8030 8033 7981
f 8033 7984 7981
f 8005 8054 8008
f 8054 8057 8008
f 7987 7984 8036
f 7984 8033 8036
f 8057 8060 8008
f 8060 8011 8008
f 7990 7987 8039
f 7987 8036 8039
f 8063 8014 8060
f 8014 8011 8060
f 7993 7990 8042
f 7990 8039 8042
f 8017 8014 8066
f 8014 8063 8066
f 7993 8042 7996
f 8042 8045 7996
f 8017 8066 7973
f 8066 8020 7973
f 8023 8021 7957
f 8021 7956 7957
f 8045 8048 7996
f 8048 7999 7996
f 8024 8027 7975
f 8027 7978 7975
f 7976 7972 7977
f 7972 7974 7977
f 7977 7974 7975
f 7974 7973 7975
f 7979 7976 7980
f 7976 7977 7980
f 7980 7977 7978
f 7977 7975 7978
f 7982 7979 7983
f 7979 7980 7983
f 7983 7980 7981
f 7980 7978 7981
f 7985 7982 7986
f 7982 7983 7986
f 7986 7983 7984
f 7983 7981 7984
f 7988 7985 7989
f 7985 7986 7989
f 7989 7986 7987
f 7986 7984 7987
f 7991 7988 7992
f 7988 7989 7992
f 7992 7989 7990
f 7989 7987 7990
f 7994 7991 7995
f 7991 7992 7995
f 7995 7992 7993
f 7992 7990 7993
f 7997 7994 7998
f 7994 7995 7998
f 7998 7995 7996
f 7995 7993 7996
f 8000 7997 8001
f 7997 7998 8001
f 8001 7998 7999
f 7998 7996 7999
f 8003 8000 8004
f 8000 8001 8004
f 8004 8001 8002
f 8001 7999 8002
f 8006 8003 8007
f 8003 8004 8007
f 8007 8004 8005
f 8004 8002 8005
f 8009 8006 8010
f 8006 8007 8010
f 8010 8007 8008
f 8007 8005 8008
f 8012 8009 8013
f 8009 8010 8013
f 8013 8010 8011
f 8010 8008 8011
f 8015 8012 8016
f 8012 8013 8016
f 8016 8013 8014
f 8013 8011 8014
f 8018 8015 8019
f 8015 8016 8019
f 8019 8016 8017
f 8016 8014 8017
f 7972 8018 7974
f 8018 8019 7974
f 7974 8019 7973
f 8019 8017 7973
f 8021 8065 7956
f 8065 7971 7956
f 8021 8023 8022
f 8023 8025 8022
f 8022 8025 8020
f 8025 8024 8020
f 8023 8026 8025
f 8026 8028 8025
f 8025 8028 8024
f 8028 8027 8024
f 8026 8029 8028
f 8029 8031 8028
f 8028 8031 8027
f 8031 8030 8027
f 8029 8032 8031
f 8032 8034 8031
f 8031 8034 8030
f 8034 8033 8030
f 8032 8035 8034
f 8035 8037 8034
f 8034 8037 8033
f 8037 8036 8033
f 8035 8038 8037
f 8038 8040 8037
f 8037 8040 8036
f 8040 8039 8036
f 8038 8041 8040
f 8041 8043 8040
f 8040 8043 8039
f 8043 8042 8039
f 8041 8044 8043
f 8044 8046 8043
f 8043 8046 8042
f 8046 8045 8042
f 8044 8047 8046
f 8047 8049 8046
f 8046 8049 8045
f 8049 8048 8045
f 8047 8050 8049
f 8050 8052 8049
f 8049 8052 8048
f 8052 8051 8048
f 8050 8053 8052
f 8053 8055 8052
f 8052 8055 8051
f 8055 8054 8051
f 8053 8056 8055
f 8056 8058 8055
f 8055 8058 8054
f 8058 8057 8054
f 8056 8059 8058
f 8059 8061 8058
f 8058 8061 8057
f 8061 8060 8057
f 8059 8062 8061
f 8062 8064 8061
f 8061 8064 8060
f 8064 8063 8060
f 8062 8065 8064
f 8065 8067 8064
f 8064 8067 8063
f 8067 8066 8063
f 8065 8021 8067
f 8021 8022 8067
f 8067 8022 8066
f 8022 8020 8066
f 8020 8024 7973
f 8024 7975 7973
f 8154 8151 8086
f 8151 8085 8086
f 8113 8072 8110
f 8072 8071 8110
f 8125 8076 8122
f 8076 8075 8122
f 8119 8074 8116
f 8074 8073 8116
f 8110 8071 8107
f 8071 8070 8107
f 8137 8080 8134
f 8080 8079 8134
f 8100 8068 8146
f 8068 8083 8146
f 8134 8079 8131
f 8079 8078 8131
f 8116 8073 8113
f 8073 8072 8113
f 8107 8070 8104
f 8070 8069 8104
f 8146 8083 8143
f 8083 8082 8143
f 8140 8081 8137
f 8081 8080 8137
f 8131 8078 8128
f 8078 8077 8128
f 8122 8075 8119
f 8075 8074 8119
f 8128 8077 8125
f 8077 8076 8125
f 8143 8082 8140
f 8082 8081 8140
f 8175 8172 8093
f 8172 8092 8093
f 8104 8069 8100
f 8069 8068 8100
f 8178 8175 8094
f 8175 8093 8094
f 8157 8154 8087
f 8154 8086 8087
f 8181 8178 8095
f 8178 8094 8095
f 8160 8157 8088
f 8157 8087 8088
f 8184 8181 8096
f 8181 8095 8096
f 8163 8160 8089
f 8160 8088 8089
f 8187 8184 8097
f 8184 8096 8097
f 8166 8163 8090
f 8163 8089 8090
f 8190 8187 8098
f 8187 8097 8098
f 8169 8166 8091
f 8166 8090 8091
f 8193 8190 8099
f 8190 8098 8099
f 8172 8169 8092
f 8169 8091 8092
f 8130 8127 8179
f 8127 8176 8179
f 8109 8106 8158
f 8106 8155 8158
f 8133 8130 8182
f 8130 8179 8182
f 8158 8161 8109
f 8161 8112 8109
f 8133 8182 8136
f 8182 8185 8136
f 8115 8112 8164
f 8112 8161 8164
f 8185 8188 8136
f 8188 8139 8136
f 8118 8115 8167
f 8115 8164 8167
f 8191 8142 8188
f 8142 8139 8188
f 8121 8118 8170
f 8118 8167 8170
f 8145 8142 8194
f 8142 8191 8194
f 8121 8170 8124
f 8170 8173 8124
f 8145 8194 8101
f 8194 8148 8101
f 8151 8149 8085
f 8149 8084 8085
f 8173 8176 8124
f 8176 8127 8124
f 8152 8155 8103
f 8155 8106 8103
f 8104 8100 8105
f 8100 8102 8105
f 8105 8102 8103
f 8102 8101 8103
f 8107 8104 8108
f 8104 8105 8108
f 8108 8105 8106
f 8105 8103 8106
f 8110 8107 8111
f 8107 8108 8111
f 8111 8108 8109
f 8108 8106 8109
f 8113 8110 8114
f 8110 8111 8114
f 8114 8111 8112
f 8111 8109 8112
f 8116 8113 8117
f 8113 8114 8117
f 8117 8114 8115
f 8114 8112 8115
f 8119 8116 8120
f 8116 8117 8120
f 8120 8117 8118
f 8117 8115 8118
f 8122 8119 8123
f 8119 8120 8123
f 8123 8120 8121
f 8120 8118 8121
f 8125 8122 8126
f 8122 8123 8126
f 8126 8123 8124
f 8123 8121 8124
f 8128 8125 8129
f 8125 8126 8129
f 8129 8126 8127
f 8126 8124 8127
f 8131 8128 8132
f 8128 8129 8132
f 8132 8129 8130
f 8129 8127 8130
f 8134 8131 8135
f 8131 8132 8135
f 8135 8132 8133
f 8132 8130 8133
f 8137 8134 8138
f 8134 8135 8138
f 8138 8135 8136
f 8135 8133 8136
f 8140 8137 8141
f 8137 8138 8141
f 8141 8138 8139
f 8138 8136 8139
f 8143 8140 8144
f 8140 8141 8144
f 8144 8141 8142
f 8141 8139 8142
f 8146 8143 8147
f 8143 8144 8147
f 8147 8144 8145
f 8144 8142 8145
f 8100 8146 8102
f 8146 8147 8102
f 8102 8147 8101
f 8147 8145 8101
f 8149 8193 8084
f 8193 8099 8084
f 8149 8151 8150
f 8151 8153 8150
f 8150 8153 8148
f 8153 8152 8148
f 8151 8154 8153
f 8154 8156 8153
f 8153 8156 8152
f 8156 8155 8152
f 8154 8157 8156
f 8157 8159 8156
f 8156 8159 8155
f 8159 8158 8155
f 8157 8160 8159
f 8160 8162 8159
f 8159 8162 8158
f 8162 8161 8158
f 8160 8163 8162
f 8163 8165 8162
f 8162 8165 8161
f 8165 8164 8161
f 8163 8166 8165
f 8166 8168 8165
f 8165 8168 8164
f 8168 8167 8164
f 8166 8169 8168
f 8169 8171 8168
f 8168 8171 8167
f 8171 8170 8167
f 8169 8172 8171
f 8172 8174 8171
f 8171 8174 8170
f 8174 8173 8170
f 8172 8175 8174
f 8175 8177 8174
f 8174 8177 8173
f 8177 8176 8173
f 8175 8178 8177
f 8178 8180 8177
f 8177 8180 8176
f 8180 8179 8176
f 8178 8181 8180
f 8181 8183 8180
f 8180 8183 8179
f 8183 8182 8179
f 8181 8184 8183
f 8184 8186 8183
f 8183 8186 8182
f 8186 8185 8182
f 8184 8187 8186
f 8187 8189 8186
f 8186 8189 8185
f 8189 8188 8185
f 8187 8190 8189
f 8190 8192 8189
f 8189 8192 8188
f 8192 8191 8188
f 8190 8193 8192
f 8193 8195 8192
f 8192 8195 8191
f 8195 8194 8191
f 8193 8149 8195
f 8149 8150 8195
f 8195 8150 8194
f 8150 8148 8194
f 8148 8152 8101
f 8152 8103 8101
f 8282 8279 8214
f 8279 8213 8214
f 8241 8200 8238
f 8200 8199 8238
f 8253 8204 8250
f 8204 8203 8250
f 8247 8202 8244
f 8202 8201 8244
f 8238 8199 8235
f 8199 8198 8235
f 8265 8208 8262
f 8208 8207 8262
f 8228 8196 8274
f 8196 8211 8274
f 8262 8207 8259
f 8207 8206 8259
f 8244 8201 8241
f 8201 8200 8241
f 8235 8198 8232
f 8198 8197 8232
f 8274 8211 8271
f 8211 8210 8271
f 8268 8209 8265
f 8209 8208 8265
f 8259 8206 8256
f 8206 8205 8256
f 8250 8203 8247
f 8203 8202 8247
f 8256 8205 8253
f 8205 8204 8253
f 8271 8210 8268
f 8210 8209 8268
f 8303 8300 8221
f 8300 8220 8221
f 8232 8197 8228
f 8197 8196 8228
f 8306 8303 8222
f 8303 8221 8222
f 8285 8282 8215
f 8282 8214 8215
f 8309 8306 8223
f 8306 8222 8223
f 8288 8285 8216
f 8285 8215 8216
f 8312 8309 8224
f 8309 8223 8224
f 8291 8288 8217
f 8288 8216 8217
f 8315 8312 8225
f 8312 8224 8225
f 8294 8291 8218
f 8291 8217 8218
f 8318 8315 8226
f 8315 8225 8226
f 8297 8294 8219
f 8294 8218 8219
f 8321 8318 8227
f 8318 8226 8227
f 8300 8297 8220
f 8297 8219 8220
f 8258 8255 8307
f 8255 8304 8307
f 8237 8234 8286
f 8234 8283 8286
f 8261 8258 8310
f 8258 8307 8310
f 8286 8289 8237
f 8289 8240 8237
f 8261 8310 8264
f 8310 8313 8264
f 8243 8240 8292
f 8240 8289 8292
f 8313 8316 8264
f 8316 8267 8264
f 8246 8243 8295
f 8243 8292 8295
f 8319 8270 8316
f 8270 8267 8316
f 8249 8246 8298
f 8246 8295 8298
f 8273 8270 8322
f 8270 8319 8322
f 8249 8298 8252
f 8298 8301 8252
f 8273 8322 8229
f 8322 8276 8229
f 8279 8277 8213
f 8277 8212 8213
f 8301 8304 8252
f 8304 8255 8252
f 8280 8283 8231
f 8283 8234 8231
f 8232 8228 8233
f 8228 8230 8233
f 8233 8230 8231
f 8230 8229 8231
f 8235 8232 8236
f 8232 8233 8236
f 8236 8233 8234
f 8233 8231 8234
f 8238 8235 8239
f 8235 8236 8239
f 8239 8236 8237
f 8236 8234 8237
f 8241 8238 8242
f 8238 8239 8242
f 8242 8239 8240
f 8239 8237 8240
f 8244 8241 8245
f 8241 8242 8245
f 8245 8242 8243
f 8242 8240 8243
f 8247 8244 8248
f 8244 8245 8248
f 8248 8245 8246
f 8245 8243 8246
f 8250 8247 8251
f 8247 8248 8251
f 8251 8248 8249
f 8248 8246 8249
f 8253 8250 8254
f 8250 8251 8254
f 8254 8251 8252
f 8251 8249 8252
f 8256 8253 8257
f 8253 8254 8257
f 8257 8254 8255
f 8254 8252 8255
f 8259 8256 8260
f 8256 8257 8260
f 8260 8257 8258
f 8257 8255 8258
f 8262 8259 8263
f 8259 8260 8263
f 8263 8260 8261
f 8260 8258 8261
f 8265 8262 8266
f 8262 8263 8266
f 8266 8263 8264
f 8263 8261 8264
f 8268 8265 8269
f 8265 8266 8269
f 8269 8266 8267
f 8266 8264 8267
f 8271 8268 8272
f 8268 8269 8272
f 8272 8269 8270
f 8269 8267 8270
f 8274 8271 8275
f 8271 8272 8275
f 8275 8272 8273
f 8272 8270 8273
f 8228 8274 8230
f 8274 8275 8230
f 8230 8275 8229
f 8275 8273 8229
f 8277 8321 8212
f 8321 8227 8212
f 8277 8279 8278
f 8279 8281 8278
f 8278 8281 8276
f 8281 8280 8276
f 8279 8282 8281
f 8282 8284 8281
f 8281 8284 8280
f 8284 8283 8280
f 8282 8285 8284
f 8285 8287 8284
f 8284 8287 8283
f 8287 8286 8283
f 8285 8288 8287
f 8288 8290 8287
f 8287 8290 8286
f 8290 8289 8286
f 8288 8291 8290
f 8291 8293 8290
f 8290 8293 8289
f 8293 8292 8289
f 8291 8294 8293
f 8294 8296 8293
f 8293 8296 8292
f 8296 8295 8292
f 8294 8297 8296
f 8297 8299 8296
f 8296 8299 8295
f 8299 8298 8295
f 8297 8300 8299
f 8300 8302 8299
f 8299 8302 8298
f 8302 8301 8298
f 8300 8303 8302
f 8303 8305 8302
f 8302 8305 8301
f 8305 8304 8301
f 8303 8306 8305
f 8306 8308 8305
f 8305 8308 8304
f 8308 8307 8304
f 8306 8309 8308
f 8309 8311 8308
f 8308 8311 8307
f 8311 8310 8307
f 8309 8312 8311
f 8312 8314 8311
f 8311 8314 8310
f 8314 8313 8310
f 8312 8315 8314
f 8315 8317 8314
f 8314 8317 8313
f 8317 8316 8313
f 8315 8318 8317
f 8318 8320 8317
f 8317 8320 8316
f 8320 8319 8316
f 8318 8321 8320
f 8321 8323 8320
f 8320 8323 8319
f 8323 8322 8319
f 8321 8277 8323
f 8277 8278 8323
f 8323 8278 8322
f 8278 8276 8322
f 8276 8280 8229
f 8280 8231 8229
f 8410 8407 8342
f 8407 8341 8342
f 8369 8328 8366
f 8328 8327 8366
f 8381 8332 8378
f 8332 8331 8378
f 8375 8330 8372
f 8330 8329 8372
f 8366 8327 8363
f 8327 8326 8363
f 8393 8336 8390
f 8336 8335 8390
f 8356 8324 8402
f 8324 8339 8402
f 8390 8335 8387
f 8335 8334 8387
f 8372 8329 8369
f 8329 8328 8369
f 8363 8326 8360
f 8326 8325 8360
f 8402 8339 8399
f 8339 8338 8399
f 8396 8337 8393
f 8337 8336 8393
f 8387 8334 8384
f 8334 8333 8384
f 8378 8331 8375
f 8331 8330 8375
f 8384 8333 8381
f 8333 8332 8381
f 8399 8338 8396
f 8338 8337 8396
f 8431 8428 8349
f 8428 8348 8349
f 8360 8325 8356
f 8325 8324 8356
f 8434 8431 8350
f 8431 8349 8350
f 8413 8410 8343
f 8410 8342 8343
f 8437 8434 8351
f 8434 8350 8351
f 8416 8413 8344
f 8413 8343 8344
f 8440 8437 8352
f 8437 8351 8352
f 8419 8416 8345
f 8416 8344 8345
f 8443 8440 8353
f 8440 8352 8353
f 8422 8419 8346
f 8419 8345 8346
f 8446 8443 8354
f 8443 8353 8354
f 8425 8422 8347
f 8422 8346 8347
f 8449 8446 8355
f 8446 8354 8355
f 8428 8425 8348
f 8425 8347 8348
f 8386 8383 8435
f 8383 8432 8435
f 8365 8362 8414
f 8362 8411 8414
f 8389 8386 8438
f 8386 8435 8438
f 8414 8417 8365
f 8417 8368 8365
f 8389 8438 8392
f 8438 8441 8392
f 8371 8368 8420
f 8368 8417 8420
f 8441 8444 8392
f 8444 8395 8392
f 8374 8371 8423
f 8371 8420 8423
f 8447 8398 8444
f 8398 8395 8444
f 8377 8374 8426
f 8374 8423 8426
f 8401 8398 8450
f 8398 8447 8450
f 8377 8426 8380
f 8426 8429 8380
f 8401 8450 8357
f 8450 8404 8357
f 8407 8405 8341
f 8405 8340 8341
f 8429 8432 8380
f 8432 8383 8380
f 8408 8411 8359
f 8411 8362 8359
f 8360 8356 8361
f 8356 8358 8361
f 8361 8358 8359
f 8358 8357 8359
f 8363 8360 8364
f 8360 8361 8364
f 8364 8361 8362
f 8361 8359 8362
f 8366 8363 8367
f 8363 8364 8367
f 8367 8364 8365
f 8364 8362 8365
f 8369 8366 8370
f 8366 8367 8370
f 8370 8367 8368
f 8367 8365 8368
f 8372 8369 8373
f 8369 8370 8373
f 8373 8370 8371
f 8370 8368 8371
f 8375 8372 8376
f 8372 8373 8376
f 8376 8373 8374
f 8373 8371 8374
f 8378 8375 8379
f 8375 8376 8379
f 8379 8376 8377
f 8376 8374 8377
f 8381 8378 8382
f 8378 8379 8382
f 8382 8379 8380
f 8379 8377 8380
f 8384 8381 8385
f 8381 8382 8385
f 8385 8382 8383
f 8382 8380 8383
f 8387 8384 8388
f 8384 8385 8388
f 8388 8385 8386
f 8385 8383 8386
f 8390 8387 8391
f 8387 8388 8391
f 8391 8388 8389
f 8388 8386 8389
f 8393 8390 8394
f 8390 8391 8394
f 8394 8391 8392
f 8391 8389 8392
f 8396 8393 8397
f 8393 8394 8397
f 8397 8394 8395
f 8394 8392 8395
f 8399 8396 8400
f 8396 8397 8400
f 8400 8397 8398
f 8397 8395 8398
f 8402 8399 8403
f 8399 8400 8403
f 8403 8400 8401
f 8400 8398 8401
f 8356 8402 8358
f 8402 8403 8358
f 8358 8403 8357
f 8403 8401 8357
f 8405 8449 8340
f 8449 8355 8340
f 8405 8407 8406
f 8407 8409 8406
f 8406 8409 8404
f 8409 8408 8404
f 8407 8410 8409
f 8410 8412 8409
f 8409 8412 8408
f 8412 8411 8408
f 8410 8413 8412
f 8413 8415 8412
f 8412 8415 8411
f 8415 8414 8411
f 8413 8416 8415
f 8416 8418 8415
f 8415 8418 8414
f 8418 8417 8414
f 8416 8419 8418
f 8419 8421 8418
f 8418 8421 8417
f 8421 8420 8417
f 8419 8422 8421
f 8422 8424 8421
f 8421 8424 8420
f 8424 8423 8420
f 8422 8425 8424
f 8425 8427 8424
f 8424 8427 8423
f 8427 8426 8423
f 8425 8428 8427
f 8428 8430 8427
f 8427 8430 8426
f 8430 8429 8426
f 8428 8431 8430
f 8431 8433 8430
f 8430 8433 8429
f 8433 8432 8429
f 8431 8434 8433
f 8434 8436 8433
f 8433 8436 8432
f 8436 8435 8432
f 8434 8437 8436
f 8437 8439 8436
f 8436 8439 8435
f 8439 8438 8435
f 8437 8440 8439
f 8440 8442 8439
f 8439 8442 8438
f 8442 8441 8438
f 8440 8443 8442
f 8443 8445 8442
f 8442 8445 8441
f 8445 8444 8441
f 8443 8446 8445
f 8446 8448 8445
f 8445 8448 8444
f 8448 8447 8444
f 8446 8449 8448
f 8449 8451 8448
f 8448 8451 8447
f 8451 8450 8447
f 8449 8405 8451
f 8405 8406 8451
f 8451 8406 8450
f 8406 8404 8450
f 8404 8408 8357
f 8408 8359 8357
f 8538 8535 8470
f 8535 8469 8470
f 8497 8456 8494
f 8456 8455 8494
f 8509 8460 8506
f 8460 8459 8506
f 8503 8458 8500
f 8458 8457 8500
f 8494 8455 8491
f 8455 8454 8491
f 8521 8464 8518
f 8464 8463 8518
f 8484 8452 8530
f 8452 8467 8530
f 8518 8463 8515
f 8463 8462 8515
f 8500 8457 8497
f 8457 8456 8497
f 8491 8454 8488
f 8454 8453 8488
f 8530 8467 8527
f 8467 8466 8527
f 8524 8465 8521
f 8465 8464 8521
f 8515 8462 8512
f 8462 8461 8512
f 8506 8459 8503
f 8459 8458 8503
f 8512 8461 8509
f 8461 8460 8509
f 8527 8466 8524
f 8466 8465 8524
f 8559 8556 8477
f 8556 8476 8477
f 8488 8453 8484
f 8453 8452 8484
f 8562 8559 8478
f 8559 8477 8478
f 8541 8538 8471
f 8538 8470 8471
f 8565 8562 8479
f 8562 8478 8479
f 8544 8541 8472
f 8541 8471 8472
f 8568 8565 8480
f 8565 8479 8480
f 8547 8544 8473
f 8544 8472 8473
f 8571 8568 8481
f 8568 8480 8481
f 8550 8547 8474
f 8547 8473 8474
f 8574 8571 8482
f 8571 8481 8482
f 8553 8550 8475
f 8550 8474 8475
f 8577 8574 8483
f 8574 8482 8483
f 8556 8553 8476
f 8553 8475 8476
f 8514 8511 8563
f 8511 8560 8563
f 8493 8490 8542
f 8490 8539 8542
f 8517 8514 8566
f 8514 8563 8566
f 8542 8545 8493
f 8545 8496 8493
f 8517 8566 8520
f 8566 8569 8520
f 8499 8496 8548
f 8496 8545 8548
f 8569 8572 8520
f 8572 8523 8520
f 8502 8499 8551
f 8499 8548 8551
f 8575 8526 8572
f 8526 8523 8572
f 8505 8502 8554
f 8502 8551 8554
f 8529 8526 8578
f 8526 8575 8578
f 8505 8554 8508
f 8554 8557 8508
f 8529 8578 8485
f 8578 8532 8485
f 8535 8533 8469
f 8533 8468 8469
f 8557 8560 8508
f 8560 8511 8508
f 8536 8539 8487
f 8539 8490 8487
f 8488 8484 8489
f 8484 8486 8489
f 8489 8486 8487
f 8486 8485 8487
f 8491 8488 8492
f 8488 8489 8492
f 8492 8489 8490
f 8489 8487 8490
f 8494 8491 8495
f 8491 8492 8495
f 8495 8492 8493
f 8492 8490 8493
f 8497 8494 8498
f 8494 8495 8498
f 8498 8495 8496
f 8495 8493 8496
f 8500 8497 8501
f 8497 8498 8501
f 8501 8498 8499
f 8498 8496 8499
f 8503 8500 8504
f 8500 8501 8504
f 8504 8501 8502
f 8501 8499 8502
f 8506 8503 8507
f 8503 8504 8507
f 8507 8504 8505
f 8504 8502 8505
f 8509 8506 8510
f 8506 8507 8510
f 8510 8507 8508
f 8507 8505 8508
f 8512 8509 8513
f 8509 8510 8513
f 8513 8510 8511
f 8510 8508 8511
f 8515 8512 8516
f 8512 8513 8516
f 8516 8513 8514
f 8513 8511 8514
f 8518 8515 8519
f 8515 8516 8519
f 8519 8516 8517
f 8516 8514 8517
f 8521 8518 8522
f 8518 8519 8522
f 8522 8519 8520
f 8519 8517 8520
f 8524 8521 8525
f 8521 8522 8525
f 8525 8522 8523
f 8522 8520 8523
f 8527 8524 8528
f 8524 8525 8528
f 8528 8525 8526
f 8525 8523 8526
f 8530 8527 8531
f 8527 8528 8531
f 8531 8528 8529
f 8528 8526 8529
f 8484 8530 8486
f 8530 8531 8486
f 8486 8531 8485
f 8531 8529 8485
f 8533 8577 8468
f 8577 8483 8468
f 8533 8535 8534
f 8535 8537 8534
f 8534 8537 8532
f 8537 8536 8532
f 8535 8538 8537
f 8538 8540 8537
f 8537 8540 8536
f 8540 8539 8536
f 8538 8541 8540
f 8541 8543 8540
f 8540 8543 8539
f 8543 8542 8539
f 8541 8544 8543
f 8544 8546 8543
f 8543 8546 8542
f 8546 8545 8542
f 8544 8547 8546
f 8547 8549 8546
f 8546 8549 8545
f 8549 8548 8545
f 8547 8550 8549
f 8550 8552 8549
f 8549 8552 8548
f 8552 8551 8548
f 8550 8553 8552
f 8553 8555 8552
f 8552 8555 8551
f 8555 8554 8551
f 8553 8556 8555
f 8556 8558 8555
f 8555 8558 8554
f 8558 8557 8554
f 8556 8559 8558
f 8559 8561 8558
f 8558 8561 8557
f 8561 8560 8557
f 8559 8562 8561
f 8562 8564 8561
f 8561 8564 8560
f 8564 8563 8560
f 8562 8565 8564
f 8565 8567 8564
f 8564 8567 8563
f 8567 8566 8563
f 8565 8568 8567
f 8568 8570 8567
f 8567 8570 8566
f 8570 8569 8566
f 8568 8571 8570
f 8571 8573 8570
f 8570 8573 8569
f 8573 8572 8569
f 8571 8574 8573
f 8574 8576 8573
f 8573 8576 8572
f 8576 8575 8572
f 8574 8577 8576
f 8577 8579 8576
f 8576 8579 8575
f 8579 8578 8575
f 8577 8533 8579
f 8533 8534 8579
f 8579 8534 8578
f 8534 8532 8578
f 8532 8536 8485
f 8536 8487 8485
f 8666 8663 8598
f 8663 8597 8598
f 8625 8584 8622
f 8584 8583 8622
f 8637 8588 8634
f 8588 8587 8634
f 8631 8586 8628
f 8586 8585 8628
f 8622 8583 8619
f 8583 8582 8619
f 8649 8592 8646
f 8592 8591 8646
f 8612 8580 8658
f 8580 8595 8658
f 8646 8591 8643
f 8591 8590 8643
f 8628 8585 8625
f 8585 8584 8625
f 8619 8582 8616
f 8582 8581 8616
f 8658 8595 8655
f 8595 8594 8655
f 8652 8593 8649
f 8593 8592 8649
f 8643 8590 8640
f 8590 8589 8640
f 8634 8587 8631
f 8587 8586 8631
f 8640 8589 8637
f 8589 8588 8637
f 8655 8594 8652
f 8594 8593 8652
f 8687 8684 8605
f 8684 8604 8605
f 8616 8581 8612
f 8581 8580 8612
f 8690 8687 8606
f 8687 8605 8606
f 8669 8666 8599
f 8666 8598 8599
f 8693 8690 8607
f 8690 8606 8607
f 8672 8669 8600
f 8669 8599 8600
f 8696 8693 8608
f 8693 8607 8608
f 8675 8672 8601
f 8672 8600 8601
f 8699 8696 8609
f 8696 8608 8609
f 8678 8675 8602
f 8675 8601 8602
f 8702 8699 8610
f 8699 8609 8610
f 8681 8678 8603
f 8678 8602 8603
f 8705 8702 8611
f 8702 8610 8611
f 8684 8681 8604
f 8681 8603 8604
f 8642 8639 8691
f 8639 8688 8691
f 8621 8618 8670
f 8618 8667 8670
f 8645 8642 8694
f 8642 8691 8694
f 8670 8673 8621
f 8673 8624 8621
f 8645 8694 8648
f 8694 8697 8648
f 8627 8624 8676
f 8624 8673 8676
f 8697 8700 8648
f 8700 8651 8648
f 8630 8627 8679
f 8627 8676 8679
f 8703 8654 8700
f 8654 8651 8700
f 8633 8630 8682
f 8630 8679 8682
f 8657 8654 8706
f 8654 8703 8706
f 8633 8682 8636
f 8682 8685 8636
f 8657 8706 8613
f 8706 8660 8613
f 8663 8661 8597
f 8661 8596 8597
f 8685 8688 8636
f 8688 8639 8636
f 8664 8667 8615
f 8667 8618 8615
f 8616 8612 8617
f 8612 8614 8617
f 8617 8614 8615
f 8614 8613 8615
f 8619 8616 8620
f 8616 8617 8620
f 8620 8617 8618
f 8617 8615 8618
f 8622 8619 8623
f 8619 8620 8623
f 8623 8620 8621
f 8620 8618 8621
f 8625 8622 8626
f 8622 8623 8626
f 8626 8623 8624
f 8623 8621 8624
f 8628 8625 8629
f 8625 8626 8629
f 8629 8626 8627
f 8626 8624 8627
f 8631 8628 8632
f 8628 8629 8632
f 8632 8629 8630
f 8629 8627 8630
f 8634 8631 8635
f 8631 8632 8635
f 8635 8632 8633
f 8632 8630 8633
f 8637 8634 8638
f 8634 8635 8638
f 8638 8635 8636
f 8635 8633 8636
f 8640 8637 8641
f 8637 8638 8641
f 8641 8638 8639
f 8638 8636 8639
f 8643 8640 8644
f 8640 8641 8644
f 8644 8641 8642
f 8641 8639 8642
f 8646 8643 8647
f 8643 8644 8647
f 8647 8644 8645
f 8644 8642 8645
f 8649 8646 8650
f 8646 8647 8650
f 8650 8647 8648
f 8647 8645 8648
f 8652 8649 8653
f 8649 8650 8653
f 8653 8650 8651
f 8650 8648 8651
f 8655 8652 8656
f 8652 8653 8656
f 8656 8653 8654
f 8653 8651 8654
f 8658 8655 8659
f 8655 8656 8659
f 8659 8656 8657
f 8656 8654 8657
f 8612 8658 8614
f 8658 8659 8614
f 8614 8659 8613
f 8659 8657 8613
f 8661 8705 8596
f 8705 8611 8596
f 8661 8663 8662
f 8663 8665 8662
f 8662 8665 8660
f 8665 8664 8660
f 8663 8666 8665
f 8666 8668 8665
f 8665 8668 8664
f 8668 8667 8664
f 8666 8669 8668
f 8669 8671 8668
f 8668 8671 8667
f 8671 8670 8667
f 8669 8672 8671
f 8672 8674 8671
f 8671 8674 8670
f 8674 8673 8670
f 8672 8675 8674
f 8675 8677 8674
f 8674 8677 8673
f 8677 8676 8673
f 8675 8678 8677
f 8678 8680 8677
f 8677 8680 8676
f 8680 8679 8676
f 8678 8681 8680
f 8681 8683 8680
f 8680 8683 8679
f 8683 8682 8679
f 8681 8684 8683
f 8684 8686 8683
f 8683 8686 8682
f 8686 8685 8682
f 8684 8687 8686
f 8687 8689 8686
f 8686 8689 8685
f 8689 8688 8685
f 8687 8690 8689
f 8690 8692 8689
f 8689 8692 8688
f 8692 8691 8688
f 8690 8693 8692
f 8693 8695 8692
f 8692 8695 8691
f 8695 8694 8691
f 8693 8696 8695
f 8696 8698 8695
f 8695 8698 8694
f 8698 8697 8694
f 8696 8699 8698
f 8699 8701 8698
f 8698 8701 8697
f 8701 8700 8697
f 8699 8702 8701
f 8702 8704 8701
f 8701 8704 8700
f 8704 8703 8700
f 8702 8705 8704
f 8705 8707 8704
f 8704 8707 8703
f 8707 8706 8703
f 8705 8661 8707
f 8661 8662 8707
f 8707 8662 8706
f 8662 8660 8706
f 8660 8664 8613
f 8664 8615 8613
f 8794 8791 8726
f 8791 8725 8726
f 8753 8712 8750
f 8712 8711 8750
f 8765 8716 8762
f 8716 8715 8762
f 8759 8714 8756
f 8714 8713 8756
f 8750 8711 8747
f 8711 8710 8747
f 8777 8720 8774
f 8720 8719 8774
f 8740 8708 8786
f 8708 8723 8786
f 8774 8719 8771
f 8719 8718 8771
f 8756 8713 8753
f 8713 8712 8753
f 8747 8710 8744
f 8710 8709 8744
f 8786 8723 8783
f 8723 8722 8783
f 8780 8721 8777
f 8721 8720 8777
f 8771 8718 8768
f 8718 8717 8768
f 8762 8715 8759
f 8715 8714 8759
f 8768 8717 8765
f 8717 8716 8765
f 8783 8722 8780
f 8722 8721 8780
f 8815 8812 8733
f 8812 8732 8733
f 8744 8709 8740
f 8709 8708 8740
f 8818 8815 8734
f 8815 8733 8734
f 8797 8794 8727
f 8794 8726 8727
f 8821 8818 8735
f 8818 8734 8735
f 8800 8797 8728
f 8797 8727 8728
f 8824 8821 8736
f 8821 8735 8736
f 8803 8800 8729
f 8800 8728 8729
f 8827 8824 8737
f 8824 8736 8737
f 8806 8803 8730
f 8803 8729 8730
f 8830 8827 8738
f 8827 8737 8738
f 8809 8806 8731
f 8806 8730 8731
f 8833 8830 8739
f 8830 8738 8739
f 8812 8809 8732
f 8809 8731 8732
f 8770 8767 8819
f 8767 8816 8819
f 8749 8746 8798
f 8746 8795 8798
f 8773 8770 8822
f 8770 8819 8822
f 8798 8801 8749
f 8801 8752 8749
f 8773 8822 8776
f 8822 8825 8776
f 8755 8752 8804
f 8752 8801 8804
f 8825 8828 8776
f 8828 8779 8776
f 8758 8755 8807
f 8755 8804 8807
f 8831 8782 8828
f 8782 8779 8828
f 8761 8758 8810
f 8758 8807 8810
f 8785 8782 8834
f 8782 8831 8834
f 8761 8810 8764
f 8810 8813 8764
f 8785 8834 8741
f 8834 8788 8741
f 8791 8789 8725
f 8789 8724 8725
f 8813 8816 8764
f 8816 8767 8764
f 8792 8795 8743
f 8795 8746 8743
f 8744 8740 8745
f 8740 8742 8745
f 8745 8742 8743
f 8742 8741 8743
f 8747 8744 8748
f 8744 8745 8748
f 8748 8745 8746
f 8745 8743 8746
f 8750 8747 8751
f 8747 8748 8751
f 8751 8748 8749
f 8748 8746 8749
f 8753 8750 8754
f 8750 8751 8754
f 8754 8751 8752
f 8751 8749 8752
f 8756 8753 8757
f 8753 8754 8757
f 8757 8754 8755
f 8754 8752 8755
f 8759 8756 8760
f 8756 8757 8760
f 8760 8757 8758
f 8757 8755 8758
f 8762 8759 8763
f 8759 8760 8763
f 8763 8760 8761
f 8760 8758 8761
f 8765 8762 8766
f 8762 8763 8766
f 8766 8763 8764
f 8763 8761 8764
f 8768 8765 8769
f 8765 8766 8769
f 8769 8766 8767
f 8766 8764 8767
f 8771 8768 8772
f 8768 8769 8772
f 8772 8769 8770
f 8769 8767 8770
f 8774 8771 8775
f 8771 8772 8775
f 8775 8772 8773
f 8772 8770 8773
f 8777 8774 8778
f 8774 8775 8778
f 8778 8775 8776
f 8775 8773 8776
f 8780 8777 8781
f 8777 8778 8781
f 8781 8778 8779
f 8778 8776 8779
f 8783 8780 8784
f 8780 8781 8784
f 8784 8781 8782
f 8781 8779 8782
f 8786 8783 8787
f 8783 8784 8787
f 8787 8784 8785
f 8784 8782 8785
f 8740 8786 8742
f 8786 8787 8742
f 8742 8787 8741
f 8787 8785 8741
f 8789 8833 8724
f 8833 8739 8724
f 8789 8791 8790
f 8791 8793 8790
f 8790 8793 8788
f 8793 8792 8788
f 8791 8794 8793
f 8794 8796 8793
f 8793 8796 8792
f 8796 8795 8792
f 8794 8797 8796
f 8797 8799 8796
f 8796 8799 8795
f 8799 8798 8795
f 8797 8800 8799
f 8800 8802 8799
f 8799 8802 8798
f 8802 8801 8798
f 8800 8803 8802
f 8803 8805 8802
f 8802 8805 8801
f 8805 8804 8801
f 8803 8806 8805
f 8806 8808 8805
f 8805 8808 8804
f 8808 8807 8804
f 8806 8809 8808
f 8809 8811 8808
f 8808 8811 8807
f 8811 8810 8807
f 8809 8812 8811
f 8812 8814 8811
f 8811 8814 8810
f 8814 8813 8810
f 8812 8815 8814
f 8815 8817 8814
f 8814 8817 8813
f 8817 8816 8813
f 8815 8818 8817
f 8818 8820 8817
f 8817 8820 8816
f 8820 8819 8816
f 8818 8821 8820
f 8821 8823 8820
f 8820 8823 8819
f 8823 8822 8819
f 8821 8824 8823
f 8824 8826 8823
f 8823 8826 8822
f 8826 8825 8822
f 8824 8827 8826
f 8827 8829 8826
f 8826 8829 8825
f 8829 8828 8825
f 8827 8830 8829
f 8830 8832 8829
f 8829 8832 8828
f 8832 8831 8828
f 8830 8833 8832
f 8833 8835 8832
f 8832 8835 8831
f 8835 8834 8831
f 8833 8789 8835
f 8789 8790 8835
f 8835 8790 8834
f 8790 8788 8834
f 8788 8792 8741
f 8792 8743 8741
o Part.4
v -32.04 0.02 0.04
v -32.04 0.02 7.96
v -39.96 0.02 7.96
v -39.96 0.02 0.04
v -39.96 9.58 0.04
v -39.96 9.58 7.96
v -32.04 9.58 7.96
v -32.04 9.58 0.04
v -38.4 0.02 1.6
v -38.4 0.02 6.4
v -33.6 0.02 6.4
v -33.6 0.02 1.6
v -33.6 8.6 1.6
v -33.6 8.6 6.4
v -38.4 8.6 6.4
v -38.4 8.6 1.6
v -32.04 0.02 7.96
v -32.04 0.02 7.96
v -39.96 0.02 7.96
v -39.96 0.02 7.96
v -32.04 0.02 0.04
v -32.04 0.02 0.04
v -39.96 0.02 0.04
v -39.96 0.02 0.04
v -39.96 9.58 0.04
v -39.96 9.58 0.04
v -39.96 9.58 7.96
v -39.96 9.58 7.96
v -32.04 9.58 0.04
v -32.04 9.58 0.04
v -32.04 9.58 7.96
v -32.04 9.58 7.96
v -38.4 0.02 1.6
v -38.4 0.02 1.6
v -38.4 0.02 6.4
v -38.4 0.02 6.4
v -33.6 0.02 1.6
v -33.6 0.02 1.6
v -33.6 0.02 6.4
v -33.6 0.02 6.4
v -33.6 8.6 6.4
v -33.6 8.6 6.4
v -38.4 8.6 6.4
v -38.4 8.6 6.4
v -33.6 8.6 1.6
v -33.6 8.6 1.6
v -38.4 8.6 1.6
v -38.4 8.6 1.6
v -35.082 11.15 1.783
v -35.179 11.4 2.018
v -35.11 11.327 1.852
v -34.483 11.4 2.483
v -34.303 11.15 2.303
v -34.356 11.327 2.356
v -33.783 11.15 3.082
v -34.018 11.4 3.179
v -33.852 11.327 3.11
v -33.855 11.4 4
v -33.6 11.15 4
v -33.675 11.327 4
v -33.783 11.15 4.918
v -34.018 11.4 4.821
v -33.852 11.327 4.89
v -34.303 11.15 5.697
v -34.483 11.4 5.517
v -34.356 11.327 5.644
v -35.082 11.15 6.217
v -35.179 11.4 5.982
v -35.11 11.327 6.148
v -36 11.15 6.4
v -36 11.4 6.145
v -36 11.327 6.325
v -36.821 11.4 5.982
v -36.918 11.15 6.217
v -36.89 11.327 6.148
v -37.697 11.15 5.697
v -37.517 11.4 5.517
v -37.644 11.327 5.644
v -38.217 11.15 4.918
v -37.982 11.4 4.821
v -38.148 11.327 4.89
v -38.4 11.15 4
v -38.145 11.4 4
v -38.325 11.327 4
v -38.217 11.15 3.082
v -37.982 11.4 3.179
v -38.148 11.327 3.11
v -37.517 11.4 2.483
v -37.697 11.15 2.303
v -37.644 11.327 2.356
v -36.918 11.15 1.783
v -36.821 11.4 2.018
v -36.89 11.327 1.852
v -36 11.15 1.6
v -36 11.4 1.855
v -36 11.327 1.675
v -34.937 11.4 5.014
v -34.836 11.4 4
v -34.937 11.4 2.986
v -36 11.4 5.097
v -36 11.4 4
v -36 11.4 2.903
v -37.063 11.4 5.014
v -37.164 11.4 4
v -37.063 11.4 2.986
v -36 9.73 1.6
v -36 9.58 1.447
v -36 9.624 1.555
v -36.977 9.58 1.641
v -36.918 9.73 1.783
v -36.936 9.624 1.741
v -37.805 9.58 2.195
v -37.697 9.73 2.303
v -37.729 9.624 2.271
v -38.359 9.58 3.023
v -38.217 9.73 3.082
v -38.259 9.624 3.064
v -38.553 9.58 4
v -38.4 9.73 4
v -38.445 9.624 4
v -38.359 9.58 4.977
v -38.217 9.73 4.918
v -38.259 9.624 4.936
v -37.805 9.58 5.805
v -37.697 9.73 5.697
v -37.729 9.624 5.729
v -36.977 9.58 6.359
v -36.918 9.73 6.217
v -36.936 9.624 6.259
v -36 9.58 6.553
v -36 9.73 6.4
v -36 9.624 6.445
v -35.023 9.58 6.359
v -35.082 9.73 6.217
v -35.064 9.624 6.259
v -34.195 9.58 5.805
v -34.303 9.73 5.697
v -34.271 9.624 5.729
v -33.641 9.58 4.977
v -33.783 9.73 4.918
v -33.741 9.624 4.936
v -33.447 9.58 4
v -33.6 9.73 4
v -33.555 9.624 4
v -33.641 9.58 3.023
v -33.783 9.73 3.082
v -33.741 9.624 3.064
v -34.195 9.58 2.195
v -34.303 9.73 2.303
v -34.271 9.624 2.271
v -35.023 9.58 1.641
v -35.082 9.73 1.783
v -35.064 9.624 1.741
usemtl MB_21
s off
f 8855 8862 8859
f 8862 8860 8859
f 8864 8857 8861
f 8857 8858 8861
f 8856 8865 8853
f 8865 8866 8853
f 8852 8867 8854
f 8867 8863 8854
f 8841 8842 8840
f 8842 8843 8840
f 8839 8868 8838
f 8868 8870 8838
f 8836 8872 8839
f 8872 8868 8839
f 8872 8836 8874
f 8836 8837 8874
f 8838 8870 8837
f 8870 8874 8837
f 8871 8878 8875
f 8878 8876 8875
f 8846 8877 8873
f 8877 8880 8873
f 8847 8881 8869
f 8881 8882 8869
f 8844 8883 8845
f 8883 8879 8845
f 8848 8849 8851
f 8849 8850 8851
f 8891 8934 8893
f 8934 8933 8893
f 8920 8924 8951
f 8924 8948 8951
f 8939 8918 8938
f 8918 8915 8938
f 8935 8938 8906
f 8938 8908 8906
f 8923 8921 8927
f 8921 8940 8927
f 8930 8937 8885
f 8937 8934 8885
f 8938 8915 8908
f 8915 8912 8908
f 8897 8932 8900
f 8932 8903 8900
f 8927 8940 8930
f 8940 8937 8930
f 8940 8921 8939
f 8921 8918 8939
f 8885 8934 8887
f 8934 8891 8887
f 8893 8933 8897
f 8933 8932 8897
f 8932 8935 8903
f 8935 8906 8903
f 8888 8889 8890
f 8889 8892 8890
f 8889 8887 8892
f 8887 8891 8892
f 8894 8895 8896
f 8895 8898 8896
f 8895 8893 8898
f 8893 8897 8898
f 8909 8910 8911
f 8910 8913 8911
f 8910 8908 8913
f 8908 8912 8913
f 8896 8898 8899
f 8898 8901 8899
f 8898 8897 8901
f 8897 8900 8901
f 8899 8901 8902
f 8901 8904 8902
f 8901 8900 8904
f 8900 8903 8904
f 8911 8913 8914
f 8913 8916 8914
f 8913 8912 8916
f 8912 8915 8916
f 8914 8916 8917
f 8916 8919 8917
f 8916 8915 8919
f 8915 8918 8919
f 8924 8925 8926
f 8925 8928 8926
f 8925 8923 8928
f 8923 8927 8928
f 8902 8904 8905
f 8904 8907 8905
f 8904 8903 8907
f 8903 8906 8907
f 8905 8907 8909
f 8907 8910 8909
f 8907 8906 8910
f 8906 8908 8910
f 8917 8919 8920
f 8919 8922 8920
f 8919 8918 8922
f 8918 8921 8922
f 8920 8922 8924
f 8922 8925 8924
f 8922 8921 8925
f 8921 8923 8925
f 8926 8928 8929
f 8928 8931 8929
f 8928 8927 8931
f 8927 8930 8931
f 8890 8892 8894
f 8892 8895 8894
f 8892 8891 8895
f 8891 8893 8895
f 8929 8931 8884
f 8931 8886 8884
f 8931 8930 8886
f 8930 8885 8886
f 8884 8886 8888
f 8886 8889 8888
f 8886 8885 8889
f 8885 8887 8889
f 8933 8936 8932
f 8936 8935 8932
f 8936 8939 8935
f 8939 8938 8935
f 8934 8937 8933
f 8937 8936 8933
f 8937 8940 8936
f 8940 8939 8936
f 8945 8941 8946
f 8941 8943 8946
f 8946 8943 8944
f 8943 8942 8944
f 8948 8945 8949
f 8945 8946 8949
f 8949 8946 8947
f 8946 8944 8947
f 8951 8948 8952
f 8948 8949 8952
f 8952 8949 8950
f 8949 8947 8950
f 8954 8951 8955
f 8951 8952 8955
f 8955 8952 8953
f 8952 8950 8953
f 8957 8954 8958
f 8954 8955 8958
f 8958 8955 8956
f 8955 8953 8956
f 8960 8957 8961
f 8957 8958 8961
f 8961 8958 8959
f 8958 8956 8959
f 8963 8960 8964
f 8960 8961 8964
f 8964 8961 8962
f 8961 8959 8962
f 8966 8963 8967
f 8963 8964 8967
f 8967 8964 8965
f 8964 8962 8965
f 8969 8966 8970
f 8966 8967 8970
f 8970 8967 8968
f 8967 8965 8968
f 8972 8969 8973
f 8969 8970 8973
f 8973 8970 8971
f 8970 8968 8971
f 8975 8972 8976
f 8972 8973 8976
f 8976 8973 8974
f 8973 8971 8974
f 8978 8975 8979
f 8975 8976 8979
f 8979 8976 8977
f 8976 8974 8977
f 8981 8978 8982
f 8978 8979 8982
f 8982 8979 8980
f 8979 8977 8980
f 8984 8981 8985
f 8981 8982 8985
f 8985 8982 8983
f 8982 8980 8983
f 8987 8984 8988
f 8984 8985 8988
f 8988 8985 8986
f 8985 8983 8986
f 8941 8987 8943
f 8987 8988 8943
f 8943 8988 8942
f 8988 8986 8942
f 8899 8902 8972
f 8902 8969 8972
f 8924 8926 8948
f 8926 8945 8948
f 8902 8905 8969
f 8905 8966 8969
f 8941 8929 8987
f 8929 8884 8987
f 8926 8929 8945
f 8929 8941 8945
f 8905 8909 8966
f 8909 8963 8966
f 8987 8884 8984
f 8884 8888 8984
f 8909 8911 8963
f 8911 8960 8963
f 8888 8890 8984
f 8890 8981 8984
f 8911 8914 8960
f 8914 8957 8960
f 8890 8894 8981
f 8894 8978 8981
f 8914 8917 8957
f 8917 8954 8957
f 8894 8896 8978
f 8896 8975 8978
f 8917 8920 8954
f 8920 8951 8954
f 8896 8899 8975
f 8899 8972 8975
o Part.5
v -16.04 0.02 0.04
v -16.04 0.02 7.96
v -23.96 0.02 7.96
v -23.96 0.02 0.04
v -23.96 9.58 0.04
v -23.96 9.58 7.96
v -16.04 9.58 7.96
v -16.04 9.58 0.04
v -22.4 0.02 1.6
v -22.4 0.02 6.4
v -17.6 0.02 6.4
v -17.6 0.02 1.6
v -17.6 8.6 1.6
v -17.6 8.6 6.4
v -22.4 8.6 6.4
v -22.4 8.6 1.6
v -16.04 0.02 7.96
v -16.04 0.02 7.96
v -23.96 0.02 7.96
v -23.96 0.02 7.96
v -16.04 0.02 0.04
v -16.04 0.02 0.04
v -23.96 0.02 0.04
v -23.96 0.02 0.04
v -23.96 9.58 0.04
v -23.96 9.58 0.04
v -23.96 9.58 7.96
v -23.96 9.58 7.96
v -16.04 9.58 0.04
v -16.04 9.58 0.04
v -16.04 9.58 7.96
v -16.04 9.58 7.96
v -22.4 0.02 1.6
v -22.4 0.02 1.6
v -22.4 0.02 6.4
v -22.4 0.02 6.4
v -17.6 0.02 1.6
v -17.6 0.02 1.6
v -17.6 0.02 6.4
v -17.6 0.02 6.4
v -17.6 8.6 6.4
v -17.6 8.6 6.4
v -22.4 8.6 6.4
v -22.4 8.6 6.4
v -17.6 8.6 1.6
v -17.6 8.6 1.6
v -22.4 8.6 1.6
v -22.4 8.6 1.6
v -19.082 11.15 1.783
v -19.179 11.4 2.018
v -19.11 11.327 1.852
v -18.483 11.4 2.483
v -18.303 11.15 2.303
v -18.356 11.327 2.356
v -17.783 11.15 3.082
v -18.018 11.4 3.179
v -17.852 11.327 3.11
v -17.855 11.4 4
v -17.6 11.15 4
v -17.675 11.327 4
v -17.783 11.15 4.918
v -18.018 11.4 4.821
v -17.852 11.327 4.89
v -18.303 11.15 5.697
v -18.483 11.4 5.517
v -18.356 11.327 5.644
v -19.082 11.15 6.217
v -19.179 11.4 5.982
v -19.11 11.327 6.148
v -20 11.15 6.4
v -20 11.4 6.145
v -20 11.327 6.325
v -20.821 11.4 5.982
v -20.918 11.15 6.217
v -20.89 11.327 6.148
v -21.697 11.15 5.697
v -21.517 11.4 5.517
v -21.644 11.327 5.644
v -22.217 11.15 4.918
v -21.982 11.4 4.821
v -22.148 11.327 4.89
v -22.4 11.15 4
v -22.145 11.4 4
v -22.325 11.327 4
v -22.217 11.15 3.082
v -21.982 11.4 3.179
v -22.148 11.327 3.11
v -21.517 11.4 2.483
v -21.697 11.15 2.303
v -21.644 11.327 2.356
v -20.918 11.15 1.783
v -20.821 11.4 2.018
v -20.89 11.327 1.852
v -20 11.15 1.6
v -20 11.4 1.855
v -20 11.327 1.675
v -18.937 11.4 5.014
v -18.836 11.4 4
v -18.937 11.4 2.986
v -20 11.4 5.097
v -20 11.4 4
v -20 11.4 2.903
v -21.063 11.4 5.014
v -21.164 11.4 4
v -21.063 11.4 2.986
v -20 9.73 1.6
v -20 9.58 1.447
v -20 9.624 1.555
v -20.977 9.58 1.641
v -20.918 9.73 1.783
v -20.936 9.624 1.741
v -21.805 9.58 2.195
v -21.697 9.73 2.303
v -21.729 9.624 2.271
v -22.359 9.58 3.023
v -22.217 9.73 3.082
v -22.259 9.624 3.064
v -22.553 9.58 4
v -22.4 9.73 4
v -22.445 9.624 4
v -22.359 9.58 4.977
v -22.217 9.73 4.918
v -22.259 9.624 4.936
v -21.805 9.58 5.805
v -21.697 9.73 5.697
v -21.729 9.624 5.729
v -20.977 9.58 6.359
v -20.918 9.73 6.217
v -20.936 9.624 6.259
v -20 9.58 6.553
v -20 9.73 6.4
v -20 9.624 6.445
v -19.023 9.58 6.359
v -19.082 9.73 6.217
v -19.064 9.624 6.259
v -18.195 9.58 5.805
v -18.303 9.73 5.697
v -18.271 9.624 5.729
v -17.641 9.58 4.977
v -17.783 9.73 4.918
v -17.741 9.624 4.936
v -17.447 9.58 4
v -17.6 9.73 4
v -17.555 9.624 4
v -17.641 9.58 3.023
v -17.783 9.73 3.082
v -17.741 9.624 3.064
v -18.195 9.58 2.195
v -18.303 9.73 2.303
v -18.271 9.624 2.271
v -19.023 9.58 1.641
v -19.082 9.73 1.783
v -19.064 9.624 1.741
usemtl MB_21
s off
f 9008 9015 9012
f 9015 9013 9012
f 9017 9010 9014
f 9010 9011 9014
f 9009 9018 9006
f 9018 9019 9006
f 9005 9020 9007
f 9020 9016 9007
f 8994 8995 8993
f 8995 8996 8993
f 8992 9021 8991
f 9021 9023 8991
f 8989 9025 8992
f 9025 9021 8992
f 9025 8989 9027
f 8989 8990 9027
f 8991 9023 8990
f 9023 9027 8990
f 9024 9031 9028
f 9031 9029 9028
f 8999 9030 9026
f 9030 9033 9026
f 9000 9034 9022
f 9034 9035 9022
f 8997 9036 8998
f 9036 9032 8998
f 9001 9002 9004
f 9002 9003 9004
f 9044 9087 9046
f 9087 9086 9046
f 9073 9077 9104
f 9077 9101 9104
f 9092 9071 9091
f 9071 9068 9091
f 9088 9091 9059
f 9091 9061 9059
f 9076 9074 9080
f 9074 9093 9080
f 9083 9090 9038
f 9090 9087 9038
f 9091 9068 9061
f 9068 9065 9061
f 9050 9085 9053
f 9085 9056 9053
f 9080 9093 9083
f 9093 9090 9083
f 9093 9074 9092
f 9074 9071 9092
f 9038 9087 9040
f 9087 9044 9040
f 9046 9086 9050
f 9086 9085 9050
f 9085 9088 9056
f 9088 9059 9056
f 9041 9042 9043
f 9042 9045 9043
f 9042 9040 9045
f 9040 9044 9045
f 9047 9048 9049
f 9048 9051 9049
f 9048 9046 9051
f 9046 9050 9051
f 9062 9063 9064
f 9063 9066 9064
f 9063 9061 9066
f 9061 9065 9066
f 9049 9051 9052
f 9051 9054 9052
f 9051 9050 9054
f 9050 9053 9054
f 9052 9054 9055
f 9054 9057 9055
f 9054 9053 9057
f 9053 9056 9057
f 9064 9066 9067
f 9066 9069 9067
f 9066 9065 9069
f 9065 9068 9069
f 9067 9069 9070
f 9069 9072 9070
f 9069 9068 9072
f 9068 9071 9072
f 9077 9078 9079
f 9078 9081 9079
f 9078 9076 9081
f 9076 9080 9081
f 9055 9057 9058
f 9057 9060 9058
f 9057 9056 9060
f 9056 9059 9060
f 9058 9060 9062
f 9060 9063 9062
f 9060 9059 9063
f 9059 9061 9063
f 9070 9072 9073
f 9072 9075 9073
f 9072 9071 9075
f 9071 9074 9075
f 9073 9075 9077
f 9075 9078 9077
f 9075 9074 9078
f 9074 9076 9078
f 9079 9081 9082
f 9081 9084 9082
f 9081 9080 9084
f 9080 9083 9084
f 9043 9045 9047
f 9045 9048 9047
f 9045 9044 9048
f 9044 9046 9048
f 9082 9084 9037
f 9084 9039 9037
f 9084 9083 9039
f 9083 9038 9039
f 9037 9039 9041
f 9039 9042 9041
f 9039 9038 9042
f 9038 9040 9042
f 9086 9089 9085
f 9089 9088 9085
f 9089 9092 9088
f 9092 9091 9088
f 9087 9090 9086
f 9090 9089 9086
f 9090 9093 9089
f 9093 9092 9089
f 9098 9094 9099
f 9094 9096 9099
f 9099 9096 9097
f 9096 9095 9097
f 9101 9098 9102
f 9098 9099 9102
f 9102 9099 9100
f 9099 9097 9100
f 9104 9101 9105
f 9101 9102 9105
f 9105 9102 9103
f 9102 9100 9103
f 9107 9104 9108
f 9104 9105 9108
f 9108 9105 9106
f 9105 9103 9106
f 9110 9107 9111
f 9107 9108 9111
f 9111 9108 9109
f 9108 9106 9109
f 9113 9110 9114
f 9110 9111 9114
f 9114 9111 9112
f 9111 9109 9112
f 9116 9113 9117
f 9113 9114 9117
f 9117 9114 9115
f 9114 9112 9115
f 9119 9116 9120
f 9116 9117 9120
f 9120 9117 9118
f 9117 9115 9118
f 9122 9119 9123
f 9119 9120 9123
f 9123 9120 9121
f 9120 9118 9121
f 9125 9122 9126
f 9122 9123 9126
f 9126 9123 9124
f 9123 9121 9124
f 9128 9125 9129
f 9125 9126 9129
f 9129 9126 9127
f 9126 9124 9127
f 9131 9128 9132
f 9128 9129 9132
f 9132 9129 9130
f 9129 9127 9130
f 9134 9131 9135
f 9131 9132 9135
f 9135 9132 9133
f 9132 9130 9133
f 9137 9134 9138
f 9134 9135 9138
f 9138 9135 9136
f 9135 9133 9136
f 9140 9137 9141
f 9137 9138 9141
f 9141 9138 9139
f 9138 9136 9139
f 9094 9140 9096
f 9140 9141 9096
f 9096 9141 9095
f 9141 9139 9095
f 9052 9055 9125
f 9055 9122 9125
f 9077 9079 9101
f 9079 9098 9101
f 9055 9058 9122
f 9058 9119 9122
f 9094 9082 9140
f 9082 9037 9140
f 9079 9082 9098
f 9082 9094 9098
f 9058 9062 9119
f 9062 9116 9119
f 9140 9037 9137
f 9037 9041 9137
f 9062 9064 9116
f 9064 9113 9116
f 9041 9043 9137
f 9043 9134 9137
f 9064 9067 9113
f 9067 9110 9113
f 9043 9047 9134
f 9047 9131 9134
f 9067 9070 9110
f 9070 9107 9110
f 9047 9049 9131
f 9049 9128 9131
f 9070 9073 9107
f 9073 9104 9107
f 9049 9052 9128
f 9052 9125 9128
o Part.6
v 39.96 0.02 0.04
v 39.96 0.02 7.96
v 32.04 0.02 7.96
v 32.04 0.02 0.04
v 32.04 9.58 0.04
v 32.04 9.58 7.96
v 39.96 9.58 7.96
v 39.96 9.58 0.04
v 33.6 0.02 1.6
v 33.6 0.02 6.4
v 38.4 0.02 6.4
v 38.4 0.02 1.6
v 38.4 8.6 1.6
v 38.4 8.6 6.4
v 33.6 8.6 6.4
v 33.6 8.6 1.6
v 39.96 0.02 7.96
v 39.96 0.02 7.96
v 32.04 0.02 7.96
v 32.04 0.02 7.96
v 39.96 0.02 0.04
v 39.96 0.02 0.04
v 32.04 0.02 0.04
v 32.04 0.02 0.04
v 32.04 9.58 0.04
v 32.04 9.58 0.04
v 32.04 9.58 7.96
v 32.04 9.58 7.96
v 39.96 9.58 0.04
v 39.96 9.58 0.04
v 39.96 9.58 7.96
v 39.96 9.58 7.96
v 33.6 0.02 1.6
v 33.6 0.02 1.6
v 33.6 0.02 6.4
v 33.6 0.02 6.4
v 38.4 0.02 1.6
v 38.4 0.02 1.6
v 38.4 0.02 6.4
v 38.4 0.02 6.4
v 38.4 8.6 6.4
v 38.4 8.6 6.4
v 33.6 8.6 6.4
v 33.6 8.6 6.4
v 38.4 8.6 1.6
v 38.4 8.6 1.6
v 33.6 8.6 1.6
v 33.6 8.6 1.6
v 36.918 11.15 1.783
v 36.821 11.4 2.018
v 36.89 11.327 1.852
v 37.517 11.4 2.483
v 37.697 11.15 2.303
v 37.644 11.327 2.356
v 38.217 11.15 3.082
v 37.982 11.4 3.179
v 38.148 11.327 3.11
v 38.145 11.4 4
v 38.4 11.15 4
v 38.325 11.327 4
v 38.217 11.15 4.918
v 37.982 11.4 4.821
v 38.148 11.327 4.89
v 37.697 11.15 5.697
v 37.517 11.4 5.517
v 37.644 11.327 5.644
v 36.918 11.15 6.217
v 36.821 11.4 5.982
v 36.89 11.327 6.148
v 36 11.15 6.4
v 36 11.4 6.145
v 36 11.327 6.325
v 35.179 11.4 5.982
v 35.082 11.15 6.217
v 35.11 11.327 6.148
v 34.303 11.15 5.697
v 34.483 11.4 5.517
v 34.356 11.327 5.644
v 33.783 11.15 4.918
v 34.018 11.4 4.821
v 33.852 11.327 4.89
v 33.6 11.15 4
v 33.855 11.4 4
v 33.675 11.327 4
v 33.783 11.15 3.082
v 34.018 11.4 3.179
v 33.852 11.327 3.11
v 34.483 11.4 2.483
v 34.303 11.15 2.303
v 34.356 11.327 2.356
v 35.082 11.15 1.783
v 35.179 11.4 2.018
v 35.11 11.327 1.852
v 36 11.15 1.6
v 36 11.4 1.855
v 36 11.327 1.675
v 37.063 11.4 5.014
v 37.164 11.4 4
v 37.063 11.4 2.986
v 36 11.4 5.097
v 36 11.4 4
v 36 11.4 2.903
v 34.937 11.4 5.014
v 34.836 11.4 4
v 34.937 11.4 2.986
v 36 9.73 1.6
v 36 9.58 1.447
v 36 9.624 1.555
v 35.023 9.58 1.641
v 35.082 9.73 1.783
v 35.064 9.624 1.741
v 34.195 9.58 2.195
v 34.303 9.73 2.303
v 34.271 9.624 2.271
v 33.641 9.58 3.023
v 33.783 9.73 3.082
v 33.741 9.624 3.064
v 33.447 9.58 4
v 33.6 9.73 4
v 33.555 9.624 4
v 33.641 9.58 4.977
v 33.783 9.73 4.918
v 33.741 9.624 4.936
v 34.195 9.58 5.805
v 34.303 9.73 5.697
v 34.271 9.624 5.729
v 35.023 9.58 6.359
v 35.082 9.73 6.217
v 35.064 9.624 6.259
v 36 9.58 6.553
v 36 9.73 6.4
v 36 9.624 6.445
v 36.977 9.58 6.359
v 36.918 9.73 6.217
v 36.936 9.624 6.259
v 37.805 9.58 5.805
v 37.697 9.73 5.697
v 37.729 9.624 5.729
v 38.359 9.58 4.977
v 38.217 9.73 4.918
v 38.259 9.624 4.936
v 38.553 9.58 4
v 38.4 9.73 4
v 38.445 9.624 4
v 38.359 9.58 3.023
v 38.217 9.73 3.082
v 38.259 9.624 3.064
v 37.805 9.58 2.195
v 37.697 9.73 2.303
v 37.729 9.624 2.271
v 36.977 9.58 1.641
v 36.918 9.73 1.783
v 36.936 9.624 1.741
usemtl MB_21
s off
f 9161 9168 9165
f 9168 9166 9165
f 9170 9163 9167
f 9163 9164 9167
f 9162 9171 9159
f 9171 9172 9159
f 9158 9173 9160
f 9173 9169 9160
f 9147 9148 9146
f 9148 9149 9146
f 9145 9174 9144
f 9174 9176 9144
f 9142 9178 9145
f 9178 9174 9145
f 9178 9142 9180
f 9142 9143 9180
f 9144 9176 9143
f 9176 9180 9143
f 9177 9184 9181
f 9184 9182 9181
f 9152 9183 9179
f 9183 9186 9179
f 9153 9187 9175
f 9187 9188 9175
f 9150 9189 9151
f 9189 9185 9151
f 9154 9155 9157
f 9155 9156 9157
f 9197 9240 9199
f 9240 9239 9199
f 9226 9230 9257
f 9230 9254 9257
f 9245 9224 9244
f 9224 9221 9244
f 9241 9244 9212
f 9244 9214 9212
f 9229 9227 9233
f 9227 9246 9233
f 9236 9243 9191
f 9243 9240 9191
f 9244 9221 9214
f 9221 9218 9214
f 9203 9238 9206
f 9238 9209 9206
f 9233 9246 9236
f 9246 9243 9236
f 9246 9227 9245
f 9227 9224 9245
f 9191 9240 9193
f 9240 9197 9193
f 9199 9239 9203
f 9239 9238 9203
f 9238 9241 9209
f 9241 9212 9209
f 9194 9195 9196
f 9195 9198 9196
f 9195 9193 9198
f 9193 9197 9198
f 9200 9201 9202
f 9201 9204 9202
f 9201 9199 9204
f 9199 9203 9204
f 9215 9216 9217
f 9216 9219 9217
f 9216 9214 9219
f 9214 9218 9219
f 9202 9204 9205
f 9204 9207 9205
f 9204 9203 9207
f 9203 9206 9207
f 9205 9207 9208
f 9207 9210 9208
f 9207 9206 9210
f 9206 9209 9210
f 9217 9219 9220
f 9219 9222 9220
f 9219 9218 9222
f 9218 9221 9222
f 9220 9222 9223
f 9222 9225 9223
f 9222 9221 9225
f 9221 9224 9225
f 9230 9231 9232
f 9231 9234 9232
f 9231 9229 9234
f 9229 9233 9234
f 9208 9210 9211
f 9210 9213 9211
f 9210 9209 9213
f 9209 9212 9213
f 9211 9213 9215
f 9213 9216 9215
f 9213 9212 9216
f 9212 9214 9216
f 9223 9225 9226
f 9225 9228 9226
f 9225 9224 9228
f 9224 9227 9228
f 9226 9228 9230
f 9228 9231 9230
f 9228 9227 9231
f 9227 9229 9231
f 9232 9234 9235
f 9234 9237 9235
f 9234 9233 9237
f 9233 9236 9237
f 9196 9198 9200
f 9198 9201 9200
f 9198 9197 9201
f 9197 9199 9201
f 9235 9237 9190
f 9237 9192 9190
f 9237 9236 9192
f 9236 9191 9192
f 9190 9192 9194
f 9192 9195 9194
f 9192 9191 9195
f 9191 9193 9195
f 9239 9242 9238
f 9242 9241 9238
f 9242 9245 9241
f 9245 9244 9241
f 9240 9243 9239
f 9243 9242 9239
f 9243 9246 9242
f 9246 9245 9242
f 9251 9247 9252
f 9247 9249 9252
f 9252 9249 9250
f 9249 9248 9250
f 9254 9251 9255
f 9251 9252 9255
f 9255 9252 9253
f 9252 9250 9253
f 9257 9254 9258
f 9254 9255 9258
f 9258 9255 9256
f 9255 9253 9256
f 9260 9257 9261
f 9257 9258 9261
f 9261 9258 9259
f 9258 9256 9259
f 9263 9260 9264
f 9260 9261 9264
f 9264 9261 9262
f 9261 9259 9262
f 9266 9263 9267
f 9263 9264 9267
f 9267 9264 9265
f 9264 9262 9265
f 9269 9266 9270
f 9266 9267 9270
f 9270 9267 9268
f 9267 9265 9268
f 9272 9269 9273
f 9269 9270 9273
f 9273 9270 9271
f 9270 9268 9271
f 9275 9272 9276
f 9272 9273 9276
f 9276 9273 9274
f 9273 9271 9274
f 9278 9275 9279
f 9275 9276 9279
f 9279 9276 9277
f 9276 9274 9277
f 9281 9278 9282
f 9278 9279 9282
f 9282 9279 9280
f 9279 9277 9280
f 9284 9281 9285
f 9281 9282 9285
f 9285 9282 9283
f 9282 9280 9283
f 9287 9284 9288
f 9284 9285 9288
f 9288 9285 9286
f 9285 9283 9286
f 9290 9287 9291
f 9287 9288 9291
f 9291 9288 9289
f 9288 9286 9289
f 9293 9290 9294
f 9290 9291 9294
f 9294 9291 9292
f 9291 9289 9292
f 9247 9293 9249
f 9293 9294 9249
f 9249 9294 9248
f 9294 9292 9248
f 9205 9208 9278
f 9208 9275 9278
f 9230 9232 9254
f 9232 9251 9254
f 9208 9211 9275
f 9211 9272 9275
f 9247 9235 9293
f 9235 9190 9293
f 9232 9235 9251
f 9235 9247 9251
f 9211 9215 9272
f 9215 9269 9272
f 9293 9190 9290
f 9190 9194 9290
f 9215 9217 9269
f 9217 9266 9269
f 9194 9196 9290
f 9196 9287 9290
f 9217 9220 9266
f 9220 9263 9266
f 9196 9200 9287
f 9200 9284 9287
f 9220 9223 9263
f 9223 9260 9263
f 9200 9202 9284
f 9202 9281 9284
f 9223 9226 9260
f 9226 9257 9260
f 9202 9205 9281
f 9205 9278 9281
o Part.7
v 23.96 0.02 0.04
v 23.96 0.02 7.96
v 16.04 0.02 7.96
v 16.04 0.02 0.04
v 16.04 9.58 0.04
v 16.04 9.58 7.96
v 23.96 9.58 7.96
v 23.96 9.58 0.04
v 17.6 0.02 1.6
v 17.6 0.02 6.4
v 22.4 0.02 6.4
v 22.4 0.02 1.6
v 22.4 8.6 1.6
v 22.4 8.6 6.4
v 17.6 8.6 6.4
v 17.6 8.6 1.6
v 23.96 0.02 7.96
v 23.96 0.02 7.96
v 16.04 0.02 7.96
v 16.04 0.02 7.96
v 23.96 0.02 0.04
v 23.96 0.02 0.04
v 16.04 0.02 0.04
v 16.04 0.02 0.04
v 16.04 9.58 0.04
v 16.04 9.58 0.04
v 16.04 9.58 7.96
v 16.04 9.58 7.96
v 23.96 9.58 0.04
v 23.96 9.58 0.04
v 23.96 9.58 7.96
v 23.96 9.58 7.96
v 17.6 0.02 1.6
v 17.6 0.02 1.6
v 17.6 0.02 6.4
v 17.6 0.02 6.4
v 22.4 0.02 1.6
v 22.4 0.02 1.6
v 22.4 0.02 6.4
v 22.4 0.02 6.4
v 22.4 8.6 6.4
v 22.4 8.6 6.4
v 17.6 8.6 6.4
v 17.6 8.6 6.4
v 22.4 8.6 1.6
v 22.4 8.6 1.6
v 17.6 8.6 1.6
v 17.6 8.6 1.6
v 20.918 11.15 1.783
v 20.821 11.4 2.018
v 20.89 11.327 1.852
v 21.517 11.4 2.483
v 21.697 11.15 2.303
v 21.644 11.327 2.356
v 22.217 11.15 3.082
v 21.982 11.4 3.179
v 22.148 11.327 3.11
v 22.145 11.4 4
v 22.4 11.15 4
v 22.325 11.327 4
v 22.217 11.15 4.918
v 21.982 11.4 4.821
v 22.148 11.327 4.89
v 21.697 11.15 5.697
v 21.517 11.4 5.517
v 21.644 11.327 5.644
v 20.918 11.15 6.217
v 20.821 11.4 5.982
v 20.89 11.327 6.148
v 20 11.15 6.4
v 20 11.4 6.145
v 20 11.327 6.325
v 19.179 11.4 5.982
v 19.082 11.15 6.217
v 19.11 11.327 6.148
v 18.303 11.15 5.697
v 18.483 11.4 5.517
v 18.356 11.327 5.644
v 17.783 11.15 4.918
v 18.018 11.4 4.821
v 17.852 11.327 4.89
v 17.6 11.15 4
v 17.855 11.4 4
v 17.675 11.327 4
v 17.783 11.15 3.082
v 18.018 11.4 3.179
v 17.852 11.327 3.11
v 18.483 11.4 2.483
v 18.303 11.15 2.303
v 18.356 11.327 2.356
v 19.082 11.15 1.783
v 19.179 11.4 2.018
v 19.11 11.327 1.852
v 20 11.15 1.6
v 20 11.4 1.855
v 20 11.327 1.675
v 21.063 11.4 5.014
v 21.164 11.4 4
v 21.063 11.4 2.986
v 20 11.4 5.097
v 20 11.4 4
v 20 11.4 2.903
v 18.937 11.4 5.014
v 18.836 11.4 4
v 18.937 11.4 2.986
v 20 9.73 1.6
v 20 9.58 1.447
v 20 9.624 1.555
v 19.023 9.58 1.641
v 19.082 9.73 1.783
v 19.064 9.624 1.741
v 18.195 9.58 2.195
v 18.303 9.73 2.303
v 18.271 9.624 2.271
v 17.641 9.58 3.023
v 17.783 9.73 3.082
v 17.741 9.624 3.064
v 17.447 9.58 4
v 17.6 9.73 4
v 17.555 9.624 4
v 17.641 9.58 4.977
v 17.783 9.73 4.918
v 17.741 9.624 4.936
v 18.195 9.58 5.805
v 18.303 9.73 5.697
v 18.271 9.624 5.729
v 19.023 9.58 6.359
v 19.082 9.73 6.217
v 19.064 9.624 6.259
v 20 9.58 6.553
v 20 9.73 6.4
v 20 9.624 6.445
v 20.977 9.58 6.359
v 20.918 9.73 6.217
v 20.936 9.624 6.259
v 21.805 9.58 5.805
v 21.697 9.73 5.697
v 21.729 9.624 5.729
v 22.359 9.58 4.977
v 22.217 9.73 4.918
v 22.259 9.624 4.936
v 22.553 9.58 4
v 22.4 9.73 4
v 22.445 9.624 4
v 22.359 9.58 3.023
v 22.217 9.73 3.082
v 22.259 9.624 3.064
v 21.805 9.58 2.195
v 21.697 9.73 2.303
v 21.729 9.624 2.271
v 20.977 9.58 1.641
v 20.918 9.73 1.783
v 20.936 9.624 1.741
usemtl MB_21
s off
f 9314 9321 9318
f 9321 9319 9318
f 9323 9316 9320
f 9316 9317 9320
f 9315 9324 9312
f 9324 9325 9312
f 9311 9326 9313
f 9326 9322 9313
f 9300 9301 9299
f 9301 9302 9299
f 9298 9327 9297
f 9327 9329 9297
f 9295 9331 9298
f 9331 9327 9298
f 9331 9295 9333
f 9295 9296 9333
f 9297 9329 9296
f 9329 9333 9296
f 9330 9337 9334
f 9337 9335 9334
f 9305 9336 9332
f 9336 9339 9332
f 9306 9340 9328
f 9340 9341 9328
f 9303 9342 9304
f 9342 9338 9304
f 9307 9308 9310
f 9308 9309 9310
f 9350 9393 9352
f 9393 9392 9352
f 9379 9383 9410
f 9383 9407 9410
f 9398 9377 9397
f 9377 9374 9397
f 9394 9397 9365
f 9397 9367 9365
f 9382 9380 9386
f 9380 9399 9386
f 9389 9396 9344
f 9396 9393 9344
f 9397 9374 9367
f 9374 9371 9367
f 9356 9391 9359
f 9391 9362 9359
f 9386 9399 9389
f 9399 9396 9389
f 9399 9380 9398
f 9380 9377 9398
f 9344 9393 9346
f 9393 9350 9346
f 9352 9392 9356
f 9392 9391 9356
f 9391 9394 9362
f 9394 9365 9362
f 9347 9348 9349
f 9348 9351 9349
f 9348 9346 9351
f 9346 9350 9351
f 9353 9354 9355
f 9354 9357 9355
f 9354 9352 9357
f 9352 9356 9357
f 9368 9369 9370
f 9369 9372 9370
f 9369 9367 9372
f 9367 9371 9372
f 9355 9357 9358
f 9357 9360 9358
f 9357 9356 9360
f 9356 9359 9360
f 9358 9360 9361
f 9360 9363 9361
f 9360 9359 9363
f 9359 9362 9363
f 9370 9372 9373
f 9372 9375 9373
f 9372 9371 9375
f 9371 9374 9375
f 9373 9375 9376
f 9375 9378 9376
f 9375 9374 9378
f 9374 9377 9378
f 9383 9384 9385
f 9384 9387 9385
f 9384 9382 9387
f 9382 9386 9387
f 9361 9363 9364
f 9363 9366 9364
f 9363 9362 9366
f 9362 9365 9366
f 9364 9366 9368
f 9366 9369 9368
f 9366 9365 9369
f 9365 9367 9369
f 9376 9378 9379
f 9378 9381 9379
f 9378 9377 9381
f 9377 9380 9381
f 9379 9381 9383
f 9381 9384 9383
f 9381 9380 9384
f 9380 9382 9384
f 9385 9387 9388
f 9387 9390 9388
f 9387 9386 9390
f 9386 9389 9390
f 9349 9351 9353
f 9351 9354 9353
f 9351 9350 9354
f 9350 9352 9354
f 9388 9390 9343
f 9390 9345 9343
f 9390 9389 9345
f 9389 9344 9345
f 9343 9345 9347
f 9345 9348 9347
f 9345 9344 9348
f 9344 9346 9348
f 9392 9395 9391
f 9395 9394 9391
f 9395 9398 9394
f 9398 9397 9394
f 9393 9396 9392
f 9396 9395 9392
f 9396 9399 9395
f 9399 9398 9395
f 9404 9400 9405
f 9400 9402 9405
f 9405 9402 9403
f 9402 9401 9403
f 9407 9404 9408
f 9404 9405 9408
f 9408 9405 9406
f 9405 9403 9406
f 9410 9407 9411
f 9407 9408 9411
f 9411 9408 9409
f 9408 9406 9409
f 9413 9410 9414
f 9410 9411 9414
f 9414 9411 9412
f 9411 9409 9412
f 9416 9413 9417
f 9413 9414 9417
f 9417 9414 9415
f 9414 9412 9415
f 9419 9416 9420
f 9416 9417 9420
f 9420 9417 9418
f 9417 9415 9418
f 9422 9419 9423
f 9419 9420 9423
f 9423 9420 9421
f 9420 9418 9421
f 9425 9422 9426
f 9422 9423 9426
f 9426 9423 9424
f 9423 9421 9424
f 9428 9425 9429
f 9425 9426 9429
f 9429 9426 9427
f 9426 9424 9427
f 9431 9428 9432
f 9428 9429 9432
f 9432 9429 9430
f 9429 9427 9430
f 9434 9431 9435
f 9431 9432 9435
f 9435 9432 9433
f 9432 9430 9433
f 9437 9434 9438
f 9434 9435 9438
f 9438 9435 9436
f 9435 9433 9436
f 9440 9437 9441
f 9437 9438 9441
f 9441 9438 9439
f 9438 9436 9439
f 9443 9440 9444
f 9440 9441 9444
f 9444 9441 9442
f 9441 9439 9442
f 9446 9443 9447
f 9443 9444 9447
f 9447 9444 9445
f 9444 9442 9445
f 9400 9446 9402
f 9446 9447 9402
f 9402 9447 9401
f 9447 9445 9401
f 9358 9361 9431
f 9361 9428 9431
f 9383 9385 9407
f 9385 9404 9407
f 9361 9364 9428
f 9364 9425 9428
f 9400 9388 9446
f 9388 9343 9446
f 9385 9388 9404
f 9388 9400 9404
f 9364 9368 9425
f 9368 9422 9425
f 9446 9343 9443
f 9343 9347 9443
f 9368 9370 9422
f 9370 9419 9422
f 9347 9349 9443
f 9349 9440 9443
f 9370 9373 9419
f 9373 9416 9419
f 9349 9353 9440
f 9353 9437 9440
f 9373 9376 9416
f 9376 9413 9416
f 9353 9355 9437
f 9355 9434 9437
f 9376 9379 9413
f 9379 9410 9413
f 9355 9358 9434
f 9358 9431 9434
o Part.8
v 2.522 8.5 -23.388
v 2.4 2.1 -24
v 7.96 9.58 -28
v 1.6 2.1 -24
v 0.04 9.58 -8
v 1.6 8.5 -8
v 1.6 2.1 -24.4
v 1.6 8.5 -24.4
v 4 0.02 -25.6
v 4 8.5 -14.4
v 3.388 8.5 -14.522
v 2.869 8.5 -14.869
v 4 8.5 -4
v 4 0.02 -6.4
v 3.388 0.02 -6.522
v 2.869 0.02 -6.869
v 2.522 0.02 -7.388
v 2.522 8.5 -7.388
v 2.869 8.5 -6.869
v 3.388 8.5 -6.522
v 4 8.5 -6.4
v 0.04 0.02 -16
v 1.6 8.5 -16
v 0.04 9.58 -16
v 1.6 2.1 -16
v 3.388 0.02 -25.478
v 2.869 0.02 -25.131
v 2.522 0.02 -24.612
v 2.4 2.1 -16
v 1.6 0.02 -8
v 0.04 0.02 -8
v 2.522 8.5 -15.388
v 4 8.5 -8
v 4 9.58 -8
v 2.4 0.02 -24
v 0.04 0.02 -12
v 2.522 8.5 -24.612
v 2.869 8.5 -25.131
v 2.4 8.5 -16
v 2.522 0.02 -15.388
v 2.869 0.02 -14.869
v 3.388 8.5 -25.478
v 3.388 0.02 -14.522
v 4 8.5 -25.6
v 4 0.02 -14.4
v 0.04 9.58 -12
v 4 0.02 -24
v 0.04 0.02 -4
v 4 9.58 -4
v 1.6 8.5 -15.6
v 1.6 2.1 -15.6
v 1.6 0.02 -4
v 0.04 9.58 -4
v 4 0.02 -9.6
v 2.48 2.1 -24.4
v 2.48 8.5 -24.4
v 6.4 8.5 -4
v 3.388 0.02 -9.478
v 0.04 9.58 -24
v 1.6 8.5 -24
v 0.04 0.02 -24
v 2.869 8.5 -22.869
v 2.869 0.02 -9.131
v 2.522 0.02 -8.612
v 2.48 2.1 -15.6
v 2.48 8.5 -15.6
v 0.04 9.58 -28
v 1.6 0.02 -12
v 4 9.58 -12
v 6.4 8.5 -28
v 1.6 8.5 -12
v 4 9.58 -16
v 4 8.5 -16
v 1.6 0.02 -16
v 4 8.5 -12
v 2.4 0.02 -8
v 2.4 8.5 -8
v 2.522 8.5 -8.612
v 2.869 8.5 -9.131
v 3.388 8.5 -9.478
v 4 8.5 -9.6
v 4 0.02 -8
v 7.96 9.58 -8
v 6.4 8.5 -8
v 4.612 0.02 -6.522
v 3.388 8.5 -22.522
v 0.04 0.02 -28
v 4 8.5 -22.4
v 5.131 0.02 -6.869
v 5.478 0.02 -7.388
v 4 8.5 -28
v 5.478 8.5 -7.388
v 4 8.5 -20
v 1.6 0.02 -24
v 4 8.5 -24
v 1.6 0.02 -20
v 4 9.58 -24
v 1.6 8.5 -20
v 4 9.58 -20
v 2.48 8.5 -23.6
v 2.48 2.1 -23.6
v 5.131 8.5 -6.869
v 4.612 8.5 -6.522
v 1.6 2.1 -23.6
v 6.4 0.02 -8
v 7.96 0.02 -8
v 1.6 8.5 -23.6
v 0.04 9.58 -20
v 6.4 0.02 -12
v 4 0.02 -22.4
v 3.388 0.02 -22.522
v 2.869 0.02 -22.869
v 2.522 0.02 -23.388
v 2.4 8.5 -24
v 0.04 0.02 -20
v 7.96 0.02 -4
v 6.4 0.02 -4
v 7.96 0.02 -28
v 4 9.58 -28
v 4.612 0.02 -9.478
v 5.131 0.02 -9.131
v 5.478 0.02 -8.612
v 5.6 0.02 -8
v 5.6 8.5 -8
v 1.6 0.02 -28
v 4 8.5 -30.4
v 4 0.02 -30.4
v 1.6 8.5 -4
v 5.478 8.5 -8.612
v 5.131 8.5 -9.131
v 4.612 8.5 -9.478
v 4 9.58 -31.96
v 4 0.02 -31.96
v 1.6 8.5 -30.4
v 1.6 0.02 -30.4
v 0.04 9.58 -31.96
v 0.04 0.02 -31.96
v 2.48 8.5 -0.4
v 2.48 2.1 -0.4
v 4 8.5 -1.6
v 3.388 8.5 -1.478
v 2.869 8.5 -1.131
v 2.522 8.5 -0.612
v 2.522 0.02 -0.612
v 2.869 0.02 -1.131
v 3.388 0.02 -1.478
v 4 0.02 -1.6
v 1.6 8.5 -0.4
v 1.6 2.1 -0.4
v 1.6 8.5 -28
v 6.4 8.5 -30.4
v 7.96 9.58 -4
v 5.52 8.5 -0.4
v 5.52 2.1 -0.4
v 4.612 8.5 -1.478
v 5.131 8.5 -1.131
v 5.478 8.5 -0.612
v 5.478 0.02 -0.612
v 5.131 0.02 -1.131
v 4.612 0.02 -1.478
v 6.4 8.5 -0.4
v 6.4 2.1 -0.4
v 2.48 8.5 -16.4
v 2.48 2.1 -16.4
v 4 0.02 -16
v 4 8.5 -17.6
v 3.388 8.5 -17.478
v 2.869 8.5 -17.131
v 2.522 8.5 -16.612
v 2.4 0.02 -16
v 2.522 0.02 -16.612
v 2.869 0.02 -17.131
v 3.388 0.02 -17.478
v 4 0.02 -17.6
v 1.6 8.5 -16.4
v 1.6 2.1 -16.4
v 6.4 0.02 -16
v 6.4 8.5 -12
v 7.96 0.02 -12
v 6.4 0.02 -30.4
v 7.96 9.58 -12
v 5.52 8.5 -15.6
v 5.52 2.1 -15.6
v 6.4 2.1 -15.6
v 6.4 8.5 -15.6
v 4.612 0.02 -14.522
v 5.131 0.02 -14.869
v 5.478 0.02 -15.388
v 5.6 8.5 -16
v 5.478 8.5 -15.388
v 5.6 2.1 -16
v 6.4 2.1 -16
v 7.96 9.58 -16
v 6.4 8.5 -16
v 7.96 0.02 -16
v 5.131 8.5 -14.869
v 4.612 8.5 -14.522
v 7.96 9.58 -31.96
v 7.96 0.02 -20
v 6.4 0.02 -20
v 7.96 0.02 -31.96
v 5.52 8.5 -16.4
v 5.52 2.1 -16.4
v 4.612 8.5 -17.478
v 5.131 8.5 -17.131
v 5.478 8.5 -16.612
v 5.6 0.02 -16
v 5.478 0.02 -16.612
v 5.131 0.02 -17.131
v 4.612 0.02 -17.478
v 6.4 8.5 -16.4
v 6.4 2.1 -16.4
v 6.4 0.02 -24
v 6.4 8.5 -20
v 7.96 9.58 -20
v 5.52 8.5 -23.6
v 5.52 2.1 -23.6
v 6.4 2.1 -23.6
v 6.4 8.5 -23.6
v 4.612 0.02 -22.522
v 5.131 0.02 -22.869
v 5.478 0.02 -23.388
v 5.6 8.5 -24
v 5.478 8.5 -23.388
v 5.6 2.1 -24
v 6.4 2.1 -24
v 7.96 9.58 -24
v 6.4 8.5 -24
v 7.96 0.02 -24
v 5.131 8.5 -22.869
v 4.612 8.5 -22.522
v 6.4 0.02 -28
v 5.52 8.5 -24.4
v 5.52 2.1 -24.4
v 4.612 8.5 -25.478
v 5.131 8.5 -25.131
v 5.478 8.5 -24.612
v 5.6 0.02 -24
v 5.478 0.02 -24.612
v 5.131 0.02 -25.131
v 4.612 0.02 -25.478
v 6.4 8.5 -24.4
v 6.4 2.1 -24.4
v 2.522 8.5 23.388
v 2.4 2.1 24
v 7.96 9.58 28
v 1.6 2.1 24
v 0.04 9.58 8
v 1.6 8.5 8
v 1.6 2.1 24.4
v 1.6 8.5 24.4
v 4 0.02 25.6
v 4 8.5 14.4
v 3.388 8.5 14.522
v 2.869 8.5 14.869
v 4 8.5 4
v 4 0.02 6.4
v 3.388 0.02 6.522
v 2.869 0.02 6.869
v 2.522 0.02 7.388
v 2.522 8.5 7.388
v 2.869 8.5 6.869
v 3.388 8.5 6.522
v 4 8.5 6.4
v 0.04 0.02 16
v 1.6 8.5 16
v 0.04 9.58 16
v 1.6 2.1 16
v 3.388 0.02 25.478
v 2.869 0.02 25.131
v 2.522 0.02 24.612
v 2.4 2.1 16
v 1.6 0.02 8
v 0.04 0.02 8
v 2.522 8.5 15.388
v 4 8.5 8
v 4 9.58 8
v 2.4 0.02 24
v 0.04 0.02 12
v 2.522 8.5 24.612
v 2.869 8.5 25.131
v 2.4 8.5 16
v 2.522 0.02 15.388
v 2.869 0.02 14.869
v 3.388 8.5 25.478
v 3.388 0.02 14.522
v 4 8.5 25.6
v 4 0.02 14.4
v 0.04 9.58 12
v 4 0.02 24
v 0.04 0.02 4
v 4 9.58 4
v 1.6 8.5 15.6
v 1.6 2.1 15.6
v 1.6 0.02 4
v 0.04 9.58 4
v 4 0.02 9.6
v 2.48 2.1 24.4
v 2.48 8.5 24.4
v 6.4 8.5 4
v 3.388 0.02 9.478
v 0.04 9.58 24
v 1.6 8.5 24
v 0.04 0.02 24
v 2.869 8.5 22.869
v 2.869 0.02 9.131
v 2.522 0.02 8.612
v 2.48 2.1 15.6
v 2.48 8.5 15.6
v 0.04 9.58 28
v 1.6 0.02 12
v 4 9.58 12
v 6.4 8.5 28
v 1.6 8.5 12
v 4 9.58 16
v 4 8.5 16
v 1.6 0.02 16
v 4 8.5 12
v 2.4 0.02 8
v 2.4 8.5 8
v 2.522 8.5 8.612
v 2.869 8.5 9.131
v 3.388 8.5 9.478
v 4 8.5 9.6
v 4 0.02 8
v 7.96 9.58 8
v 6.4 8.5 8
v 4.612 0.02 6.522
v 3.388 8.5 22.522
v 0.04 0.02 28
v 4 8.5 22.4
v 5.131 0.02 6.869
v 5.478 0.02 7.388
v 4 8.5 28
v 5.478 8.5 7.388
v 4 8.5 20
v 1.6 0.02 24
v 4 8.5 24
v 1.6 0.02 20
v 4 9.58 24
v 1.6 8.5 20
v 4 9.58 20
v 2.48 8.5 23.6
v 2.48 2.1 23.6
v 5.131 8.5 6.869
v 4.612 8.5 6.522
v 1.6 2.1 23.6
v 6.4 0.02 8
v 7.96 0.02 8
v 1.6 8.5 23.6
v 0.04 9.58 20
v 6.4 0.02 12
v 4 0.02 22.4
v 3.388 0.02 22.522
v 2.869 0.02 22.869
v 2.522 0.02 23.388
v 2.4 8.5 24
v 0.04 0.02 20
v 7.96 0.02 4
v 6.4 0.02 4
v 7.96 0.02 28
v 4 9.58 28
v 4.612 0.02 9.478
v 5.131 0.02 9.131
v 5.478 0.02 8.612
v 5.6 0.02 8
v 5.6 8.5 8
v 1.6 0.02 28
v 4 8.5 30.4
v 4 0.02 30.4
v 1.6 8.5 4
v 5.478 8.5 8.612
v 5.131 8.5 9.131
v 4.612 8.5 9.478
v 4 9.58 31.96
v 1.6 0.02 0
v 4 8.5 0
v 4 9.58 0
v 4 0.02 31.96
v 2.4 8.5 0
v 2.4 2.1 0
v 1.6 2.1 0
v 0.04 9.58 0
v 1.6 8.5 0
v 0.04 0.02 0
v 1.6 8.5 30.4
v 1.6 0.02 30.4
v 0.04 9.58 31.96
v 0.04 0.02 31.96
v 2.48 8.5 0.4
v 2.48 2.1 0.4
v 4 0.02 0
v 4 8.5 1.6
v 3.388 8.5 1.478
v 2.869 8.5 1.131
v 2.522 8.5 0.612
v 2.4 0.02 0
v 2.522 0.02 0.612
v 2.869 0.02 1.131
v 3.388 0.02 1.478
v 4 0.02 1.6
v 1.6 8.5 0.4
v 1.6 2.1 0.4
v 6.4 0.02 0
v 5.6 8.5 0
v 5.6 2.1 0
v 6.4 2.1 0
v 7.96 9.58 0
v 6.4 8.5 0
v 7.96 0.02 0
v 1.6 8.5 28
v 6.4 8.5 30.4
v 7.96 9.58 4
v 5.52 8.5 0.4
v 5.52 2.1 0.4
v 4.612 8.5 1.478
v 5.131 8.5 1.131
v 5.478 8.5 0.612
v 5.6 0.02 0
v 5.478 0.02 0.612
v 5.131 0.02 1.131
v 4.612 0.02 1.478
v 6.4 8.5 0.4
v 6.4 2.1 0.4
v 2.48 8.5 16.4
v 2.48 2.1 16.4
v 4 0.02 16
v 4 8.5 17.6
v 3.388 8.5 17.478
v 2.869 8.5 17.131
v 2.522 8.5 16.612
v 2.4 0.02 16
v 2.522 0.02 16.612
v 2.869 0.02 17.131
v 3.388 0.02 17.478
v 4 0.02 17.6
v 1.6 8.5 16.4
v 1.6 2.1 16.4
v 6.4 0.02 16
v 6.4 8.5 12
v 7.96 0.02 12
v 6.4 0.02 30.4
v 7.96 9.58 12
v 5.52 8.5 15.6
v 5.52 2.1 15.6
v 6.4 2.1 15.6
v 6.4 8.5 15.6
v 4.612 0.02 14.522
v 5.131 0.02 14.869
v 5.478 0.02 15.388
v 5.6 8.5 16
v 5.478 8.5 15.388
v 5.6 2.1 16
v 6.4 2.1 16
v 7.96 9.58 16
v 6.4 8.5 16
v 7.96 0.02 16
v 5.131 8.5 14.869
v 4.612 8.5 14.522
v 7.96 9.58 31.96
v 7.96 0.02 20
v 6.4 0.02 20
v 7.96 0.02 31.96
v 5.52 8.5 16.4
v 5.52 2.1 16.4
v 4.612 8.5 17.478
v 5.131 8.5 17.131
v 5.478 8.5 16.612
v 5.6 0.02 16
v 5.478 0.02 16.612
v 5.131 0.02 17.131
v 4.612 0.02 17.478
v 6.4 8.5 16.4
v 6.4 2.1 16.4
v 6.4 0.02 24
v 6.4 8.5 20
v 7.96 9.58 20
v 5.52 8.5 23.6
v 5.52 2.1 23.6
v 6.4 2.1 23.6
v 6.4 8.5 23.6
v 4.612 0.02 22.522
v 5.131 0.02 22.869
v 5.478 0.02 23.388
v 5.6 8.5 24
v 5.478 8.5 23.388
v 5.6 2.1 24
v 6.4 2.1 24
v 7.96 9.58 24
v 6.4 8.5 24
v 7.96 0.02 24
v 5.131 8.5 22.869
v 4.612 8.5 22.522
v 6.4 0.02 28
v 5.52 8.5 24.4
v 5.52 2.1 24.4
v 4.612 8.5 25.478
v 5.131 8.5 25.131
v 5.478 8.5 24.612
v 5.6 0.02 24
v 5.478 0.02 24.612
v 5.131 0.02 25.131
v 4.612 0.02 25.478
v 6.4 8.5 24.4
v 6.4 2.1 24.4
v 5.52 2.1 -15.6
v 6.4 2.1 -15.6
v 2.869 0.02 -17.131
v 2.522 0.02 -16.612
v 6.4 0.02 -16
v 6.4 0.02 -20
v 7.96 9.58 -16
v 7.96 9.58 -12
v 4 0.02 -17.6
v 3.388 0.02 -17.478
v 1.6 0.02 -8
v 1.6 0.02 -4
v 0.04 9.58 -8
v 0.04 9.58 -4
v 4 0.02 -25.6
v 4.612 0.02 -25.478
v 5.131 0.02 -25.131
v 7.96 0.02 -4
v 7.96 0.02 -8
v 0.04 9.58 -12
v 0.04 0.02 -4
v 0.04 0.02 -8
v 2.4 0.02 -8
v 2.522 0.02 -7.388
v 3.388 0.02 -25.478
v 2.869 0.02 -25.131
v 5.478 0.02 -24.612
v 3.388 0.02 -6.522
v 4 0.02 -6.4
v 5.6 0.02 -24
v 2.522 0.02 -24.612
v 2.4 0.02 -24
v 2.48 2.1 -24.4
v 1.6 2.1 -24.4
v 0.04 0.02 -12
v 7.96 0.02 -20
v 7.96 0.02 -16
v 2.869 0.02 -6.869
v 3.388 0.02 -9.478
v 4 0.02 -9.6
v 2.869 0.02 -9.131
v 2.522 0.02 -8.612
v 2.522 0.02 -15.388
v 2.4 0.02 -16
v 4 0.02 -22.4
v 4.612 0.02 -22.522
v 1.6 8.5 -12
v 1.6 8.5 -16
v 3.388 0.02 -22.522
v 2.869 0.02 -22.869
v 2.522 0.02 -23.388
v 5.131 0.02 -6.869
v 4.612 0.02 -6.522
v 0.04 0.02 -28
v 0.04 0.02 -24
v 7.96 9.58 -24
v 7.96 9.58 -20
v 5.52 2.1 -16.4
v 6.4 2.1 -16.4
v 5.131 0.02 -14.869
v 5.478 0.02 -15.388
v 5.131 0.02 -22.869
v 5.478 0.02 -23.388
v 6.4 0.02 -8
v 6.4 0.02 -4
v 5.6 0.02 -8
v 5.478 0.02 -7.388
v 6.4 0.02 -24
v 6.4 0.02 -28
v 5.52 2.1 -24.4
v 6.4 2.1 -24.4
v 4.612 0.02 -14.522
v 1.6 0.02 -16
v 1.6 0.02 -12
v 1.6 8.5 -20
v 1.6 8.5 -24
v 4.612 0.02 -9.478
v 5.478 0.02 -8.612
v 2.869 0.02 -14.869
v 3.388 0.02 -14.522
v 1.6 8.5 -30.4
v 1.6 8.5 -30.4
v 1.6 8.5 -28
v 7.96 9.58 0
v 7.96 9.58 -4
v 5.52 2.1 -0.4
v 6.4 2.1 -0.4
v 5.131 0.02 -9.131
v 7.96 0.02 -31.96
v 7.96 0.02 -31.96
v 7.96 0.02 -28
v 6.4 0.02 -12
v 1.6 0.02 -30.4
v 1.6 0.02 -30.4
v 4 0.02 -30.4
v 0.04 9.58 -31.96
v 0.04 9.58 -31.96
v 4 9.58 -31.96
v 4 8.5 -30.4
v 2.869 0.02 -1.131
v 2.522 0.02 -0.612
v 3.388 0.02 -1.478
v 4 0.02 -1.6
v 1.6 0.02 -28
v 2.48 2.1 -0.4
v 1.6 2.1 -0.4
v 2.4 0.02 0
v 5.478 0.02 -0.612
v 5.6 0.02 0
v 5.131 0.02 -1.131
v 4.612 0.02 -1.478
v 0.04 0.02 -31.96
v 0.04 0.02 -31.96
v 4 0.02 -31.96
v 4 0.02 -14.4
v 6.4 0.02 -30.4
v 6.4 0.02 -30.4
v 2.48 2.1 -16.4
v 1.6 2.1 -16.4
v 7.96 9.58 -31.96
v 7.96 9.58 -31.96
v 6.4 8.5 -30.4
v 6.4 8.5 -30.4
v 5.478 0.02 -16.612
v 5.6 0.02 -16
v 5.131 0.02 -17.131
v 4.612 0.02 -17.478
v 6.4 8.5 -12
v 6.4 8.5 -16
v 2.48 2.1 -15.6
v 1.6 2.1 -15.6
v 7.96 0.02 -12
v 1.6 8.5 -4
v 1.6 8.5 -8
v 0.04 0.02 -16
v 1.6 0.02 -20
v 0.04 0.02 0
v 6.4 8.5 -8
v 7.96 9.58 -8
v 6.4 8.5 -4
v 5.52 2.1 -23.6
v 6.4 2.1 -23.6
v 1.6 0.02 0
v 7.96 0.02 0
v 0.04 9.58 0
v 6.4 0.02 0
v 6.4 8.5 0
v 1.6 8.5 0
v 0.04 9.58 -16
v 6.4 8.5 -20
v 6.4 8.5 -24
v 2.48 2.1 -23.6
v 1.6 2.1 -23.6
v 0.04 9.58 -24
v 0.04 9.58 -28
v 0.04 0.02 -20
v 7.96 9.58 -28
v 6.4 8.5 -28
v 0.04 9.58 -20
v 1.6 0.02 -24
v 7.96 0.02 -24
v 5.52 2.1 15.6
v 6.4 2.1 15.6
v 2.869 0.02 17.131
v 2.522 0.02 16.612
v 6.4 0.02 16
v 6.4 0.02 20
v 7.96 9.58 16
v 7.96 9.58 12
v 4 0.02 17.6
v 3.388 0.02 17.478
v 1.6 0.02 8
v 1.6 0.02 4
v 0.04 9.58 8
v 0.04 9.58 4
v 4 0.02 25.6
v 4.612 0.02 25.478
v 5.131 0.02 25.131
v 7.96 0.02 4
v 7.96 0.02 8
v 0.04 9.58 12
v 0.04 0.02 4
v 0.04 0.02 8
v 2.4 0.02 8
v 2.522 0.02 7.388
v 3.388 0.02 25.478
v 2.869 0.02 25.131
v 5.478 0.02 24.612
v 3.388 0.02 6.522
v 4 0.02 6.4
v 5.6 0.02 24
v 2.522 0.02 24.612
v 2.4 0.02 24
v 2.48 2.1 24.4
v 1.6 2.1 24.4
v 0.04 0.02 12
v 7.96 0.02 20
v 7.96 0.02 16
v 2.869 0.02 6.869
v 3.388 0.02 9.478
v 4 0.02 9.6
v 2.869 0.02 9.131
v 2.522 0.02 8.612
v 2.522 0.02 15.388
v 2.4 0.02 16
v 4 0.02 22.4
v 4.612 0.02 22.522
v 1.6 8.5 12
v 1.6 8.5 16
v 3.388 0.02 22.522
v 2.869 0.02 22.869
v 2.522 0.02 23.388
v 5.131 0.02 6.869
v 4.612 0.02 6.522
v 0.04 0.02 28
v 0.04 0.02 24
v 7.96 9.58 24
v 7.96 9.58 20
v 5.52 2.1 16.4
v 6.4 2.1 16.4
v 5.131 0.02 14.869
v 5.478 0.02 15.388
v 5.131 0.02 22.869
v 5.478 0.02 23.388
v 6.4 0.02 8
v 6.4 0.02 4
v 5.6 0.02 8
v 5.478 0.02 7.388
v 6.4 0.02 24
v 6.4 0.02 28
v 5.52 2.1 24.4
v 6.4 2.1 24.4
v 4.612 0.02 14.522
v 1.6 0.02 16
v 1.6 0.02 12
v 1.6 8.5 20
v 1.6 8.5 24
v 4.612 0.02 9.478
v 5.478 0.02 8.612
v 2.869 0.02 14.869
v 3.388 0.02 14.522
v 1.6 8.5 30.4
v 1.6 8.5 30.4
v 1.6 8.5 28
v 7.96 9.58 4
v 5.52 2.1 0.4
v 6.4 2.1 0.4
v 5.131 0.02 9.131
v 7.96 0.02 31.96
v 7.96 0.02 31.96
v 7.96 0.02 28
v 6.4 0.02 12
v 1.6 0.02 30.4
v 1.6 0.02 30.4
v 4 0.02 30.4
v 0.04 9.58 31.96
v 0.04 9.58 31.96
v 4 9.58 31.96
v 4 8.5 30.4
v 2.869 0.02 1.131
v 2.522 0.02 0.612
v 3.388 0.02 1.478
v 4 0.02 1.6
v 1.6 0.02 28
v 2.48 2.1 0.4
v 1.6 2.1 0.4
v 5.478 0.02 0.612
v 5.131 0.02 1.131
v 4.612 0.02 1.478
v 0.04 0.02 31.96
v 0.04 0.02 31.96
v 4 0.02 31.96
v 4 0.02 14.4
v 6.4 0.02 30.4
v 6.4 0.02 30.4
v 2.48 2.1 16.4
v 1.6 2.1 16.4
v 7.96 9.58 31.96
v 7.96 9.58 31.96
v 6.4 8.5 30.4
v 6.4 8.5 30.4
v 5.478 0.02 16.612
v 5.6 0.02 16
v 5.131 0.02 17.131
v 4.612 0.02 17.478
v 6.4 8.5 12
v 6.4 8.5 16
v 2.48 2.1 15.6
v 1.6 2.1 15.6
v 7.96 0.02 12
v 1.6 8.5 4
v 1.6 8.5 8
v 0.04 0.02 16
v 1.6 0.02 20
v 6.4 8.5 8
v 7.96 9.58 8
v 6.4 8.5 4
v 5.52 2.1 23.6
v 6.4 2.1 23.6
v 0.04 9.58 16
v 6.4 8.5 20
v 6.4 8.5 24
v 2.48 2.1 23.6
v 1.6 2.1 23.6
v 0.04 9.58 24
v 0.04 9.58 28
v 0.04 0.02 20
v 7.96 9.58 28
v 6.4 8.5 28
v 0.04 9.58 20
v 1.6 0.02 24
v 7.96 0.02 24
v 1.783 11.15 27.082
v 2.018 11.4 27.179
v 1.852 11.327 27.11
v 2.483 11.4 26.483
v 2.303 11.15 26.303
v 2.356 11.327 26.356
v 3.082 11.15 25.783
v 3.179 11.4 26.018
v 3.11 11.327 25.852
v 4 11.4 25.855
v 4 11.15 25.6
v 4 11.327 25.675
v 4.918 11.15 25.783
v 4.821 11.4 26.018
v 4.89 11.327 25.852
v 5.697 11.15 26.303
v 5.517 11.4 26.483
v 5.644 11.327 26.356
v 6.217 11.15 27.082
v 5.982 11.4 27.179
v 6.148 11.327 27.11
v 6.4 11.15 28
v 6.145 11.4 28
v 6.325 11.327 28
v 5.982 11.4 28.821
v 6.217 11.15 28.918
v 6.148 11.327 28.89
v 5.697 11.15 29.697
v 5.517 11.4 29.517
v 5.644 11.327 29.644
v 4.918 11.15 30.217
v 4.821 11.4 29.982
v 4.89 11.327 30.148
v 4 11.15 30.4
v 4 11.4 30.145
v 4 11.327 30.325
v 3.082 11.15 30.217
v 3.179 11.4 29.982
v 3.11 11.327 30.148
v 2.483 11.4 29.517
v 2.303 11.15 29.697
v 2.356 11.327 29.644
v 1.783 11.15 28.918
v 2.018 11.4 28.821
v 1.852 11.327 28.89
v 1.6 11.15 28
v 1.855 11.4 28
v 1.675 11.327 28
v 5.014 11.4 26.937
v 4 11.4 26.836
v 2.986 11.4 26.937
v 5.097 11.4 28
v 4 11.4 28
v 2.903 11.4 28
v 5.014 11.4 29.063
v 4 11.4 29.164
v 2.986 11.4 29.063
v 1.6 9.73 28
v 1.447 9.58 28
v 1.555 9.624 28
v 1.641 9.58 28.977
v 1.783 9.73 28.918
v 1.741 9.624 28.936
v 2.195 9.58 29.805
v 2.303 9.73 29.697
v 2.271 9.624 29.729
v 3.023 9.58 30.359
v 3.082 9.73 30.217
v 3.064 9.624 30.259
v 4 9.58 30.553
v 4 9.73 30.4
v 4 9.624 30.445
v 4.977 9.58 30.359
v 4.918 9.73 30.217
v 4.936 9.624 30.259
v 5.805 9.58 29.805
v 5.697 9.73 29.697
v 5.729 9.624 29.729
v 6.359 9.58 28.977
v 6.217 9.73 28.918
v 6.259 9.624 28.936
v 6.553 9.58 28
v 6.4 9.73 28
v 6.445 9.624 28
v 6.359 9.58 27.023
v 6.217 9.73 27.082
v 6.259 9.624 27.064
v 5.805 9.58 26.195
v 5.697 9.73 26.303
v 5.729 9.624 26.271
v 4.977 9.58 25.641
v 4.918 9.73 25.783
v 4.936 9.624 25.741
v 4 9.58 25.447
v 4 9.73 25.6
v 4 9.624 25.555
v 3.023 9.58 25.641
v 3.082 9.73 25.783
v 3.064 9.624 25.741
v 2.195 9.58 26.195
v 2.303 9.73 26.303
v 2.271 9.624 26.271
v 1.641 9.58 27.023
v 1.783 9.73 27.082
v 1.741 9.624 27.064
v 1.783 11.15 19.082
v 2.018 11.4 19.179
v 1.852 11.327 19.11
v 2.483 11.4 18.483
v 2.303 11.15 18.303
v 2.356 11.327 18.356
v 3.082 11.15 17.783
v 3.179 11.4 18.018
v 3.11 11.327 17.852
v 4 11.4 17.855
v 4 11.15 17.6
v 4 11.327 17.675
v 4.918 11.15 17.783
v 4.821 11.4 18.018
v 4.89 11.327 17.852
v 5.697 11.15 18.303
v 5.517 11.4 18.483
v 5.644 11.327 18.356
v 6.217 11.15 19.082
v 5.982 11.4 19.179
v 6.148 11.327 19.11
v 6.4 11.15 20
v 6.145 11.4 20
v 6.325 11.327 20
v 5.982 11.4 20.821
v 6.217 11.15 20.918
v 6.148 11.327 20.89
v 5.697 11.15 21.697
v 5.517 11.4 21.517
v 5.644 11.327 21.644
v 4.918 11.15 22.217
v 4.821 11.4 21.982
v 4.89 11.327 22.148
v 4 11.15 22.4
v 4 11.4 22.145
v 4 11.327 22.325
v 3.082 11.15 22.217
v 3.179 11.4 21.982
v 3.11 11.327 22.148
v 2.483 11.4 21.517
v 2.303 11.15 21.697
v 2.356 11.327 21.644
v 1.783 11.15 20.918
v 2.018 11.4 20.821
v 1.852 11.327 20.89
v 1.6 11.15 20
v 1.855 11.4 20
v 1.675 11.327 20
v 5.014 11.4 18.937
v 4 11.4 18.836
v 2.986 11.4 18.937
v 5.097 11.4 20
v 4 11.4 20
v 2.903 11.4 20
v 5.014 11.4 21.063
v 4 11.4 21.164
v 2.986 11.4 21.063
v 1.6 9.73 20
v 1.447 9.58 20
v 1.555 9.624 20
v 1.641 9.58 20.977
v 1.783 9.73 20.918
v 1.741 9.624 20.936
v 2.195 9.58 21.805
v 2.303 9.73 21.697
v 2.271 9.624 21.729
v 3.023 9.58 22.359
v 3.082 9.73 22.217
v 3.064 9.624 22.259
v 4 9.58 22.553
v 4 9.73 22.4
v 4 9.624 22.445
v 4.977 9.58 22.359
v 4.918 9.73 22.217
v 4.936 9.624 22.259
v 5.805 9.58 21.805
v 5.697 9.73 21.697
v 5.729 9.624 21.729
v 6.359 9.58 20.977
v 6.217 9.73 20.918
v 6.259 9.624 20.936
v 6.553 9.58 20
v 6.4 9.73 20
v 6.445 9.624 20
v 6.359 9.58 19.023
v 6.217 9.73 19.082
v 6.259 9.624 19.064
v 5.805 9.58 18.195
v 5.697 9.73 18.303
v 5.729 9.624 18.271
v 4.977 9.58 17.641
v 4.918 9.73 17.783
v 4.936 9.624 17.741
v 4 9.58 17.447
v 4 9.73 17.6
v 4 9.624 17.555
v 3.023 9.58 17.641
v 3.082 9.73 17.783
v 3.064 9.624 17.741
v 2.195 9.58 18.195
v 2.303 9.73 18.303
v 2.271 9.624 18.271
v 1.641 9.58 19.023
v 1.783 9.73 19.082
v 1.741 9.624 19.064
v 1.783 11.15 11.082
v 2.018 11.4 11.179
v 1.852 11.327 11.11
v 2.483 11.4 10.483
v 2.303 11.15 10.303
v 2.356 11.327 10.356
v 3.082 11.15 9.783
v 3.179 11.4 10.018
v 3.11 11.327 9.852
v 4 11.4 9.855
v 4 11.15 9.6
v 4 11.327 9.675
v 4.918 11.15 9.783
v 4.821 11.4 10.018
v 4.89 11.327 9.852
v 5.697 11.15 10.303
v 5.517 11.4 10.483
v 5.644 11.327 10.356
v 6.217 11.15 11.082
v 5.982 11.4 11.179
v 6.148 11.327 11.11
v 6.4 11.15 12
v 6.145 11.4 12
v 6.325 11.327 12
v 5.982 11.4 12.821
v 6.217 11.15 12.918
v 6.148 11.327 12.89
v 5.697 11.15 13.697
v 5.517 11.4 13.517
v 5.644 11.327 13.644
v 4.918 11.15 14.217
v 4.821 11.4 13.982
v 4.89 11.327 14.148
v 4 11.15 14.4
v 4 11.4 14.145
v 4 11.327 14.325
v 3.082 11.15 14.217
v 3.179 11.4 13.982
v 3.11 11.327 14.148
v 2.483 11.4 13.517
v 2.303 11.15 13.697
v 2.356 11.327 13.644
v 1.783 11.15 12.918
v 2.018 11.4 12.821
v 1.852 11.327 12.89
v 1.6 11.15 12
v 1.855 11.4 12
v 1.675 11.327 12
v 5.014 11.4 10.937
v 4 11.4 10.836
v 2.986 11.4 10.937
v 5.097 11.4 12
v 4 11.4 12
v 2.903 11.4 12
v 5.014 11.4 13.063
v 4 11.4 13.164
v 2.986 11.4 13.063
v 1.6 9.73 12
v 1.447 9.58 12
v 1.555 9.624 12
v 1.641 9.58 12.977
v 1.783 9.73 12.918
v 1.741 9.624 12.936
v 2.195 9.58 13.805
v 2.303 9.73 13.697
v 2.271 9.624 13.729
v 3.023 9.58 14.359
v 3.082 9.73 14.217
v 3.064 9.624 14.259
v 4 9.58 14.553
v 4 9.73 14.4
v 4 9.624 14.445
v 4.977 9.58 14.359
v 4.918 9.73 14.217
v 4.936 9.624 14.259
v 5.805 9.58 13.805
v 5.697 9.73 13.697
v 5.729 9.624 13.729
v 6.359 9.58 12.977
v 6.217 9.73 12.918
v 6.259 9.624 12.936
v 6.553 9.58 12
v 6.4 9.73 12
v 6.445 9.624 12
v 6.359 9.58 11.023
v 6.217 9.73 11.082
v 6.259 9.624 11.064
v 5.805 9.58 10.195
v 5.697 9.73 10.303
v 5.729 9.624 10.271
v 4.977 9.58 9.641
v 4.918 9.73 9.783
v 4.936 9.624 9.741
v 4 9.58 9.447
v 4 9.73 9.6
v 4 9.624 9.555
v 3.023 9.58 9.641
v 3.082 9.73 9.783
v 3.064 9.624 9.741
v 2.195 9.58 10.195
v 2.303 9.73 10.303
v 2.271 9.624 10.271
v 1.641 9.58 11.023
v 1.783 9.73 11.082
v 1.741 9.624 11.064
v 1.783 11.15 3.082
v 2.018 11.4 3.179
v 1.852 11.327 3.11
v 2.483 11.4 2.483
v 2.303 11.15 2.303
v 2.356 11.327 2.356
v 3.082 11.15 1.783
v 3.179 11.4 2.018
v 3.11 11.327 1.852
v 4 11.4 1.855
v 4 11.15 1.6
v 4 11.327 1.675
v 4.918 11.15 1.783
v 4.821 11.4 2.018
v 4.89 11.327 1.852
v 5.697 11.15 2.303
v 5.517 11.4 2.483
v 5.644 11.327 2.356
v 6.217 11.15 3.082
v 5.982 11.4 3.179
v 6.148 11.327 3.11
v 6.4 11.15 4
v 6.145 11.4 4
v 6.325 11.327 4
v 5.982 11.4 4.821
v 6.217 11.15 4.918
v 6.148 11.327 4.89
v 5.697 11.15 5.697
v 5.517 11.4 5.517
v 5.644 11.327 5.644
v 4.918 11.15 6.217
v 4.821 11.4 5.982
v 4.89 11.327 6.148
v 4 11.15 6.4
v 4 11.4 6.145
v 4 11.327 6.325
v 3.082 11.15 6.217
v 3.179 11.4 5.982
v 3.11 11.327 6.148
v 2.483 11.4 5.517
v 2.303 11.15 5.697
v 2.356 11.327 5.644
v 1.783 11.15 4.918
v 2.018 11.4 4.821
v 1.852 11.327 4.89
v 1.6 11.15 4
v 1.855 11.4 4
v 1.675 11.327 4
v 5.014 11.4 2.937
v 4 11.4 2.836
v 2.986 11.4 2.937
v 5.097 11.4 4
v 4 11.4 4
v 2.903 11.4 4
v 5.014 11.4 5.063
v 4 11.4 5.164
v 2.986 11.4 5.063
v 1.6 9.73 4
v 1.447 9.58 4
v 1.555 9.624 4
v 1.641 9.58 4.977
v 1.783 9.73 4.918
v 1.741 9.624 4.936
v 2.195 9.58 5.805
v 2.303 9.73 5.697
v 2.271 9.624 5.729
v 3.023 9.58 6.359
v 3.082 9.73 6.217
v 3.064 9.624 6.259
v 4 9.58 6.553
v 4 9.73 6.4
v 4 9.624 6.445
v 4.977 9.58 6.359
v 4.918 9.73 6.217
v 4.936 9.624 6.259
v 5.805 9.58 5.805
v 5.697 9.73 5.697
v 5.729 9.624 5.729
v 6.359 9.58 4.977
v 6.217 9.73 4.918
v 6.259 9.624 4.936
v 6.553 9.58 4
v 6.4 9.73 4
v 6.445 9.624 4
v 6.359 9.58 3.023
v 6.217 9.73 3.082
v 6.259 9.624 3.064
v 5.805 9.58 2.195
v 5.697 9.73 2.303
v 5.729 9.624 2.271
v 4.977 9.58 1.641
v 4.918 9.73 1.783
v 4.936 9.624 1.741
v 4 9.58 1.447
v 4 9.73 1.6
v 4 9.624 1.555
v 3.023 9.58 1.641
v 3.082 9.73 1.783
v 3.064 9.624 1.741
v 2.195 9.58 2.195
v 2.303 9.73 2.303
v 2.271 9.624 2.271
v 1.641 9.58 3.023
v 1.783 9.73 3.082
v 1.741 9.624 3.064
v 1.783 11.15 -4.918
v 2.018 11.4 -4.821
v 1.852 11.327 -4.89
v 2.483 11.4 -5.517
v 2.303 11.15 -5.697
v 2.356 11.327 -5.644
v 3.082 11.15 -6.217
v 3.179 11.4 -5.982
v 3.11 11.327 -6.148
v 4 11.4 -6.145
v 4 11.15 -6.4
v 4 11.327 -6.325
v 4.918 11.15 -6.217
v 4.821 11.4 -5.982
v 4.89 11.327 -6.148
v 5.697 11.15 -5.697
v 5.517 11.4 -5.517
v 5.644 11.327 -5.644
v 6.217 11.15 -4.918
v 5.982 11.4 -4.821
v 6.148 11.327 -4.89
v 6.4 11.15 -4
v 6.145 11.4 -4
v 6.325 11.327 -4
v 5.982 11.4 -3.179
v 6.217 11.15 -3.082
v 6.148 11.327 -3.11
v 5.697 11.15 -2.303
v 5.517 11.4 -2.483
v 5.644 11.327 -2.356
v 4.918 11.15 -1.783
v 4.821 11.4 -2.018
v 4.89 11.327 -1.852
v 4 11.15 -1.6
v 4 11.4 -1.855
v 4 11.327 -1.675
v 3.082 11.15 -1.783
v 3.179 11.4 -2.018
v 3.11 11.327 -1.852
v 2.483 11.4 -2.483
v 2.303 11.15 -2.303
v 2.356 11.327 -2.356
v 1.783 11.15 -3.082
v 2.018 11.4 -3.179
v 1.852 11.327 -3.11
v 1.6 11.15 -4
v 1.855 11.4 -4
v 1.675 11.327 -4
v 5.014 11.4 -5.063
v 4 11.4 -5.164
v 2.986 11.4 -5.063
v 5.097 11.4 -4
v 4 11.4 -4
v 2.903 11.4 -4
v 5.014 11.4 -2.937
v 4 11.4 -2.836
v 2.986 11.4 -2.937
v 1.6 9.73 -4
v 1.447 9.58 -4
v 1.555 9.624 -4
v 1.641 9.58 -3.023
v 1.783 9.73 -3.082
v 1.741 9.624 -3.064
v 2.195 9.58 -2.195
v 2.303 9.73 -2.303
v 2.271 9.624 -2.271
v 3.023 9.58 -1.641
v 3.082 9.73 -1.783
v 3.064 9.624 -1.741
v 4 9.58 -1.447
v 4 9.73 -1.6
v 4 9.624 -1.555
v 4.977 9.58 -1.641
v 4.918 9.73 -1.783
v 4.936 9.624 -1.741
v 5.805 9.58 -2.195
v 5.697 9.73 -2.303
v 5.729 9.624 -2.271
v 6.359 9.58 -3.023
v 6.217 9.73 -3.082
v 6.259 9.624 -3.064
v 6.553 9.58 -4
v 6.4 9.73 -4
v 6.445 9.624 -4
v 6.359 9.58 -4.977
v 6.217 9.73 -4.918
v 6.259 9.624 -4.936
v 5.805 9.58 -5.805
v 5.697 9.73 -5.697
v 5.729 9.624 -5.729
v 4.977 9.58 -6.359
v 4.918 9.73 -6.217
v 4.936 9.624 -6.259
v 4 9.58 -6.553
v 4 9.73 -6.4
v 4 9.624 -6.445
v 3.023 9.58 -6.359
v 3.082 9.73 -6.217
v 3.064 9.624 -6.259
v 2.195 9.58 -5.805
v 2.303 9.73 -5.697
v 2.271 9.624 -5.729
v 1.641 9.58 -4.977
v 1.783 9.73 -4.918
v 1.741 9.624 -4.936
v 1.783 11.15 -12.918
v 2.018 11.4 -12.821
v 1.852 11.327 -12.89
v 2.483 11.4 -13.517
v 2.303 11.15 -13.697
v 2.356 11.327 -13.644
v 3.082 11.15 -14.217
v 3.179 11.4 -13.982
v 3.11 11.327 -14.148
v 4 11.4 -14.145
v 4 11.15 -14.4
v 4 11.327 -14.325
v 4.918 11.15 -14.217
v 4.821 11.4 -13.982
v 4.89 11.327 -14.148
v 5.697 11.15 -13.697
v 5.517 11.4 -13.517
v 5.644 11.327 -13.644
v 6.217 11.15 -12.918
v 5.982 11.4 -12.821
v 6.148 11.327 -12.89
v 6.4 11.15 -12
v 6.145 11.4 -12
v 6.325 11.327 -12
v 5.982 11.4 -11.179
v 6.217 11.15 -11.082
v 6.148 11.327 -11.11
v 5.697 11.15 -10.303
v 5.517 11.4 -10.483
v 5.644 11.327 -10.356
v 4.918 11.15 -9.783
v 4.821 11.4 -10.018
v 4.89 11.327 -9.852
v 4 11.15 -9.6
v 4 11.4 -9.855
v 4 11.327 -9.675
v 3.082 11.15 -9.783
v 3.179 11.4 -10.018
v 3.11 11.327 -9.852
v 2.483 11.4 -10.483
v 2.303 11.15 -10.303
v 2.356 11.327 -10.356
v 1.783 11.15 -11.082
v 2.018 11.4 -11.179
v 1.852 11.327 -11.11
v 1.6 11.15 -12
v 1.855 11.4 -12
v 1.675 11.327 -12
v 5.014 11.4 -13.063
v 4 11.4 -13.164
v 2.986 11.4 -13.063
v 5.097 11.4 -12
v 4 11.4 -12
v 2.903 11.4 -12
v 5.014 11.4 -10.937
v 4 11.4 -10.836
v 2.986 11.4 -10.937
v 1.6 9.73 -12
v 1.447 9.58 -12
v 1.555 9.624 -12
v 1.641 9.58 -11.023
v 1.783 9.73 -11.082
v 1.741 9.624 -11.064
v 2.195 9.58 -10.195
v 2.303 9.73 -10.303
v 2.271 9.624 -10.271
v 3.023 9.58 -9.641
v 3.082 9.73 -9.783
v 3.064 9.624 -9.741
v 4 9.58 -9.447
v 4 9.73 -9.6
v 4 9.624 -9.555
v 4.977 9.58 -9.641
v 4.918 9.73 -9.783
v 4.936 9.624 -9.741
v 5.805 9.58 -10.195
v 5.697 9.73 -10.303
v 5.729 9.624 -10.271
v 6.359 9.58 -11.023
v 6.217 9.73 -11.082
v 6.259 9.624 -11.064
v 6.553 9.58 -12
v 6.4 9.73 -12
v 6.445 9.624 -12
v 6.359 9.58 -12.977
v 6.217 9.73 -12.918
v 6.259 9.624 -12.936
v 5.805 9.58 -13.805
v 5.697 9.73 -13.697
v 5.729 9.624 -13.729
v 4.977 9.58 -14.359
v 4.918 9.73 -14.217
v 4.936 9.624 -14.259
v 4 9.58 -14.553
v 4 9.73 -14.4
v 4 9.624 -14.445
v 3.023 9.58 -14.359
v 3.082 9.73 -14.217
v 3.064 9.624 -14.259
v 2.195 9.58 -13.805
v 2.303 9.73 -13.697
v 2.271 9.624 -13.729
v 1.641 9.58 -12.977
v 1.783 9.73 -12.918
v 1.741 9.624 -12.936
v 1.783 11.15 -20.918
v 2.018 11.4 -20.821
v 1.852 11.327 -20.89
v 2.483 11.4 -21.517
v 2.303 11.15 -21.697
v 2.356 11.327 -21.644
v 3.082 11.15 -22.217
v 3.179 11.4 -21.982
v 3.11 11.327 -22.148
v 4 11.4 -22.145
v 4 11.15 -22.4
v 4 11.327 -22.325
v 4.918 11.15 -22.217
v 4.821 11.4 -21.982
v 4.89 11.327 -22.148
v 5.697 11.15 -21.697
v 5.517 11.4 -21.517
v 5.644 11.327 -21.644
v 6.217 11.15 -20.918
v 5.982 11.4 -20.821
v 6.148 11.327 -20.89
v 6.4 11.15 -20
v 6.145 11.4 -20
v 6.325 11.327 -20
v 5.982 11.4 -19.179
v 6.217 11.15 -19.082
v 6.148 11.327 -19.11
v 5.697 11.15 -18.303
v 5.517 11.4 -18.483
v 5.644 11.327 -18.356
v 4.918 11.15 -17.783
v 4.821 11.4 -18.018
v 4.89 11.327 -17.852
v 4 11.15 -17.6
v 4 11.4 -17.855
v 4 11.327 -17.675
v 3.082 11.15 -17.783
v 3.179 11.4 -18.018
v 3.11 11.327 -17.852
v 2.483 11.4 -18.483
v 2.303 11.15 -18.303
v 2.356 11.327 -18.356
v 1.783 11.15 -19.082
v 2.018 11.4 -19.179
v 1.852 11.327 -19.11
v 1.6 11.15 -20
v 1.855 11.4 -20
v 1.675 11.327 -20
v 5.014 11.4 -21.063
v 4 11.4 -21.164
v 2.986 11.4 -21.063
v 5.097 11.4 -20
v 4 11.4 -20
v 2.903 11.4 -20
v 5.014 11.4 -18.937
v 4 11.4 -18.836
v 2.986 11.4 -18.937
v 1.6 9.73 -20
v 1.447 9.58 -20
v 1.555 9.624 -20
v 1.641 9.58 -19.023
v 1.783 9.73 -19.082
v 1.741 9.624 -19.064
v 2.195 9.58 -18.195
v 2.303 9.73 -18.303
v 2.271 9.624 -18.271
v 3.023 9.58 -17.641
v 3.082 9.73 -17.783
v 3.064 9.624 -17.741
v 4 9.58 -17.447
v 4 9.73 -17.6
v 4 9.624 -17.555
v 4.977 9.58 -17.641
v 4.918 9.73 -17.783
v 4.936 9.624 -17.741
v 5.805 9.58 -18.195
v 5.697 9.73 -18.303
v 5.729 9.624 -18.271
v 6.359 9.58 -19.023
v 6.217 9.73 -19.082
v 6.259 9.624 -19.064
v 6.553 9.58 -20
v 6.4 9.73 -20
v 6.445 9.624 -20
v 6.359 9.58 -20.977
v 6.217 9.73 -20.918
v 6.259 9.624 -20.936
v 5.805 9.58 -21.805
v 5.697 9.73 -21.697
v 5.729 9.624 -21.729
v 4.977 9.58 -22.359
v 4.918 9.73 -22.217
v 4.936 9.624 -22.259
v 4 9.58 -22.553
v 4 9.73 -22.4
v 4 9.624 -22.445
v 3.023 9.58 -22.359
v 3.082 9.73 -22.217
v 3.064 9.624 -22.259
v 2.195 9.58 -21.805
v 2.303 9.73 -21.697
v 2.271 9.624 -21.729
v 1.641 9.58 -20.977
v 1.783 9.73 -20.918
v 1.741 9.624 -20.936
v 1.783 11.15 -28.918
v 2.018 11.4 -28.821
v 1.852 11.327 -28.89
v 2.483 11.4 -29.517
v 2.303 11.15 -29.697
v 2.356 11.327 -29.644
v 3.082 11.15 -30.217
v 3.179 11.4 -29.982
v 3.11 11.327 -30.148
v 4 11.4 -30.145
v 4 11.15 -30.4
v 4 11.327 -30.325
v 4.918 11.15 -30.217
v 4.821 11.4 -29.982
v 4.89 11.327 -30.148
v 5.697 11.15 -29.697
v 5.517 11.4 -29.517
v 5.644 11.327 -29.644
v 6.217 11.15 -28.918
v 5.982 11.4 -28.821
v 6.148 11.327 -28.89
v 6.4 11.15 -28
v 6.145 11.4 -28
v 6.325 11.327 -28
v 5.982 11.4 -27.179
v 6.217 11.15 -27.082
v 6.148 11.327 -27.11
v 5.697 11.15 -26.303
v 5.517 11.4 -26.483
v 5.644 11.327 -26.356
v 4.918 11.15 -25.783
v 4.821 11.4 -26.018
v 4.89 11.327 -25.852
v 4 11.15 -25.6
v 4 11.4 -25.855
v 4 11.327 -25.675
v 3.082 11.15 -25.783
v 3.179 11.4 -26.018
v 3.11 11.327 -25.852
v 2.483 11.4 -26.483
v 2.303 11.15 -26.303
v 2.356 11.327 -26.356
v 1.783 11.15 -27.082
v 2.018 11.4 -27.179
v 1.852 11.327 -27.11
v 1.6 11.15 -28
v 1.855 11.4 -28
v 1.675 11.327 -28
v 5.014 11.4 -29.063
v 4 11.4 -29.164
v 2.986 11.4 -29.063
v 5.097 11.4 -28
v 4 11.4 -28
v 2.903 11.4 -28
v 5.014 11.4 -26.937
v 4 11.4 -26.836
v 2.986 11.4 -26.937
v 1.6 9.73 -28
v 1.447 9.58 -28
v 1.555 9.624 -28
v 1.641 9.58 -27.023
v 1.783 9.73 -27.082
v 1.741 9.624 -27.064
v 2.195 9.58 -26.195
v 2.303 9.73 -26.303
v 2.271 9.624 -26.271
v 3.023 9.58 -25.641
v 3.082 9.73 -25.783
v 3.064 9.624 -25.741
v 4 9.58 -25.447
v 4 9.73 -25.6
v 4 9.624 -25.555
v 4.977 9.58 -25.641
v 4.918 9.73 -25.783
v 4.936 9.624 -25.741
v 5.805 9.58 -26.195
v 5.697 9.73 -26.303
v 5.729 9.624 -26.271
v 6.359 9.58 -27.023
v 6.217 9.73 -27.082
v 6.259 9.624 -27.064
v 6.553 9.58 -28
v 6.4 9.73 -28
v 6.445 9.624 -28
v 6.359 9.58 -28.977
v 6.217 9.73 -28.918
v 6.259 9.624 -28.936
v 5.805 9.58 -29.805
v 5.697 9.73 -29.697
v 5.729 9.624 -29.729
v 4.977 9.58 -30.359
v 4.918 9.73 -30.217
v 4.936 9.624 -30.259
v 4 9.58 -30.553
v 4 9.73 -30.4
v 4 9.624 -30.445
v 3.023 9.58 -30.359
v 3.082 9.73 -30.217
v 3.064 9.624 -30.259
v 2.195 9.58 -29.805
v 2.303 9.73 -29.697
v 2.271 9.624 -29.729
v 1.641 9.58 -28.977
v 1.783 9.73 -28.918
v 1.741 9.624 -28.936
usemtl MB_199
s off
f 9967 9968 9494
f 9674 10109 9544
f 10109 9566 9544
f 10020 10103 10021
f 10103 9517 10021
f 9681 9680 9690
f 9680 9689 9690
f 9989 9957 9988
f 9957 9958 9988
f 9655 9656 9653
f 9656 9652 9653
f 9635 9637 10012
f 9637 9643 10012
f 9953 9954 9629
f 9954 9632 9629
f 9646 9662 9642
f 9662 9640 9642
f 10077 9636 9635
f 9636 9637 9635
f 9989 9626 9957
f 9626 10044 9957
f 9639 9631 9638
f 9631 9630 9638
f 9624 9556 10081
f 9556 9625 10081
f 9973 9966 9974
f 9966 9965 9974
f 10077 9655 9636
f 9655 9653 9636
f 10012 9643 10024
f 9643 9644 10024
f 9639 9638 10011
f 9638 10010 10011
f 9460 10085 9480
f 10085 10086 9480
f 9650 9649 9659
f 9649 9658 9659
f 9624 10081 9647
f 10081 9661 9647
f 9959 10009 9519
f 10009 9546 9519
f 9673 9672 10023
f 9672 10022 10023
f 10014 9677 9998
f 9677 9678 9998
f 9621 10079 9612
f 9478 9987 9477
f 9987 9515 9477
f 9981 9980 9529
f 9462 9461 9467
f 9461 9468 9467
f 9982 9979 9670
f 9979 9684 9670
f 10020 9647 10103
f 9647 9661 10103
f 9959 9519 9960
f 9519 9516 9960
f 10067 9612 9633
f 9633 9612 9634
f 9488 10032 9459
f 10032 9458 9459
f 9617 9487 9486
f 9487 9479 9486
f 9980 9990 9529
f 9463 9462 9466
f 9462 9467 9466
f 9487 9488 9479
f 9488 9459 9479
f 9995 9996 9612
f 9620 9612 9955
f 10084 9642 9628
f 9642 9640 9628
f 9522 9520 10080
f 9520 9641 10080
f 10032 9492 9458
f 9492 9457 9458
f 9540 10102 9520
f 10102 9641 9520
f 9956 9612 9996
f 10087 9562 10025
f 9562 10088 10025
f 9472 9623 9476
f 9623 9611 9476
f 9521 9543 10000
f 9543 10027 10000
f 9540 9520 9545
f 9520 9470 9545
f 9483 9493 9469
f 9493 9471 9469
f 9991 9527 9992
f 9527 9528 9992
f 9963 9453 9964
f 9453 9575 9964
f 9976 9463 9465
f 9463 9466 9465
f 9975 9976 9524
f 9976 9465 9524
f 9452 9500 9481
f 9500 9496 9481
f 9478 9477 9495
f 9477 9499 9495
f 9975 9524 9994
f 9524 9525 9994
f 9994 9525 9993
f 9525 9526 9993
f 9993 9526 9991
f 9526 9527 9991
f 9452 9481 9972
f 9481 9516 9972
f 9963 10026 9453
f 10026 9999 9453
f 9522 9480 9518
f 9480 10086 9518
f 9990 9464 9529
f 9483 9974 9493
f 9974 9965 9493
f 9464 9523 9529
f 9673 9665 9672
f 9665 9664 9672
f 9676 9988 9660
f 9988 9958 9660
f 9982 9670 9669
f 9670 9671 9669
f 9565 9450 10113
f 9450 10008 10113
f 9510 9529 9511
f 10024 9644 9492
f 9644 9457 9492
f 10013 9612 9654
f 9634 9612 10013
f 10082 9513 9498
f 9513 9497 9498
f 9955 9612 9956
f 10070 10071 9610
f 10071 9622 9610
f 9962 9614 9961
f 9614 9613 9961
f 9618 9616 9619
f 9616 9615 9619
f 10018 9571 9537
f 9571 9539 9537
f 10016 10017 9531
f 10017 10092 9531
f 9970 9971 10037
f 9971 10091 10037
f 9505 9529 9510
f 9530 9481 9599
f 9481 9496 9599
f 9553 9563 9552
f 9563 9564 9552
f 9460 9480 9504
f 9480 10090 9504
f 9501 9529 9505
f 10093 10094 9663
f 10094 9666 9663
f 9669 9671 10014
f 9671 9677 10014
f 9511 9529 9523
f 10030 9570 9529
f 9569 9568 9576
f 9568 9577 9576
f 9553 9552 9626
f 9552 10044 9626
f 9979 9969 9684
f 9969 9683 9684
f 9676 9660 10043
f 9660 9679 10043
f 9617 9486 9618
f 9486 9616 9618
f 9619 9615 9962
f 9615 9614 9962
f 9621 9612 9620
f 10101 9519 9555
f 9519 9546 9555
f 10108 9469 10111
f 9469 9471 10111
f 10018 9569 9571
f 9569 9576 9571
f 10084 9628 9971
f 9628 10091 9971
f 10087 10025 9987
f 10025 9515 9987
f 9521 10000 10026
f 10000 9999 10026
f 9472 9476 10083
f 9476 9512 10083
f 9490 10031 9612
f 9522 9518 9520
f 9518 9470 9520
f 10101 9972 9519
f 9972 9516 9519
f 10067 9490 9612
f 10031 9995 9612
f 10078 10076 9612
f 9657 9961 9651
f 9961 9613 9651
f 10076 9654 9612
f 9656 9657 9652
f 9657 9651 9652
f 10079 10078 9612
f 9501 10029 9529
f 10004 9549 10005
f 9549 9550 10005
f 9522 10080 9480
f 10080 10090 9480
f 9981 9529 9532
f 9532 9529 9536
f 9537 9539 10004
f 9539 9549 10004
f 10019 9529 9570
f 9536 9529 10019
f 10005 9550 9461
f 9550 9468 9461
f 10029 10040 9529
f 10040 10030 9529
f 9568 9567 9577
f 9567 9578 9577
f 9530 9960 9481
f 9960 9516 9481
f 9567 9992 9578
f 9992 9528 9578
f 10016 9531 9556
f 9531 9625 9556
f 10063 10062 9839
f 9606 9607 9603
f 9607 9602 9603
f 10060 10061 9839
f 9607 10055 9602
f 10055 9587 9602
f 10062 10060 9839
f 9973 9832 9966
f 9832 9830 9966
f 10097 9825 9500
f 9825 9496 9500
f 9594 9839 10054
f 9592 9589 9593
f 9589 9588 9593
f 10059 9827 9591
f 9827 9590 9591
f 9591 9590 9592
f 9590 9589 9592
f 9593 9588 10055
f 9588 9587 10055
f 10057 9596 9585
f 9596 9595 9585
f 10052 9839 10053
f 9460 9824 10085
f 9824 10100 10085
f 10095 9964 9831
f 9964 9575 9831
f 9829 10058 9828
f 10058 9586 9828
f 10089 9495 9823
f 9495 9499 9823
f 10053 9839 9844
f 9460 9504 9824
f 9504 9856 9824
f 10054 9839 10052
f 9970 10037 10096
f 10037 10036 10096
f 9605 9606 9604
f 9606 9603 9604
f 9866 9605 9852
f 9605 9604 9852
f 9601 9600 10039
f 9600 9608 10039
f 10098 10099 10017
f 10099 10092 10017
f 9854 9853 9609
f 9853 10038 9609
f 9855 9599 9825
f 9599 9496 9825
f 9857 9851 9563
f 9851 9564 9563
f 9594 10063 9839
f 10066 9579 10042
f 9579 10072 10042
f 10047 9580 10068
f 9580 10041 10068
f 10043 9679 10041
f 9679 10068 10041
f 10021 9517 10069
f 9517 10075 10069
f 9627 10074 9574
f 10074 10051 9574
f 10109 10073 9566
f 10073 10050 9566
f 9648 9645 9565
f 9645 9450 9565
f 9573 9598 9538
f 9598 10110 9538
f 10066 10065 9579
f 10065 10048 9579
f 10047 10045 9580
f 10045 10064 9580
f 10006 10064 9572
f 10064 10045 9572
f 10056 10046 10035
f 10046 10033 10035
f 9582 9574 10034
f 9574 10051 10034
f 10107 9566 10049
f 9566 10050 10049
f 9584 9534 9583
f 9534 9514 9583
f 9573 9538 9581
f 9538 9597 9581
f 9674 9544 10009
f 9544 9546 10009
f 9557 9494 9667
f 9667 9494 9668
f 10002 10001 9509
f 10001 9533 9509
f 9482 10003 9561
f 10003 9448 9561
f 10003 10002 9448
f 10002 9509 9448
f 9560 9984 9494
f 9977 9494 9978
f 9646 10113 9662
f 10113 10008 9662
f 9540 9542 10102
f 9542 9675 10102
f 10001 9997 9533
f 9997 9535 9533
f 9538 10110 9542
f 10110 9675 9542
f 9475 9494 9984
f 9508 10006 9541
f 10006 9572 9541
f 9451 9454 9449
f 9454 9985 9449
f 10112 10056 10028
f 10056 10035 10028
f 9538 9542 9597
f 9542 9507 9597
f 10108 10111 10007
f 10111 10106 10007
f 9998 9678 9997
f 9678 9535 9997
f 10015 9494 9685
f 9668 9494 10015
f 10104 9547 9551
f 9547 9554 9551
f 9978 9494 9475
f 9502 9986 9503
f 9986 9455 9503
f 9473 9489 9456
f 9489 9491 9456
f 9983 9484 9474
f 9484 9485 9474
f 9482 9561 9983
f 9561 9484 9983
f 9474 9485 9473
f 9485 9489 9473
f 9967 9494 9977
f 9506 9544 10107
f 9544 9566 10107
f 9534 10007 9514
f 10007 10106 9514
f 9508 9541 9562
f 9541 10088 9562
f 10112 10028 9543
f 10028 10027 9543
f 9451 9449 10105
f 9449 9548 10105
f 9558 9559 9494
f 9540 9545 9542
f 9545 9507 9542
f 9506 9555 9544
f 9555 9546 9544
f 9557 9558 9494
f 9559 9560 9494
f 9687 9686 9494
f 9688 9456 9682
f 9456 9491 9682
f 9686 9685 9494
f 9969 9688 9683
f 9688 9682 9683
f 9968 9687 9494
f 10128 9737 10129
f 9936 9787 10260
f 9787 9809 10260
f 10181 10182 10254
f 10182 9760 10254
f 9943 9952 9942
f 9952 9951 9942
f 10150 10149 10118
f 10149 10119 10118
f 9917 9915 9918
f 9915 9914 9918
f 9897 10173 9899
f 10173 9905 9899
f 10114 9891 10115
f 9891 9894 10115
f 9908 9904 9924
f 9904 9902 9924
f 10235 9897 9898
f 9897 9899 9898
f 10150 10118 9888
f 10118 10204 9888
f 9901 9900 9893
f 9900 9892 9893
f 9886 10239 9799
f 10239 9887 9799
f 10134 10135 10127
f 10135 10126 10127
f 10235 9898 9917
f 9898 9915 9917
f 10173 10185 9905
f 10185 9906 9905
f 9901 10172 9900
f 10172 10171 9900
f 9703 9723 10243
f 9723 10244 10243
f 9912 9921 9911
f 9921 9920 9911
f 9886 9909 10239
f 9909 9923 10239
f 10120 9762 10170
f 9762 9789 10170
f 9935 10184 9934
f 10184 10183 9934
f 10175 10159 9939
f 10159 9940 9939
f 9883 9874 10237
f 9721 9720 10148
f 9720 9758 10148
f 10142 9772 10141
f 9705 9710 9704
f 9710 9711 9704
f 10143 9932 10140
f 9932 9946 10140
f 10181 10254 9909
f 10254 9923 9909
f 10120 10121 9762
f 10121 9759 9762
f 10225 9895 9874
f 9895 9896 9874
f 9731 9702 10193
f 9702 9701 10193
f 9879 9729 9730
f 9729 9722 9730
f 10141 9772 10151
f 9706 9709 9705
f 9709 9710 9705
f 9730 9722 9731
f 9722 9702 9731
f 10156 9874 10157
f 9882 10116 9874
f 10242 9890 9904
f 9890 9902 9904
f 9765 10238 9763
f 10238 9903 9763
f 10193 9701 9735
f 9701 9700 9735
f 9783 9763 10253
f 9763 9903 10253
f 10117 10157 9874
f 10245 10186 9805
f 10186 10246 9805
f 9715 9719 9885
f 9719 9873 9885
f 9764 10161 9786
f 10161 10188 9786
f 9783 9788 9763
f 9788 9713 9763
f 9726 9712 9736
f 9712 9714 9736
f 10152 10153 9770
f 10153 9771 9770
f 10124 10125 9696
f 10125 9818 9696
f 10137 9708 9706
f 9708 9709 9706
f 10136 9767 10137
f 9767 9708 10137
f 9695 9724 9743
f 9724 9739 9743
f 9721 9738 9720
f 9738 9742 9720
f 10136 10155 9767
f 10155 9768 9767
f 10155 10154 9768
f 10154 9769 9768
f 10154 10152 9769
f 10152 9770 9769
f 9695 10133 9724
f 10133 9759 9724
f 10124 9696 10187
f 9696 10160 10187
f 9765 9761 9723
f 9761 10244 9723
f 10151 9772 9707
f 9726 9736 10135
f 9736 10126 10135
f 9707 9772 9766
f 9935 9934 9927
f 9934 9926 9927
f 9938 9922 10149
f 9922 10119 10149
f 10143 9931 9932
f 9931 9933 9932
f 9808 10264 9693
f 10264 10169 9693
f 9753 9754 9772
f 10185 9735 9906
f 9735 9700 9906
f 10174 9916 9874
f 9896 10174 9874
f 10240 9741 9756
f 9741 9740 9756
f 10116 10117 9874
f 10228 9872 10229
f 9872 9884 10229
f 10123 10122 9876
f 10122 9875 9876
f 9880 9881 9878
f 9881 9877 9878
f 10179 9780 9814
f 9780 9782 9814
f 10177 9774 10178
f 9774 10249 10178
f 10131 10197 10132
f 10197 10248 10132
f 9748 9753 9772
f 9773 9860 9724
f 9860 9739 9724
f 9796 9795 9806
f 9795 9807 9806
f 9703 9747 9723
f 9747 10247 9723
f 9744 9748 9772
f 10250 9925 10251
f 9925 9928 10251
f 9931 10175 9933
f 10175 9939 9933
f 9754 9766 9772
f 10191 9772 9813
f 9812 9819 9811
f 9819 9820 9811
f 9796 9888 9795
f 9888 10204 9795
f 10140 9946 10130
f 9946 9945 10130
f 9938 10203 9922
f 10203 9941 9922
f 9879 9880 9729
f 9880 9878 9729
f 9881 10123 9877
f 10123 9876 9877
f 9883 9882 9874
f 10252 9798 9762
f 9798 9789 9762
f 10259 10262 9712
f 10262 9714 9712
f 10179 9814 9812
f 9814 9819 9812
f 10242 10132 9890
f 10132 10248 9890
f 10245 10148 10186
f 10148 9758 10186
f 9764 10187 10161
f 10187 10160 10161
f 9715 10241 9719
f 10241 9755 9719
f 9733 9874 10192
f 9765 9763 9761
f 9763 9713 9761
f 10252 9762 10133
f 9762 9759 10133
f 10225 9874 9733
f 10192 9874 10156
f 10236 9874 10234
f 9919 9913 10122
f 9913 9875 10122
f 10234 9874 9916
f 9918 9914 9919
f 9914 9913 9919
f 10237 9874 10236
f 9744 9772 10190
f 10165 10166 9792
f 10166 9793 9792
f 9765 9723 10238
f 9723 10247 10238
f 10142 9775 9772
f 9775 9779 9772
f 9780 10165 9782
f 10165 9792 9782
f 10180 9813 9772
f 9779 10180 9772
f 10166 9704 9793
f 9704 9711 9793
f 10190 9772 10200
f 10200 9772 10191
f 9811 9820 9810
f 9820 9821 9810
f 9773 9724 10121
f 9724 9759 10121
f 9810 9821 10153
f 9821 9771 10153
f 10177 9799 9774
f 9799 9887 9774
f 10221 9839 10220
f 9868 9864 9869
f 9864 9863 9869
f 10219 9839 10061
f 9869 9863 10215
f 9863 9840 10215
f 10220 9839 10219
f 10134 10127 9832
f 10127 9830 9832
f 10097 9743 9825
f 9743 9739 9825
f 9848 10214 9839
f 9846 9847 9842
f 9847 9841 9842
f 10059 9845 9827
f 9845 9843 9827
f 9845 9846 9843
f 9846 9842 9843
f 9847 10215 9841
f 10215 9840 9841
f 10217 9837 9850
f 9837 9849 9850
f 10212 10213 9839
f 9703 10243 9824
f 10243 10100 9824
f 10095 9831 10125
f 9831 9818 10125
f 9829 9828 10218
f 9828 9838 10218
f 10089 9823 9738
f 9823 9742 9738
f 10213 9844 9839
f 9703 9824 9747
f 9824 9856 9747
f 10214 10212 9839
f 10131 10096 10197
f 10096 10036 10197
f 9867 9865 9868
f 9865 9864 9868
f 9866 9852 9867
f 9852 9865 9867
f 9862 10199 9861
f 10199 9870 9861
f 10098 10178 10099
f 10178 10249 10099
f 9854 9871 9853
f 9871 10198 9853
f 9855 9825 9860
f 9825 9739 9860
f 9857 9806 9851
f 9806 9807 9851
f 9848 9839 10221
f 10224 10202 9822
f 10202 10230 9822
f 10207 10226 9826
f 10226 10201 9826
f 10203 10201 9941
f 10201 10226 9941
f 10182 10227 9760
f 10227 10233 9760
f 9889 9817 10232
f 9817 10211 10232
f 10260 9809 10231
f 9809 10210 10231
f 9910 9808 9907
f 9808 9693 9907
f 9816 9781 9859
f 9781 10261 9859
f 10224 9822 10223
f 9822 10208 10223
f 10207 9826 10205
f 9826 10222 10205
f 10167 9815 10222
f 9815 10205 10222
f 10216 10196 10206
f 10196 10194 10206
f 9834 10195 9817
f 10195 10211 9817
f 10258 10209 9809
f 10209 10210 9809
f 9836 9835 9777
f 9835 9757 9777
f 9816 9833 9781
f 9833 9858 9781
f 9936 10170 9787
f 10170 9789 9787
f 9800 9929 9737
f 9929 9930 9737
f 10163 9752 10162
f 9752 9776 10162
f 9725 9804 10164
f 9804 9691 10164
f 10164 9691 10163
f 9691 9752 10163
f 9803 9737 10145
f 10138 10139 9737
f 9908 9924 10264
f 9924 10169 10264
f 9783 10253 9785
f 10253 9937 9785
f 10162 9776 10158
f 9776 9778 10158
f 9781 9785 10261
f 9785 9937 10261
f 9718 10145 9737
f 9751 9784 10167
f 9784 9815 10167
f 9694 9692 9697
f 9692 10146 9697
f 10263 10189 10216
f 10189 10196 10216
f 9781 9858 9785
f 9858 9750 9785
f 10259 10168 10262
f 10168 10257 10262
f 10159 10158 9940
f 10158 9778 9940
f 10176 9947 9737
f 9930 10176 9737
f 10255 9794 9790
f 9794 9797 9790
f 10139 9718 9737
f 9745 9746 10147
f 9746 9698 10147
f 9716 9699 9732
f 9699 9734 9732
f 10144 9717 9727
f 9717 9728 9727
f 9725 10144 9804
f 10144 9727 9804
f 9717 9716 9728
f 9716 9732 9728
f 10128 10138 9737
f 9749 10258 9787
f 10258 9809 9787
f 9777 9757 10168
f 9757 10257 10168
f 9751 9805 9784
f 9805 10246 9784
f 10263 9786 10189
f 9786 10188 10189
f 9694 10256 9692
f 10256 9791 9692
f 9801 9737 9802
f 9783 9785 9788
f 9785 9750 9788
f 9749 9787 9798
f 9787 9789 9798
f 9800 9737 9801
f 9802 9737 9803
f 9949 9737 9948
f 9950 9944 9699
f 9944 9734 9699
f 9948 9737 9947
f 10130 9945 9950
f 9945 9944 9950
f 10129 9737 9949
f 10272 10315 10274
f 10315 10314 10274
f 10301 10305 10332
f 10305 10329 10332
f 10320 10299 10319
f 10299 10296 10319
f 10316 10319 10287
f 10319 10289 10287
f 10304 10302 10308
f 10302 10321 10308
f 10311 10318 10266
f 10318 10315 10266
f 10319 10296 10289
f 10296 10293 10289
f 10278 10313 10281
f 10313 10284 10281
f 10308 10321 10311
f 10321 10318 10311
f 10321 10302 10320
f 10302 10299 10320
f 10266 10315 10268
f 10315 10272 10268
f 10274 10314 10278
f 10314 10313 10278
f 10313 10316 10284
f 10316 10287 10284
f 10269 10270 10271
f 10270 10273 10271
f 10270 10268 10273
f 10268 10272 10273
f 10275 10276 10277
f 10276 10279 10277
f 10276 10274 10279
f 10274 10278 10279
f 10290 10291 10292
f 10291 10294 10292
f 10291 10289 10294
f 10289 10293 10294
f 10277 10279 10280
f 10279 10282 10280
f 10279 10278 10282
f 10278 10281 10282
f 10280 10282 10283
f 10282 10285 10283
f 10282 10281 10285
f 10281 10284 10285
f 10292 10294 10295
f 10294 10297 10295
f 10294 10293 10297
f 10293 10296 10297
f 10295 10297 10298
f 10297 10300 10298
f 10297 10296 10300
f 10296 10299 10300
f 10305 10306 10307
f 10306 10309 10307
f 10306 10304 10309
f 10304 10308 10309
f 10283 10285 10286
f 10285 10288 10286
f 10285 10284 10288
f 10284 10287 10288
f 10286 10288 10290
f 10288 10291 10290
f 10288 10287 10291
f 10287 10289 10291
f 10298 10300 10301
f 10300 10303 10301
f 10300 10299 10303
f 10299 10302 10303
f 10301 10303 10305
f 10303 10306 10305
f 10303 10302 10306
f 10302 10304 10306
f 10307 10309 10310
f 10309 10312 10310
f 10309 10308 10312
f 10308 10311 10312
f 10271 10273 10275
f 10273 10276 10275
f 10273 10272 10276
f 10272 10274 10276
f 10310 10312 10265
f 10312 10267 10265
f 10312 10311 10267
f 10311 10266 10267
f 10265 10267 10269
f 10267 10270 10269
f 10267 10266 10270
f 10266 10268 10270
f 10314 10317 10313
f 10317 10316 10313
f 10317 10320 10316
f 10320 10319 10316
f 10315 10318 10314
f 10318 10317 10314
f 10318 10321 10317
f 10321 10320 10317
f 10326 10322 10327
f 10322 10324 10327
f 10327 10324 10325
f 10324 10323 10325
f 10329 10326 10330
f 10326 10327 10330
f 10330 10327 10328
f 10327 10325 10328
f 10332 10329 10333
f 10329 10330 10333
f 10333 10330 10331
f 10330 10328 10331
f 10335 10332 10336
f 10332 10333 10336
f 10336 10333 10334
f 10333 10331 10334
f 10338 10335 10339
f 10335 10336 10339
f 10339 10336 10337
f 10336 10334 10337
f 10341 10338 10342
f 10338 10339 10342
f 10342 10339 10340
f 10339 10337 10340
f 10344 10341 10345
f 10341 10342 10345
f 10345 10342 10343
f 10342 10340 10343
f 10347 10344 10348
f 10344 10345 10348
f 10348 10345 10346
f 10345 10343 10346
f 10350 10347 10351
f 10347 10348 10351
f 10351 10348 10349
f 10348 10346 10349
f 10353 10350 10354
f 10350 10351 10354
f 10354 10351 10352
f 10351 10349 10352
f 10356 10353 10357
f 10353 10354 10357
f 10357 10354 10355
f 10354 10352 10355
f 10359 10356 10360
f 10356 10357 10360
f 10360 10357 10358
f 10357 10355 10358
f 10362 10359 10363
f 10359 10360 10363
f 10363 10360 10361
f 10360 10358 10361
f 10365 10362 10366
f 10362 10363 10366
f 10366 10363 10364
f 10363 10361 10364
f 10368 10365 10369
f 10365 10366 10369
f 10369 10366 10367
f 10366 10364 10367
f 10322 10368 10324
f 10368 10369 10324
f 10324 10369 10323
f 10369 10367 10323
f 10280 10283 10353
f 10283 10350 10353
f 10305 10307 10329
f 10307 10326 10329
f 10283 10286 10350
f 10286 10347 10350
f 10322 10310 10368
f 10310 10265 10368
f 10307 10310 10326
f 10310 10322 10326
f 10286 10290 10347
f 10290 10344 10347
f 10368 10265 10365
f 10265 10269 10365
f 10290 10292 10344
f 10292 10341 10344
f 10269 10271 10365
f 10271 10362 10365
f 10292 10295 10341
f 10295 10338 10341
f 10271 10275 10362
f 10275 10359 10362
f 10295 10298 10338
f 10298 10335 10338
f 10275 10277 10359
f 10277 10356 10359
f 10298 10301 10335
f 10301 10332 10335
f 10277 10280 10356
f 10280 10353 10356
f 10377 10420 10379
f 10420 10419 10379
f 10406 10410 10437
f 10410 10434 10437
f 10425 10404 10424
f 10404 10401 10424
f 10421 10424 10392
f 10424 10394 10392
f 10409 10407 10413
f 10407 10426 10413
f 10416 10423 10371
f 10423 10420 10371
f 10424 10401 10394
f 10401 10398 10394
f 10383 10418 10386
f 10418 10389 10386
f 10413 10426 10416
f 10426 10423 10416
f 10426 10407 10425
f 10407 10404 10425
f 10371 10420 10373
f 10420 10377 10373
f 10379 10419 10383
f 10419 10418 10383
f 10418 10421 10389
f 10421 10392 10389
f 10374 10375 10376
f 10375 10378 10376
f 10375 10373 10378
f 10373 10377 10378
f 10380 10381 10382
f 10381 10384 10382
f 10381 10379 10384
f 10379 10383 10384
f 10395 10396 10397
f 10396 10399 10397
f 10396 10394 10399
f 10394 10398 10399
f 10382 10384 10385
f 10384 10387 10385
f 10384 10383 10387
f 10383 10386 10387
f 10385 10387 10388
f 10387 10390 10388
f 10387 10386 10390
f 10386 10389 10390
f 10397 10399 10400
f 10399 10402 10400
f 10399 10398 10402
f 10398 10401 10402
f 10400 10402 10403
f 10402 10405 10403
f 10402 10401 10405
f 10401 10404 10405
f 10410 10411 10412
f 10411 10414 10412
f 10411 10409 10414
f 10409 10413 10414
f 10388 10390 10391
f 10390 10393 10391
f 10390 10389 10393
f 10389 10392 10393
f 10391 10393 10395
f 10393 10396 10395
f 10393 10392 10396
f 10392 10394 10396
f 10403 10405 10406
f 10405 10408 10406
f 10405 10404 10408
f 10404 10407 10408
f 10406 10408 10410
f 10408 10411 10410
f 10408 10407 10411
f 10407 10409 10411
f 10412 10414 10415
f 10414 10417 10415
f 10414 10413 10417
f 10413 10416 10417
f 10376 10378 10380
f 10378 10381 10380
f 10378 10377 10381
f 10377 10379 10381
f 10415 10417 10370
f 10417 10372 10370
f 10417 10416 10372
f 10416 10371 10372
f 10370 10372 10374
f 10372 10375 10374
f 10372 10371 10375
f 10371 10373 10375
f 10419 10422 10418
f 10422 10421 10418
f 10422 10425 10421
f 10425 10424 10421
f 10420 10423 10419
f 10423 10422 10419
f 10423 10426 10422
f 10426 10425 10422
f 10431 10427 10432
f 10427 10429 10432
f 10432 10429 10430
f 10429 10428 10430
f 10434 10431 10435
f 10431 10432 10435
f 10435 10432 10433
f 10432 10430 10433
f 10437 10434 10438
f 10434 10435 10438
f 10438 10435 10436
f 10435 10433 10436
f 10440 10437 10441
f 10437 10438 10441
f 10441 10438 10439
f 10438 10436 10439
f 10443 10440 10444
f 10440 10441 10444
f 10444 10441 10442
f 10441 10439 10442
f 10446 10443 10447
f 10443 10444 10447
f 10447 10444 10445
f 10444 10442 10445
f 10449 10446 10450
f 10446 10447 10450
f 10450 10447 10448
f 10447 10445 10448
f 10452 10449 10453
f 10449 10450 10453
f 10453 10450 10451
f 10450 10448 10451
f 10455 10452 10456
f 10452 10453 10456
f 10456 10453 10454
f 10453 10451 10454
f 10458 10455 10459
f 10455 10456 10459
f 10459 10456 10457
f 10456 10454 10457
f 10461 10458 10462
f 10458 10459 10462
f 10462 10459 10460
f 10459 10457 10460
f 10464 10461 10465
f 10461 10462 10465
f 10465 10462 10463
f 10462 10460 10463
f 10467 10464 10468
f 10464 10465 10468
f 10468 10465 10466
f 10465 10463 10466
f 10470 10467 10471
f 10467 10468 10471
f 10471 10468 10469
f 10468 10466 10469
f 10473 10470 10474
f 10470 10471 10474
f 10474 10471 10472
f 10471 10469 10472
f 10427 10473 10429
f 10473 10474 10429
f 10429 10474 10428
f 10474 10472 10428
f 10385 10388 10458
f 10388 10455 10458
f 10410 10412 10434
f 10412 10431 10434
f 10388 10391 10455
f 10391 10452 10455
f 10427 10415 10473
f 10415 10370 10473
f 10412 10415 10431
f 10415 10427 10431
f 10391 10395 10452
f 10395 10449 10452
f 10473 10370 10470
f 10370 10374 10470
f 10395 10397 10449
f 10397 10446 10449
f 10374 10376 10470
f 10376 10467 10470
f 10397 10400 10446
f 10400 10443 10446
f 10376 10380 10467
f 10380 10464 10467
f 10400 10403 10443
f 10403 10440 10443
f 10380 10382 10464
f 10382 10461 10464
f 10403 10406 10440
f 10406 10437 10440
f 10382 10385 10461
f 10385 10458 10461
f 10482 10525 10484
f 10525 10524 10484
f 10511 10515 10542
f 10515 10539 10542
f 10530 10509 10529
f 10509 10506 10529
f 10526 10529 10497
f 10529 10499 10497
f 10514 10512 10518
f 10512 10531 10518
f 10521 10528 10476
f 10528 10525 10476
f 10529 10506 10499
f 10506 10503 10499
f 10488 10523 10491
f 10523 10494 10491
f 10518 10531 10521
f 10531 10528 10521
f 10531 10512 10530
f 10512 10509 10530
f 10476 10525 10478
f 10525 10482 10478
f 10484 10524 10488
f 10524 10523 10488
f 10523 10526 10494
f 10526 10497 10494
f 10479 10480 10481
f 10480 10483 10481
f 10480 10478 10483
f 10478 10482 10483
f 10485 10486 10487
f 10486 10489 10487
f 10486 10484 10489
f 10484 10488 10489
f 10500 10501 10502
f 10501 10504 10502
f 10501 10499 10504
f 10499 10503 10504
f 10487 10489 10490
f 10489 10492 10490
f 10489 10488 10492
f 10488 10491 10492
f 10490 10492 10493
f 10492 10495 10493
f 10492 10491 10495
f 10491 10494 10495
f 10502 10504 10505
f 10504 10507 10505
f 10504 10503 10507
f 10503 10506 10507
f 10505 10507 10508
f 10507 10510 10508
f 10507 10506 10510
f 10506 10509 10510
f 10515 10516 10517
f 10516 10519 10517
f 10516 10514 10519
f 10514 10518 10519
f 10493 10495 10496
f 10495 10498 10496
f 10495 10494 10498
f 10494 10497 10498
f 10496 10498 10500
f 10498 10501 10500
f 10498 10497 10501
f 10497 10499 10501
f 10508 10510 10511
f 10510 10513 10511
f 10510 10509 10513
f 10509 10512 10513
f 10511 10513 10515
f 10513 10516 10515
f 10513 10512 10516
f 10512 10514 10516
f 10517 10519 10520
f 10519 10522 10520
f 10519 10518 10522
f 10518 10521 10522
f 10481 10483 10485
f 10483 10486 10485
f 10483 10482 10486
f 10482 10484 10486
f 10520 10522 10475
f 10522 10477 10475
f 10522 10521 10477
f 10521 10476 10477
f 10475 10477 10479
f 10477 10480 10479
f 10477 10476 10480
f 10476 10478 10480
f 10524 10527 10523
f 10527 10526 10523
f 10527 10530 10526
f 10530 10529 10526
f 10525 10528 10524
f 10528 10527 10524
f 10528 10531 10527
f 10531 10530 10527
f 10536 10532 10537
f 10532 10534 10537
f 10537 10534 10535
f 10534 10533 10535
f 10539 10536 10540
f 10536 10537 10540
f 10540 10537 10538
f 10537 10535 10538
f 10542 10539 10543
f 10539 10540 10543
f 10543 10540 10541
f 10540 10538 10541
f 10545 10542 10546
f 10542 10543 10546
f 10546 10543 10544
f 10543 10541 10544
f 10548 10545 10549
f 10545 10546 10549
f 10549 10546 10547
f 10546 10544 10547
f 10551 10548 10552
f 10548 10549 10552
f 10552 10549 10550
f 10549 10547 10550
f 10554 10551 10555
f 10551 10552 10555
f 10555 10552 10553
f 10552 10550 10553
f 10557 10554 10558
f 10554 10555 10558
f 10558 10555 10556
f 10555 10553 10556
f 10560 10557 10561
f 10557 10558 10561
f 10561 10558 10559
f 10558 10556 10559
f 10563 10560 10564
f 10560 10561 10564
f 10564 10561 10562
f 10561 10559 10562
f 10566 10563 10567
f 10563 10564 10567
f 10567 10564 10565
f 10564 10562 10565
f 10569 10566 10570
f 10566 10567 10570
f 10570 10567 10568
f 10567 10565 10568
f 10572 10569 10573
f 10569 10570 10573
f 10573 10570 10571
f 10570 10568 10571
f 10575 10572 10576
f 10572 10573 10576
f 10576 10573 10574
f 10573 10571 10574
f 10578 10575 10579
f 10575 10576 10579
f 10579 10576 10577
f 10576 10574 10577
f 10532 10578 10534
f 10578 10579 10534
f 10534 10579 10533
f 10579 10577 10533
f 10490 10493 10563
f 10493 10560 10563
f 10515 10517 10539
f 10517 10536 10539
f 10493 10496 10560
f 10496 10557 10560
f 10532 10520 10578
f 10520 10475 10578
f 10517 10520 10536
f 10520 10532 10536
f 10496 10500 10557
f 10500 10554 10557
f 10578 10475 10575
f 10475 10479 10575
f 10500 10502 10554
f 10502 10551 10554
f 10479 10481 10575
f 10481 10572 10575
f 10502 10505 10551
f 10505 10548 10551
f 10481 10485 10572
f 10485 10569 10572
f 10505 10508 10548
f 10508 10545 10548
f 10485 10487 10569
f 10487 10566 10569
f 10508 10511 10545
f 10511 10542 10545
f 10487 10490 10566
f 10490 10563 10566
f 10587 10630 10589
f 10630 10629 10589
f 10616 10620 10647
f 10620 10644 10647
f 10635 10614 10634
f 10614 10611 10634
f 10631 10634 10602
f 10634 10604 10602
f 10619 10617 10623
f 10617 10636 10623
f 10626 10633 10581
f 10633 10630 10581
f 10634 10611 10604
f 10611 10608 10604
f 10593 10628 10596
f 10628 10599 10596
f 10623 10636 10626
f 10636 10633 10626
f 10636 10617 10635
f 10617 10614 10635
f 10581 10630 10583
f 10630 10587 10583
f 10589 10629 10593
f 10629 10628 10593
f 10628 10631 10599
f 10631 10602 10599
f 10584 10585 10586
f 10585 10588 10586
f 10585 10583 10588
f 10583 10587 10588
f 10590 10591 10592
f 10591 10594 10592
f 10591 10589 10594
f 10589 10593 10594
f 10605 10606 10607
f 10606 10609 10607
f 10606 10604 10609
f 10604 10608 10609
f 10592 10594 10595
f 10594 10597 10595
f 10594 10593 10597
f 10593 10596 10597
f 10595 10597 10598
f 10597 10600 10598
f 10597 10596 10600
f 10596 10599 10600
f 10607 10609 10610
f 10609 10612 10610
f 10609 10608 10612
f 10608 10611 10612
f 10610 10612 10613
f 10612 10615 10613
f 10612 10611 10615
f 10611 10614 10615
f 10620 10621 10622
f 10621 10624 10622
f 10621 10619 10624
f 10619 10623 10624
f 10598 10600 10601
f 10600 10603 10601
f 10600 10599 10603
f 10599 10602 10603
f 10601 10603 10605
f 10603 10606 10605
f 10603 10602 10606
f 10602 10604 10606
f 10613 10615 10616
f 10615 10618 10616
f 10615 10614 10618
f 10614 10617 10618
f 10616 10618 10620
f 10618 10621 10620
f 10618 10617 10621
f 10617 10619 10621
f 10622 10624 10625
f 10624 10627 10625
f 10624 10623 10627
f 10623 10626 10627
f 10586 10588 10590
f 10588 10591 10590
f 10588 10587 10591
f 10587 10589 10591
f 10625 10627 10580
f 10627 10582 10580
f 10627 10626 10582
f 10626 10581 10582
f 10580 10582 10584
f 10582 10585 10584
f 10582 10581 10585
f 10581 10583 10585
f 10629 10632 10628
f 10632 10631 10628
f 10632 10635 10631
f 10635 10634 10631
f 10630 10633 10629
f 10633 10632 10629
f 10633 10636 10632
f 10636 10635 10632
f 10641 10637 10642
f 10637 10639 10642
f 10642 10639 10640
f 10639 10638 10640
f 10644 10641 10645
f 10641 10642 10645
f 10645 10642 10643
f 10642 10640 10643
f 10647 10644 10648
f 10644 10645 10648
f 10648 10645 10646
f 10645 10643 10646
f 10650 10647 10651
f 10647 10648 10651
f 10651 10648 10649
f 10648 10646 10649
f 10653 10650 10654
f 10650 10651 10654
f 10654 10651 10652
f 10651 10649 10652
f 10656 10653 10657
f 10653 10654 10657
f 10657 10654 10655
f 10654 10652 10655
f 10659 10656 10660
f 10656 10657 10660
f 10660 10657 10658
f 10657 10655 10658
f 10662 10659 10663
f 10659 10660 10663
f 10663 10660 10661
f 10660 10658 10661
f 10665 10662 10666
f 10662 10663 10666
f 10666 10663 10664
f 10663 10661 10664
f 10668 10665 10669
f 10665 10666 10669
f 10669 10666 10667
f 10666 10664 10667
f 10671 10668 10672
f 10668 10669 10672
f 10672 10669 10670
f 10669 10667 10670
f 10674 10671 10675
f 10671 10672 10675
f 10675 10672 10673
f 10672 10670 10673
f 10677 10674 10678
f 10674 10675 10678
f 10678 10675 10676
f 10675 10673 10676
f 10680 10677 10681
f 10677 10678 10681
f 10681 10678 10679
f 10678 10676 10679
f 10683 10680 10684
f 10680 10681 10684
f 10684 10681 10682
f 10681 10679 10682
f 10637 10683 10639
f 10683 10684 10639
f 10639 10684 10638
f 10684 10682 10638
f 10595 10598 10668
f 10598 10665 10668
f 10620 10622 10644
f 10622 10641 10644
f 10598 10601 10665
f 10601 10662 10665
f 10637 10625 10683
f 10625 10580 10683
f 10622 10625 10641
f 10625 10637 10641
f 10601 10605 10662
f 10605 10659 10662
f 10683 10580 10680
f 10580 10584 10680
f 10605 10607 10659
f 10607 10656 10659
f 10584 10586 10680
f 10586 10677 10680
f 10607 10610 10656
f 10610 10653 10656
f 10586 10590 10677
f 10590 10674 10677
f 10610 10613 10653
f 10613 10650 10653
f 10590 10592 10674
f 10592 10671 10674
f 10613 10616 10650
f 10616 10647 10650
f 10592 10595 10671
f 10595 10668 10671
f 10692 10735 10694
f 10735 10734 10694
f 10721 10725 10752
f 10725 10749 10752
f 10740 10719 10739
f 10719 10716 10739
f 10736 10739 10707
f 10739 10709 10707
f 10724 10722 10728
f 10722 10741 10728
f 10731 10738 10686
f 10738 10735 10686
f 10739 10716 10709
f 10716 10713 10709
f 10698 10733 10701
f 10733 10704 10701
f 10728 10741 10731
f 10741 10738 10731
f 10741 10722 10740
f 10722 10719 10740
f 10686 10735 10688
f 10735 10692 10688
f 10694 10734 10698
f 10734 10733 10698
f 10733 10736 10704
f 10736 10707 10704
f 10689 10690 10691
f 10690 10693 10691
f 10690 10688 10693
f 10688 10692 10693
f 10695 10696 10697
f 10696 10699 10697
f 10696 10694 10699
f 10694 10698 10699
f 10710 10711 10712
f 10711 10714 10712
f 10711 10709 10714
f 10709 10713 10714
f 10697 10699 10700
f 10699 10702 10700
f 10699 10698 10702
f 10698 10701 10702
f 10700 10702 10703
f 10702 10705 10703
f 10702 10701 10705
f 10701 10704 10705
f 10712 10714 10715
f 10714 10717 10715
f 10714 10713 10717
f 10713 10716 10717
f 10715 10717 10718
f 10717 10720 10718
f 10717 10716 10720
f 10716 10719 10720
f 10725 10726 10727
f 10726 10729 10727
f 10726 10724 10729
f 10724 10728 10729
f 10703 10705 10706
f 10705 10708 10706
f 10705 10704 10708
f 10704 10707 10708
f 10706 10708 10710
f 10708 10711 10710
f 10708 10707 10711
f 10707 10709 10711
f 10718 10720 10721
f 10720 10723 10721
f 10720 10719 10723
f 10719 10722 10723
f 10721 10723 10725
f 10723 10726 10725
f 10723 10722 10726
f 10722 10724 10726
f 10727 10729 10730
f 10729 10732 10730
f 10729 10728 10732
f 10728 10731 10732
f 10691 10693 10695
f 10693 10696 10695
f 10693 10692 10696
f 10692 10694 10696
f 10730 10732 10685
f 10732 10687 10685
f 10732 10731 10687
f 10731 10686 10687
f 10685 10687 10689
f 10687 10690 10689
f 10687 10686 10690
f 10686 10688 10690
f 10734 10737 10733
f 10737 10736 10733
f 10737 10740 10736
f 10740 10739 10736
f 10735 10738 10734
f 10738 10737 10734
f 10738 10741 10737
f 10741 10740 10737
f 10746 10742 10747
f 10742 10744 10747
f 10747 10744 10745
f 10744 10743 10745
f 10749 10746 10750
f 10746 10747 10750
f 10750 10747 10748
f 10747 10745 10748
f 10752 10749 10753
f 10749 10750 10753
f 10753 10750 10751
f 10750 10748 10751
f 10755 10752 10756
f 10752 10753 10756
f 10756 10753 10754
f 10753 10751 10754
f 10758 10755 10759
f 10755 10756 10759
f 10759 10756 10757
f 10756 10754 10757
f 10761 10758 10762
f 10758 10759 10762
f 10762 10759 10760
f 10759 10757 10760
f 10764 10761 10765
f 10761 10762 10765
f 10765 10762 10763
f 10762 10760 10763
f 10767 10764 10768
f 10764 10765 10768
f 10768 10765 10766
f 10765 10763 10766
f 10770 10767 10771
f 10767 10768 10771
f 10771 10768 10769
f 10768 10766 10769
f 10773 10770 10774
f 10770 10771 10774
f 10774 10771 10772
f 10771 10769 10772
f 10776 10773 10777
f 10773 10774 10777
f 10777 10774 10775
f 10774 10772 10775
f 10779 10776 10780
f 10776 10777 10780
f 10780 10777 10778
f 10777 10775 10778
f 10782 10779 10783
f 10779 10780 10783
f 10783 10780 10781
f 10780 10778 10781
f 10785 10782 10786
f 10782 10783 10786
f 10786 10783 10784
f 10783 10781 10784
f 10788 10785 10789
f 10785 10786 10789
f 10789 10786 10787
f 10786 10784 10787
f 10742 10788 10744
f 10788 10789 10744
f 10744 10789 10743
f 10789 10787 10743
f 10700 10703 10773
f 10703 10770 10773
f 10725 10727 10749
f 10727 10746 10749
f 10703 10706 10770
f 10706 10767 10770
f 10742 10730 10788
f 10730 10685 10788
f 10727 10730 10746
f 10730 10742 10746
f 10706 10710 10767
f 10710 10764 10767
f 10788 10685 10785
f 10685 10689 10785
f 10710 10712 10764
f 10712 10761 10764
f 10689 10691 10785
f 10691 10782 10785
f 10712 10715 10761
f 10715 10758 10761
f 10691 10695 10782
f 10695 10779 10782
f 10715 10718 10758
f 10718 10755 10758
f 10695 10697 10779
f 10697 10776 10779
f 10718 10721 10755
f 10721 10752 10755
f 10697 10700 10776
f 10700 10773 10776
f 10797 10840 10799
f 10840 10839 10799
f 10826 10830 10857
f 10830 10854 10857
f 10845 10824 10844
f 10824 10821 10844
f 10841 10844 10812
f 10844 10814 10812
f 10829 10827 10833
f 10827 10846 10833
f 10836 10843 10791
f 10843 10840 10791
f 10844 10821 10814
f 10821 10818 10814
f 10803 10838 10806
f 10838 10809 10806
f 10833 10846 10836
f 10846 10843 10836
f 10846 10827 10845
f 10827 10824 10845
f 10791 10840 10793
f 10840 10797 10793
f 10799 10839 10803
f 10839 10838 10803
f 10838 10841 10809
f 10841 10812 10809
f 10794 10795 10796
f 10795 10798 10796
f 10795 10793 10798
f 10793 10797 10798
f 10800 10801 10802
f 10801 10804 10802
f 10801 10799 10804
f 10799 10803 10804
f 10815 10816 10817
f 10816 10819 10817
f 10816 10814 10819
f 10814 10818 10819
f 10802 10804 10805
f 10804 10807 10805
f 10804 10803 10807
f 10803 10806 10807
f 10805 10807 10808
f 10807 10810 10808
f 10807 10806 10810
f 10806 10809 10810
f 10817 10819 10820
f 10819 10822 10820
f 10819 10818 10822
f 10818 10821 10822
f 10820 10822 10823
f 10822 10825 10823
f 10822 10821 10825
f 10821 10824 10825
f 10830 10831 10832
f 10831 10834 10832
f 10831 10829 10834
f 10829 10833 10834
f 10808 10810 10811
f 10810 10813 10811
f 10810 10809 10813
f 10809 10812 10813
f 10811 10813 10815
f 10813 10816 10815
f 10813 10812 10816
f 10812 10814 10816
f 10823 10825 10826
f 10825 10828 10826
f 10825 10824 10828
f 10824 10827 10828
f 10826 10828 10830
f 10828 10831 10830
f 10828 10827 10831
f 10827 10829 10831
f 10832 10834 10835
f 10834 10837 10835
f 10834 10833 10837
f 10833 10836 10837
f 10796 10798 10800
f 10798 10801 10800
f 10798 10797 10801
f 10797 10799 10801
f 10835 10837 10790
f 10837 10792 10790
f 10837 10836 10792
f 10836 10791 10792
f 10790 10792 10794
f 10792 10795 10794
f 10792 10791 10795
f 10791 10793 10795
f 10839 10842 10838
f 10842 10841 10838
f 10842 10845 10841
f 10845 10844 10841
f 10840 10843 10839
f 10843 10842 10839
f 10843 10846 10842
f 10846 10845 10842
f 10851 10847 10852
f 10847 10849 10852
f 10852 10849 10850
f 10849 10848 10850
f 10854 10851 10855
f 10851 10852 10855
f 10855 10852 10853
f 10852 10850 10853
f 10857 10854 10858
f 10854 10855 10858
f 10858 10855 10856
f 10855 10853 10856
f 10860 10857 10861
f 10857 10858 10861
f 10861 10858 10859
f 10858 10856 10859
f 10863 10860 10864
f 10860 10861 10864
f 10864 10861 10862
f 10861 10859 10862
f 10866 10863 10867
f 10863 10864 10867
f 10867 10864 10865
f 10864 10862 10865
f 10869 10866 10870
f 10866 10867 10870
f 10870 10867 10868
f 10867 10865 10868
f 10872 10869 10873
f 10869 10870 10873
f 10873 10870 10871
f 10870 10868 10871
f 10875 10872 10876
f 10872 10873 10876
f 10876 10873 10874
f 10873 10871 10874
f 10878 10875 10879
f 10875 10876 10879
f 10879 10876 10877
f 10876 10874 10877
f 10881 10878 10882
f 10878 10879 10882
f 10882 10879 10880
f 10879 10877 10880
f 10884 10881 10885
f 10881 10882 10885
f 10885 10882 10883
f 10882 10880 10883
f 10887 10884 10888
f 10884 10885 10888
f 10888 10885 10886
f 10885 10883 10886
f 10890 10887 10891
f 10887 10888 10891
f 10891 10888 10889
f 10888 10886 10889
f 10893 10890 10894
f 10890 10891 10894
f 10894 10891 10892
f 10891 10889 10892
f 10847 10893 10849
f 10893 10894 10849
f 10849 10894 10848
f 10894 10892 10848
f 10805 10808 10878
f 10808 10875 10878
f 10830 10832 10854
f 10832 10851 10854
f 10808 10811 10875
f 10811 10872 10875
f 10847 10835 10893
f 10835 10790 10893
f 10832 10835 10851
f 10835 10847 10851
f 10811 10815 10872
f 10815 10869 10872
f 10893 10790 10890
f 10790 10794 10890
f 10815 10817 10869
f 10817 10866 10869
f 10794 10796 10890
f 10796 10887 10890
f 10817 10820 10866
f 10820 10863 10866
f 10796 10800 10887
f 10800 10884 10887
f 10820 10823 10863
f 10823 10860 10863
f 10800 10802 10884
f 10802 10881 10884
f 10823 10826 10860
f 10826 10857 10860
f 10802 10805 10881
f 10805 10878 10881
f 10902 10945 10904
f 10945 10944 10904
f 10931 10935 10962
f 10935 10959 10962
f 10950 10929 10949
f 10929 10926 10949
f 10946 10949 10917
f 10949 10919 10917
f 10934 10932 10938
f 10932 10951 10938
f 10941 10948 10896
f 10948 10945 10896
f 10949 10926 10919
f 10926 10923 10919
f 10908 10943 10911
f 10943 10914 10911
f 10938 10951 10941
f 10951 10948 10941
f 10951 10932 10950
f 10932 10929 10950
f 10896 10945 10898
f 10945 10902 10898
f 10904 10944 10908
f 10944 10943 10908
f 10943 10946 10914
f 10946 10917 10914
f 10899 10900 10901
f 10900 10903 10901
f 10900 10898 10903
f 10898 10902 10903
f 10905 10906 10907
f 10906 10909 10907
f 10906 10904 10909
f 10904 10908 10909
f 10920 10921 10922
f 10921 10924 10922
f 10921 10919 10924
f 10919 10923 10924
f 10907 10909 10910
f 10909 10912 10910
f 10909 10908 10912
f 10908 10911 10912
f 10910 10912 10913
f 10912 10915 10913
f 10912 10911 10915
f 10911 10914 10915
f 10922 10924 10925
f 10924 10927 10925
f 10924 10923 10927
f 10923 10926 10927
f 10925 10927 10928
f 10927 10930 10928
f 10927 10926 10930
f 10926 10929 10930
f 10935 10936 10937
f 10936 10939 10937
f 10936 10934 10939
f 10934 10938 10939
f 10913 10915 10916
f 10915 10918 10916
f 10915 10914 10918
f 10914 10917 10918
f 10916 10918 10920
f 10918 10921 10920
f 10918 10917 10921
f 10917 10919 10921
f 10928 10930 10931
f 10930 10933 10931
f 10930 10929 10933
f 10929 10932 10933
f 10931 10933 10935
f 10933 10936 10935
f 10933 10932 10936
f 10932 10934 10936
f 10937 10939 10940
f 10939 10942 10940
f 10939 10938 10942
f 10938 10941 10942
f 10901 10903 10905
f 10903 10906 10905
f 10903 10902 10906
f 10902 10904 10906
f 10940 10942 10895
f 10942 10897 10895
f 10942 10941 10897
f 10941 10896 10897
f 10895 10897 10899
f 10897 10900 10899
f 10897 10896 10900
f 10896 10898 10900
f 10944 10947 10943
f 10947 10946 10943
f 10947 10950 10946
f 10950 10949 10946
f 10945 10948 10944
f 10948 10947 10944
f 10948 10951 10947
f 10951 10950 10947
f 10956 10952 10957
f 10952 10954 10957
f 10957 10954 10955
f 10954 10953 10955
f 10959 10956 10960
f 10956 10957 10960
f 10960 10957 10958
f 10957 10955 10958
f 10962 10959 10963
f 10959 10960 10963
f 10963 10960 10961
f 10960 10958 10961
f 10965 10962 10966
f 10962 10963 10966
f 10966 10963 10964
f 10963 10961 10964
f 10968 10965 10969
f 10965 10966 10969
f 10969 10966 10967
f 10966 10964 10967
f 10971 10968 10972
f 10968 10969 10972
f 10972 10969 10970
f 10969 10967 10970
f 10974 10971 10975
f 10971 10972 10975
f 10975 10972 10973
f 10972 10970 10973
f 10977 10974 10978
f 10974 10975 10978
f 10978 10975 10976
f 10975 10973 10976
f 10980 10977 10981
f 10977 10978 10981
f 10981 10978 10979
f 10978 10976 10979
f 10983 10980 10984
f 10980 10981 10984
f 10984 10981 10982
f 10981 10979 10982
f 10986 10983 10987
f 10983 10984 10987
f 10987 10984 10985
f 10984 10982 10985
f 10989 10986 10990
f 10986 10987 10990
f 10990 10987 10988
f 10987 10985 10988
f 10992 10989 10993
f 10989 10990 10993
f 10993 10990 10991
f 10990 10988 10991
f 10995 10992 10996
f 10992 10993 10996
f 10996 10993 10994
f 10993 10991 10994
f 10998 10995 10999
f 10995 10996 10999
f 10999 10996 10997
f 10996 10994 10997
f 10952 10998 10954
f 10998 10999 10954
f 10954 10999 10953
f 10999 10997 10953
f 10910 10913 10983
f 10913 10980 10983
f 10935 10937 10959
f 10937 10956 10959
f 10913 10916 10980
f 10916 10977 10980
f 10952 10940 10998
f 10940 10895 10998
f 10937 10940 10956
f 10940 10952 10956
f 10916 10920 10977
f 10920 10974 10977
f 10998 10895 10995
f 10895 10899 10995
f 10920 10922 10974
f 10922 10971 10974
f 10899 10901 10995
f 10901 10992 10995
f 10922 10925 10971
f 10925 10968 10971
f 10901 10905 10992
f 10905 10989 10992
f 10925 10928 10968
f 10928 10965 10968
f 10905 10907 10989
f 10907 10986 10989
f 10928 10931 10965
f 10931 10962 10965
f 10907 10910 10986
f 10910 10983 10986
f 11007 11050 11009
f 11050 11049 11009
f 11036 11040 11067
f 11040 11064 11067
f 11055 11034 11054
f 11034 11031 11054
f 11051 11054 11022
f 11054 11024 11022
f 11039 11037 11043
f 11037 11056 11043
f 11046 11053 11001
f 11053 11050 11001
f 11054 11031 11024
f 11031 11028 11024
f 11013 11048 11016
f 11048 11019 11016
f 11043 11056 11046
f 11056 11053 11046
f 11056 11037 11055
f 11037 11034 11055
f 11001 11050 11003
f 11050 11007 11003
f 11009 11049 11013
f 11049 11048 11013
f 11048 11051 11019
f 11051 11022 11019
f 11004 11005 11006
f 11005 11008 11006
f 11005 11003 11008
f 11003 11007 11008
f 11010 11011 11012
f 11011 11014 11012
f 11011 11009 11014
f 11009 11013 11014
f 11025 11026 11027
f 11026 11029 11027
f 11026 11024 11029
f 11024 11028 11029
f 11012 11014 11015
f 11014 11017 11015
f 11014 11013 11017
f 11013 11016 11017
f 11015 11017 11018
f 11017 11020 11018
f 11017 11016 11020
f 11016 11019 11020
f 11027 11029 11030
f 11029 11032 11030
f 11029 11028 11032
f 11028 11031 11032
f 11030 11032 11033
f 11032 11035 11033
f 11032 11031 11035
f 11031 11034 11035
f 11040 11041 11042
f 11041 11044 11042
f 11041 11039 11044
f 11039 11043 11044
f 11018 11020 11021
f 11020 11023 11021
f 11020 11019 11023
f 11019 11022 11023
f 11021 11023 11025
f 11023 11026 11025
f 11023 11022 11026
f 11022 11024 11026
f 11033 11035 11036
f 11035 11038 11036
f 11035 11034 11038
f 11034 11037 11038
f 11036 11038 11040
f 11038 11041 11040
f 11038 11037 11041
f 11037 11039 11041
f 11042 11044 11045
f 11044 11047 11045
f 11044 11043 11047
f 11043 11046 11047
f 11006 11008 11010
f 11008 11011 11010
f 11008 11007 11011
f 11007 11009 11011
f 11045 11047 11000
f 11047 11002 11000
f 11047 11046 11002
f 11046 11001 11002
f 11000 11002 11004
f 11002 11005 11004
f 11002 11001 11005
f 11001 11003 11005
f 11049 11052 11048
f 11052 11051 11048
f 11052 11055 11051
f 11055 11054 11051
f 11050 11053 11049
f 11053 11052 11049
f 11053 11056 11052
f 11056 11055 11052
f 11061 11057 11062
f 11057 11059 11062
f 11062 11059 11060
f 11059 11058 11060
f 11064 11061 11065
f 11061 11062 11065
f 11065 11062 11063
f 11062 11060 11063
f 11067 11064 11068
f 11064 11065 11068
f 11068 11065 11066
f 11065 11063 11066
f 11070 11067 11071
f 11067 11068 11071
f 11071 11068 11069
f 11068 11066 11069
f 11073 11070 11074
f 11070 11071 11074
f 11074 11071 11072
f 11071 11069 11072
f 11076 11073 11077
f 11073 11074 11077
f 11077 11074 11075
f 11074 11072 11075
f 11079 11076 11080
f 11076 11077 11080
f 11080 11077 11078
f 11077 11075 11078
f 11082 11079 11083
f 11079 11080 11083
f 11083 11080 11081
f 11080 11078 11081
f 11085 11082 11086
f 11082 11083 11086
f 11086 11083 11084
f 11083 11081 11084
f 11088 11085 11089
f 11085 11086 11089
f 11089 11086 11087
f 11086 11084 11087
f 11091 11088 11092
f 11088 11089 11092
f 11092 11089 11090
f 11089 11087 11090
f 11094 11091 11095
f 11091 11092 11095
f 11095 11092 11093
f 11092 11090 11093
f 11097 11094 11098
f 11094 11095 11098
f 11098 11095 11096
f 11095 11093 11096
f 11100 11097 11101
f 11097 11098 11101
f 11101 11098 11099
f 11098 11096 11099
f 11103 11100 11104
f 11100 11101 11104
f 11104 11101 11102
f 11101 11099 11102
f 11057 11103 11059
f 11103 11104 11059
f 11059 11104 11058
f 11104 11102 11058
f 11015 11018 11088
f 11018 11085 11088
f 11040 11042 11064
f 11042 11061 11064
f 11018 11021 11085
f 11021 11082 11085
f 11057 11045 11103
f 11045 11000 11103
f 11042 11045 11061
f 11045 11057 11061
f 11021 11025 11082
f 11025 11079 11082
f 11103 11000 11100
f 11000 11004 11100
f 11025 11027 11079
f 11027 11076 11079
f 11004 11006 11100
f 11006 11097 11100
f 11027 11030 11076
f 11030 11073 11076
f 11006 11010 11097
f 11010 11094 11097
f 11030 11033 11073
f 11033 11070 11073
f 11010 11012 11094
f 11012 11091 11094
f 11033 11036 11070
f 11036 11067 11070
f 11012 11015 11091
f 11015 11088 11091
o Part.9
v -5.478 8.5 -23.388
v -5.6 2.1 -24
v -0.04 9.58 -28
v -6.4 2.1 -24
v -7.96 9.58 -8
v -6.4 8.5 -8
v -6.4 2.1 -24.4
v -6.4 8.5 -24.4
v -4 0.02 -25.6
v -4 8.5 -14.4
v -4.612 8.5 -14.522
v -5.131 8.5 -14.869
v -4 8.5 -4
v -4 0.02 -6.4
v -4.612 0.02 -6.522
v -5.131 0.02 -6.869
v -5.478 0.02 -7.388
v -5.478 8.5 -7.388
v -5.131 8.5 -6.869
v -4.612 8.5 -6.522
v -4 8.5 -6.4
v -7.96 0.02 -16
v -6.4 8.5 -16
v -7.96 9.58 -16
v -6.4 2.1 -16
v -4.612 0.02 -25.478
v -5.131 0.02 -25.131
v -5.478 0.02 -24.612
v -5.6 2.1 -16
v -6.4 0.02 -8
v -7.96 0.02 -8
v -5.478 8.5 -15.388
v -4 8.5 -8
v -4 9.58 -8
v -5.6 0.02 -24
v -7.96 0.02 -12
v -5.478 8.5 -24.612
v -5.131 8.5 -25.131
v -5.6 8.5 -16
v -5.478 0.02 -15.388
v -5.131 0.02 -14.869
v -4.612 8.5 -25.478
v -4.612 0.02 -14.522
v -4 8.5 -25.6
v -4 0.02 -14.4
v -7.96 9.58 -12
v -4 0.02 -24
v -7.96 0.02 -4
v -4 9.58 -4
v -6.4 8.5 -15.6
v -6.4 2.1 -15.6
v -6.4 0.02 -4
v -7.96 9.58 -4
v -4 0.02 -9.6
v -5.52 2.1 -24.4
v -5.52 8.5 -24.4
v -1.6 8.5 -4
v -4.612 0.02 -9.478
v -7.96 9.58 -24
v -6.4 8.5 -24
v -7.96 0.02 -24
v -5.131 8.5 -22.869
v -5.131 0.02 -9.131
v -5.478 0.02 -8.612
v -5.52 2.1 -15.6
v -5.52 8.5 -15.6
v -7.96 9.58 -28
v -6.4 0.02 -12
v -4 9.58 -12
v -1.6 8.5 -28
v -6.4 8.5 -12
v -4 9.58 -16
v -4 8.5 -16
v -6.4 0.02 -16
v -4 8.5 -12
v -5.6 0.02 -8
v -5.6 8.5 -8
v -5.478 8.5 -8.612
v -5.131 8.5 -9.131
v -4.612 8.5 -9.478
v -4 8.5 -9.6
v -4 0.02 -8
v -0.04 9.58 -8
v -1.6 8.5 -8
v -3.388 0.02 -6.522
v -4.612 8.5 -22.522
v -7.96 0.02 -28
v -4 8.5 -22.4
v -2.869 0.02 -6.869
v -2.522 0.02 -7.388
v -4 8.5 -28
v -2.522 8.5 -7.388
v -4 8.5 -20
v -6.4 0.02 -24
v -4 8.5 -24
v -6.4 0.02 -20
v -4 9.58 -24
v -6.4 8.5 -20
v -4 9.58 -20
v -5.52 8.5 -23.6
v -5.52 2.1 -23.6
v -2.869 8.5 -6.869
v -3.388 8.5 -6.522
v -6.4 2.1 -23.6
v -1.6 0.02 -8
v -0.04 0.02 -8
v -6.4 8.5 -23.6
v -7.96 9.58 -20
v -1.6 0.02 -12
v -4 0.02 -22.4
v -4.612 0.02 -22.522
v -5.131 0.02 -22.869
v -5.478 0.02 -23.388
v -5.6 8.5 -24
v -7.96 0.02 -20
v -0.04 0.02 -4
v -1.6 0.02 -4
v -0.04 0.02 -28
v -4 9.58 -28
v -3.388 0.02 -9.478
v -2.869 0.02 -9.131
v -2.522 0.02 -8.612
v -2.4 0.02 -8
v -2.4 8.5 -8
v -6.4 0.02 -28
v -4 8.5 -30.4
v -4 0.02 -30.4
v -6.4 8.5 -4
v -2.522 8.5 -8.612
v -2.869 8.5 -9.131
v -3.388 8.5 -9.478
v -4 9.58 -31.96
v -4 0.02 -31.96
v -6.4 8.5 -30.4
v -6.4 0.02 -30.4
v -7.96 9.58 -31.96
v -7.96 0.02 -31.96
v -5.52 8.5 -0.4
v -5.52 2.1 -0.4
v -4 8.5 -1.6
v -4.612 8.5 -1.478
v -5.131 8.5 -1.131
v -5.478 8.5 -0.612
v -5.478 0.02 -0.612
v -5.131 0.02 -1.131
v -4.612 0.02 -1.478
v -4 0.02 -1.6
v -6.4 8.5 -0.4
v -6.4 2.1 -0.4
v -6.4 8.5 -28
v -1.6 8.5 -30.4
v -0.04 9.58 -4
v -2.48 8.5 -0.4
v -2.48 2.1 -0.4
v -3.388 8.5 -1.478
v -2.869 8.5 -1.131
v -2.522 8.5 -0.612
v -2.522 0.02 -0.612
v -2.869 0.02 -1.131
v -3.388 0.02 -1.478
v -1.6 8.5 -0.4
v -1.6 2.1 -0.4
v -5.52 8.5 -16.4
v -5.52 2.1 -16.4
v -4 0.02 -16
v -4 8.5 -17.6
v -4.612 8.5 -17.478
v -5.131 8.5 -17.131
v -5.478 8.5 -16.612
v -5.6 0.02 -16
v -5.478 0.02 -16.612
v -5.131 0.02 -17.131
v -4.612 0.02 -17.478
v -4 0.02 -17.6
v -6.4 8.5 -16.4
v -6.4 2.1 -16.4
v -1.6 0.02 -16
v -1.6 8.5 -12
v -0.04 0.02 -12
v -1.6 0.02 -30.4
v -0.04 9.58 -12
v -2.48 8.5 -15.6
v -2.48 2.1 -15.6
v -1.6 2.1 -15.6
v -1.6 8.5 -15.6
v -3.388 0.02 -14.522
v -2.869 0.02 -14.869
v -2.522 0.02 -15.388
v -2.4 8.5 -16
v -2.522 8.5 -15.388
v -2.4 2.1 -16
v -1.6 2.1 -16
v -0.04 9.58 -16
v -1.6 8.5 -16
v -0.04 0.02 -16
v -2.869 8.5 -14.869
v -3.388 8.5 -14.522
v -0.04 9.58 -31.96
v -0.04 0.02 -20
v -1.6 0.02 -20
v -0.04 0.02 -31.96
v -2.48 8.5 -16.4
v -2.48 2.1 -16.4
v -3.388 8.5 -17.478
v -2.869 8.5 -17.131
v -2.522 8.5 -16.612
v -2.4 0.02 -16
v -2.522 0.02 -16.612
v -2.869 0.02 -17.131
v -3.388 0.02 -17.478
v -1.6 8.5 -16.4
v -1.6 2.1 -16.4
v -1.6 0.02 -24
v -1.6 8.5 -20
v -0.04 9.58 -20
v -2.48 8.5 -23.6
v -2.48 2.1 -23.6
v -1.6 2.1 -23.6
v -1.6 8.5 -23.6
v -3.388 0.02 -22.522
v -2.869 0.02 -22.869
v -2.522 0.02 -23.388
v -2.4 8.5 -24
v -2.522 8.5 -23.388
v -2.4 2.1 -24
v -1.6 2.1 -24
v -0.04 9.58 -24
v -1.6 8.5 -24
v -0.04 0.02 -24
v -2.869 8.5 -22.869
v -3.388 8.5 -22.522
v -1.6 0.02 -28
v -2.48 8.5 -24.4
v -2.48 2.1 -24.4
v -3.388 8.5 -25.478
v -2.869 8.5 -25.131
v -2.522 8.5 -24.612
v -2.4 0.02 -24
v -2.522 0.02 -24.612
v -2.869 0.02 -25.131
v -3.388 0.02 -25.478
v -1.6 8.5 -24.4
v -1.6 2.1 -24.4
v -5.478 8.5 23.388
v -5.6 2.1 24
v -0.04 9.58 28
v -6.4 2.1 24
v -7.96 9.58 8
v -6.4 8.5 8
v -6.4 2.1 24.4
v -6.4 8.5 24.4
v -4 0.02 25.6
v -4 8.5 14.4
v -4.612 8.5 14.522
v -5.131 8.5 14.869
v -4 8.5 4
v -4 0.02 6.4
v -4.612 0.02 6.522
v -5.131 0.02 6.869
v -5.478 0.02 7.388
v -5.478 8.5 7.388
v -5.131 8.5 6.869
v -4.612 8.5 6.522
v -4 8.5 6.4
v -7.96 0.02 16
v -6.4 8.5 16
v -7.96 9.58 16
v -6.4 2.1 16
v -4.612 0.02 25.478
v -5.131 0.02 25.131
v -5.478 0.02 24.612
v -5.6 2.1 16
v -6.4 0.02 8
v -7.96 0.02 8
v -5.478 8.5 15.388
v -4 8.5 8
v -4 9.58 8
v -5.6 0.02 24
v -7.96 0.02 12
v -5.478 8.5 24.612
v -5.131 8.5 25.131
v -5.6 8.5 16
v -5.478 0.02 15.388
v -5.131 0.02 14.869
v -4.612 8.5 25.478
v -4.612 0.02 14.522
v -4 8.5 25.6
v -4 0.02 14.4
v -7.96 9.58 12
v -4 0.02 24
v -7.96 0.02 4
v -4 9.58 4
v -6.4 8.5 15.6
v -6.4 2.1 15.6
v -6.4 0.02 4
v -7.96 9.58 4
v -4 0.02 9.6
v -5.52 2.1 24.4
v -5.52 8.5 24.4
v -1.6 8.5 4
v -4.612 0.02 9.478
v -7.96 9.58 24
v -6.4 8.5 24
v -7.96 0.02 24
v -5.131 8.5 22.869
v -5.131 0.02 9.131
v -5.478 0.02 8.612
v -5.52 2.1 15.6
v -5.52 8.5 15.6
v -7.96 9.58 28
v -6.4 0.02 12
v -4 9.58 12
v -1.6 8.5 28
v -6.4 8.5 12
v -4 9.58 16
v -4 8.5 16
v -6.4 0.02 16
v -4 8.5 12
v -5.6 0.02 8
v -5.6 8.5 8
v -5.478 8.5 8.612
v -5.131 8.5 9.131
v -4.612 8.5 9.478
v -4 8.5 9.6
v -4 0.02 8
v -0.04 9.58 8
v -1.6 8.5 8
v -3.388 0.02 6.522
v -4.612 8.5 22.522
v -7.96 0.02 28
v -4 8.5 22.4
v -2.869 0.02 6.869
v -2.522 0.02 7.388
v -4 8.5 28
v -2.522 8.5 7.388
v -4 8.5 20
v -6.4 0.02 24
v -4 8.5 24
v -6.4 0.02 20
v -4 9.58 24
v -6.4 8.5 20
v -4 9.58 20
v -5.52 8.5 23.6
v -5.52 2.1 23.6
v -2.869 8.5 6.869
v -3.388 8.5 6.522
v -6.4 2.1 23.6
v -1.6 0.02 8
v -0.04 0.02 8
v -6.4 8.5 23.6
v -7.96 9.58 20
v -1.6 0.02 12
v -4 0.02 22.4
v -4.612 0.02 22.522
v -5.131 0.02 22.869
v -5.478 0.02 23.388
v -5.6 8.5 24
v -7.96 0.02 20
v -0.04 0.02 4
v -1.6 0.02 4
v -0.04 0.02 28
v -4 9.58 28
v -3.388 0.02 9.478
v -2.869 0.02 9.131
v -2.522 0.02 8.612
v -2.4 0.02 8
v -2.4 8.5 8
v -6.4 0.02 28
v -4 8.5 30.4
v -4 0.02 30.4
v -6.4 8.5 4
v -2.522 8.5 8.612
v -2.869 8.5 9.131
v -3.388 8.5 9.478
v -4 9.58 31.96
v -6.4 0.02 0
v -4 8.5 0
v -4 9.58 0
v -4 0.02 31.96
v -5.6 8.5 0
v -5.6 2.1 0
v -6.4 2.1 0
v -7.96 9.58 0
v -6.4 8.5 0
v -7.96 0.02 0
v -6.4 8.5 30.4
v -6.4 0.02 30.4
v -7.96 9.58 31.96
v -7.96 0.02 31.96
v -5.52 8.5 0.4
v -5.52 2.1 0.4
v -4 0.02 0
v -4 8.5 1.6
v -4.612 8.5 1.478
v -5.131 8.5 1.131
v -5.478 8.5 0.612
v -5.6 0.02 0
v -5.478 0.02 0.612
v -5.131 0.02 1.131
v -4.612 0.02 1.478
v -4 0.02 1.6
v -6.4 8.5 0.4
v -6.4 2.1 0.4
v -1.6 0.02 0
v -2.4 8.5 0
v -2.4 2.1 0
v -1.6 2.1 0
v -0.04 9.58 0
v -1.6 8.5 0
v -0.04 0.02 0
v -6.4 8.5 28
v -1.6 8.5 30.4
v -0.04 9.58 4
v -2.48 8.5 0.4
v -2.48 2.1 0.4
v -3.388 8.5 1.478
v -2.869 8.5 1.131
v -2.522 8.5 0.612
v -2.4 0.02 0
v -2.522 0.02 0.612
v -2.869 0.02 1.131
v -3.388 0.02 1.478
v -1.6 8.5 0.4
v -1.6 2.1 0.4
v -5.52 8.5 16.4
v -5.52 2.1 16.4
v -4 0.02 16
v -4 8.5 17.6
v -4.612 8.5 17.478
v -5.131 8.5 17.131
v -5.478 8.5 16.612
v -5.6 0.02 16
v -5.478 0.02 16.612
v -5.131 0.02 17.131
v -4.612 0.02 17.478
v -4 0.02 17.6
v -6.4 8.5 16.4
v -6.4 2.1 16.4
v -1.6 0.02 16
v -1.6 8.5 12
v -0.04 0.02 12
v -1.6 0.02 30.4
v -0.04 9.58 12
v -2.48 8.5 15.6
v -2.48 2.1 15.6
v -1.6 2.1 15.6
v -1.6 8.5 15.6
v -3.388 0.02 14.522
v -2.869 0.02 14.869
v -2.522 0.02 15.388
v -2.4 8.5 16
v -2.522 8.5 15.388
v -2.4 2.1 16
v -1.6 2.1 16
v -0.04 9.58 16
v -1.6 8.5 16
v -0.04 0.02 16
v -2.869 8.5 14.869
v -3.388 8.5 14.522
v -0.04 9.58 31.96
v -0.04 0.02 20
v -1.6 0.02 20
v -0.04 0.02 31.96
v -2.48 8.5 16.4
v -2.48 2.1 16.4
v -3.388 8.5 17.478
v -2.869 8.5 17.131
v -2.522 8.5 16.612
v -2.4 0.02 16
v -2.522 0.02 16.612
v -2.869 0.02 17.131
v -3.388 0.02 17.478
v -1.6 8.5 16.4
v -1.6 2.1 16.4
v -1.6 0.02 24
v -1.6 8.5 20
v -0.04 9.58 20
v -2.48 8.5 23.6
v -2.48 2.1 23.6
v -1.6 2.1 23.6
v -1.6 8.5 23.6
v -3.388 0.02 22.522
v -2.869 0.02 22.869
v -2.522 0.02 23.388
v -2.4 8.5 24
v -2.522 8.5 23.388
v -2.4 2.1 24
v -1.6 2.1 24
v -0.04 9.58 24
v -1.6 8.5 24
v -0.04 0.02 24
v -2.869 8.5 22.869
v -3.388 8.5 22.522
v -1.6 0.02 28
v -2.48 8.5 24.4
v -2.48 2.1 24.4
v -3.388 8.5 25.478
v -2.869 8.5 25.131
v -2.522 8.5 24.612
v -2.4 0.02 24
v -2.522 0.02 24.612
v -2.869 0.02 25.131
v -3.388 0.02 25.478
v -1.6 8.5 24.4
v -1.6 2.1 24.4
v -2.48 2.1 -15.6
v -1.6 2.1 -15.6
v -5.131 0.02 -17.131
v -5.478 0.02 -16.612
v -1.6 0.02 -16
v -1.6 0.02 -20
v -0.04 9.58 -16
v -0.04 9.58 -12
v -4 0.02 -17.6
v -4.612 0.02 -17.478
v -6.4 0.02 -8
v -6.4 0.02 -4
v -7.96 9.58 -8
v -7.96 9.58 -4
v -4 0.02 -25.6
v -3.388 0.02 -25.478
v -2.869 0.02 -25.131
v -0.04 0.02 -4
v -0.04 0.02 -8
v -7.96 9.58 -12
v -7.96 0.02 -4
v -7.96 0.02 -8
v -5.6 0.02 -8
v -5.478 0.02 -7.388
v -4.612 0.02 -25.478
v -5.131 0.02 -25.131
v -2.522 0.02 -24.612
v -4.612 0.02 -6.522
v -4 0.02 -6.4
v -2.4 0.02 -24
v -5.478 0.02 -24.612
v -5.6 0.02 -24
v -5.52 2.1 -24.4
v -6.4 2.1 -24.4
v -7.96 0.02 -12
v -0.04 0.02 -20
v -0.04 0.02 -16
v -5.131 0.02 -6.869
v -4.612 0.02 -9.478
v -4 0.02 -9.6
v -5.131 0.02 -9.131
v -5.478 0.02 -8.612
v -5.478 0.02 -15.388
v -5.6 0.02 -16
v -4 0.02 -22.4
v -3.388 0.02 -22.522
v -6.4 8.5 -12
v -6.4 8.5 -16
v -4.612 0.02 -22.522
v -5.131 0.02 -22.869
v -5.478 0.02 -23.388
v -2.869 0.02 -6.869
v -3.388 0.02 -6.522
v -7.96 0.02 -28
v -7.96 0.02 -24
v -0.04 9.58 -24
v -0.04 9.58 -20
v -2.48 2.1 -16.4
v -1.6 2.1 -16.4
v -2.869 0.02 -14.869
v -2.522 0.02 -15.388
v -2.869 0.02 -22.869
v -2.522 0.02 -23.388
v -1.6 0.02 -8
v -1.6 0.02 -4
v -2.4 0.02 -8
v -2.522 0.02 -7.388
v -1.6 0.02 -24
v -1.6 0.02 -28
v -2.48 2.1 -24.4
v -1.6 2.1 -24.4
v -3.388 0.02 -14.522
v -6.4 0.02 -16
v -6.4 0.02 -12
v -6.4 8.5 -20
v -6.4 8.5 -24
v -3.388 0.02 -9.478
v -2.522 0.02 -8.612
v -5.131 0.02 -14.869
v -4.612 0.02 -14.522
v -6.4 8.5 -30.4
v -6.4 8.5 -30.4
v -6.4 8.5 -28
v -0.04 9.58 0
v -0.04 9.58 -4
v -2.48 2.1 -0.4
v -1.6 2.1 -0.4
v -2.869 0.02 -9.131
v -0.04 0.02 -31.96
v -0.04 0.02 -31.96
v -0.04 0.02 -28
v -1.6 0.02 -12
v -6.4 0.02 -30.4
v -6.4 0.02 -30.4
v -4 0.02 -30.4
v -7.96 9.58 -31.96
v -7.96 9.58 -31.96
v -4 9.58 -31.96
v -4 8.5 -30.4
v -5.131 0.02 -1.131
v -5.478 0.02 -0.612
v -4.612 0.02 -1.478
v -4 0.02 -1.6
v -6.4 0.02 -28
v -5.52 2.1 -0.4
v -6.4 2.1 -0.4
v -5.6 0.02 0
v -2.522 0.02 -0.612
v -2.4 0.02 0
v -2.869 0.02 -1.131
v -3.388 0.02 -1.478
v -7.96 0.02 -31.96
v -7.96 0.02 -31.96
v -4 0.02 -31.96
v -4 0.02 -14.4
v -1.6 0.02 -30.4
v -1.6 0.02 -30.4
v -5.52 2.1 -16.4
v -6.4 2.1 -16.4
v -0.04 9.58 -31.96
v -0.04 9.58 -31.96
v -1.6 8.5 -30.4
v -1.6 8.5 -30.4
v -2.522 0.02 -16.612
v -2.4 0.02 -16
v -2.869 0.02 -17.131
v -3.388 0.02 -17.478
v -1.6 8.5 -12
v -1.6 8.5 -16
v -5.52 2.1 -15.6
v -6.4 2.1 -15.6
v -0.04 0.02 -12
v -6.4 8.5 -4
v -6.4 8.5 -8
v -7.96 0.02 -16
v -6.4 0.02 -20
v -7.96 0.02 0
v -1.6 8.5 -8
v -0.04 9.58 -8
v -1.6 8.5 -4
v -2.48 2.1 -23.6
v -1.6 2.1 -23.6
v -6.4 0.02 0
v -0.04 0.02 0
v -7.96 9.58 0
v -1.6 0.02 0
v -1.6 8.5 0
v -6.4 8.5 0
v -7.96 9.58 -16
v -1.6 8.5 -20
v -1.6 8.5 -24
v -5.52 2.1 -23.6
v -6.4 2.1 -23.6
v -7.96 9.58 -24
v -7.96 9.58 -28
v -7.96 0.02 -20
v -0.04 9.58 -28
v -1.6 8.5 -28
v -7.96 9.58 -20
v -6.4 0.02 -24
v -0.04 0.02 -24
v -2.48 2.1 15.6
v -1.6 2.1 15.6
v -5.131 0.02 17.131
v -5.478 0.02 16.612
v -1.6 0.02 16
v -1.6 0.02 20
v -0.04 9.58 16
v -0.04 9.58 12
v -4 0.02 17.6
v -4.612 0.02 17.478
v -6.4 0.02 8
v -6.4 0.02 4
v -7.96 9.58 8
v -7.96 9.58 4
v -4 0.02 25.6
v -3.388 0.02 25.478
v -2.869 0.02 25.131
v -0.04 0.02 4
v -0.04 0.02 8
v -7.96 9.58 12
v -7.96 0.02 4
v -7.96 0.02 8
v -5.6 0.02 8
v -5.478 0.02 7.388
v -4.612 0.02 25.478
v -5.131 0.02 25.131
v -2.522 0.02 24.612
v -4.612 0.02 6.522
v -4 0.02 6.4
v -2.4 0.02 24
v -5.478 0.02 24.612
v -5.6 0.02 24
v -5.52 2.1 24.4
v -6.4 2.1 24.4
v -7.96 0.02 12
v -0.04 0.02 20
v -0.04 0.02 16
v -5.131 0.02 6.869
v -4.612 0.02 9.478
v -4 0.02 9.6
v -5.131 0.02 9.131
v -5.478 0.02 8.612
v -5.478 0.02 15.388
v -5.6 0.02 16
v -4 0.02 22.4
v -3.388 0.02 22.522
v -6.4 8.5 12
v -6.4 8.5 16
v -4.612 0.02 22.522
v -5.131 0.02 22.869
v -5.478 0.02 23.388
v -2.869 0.02 6.869
v -3.388 0.02 6.522
v -7.96 0.02 28
v -7.96 0.02 24
v -0.04 9.58 24
v -0.04 9.58 20
v -2.48 2.1 16.4
v -1.6 2.1 16.4
v -2.869 0.02 14.869
v -2.522 0.02 15.388
v -2.869 0.02 22.869
v -2.522 0.02 23.388
v -1.6 0.02 8
v -1.6 0.02 4
v -2.4 0.02 8
v -2.522 0.02 7.388
v -1.6 0.02 24
v -1.6 0.02 28
v -2.48 2.1 24.4
v -1.6 2.1 24.4
v -3.388 0.02 14.522
v -6.4 0.02 16
v -6.4 0.02 12
v -6.4 8.5 20
v -6.4 8.5 24
v -3.388 0.02 9.478
v -2.522 0.02 8.612
v -5.131 0.02 14.869
v -4.612 0.02 14.522
v -6.4 8.5 30.4
v -6.4 8.5 30.4
v -6.4 8.5 28
v -0.04 9.58 4
v -2.48 2.1 0.4
v -1.6 2.1 0.4
v -2.869 0.02 9.131
v -0.04 0.02 31.96
v -0.04 0.02 31.96
v -0.04 0.02 28
v -1.6 0.02 12
v -6.4 0.02 30.4
v -6.4 0.02 30.4
v -4 0.02 30.4
v -7.96 9.58 31.96
v -7.96 9.58 31.96
v -4 9.58 31.96
v -4 8.5 30.4
v -5.131 0.02 1.131
v -5.478 0.02 0.612
v -4.612 0.02 1.478
v -4 0.02 1.6
v -6.4 0.02 28
v -5.52 2.1 0.4
v -6.4 2.1 0.4
v -2.522 0.02 0.612
v -2.869 0.02 1.131
v -3.388 0.02 1.478
v -7.96 0.02 31.96
v -7.96 0.02 31.96
v -4 0.02 31.96
v -4 0.02 14.4
v -1.6 0.02 30.4
v -1.6 0.02 30.4
v -5.52 2.1 16.4
v -6.4 2.1 16.4
v -0.04 9.58 31.96
v -0.04 9.58 31.96
v -1.6 8.5 30.4
v -1.6 8.5 30.4
v -2.522 0.02 16.612
v -2.4 0.02 16
v -2.869 0.02 17.131
v -3.388 0.02 17.478
v -1.6 8.5 12
v -1.6 8.5 16
v -5.52 2.1 15.6
v -6.4 2.1 15.6
v -0.04 0.02 12
v -6.4 8.5 4
v -6.4 8.5 8
v -7.96 0.02 16
v -6.4 0.02 20
v -1.6 8.5 8
v -0.04 9.58 8
v -1.6 8.5 4
v -2.48 2.1 23.6
v -1.6 2.1 23.6
v -7.96 9.58 16
v -1.6 8.5 20
v -1.6 8.5 24
v -5.52 2.1 23.6
v -6.4 2.1 23.6
v -7.96 9.58 24
v -7.96 9.58 28
v -7.96 0.02 20
v -0.04 9.58 28
v -1.6 8.5 28
v -7.96 9.58 20
v -6.4 0.02 24
v -0.04 0.02 24
v -6.217 11.15 27.082
v -5.982 11.4 27.179
v -6.148 11.327 27.11
v -5.517 11.4 26.483
v -5.697 11.15 26.303
v -5.644 11.327 26.356
v -4.918 11.15 25.783
v -4.821 11.4 26.018
v -4.89 11.327 25.852
v -4 11.4 25.855
v -4 11.15 25.6
v -4 11.327 25.675
v -3.082 11.15 25.783
v -3.179 11.4 26.018
v -3.11 11.327 25.852
v -2.303 11.15 26.303
v -2.483 11.4 26.483
v -2.356 11.327 26.356
v -1.783 11.15 27.082
v -2.018 11.4 27.179
v -1.852 11.327 27.11
v -1.6 11.15 28
v -1.855 11.4 28
v -1.675 11.327 28
v -2.018 11.4 28.821
v -1.783 11.15 28.918
v -1.852 11.327 28.89
v -2.303 11.15 29.697
v -2.483 11.4 29.517
v -2.356 11.327 29.644
v -3.082 11.15 30.217
v -3.179 11.4 29.982
v -3.11 11.327 30.148
v -4 11.15 30.4
v -4 11.4 30.145
v -4 11.327 30.325
v -4.918 11.15 30.217
v -4.821 11.4 29.982
v -4.89 11.327 30.148
v -5.517 11.4 29.517
v -5.697 11.15 29.697
v -5.644 11.327 29.644
v -6.217 11.15 28.918
v -5.982 11.4 28.821
v -6.148 11.327 28.89
v -6.4 11.15 28
v -6.145 11.4 28
v -6.325 11.327 28
v -2.986 11.4 26.937
v -4 11.4 26.836
v -5.014 11.4 26.937
v -2.903 11.4 28
v -4 11.4 28
v -5.097 11.4 28
v -2.986 11.4 29.063
v -4 11.4 29.164
v -5.014 11.4 29.063
v -6.4 9.73 28
v -6.553 9.58 28
v -6.445 9.624 28
v -6.359 9.58 28.977
v -6.217 9.73 28.918
v -6.259 9.624 28.936
v -5.805 9.58 29.805
v -5.697 9.73 29.697
v -5.729 9.624 29.729
v -4.977 9.58 30.359
v -4.918 9.73 30.217
v -4.936 9.624 30.259
v -4 9.58 30.553
v -4 9.73 30.4
v -4 9.624 30.445
v -3.023 9.58 30.359
v -3.082 9.73 30.217
v -3.064 9.624 30.259
v -2.195 9.58 29.805
v -2.303 9.73 29.697
v -2.271 9.624 29.729
v -1.641 9.58 28.977
v -1.783 9.73 28.918
v -1.741 9.624 28.936
v -1.447 9.58 28
v -1.6 9.73 28
v -1.555 9.624 28
v -1.641 9.58 27.023
v -1.783 9.73 27.082
v -1.741 9.624 27.064
v -2.195 9.58 26.195
v -2.303 9.73 26.303
v -2.271 9.624 26.271
v -3.023 9.58 25.641
v -3.082 9.73 25.783
v -3.064 9.624 25.741
v -4 9.58 25.447
v -4 9.73 25.6
v -4 9.624 25.555
v -4.977 9.58 25.641
v -4.918 9.73 25.783
v -4.936 9.624 25.741
v -5.805 9.58 26.195
v -5.697 9.73 26.303
v -5.729 9.624 26.271
v -6.359 9.58 27.023
v -6.217 9.73 27.082
v -6.259 9.624 27.064
v -6.217 11.15 19.082
v -5.982 11.4 19.179
v -6.148 11.327 19.11
v -5.517 11.4 18.483
v -5.697 11.15 18.303
v -5.644 11.327 18.356
v -4.918 11.15 17.783
v -4.821 11.4 18.018
v -4.89 11.327 17.852
v -4 11.4 17.855
v -4 11.15 17.6
v -4 11.327 17.675
v -3.082 11.15 17.783
v -3.179 11.4 18.018
v -3.11 11.327 17.852
v -2.303 11.15 18.303
v -2.483 11.4 18.483
v -2.356 11.327 18.356
v -1.783 11.15 19.082
v -2.018 11.4 19.179
v -1.852 11.327 19.11
v -1.6 11.15 20
v -1.855 11.4 20
v -1.675 11.327 20
v -2.018 11.4 20.821
v -1.783 11.15 20.918
v -1.852 11.327 20.89
v -2.303 11.15 21.697
v -2.483 11.4 21.517
v -2.356 11.327 21.644
v -3.082 11.15 22.217
v -3.179 11.4 21.982
v -3.11 11.327 22.148
v -4 11.15 22.4
v -4 11.4 22.145
v -4 11.327 22.325
v -4.918 11.15 22.217
v -4.821 11.4 21.982
v -4.89 11.327 22.148
v -5.517 11.4 21.517
v -5.697 11.15 21.697
v -5.644 11.327 21.644
v -6.217 11.15 20.918
v -5.982 11.4 20.821
v -6.148 11.327 20.89
v -6.4 11.15 20
v -6.145 11.4 20
v -6.325 11.327 20
v -2.986 11.4 18.937
v -4 11.4 18.836
v -5.014 11.4 18.937
v -2.903 11.4 20
v -4 11.4 20
v -5.097 11.4 20
v -2.986 11.4 21.063
v -4 11.4 21.164
v -5.014 11.4 21.063
v -6.4 9.73 20
v -6.553 9.58 20
v -6.445 9.624 20
v -6.359 9.58 20.977
v -6.217 9.73 20.918
v -6.259 9.624 20.936
v -5.805 9.58 21.805
v -5.697 9.73 21.697
v -5.729 9.624 21.729
v -4.977 9.58 22.359
v -4.918 9.73 22.217
v -4.936 9.624 22.259
v -4 9.58 22.553
v -4 9.73 22.4
v -4 9.624 22.445
v -3.023 9.58 22.359
v -3.082 9.73 22.217
v -3.064 9.624 22.259
v -2.195 9.58 21.805
v -2.303 9.73 21.697
v -2.271 9.624 21.729
v -1.641 9.58 20.977
v -1.783 9.73 20.918
v -1.741 9.624 20.936
v -1.447 9.58 20
v -1.6 9.73 20
v -1.555 9.624 20
v -1.641 9.58 19.023
v -1.783 9.73 19.082
v -1.741 9.624 19.064
v -2.195 9.58 18.195
v -2.303 9.73 18.303
v -2.271 9.624 18.271
v -3.023 9.58 17.641
v -3.082 9.73 17.783
v -3.064 9.624 17.741
v -4 9.58 17.447
v -4 9.73 17.6
v -4 9.624 17.555
v -4.977 9.58 17.641
v -4.918 9.73 17.783
v -4.936 9.624 17.741
v -5.805 9.58 18.195
v -5.697 9.73 18.303
v -5.729 9.624 18.271
v -6.359 9.58 19.023
v -6.217 9.73 19.082
v -6.259 9.624 19.064
v -6.217 11.15 11.082
v -5.982 11.4 11.179
v -6.148 11.327 11.11
v -5.517 11.4 10.483
v -5.697 11.15 10.303
v -5.644 11.327 10.356
v -4.918 11.15 9.783
v -4.821 11.4 10.018
v -4.89 11.327 9.852
v -4 11.4 9.855
v -4 11.15 9.6
v -4 11.327 9.675
v -3.082 11.15 9.783
v -3.179 11.4 10.018
v -3.11 11.327 9.852
v -2.303 11.15 10.303
v -2.483 11.4 10.483
v -2.356 11.327 10.356
v -1.783 11.15 11.082
v -2.018 11.4 11.179
v -1.852 11.327 11.11
v -1.6 11.15 12
v -1.855 11.4 12
v -1.675 11.327 12
v -2.018 11.4 12.821
v -1.783 11.15 12.918
v -1.852 11.327 12.89
v -2.303 11.15 13.697
v -2.483 11.4 13.517
v -2.356 11.327 13.644
v -3.082 11.15 14.217
v -3.179 11.4 13.982
v -3.11 11.327 14.148
v -4 11.15 14.4
v -4 11.4 14.145
v -4 11.327 14.325
v -4.918 11.15 14.217
v -4.821 11.4 13.982
v -4.89 11.327 14.148
v -5.517 11.4 13.517
v -5.697 11.15 13.697
v -5.644 11.327 13.644
v -6.217 11.15 12.918
v -5.982 11.4 12.821
v -6.148 11.327 12.89
v -6.4 11.15 12
v -6.145 11.4 12
v -6.325 11.327 12
v -2.986 11.4 10.937
v -4 11.4 10.836
v -5.014 11.4 10.937
v -2.903 11.4 12
v -4 11.4 12
v -5.097 11.4 12
v -2.986 11.4 13.063
v -4 11.4 13.164
v -5.014 11.4 13.063
v -6.4 9.73 12
v -6.553 9.58 12
v -6.445 9.624 12
v -6.359 9.58 12.977
v -6.217 9.73 12.918
v -6.259 9.624 12.936
v -5.805 9.58 13.805
v -5.697 9.73 13.697
v -5.729 9.624 13.729
v -4.977 9.58 14.359
v -4.918 9.73 14.217
v -4.936 9.624 14.259
v -4 9.58 14.553
v -4 9.73 14.4
v -4 9.624 14.445
v -3.023 9.58 14.359
v -3.082 9.73 14.217
v -3.064 9.624 14.259
v -2.195 9.58 13.805
v -2.303 9.73 13.697
v -2.271 9.624 13.729
v -1.641 9.58 12.977
v -1.783 9.73 12.918
v -1.741 9.624 12.936
v -1.447 9.58 12
v -1.6 9.73 12
v -1.555 9.624 12
v -1.641 9.58 11.023
v -1.783 9.73 11.082
v -1.741 9.624 11.064
v -2.195 9.58 10.195
v -2.303 9.73 10.303
v -2.271 9.624 10.271
v -3.023 9.58 9.641
v -3.082 9.73 9.783
v -3.064 9.624 9.741
v -4 9.58 9.447
v -4 9.73 9.6
v -4 9.624 9.555
v -4.977 9.58 9.641
v -4.918 9.73 9.783
v -4.936 9.624 9.741
v -5.805 9.58 10.195
v -5.697 9.73 10.303
v -5.729 9.624 10.271
v -6.359 9.58 11.023
v -6.217 9.73 11.082
v -6.259 9.624 11.064
v -6.217 11.15 3.082
v -5.982 11.4 3.179
v -6.148 11.327 3.11
v -5.517 11.4 2.483
v -5.697 11.15 2.303
v -5.644 11.327 2.356
v -4.918 11.15 1.783
v -4.821 11.4 2.018
v -4.89 11.327 1.852
v -4 11.4 1.855
v -4 11.15 1.6
v -4 11.327 1.675
v -3.082 11.15 1.783
v -3.179 11.4 2.018
v -3.11 11.327 1.852
v -2.303 11.15 2.303
v -2.483 11.4 2.483
v -2.356 11.327 2.356
v -1.783 11.15 3.082
v -2.018 11.4 3.179
v -1.852 11.327 3.11
v -1.6 11.15 4
v -1.855 11.4 4
v -1.675 11.327 4
v -2.018 11.4 4.821
v -1.783 11.15 4.918
v -1.852 11.327 4.89
v -2.303 11.15 5.697
v -2.483 11.4 5.517
v -2.356 11.327 5.644
v -3.082 11.15 6.217
v -3.179 11.4 5.982
v -3.11 11.327 6.148
v -4 11.15 6.4
v -4 11.4 6.145
v -4 11.327 6.325
v -4.918 11.15 6.217
v -4.821 11.4 5.982
v -4.89 11.327 6.148
v -5.517 11.4 5.517
v -5.697 11.15 5.697
v -5.644 11.327 5.644
v -6.217 11.15 4.918
v -5.982 11.4 4.821
v -6.148 11.327 4.89
v -6.4 11.15 4
v -6.145 11.4 4
v -6.325 11.327 4
v -2.986 11.4 2.937
v -4 11.4 2.836
v -5.014 11.4 2.937
v -2.903 11.4 4
v -4 11.4 4
v -5.097 11.4 4
v -2.986 11.4 5.063
v -4 11.4 5.164
v -5.014 11.4 5.063
v -6.4 9.73 4
v -6.553 9.58 4
v -6.445 9.624 4
v -6.359 9.58 4.977
v -6.217 9.73 4.918
v -6.259 9.624 4.936
v -5.805 9.58 5.805
v -5.697 9.73 5.697
v -5.729 9.624 5.729
v -4.977 9.58 6.359
v -4.918 9.73 6.217
v -4.936 9.624 6.259
v -4 9.58 6.553
v -4 9.73 6.4
v -4 9.624 6.445
v -3.023 9.58 6.359
v -3.082 9.73 6.217
v -3.064 9.624 6.259
v -2.195 9.58 5.805
v -2.303 9.73 5.697
v -2.271 9.624 5.729
v -1.641 9.58 4.977
v -1.783 9.73 4.918
v -1.741 9.624 4.936
v -1.447 9.58 4
v -1.6 9.73 4
v -1.555 9.624 4
v -1.641 9.58 3.023
v -1.783 9.73 3.082
v -1.741 9.624 3.064
v -2.195 9.58 2.195
v -2.303 9.73 2.303
v -2.271 9.624 2.271
v -3.023 9.58 1.641
v -3.082 9.73 1.783
v -3.064 9.624 1.741
v -4 9.58 1.447
v -4 9.73 1.6
v -4 9.624 1.555
v -4.977 9.58 1.641
v -4.918 9.73 1.783
v -4.936 9.624 1.741
v -5.805 9.58 2.195
v -5.697 9.73 2.303
v -5.729 9.624 2.271
v -6.359 9.58 3.023
v -6.217 9.73 3.082
v -6.259 9.624 3.064
v -6.217 11.15 -4.918
v -5.982 11.4 -4.821
v -6.148 11.327 -4.89
v -5.517 11.4 -5.517
v -5.697 11.15 -5.697
v -5.644 11.327 -5.644
v -4.918 11.15 -6.217
v -4.821 11.4 -5.982
v -4.89 11.327 -6.148
v -4 11.4 -6.145
v -4 11.15 -6.4
v -4 11.327 -6.325
v -3.082 11.15 -6.217
v -3.179 11.4 -5.982
v -3.11 11.327 -6.148
v -2.303 11.15 -5.697
v -2.483 11.4 -5.517
v -2.356 11.327 -5.644
v -1.783 11.15 -4.918
v -2.018 11.4 -4.821
v -1.852 11.327 -4.89
v -1.6 11.15 -4
v -1.855 11.4 -4
v -1.675 11.327 -4
v -2.018 11.4 -3.179
v -1.783 11.15 -3.082
v -1.852 11.327 -3.11
v -2.303 11.15 -2.303
v -2.483 11.4 -2.483
v -2.356 11.327 -2.356
v -3.082 11.15 -1.783
v -3.179 11.4 -2.018
v -3.11 11.327 -1.852
v -4 11.15 -1.6
v -4 11.4 -1.855
v -4 11.327 -1.675
v -4.918 11.15 -1.783
v -4.821 11.4 -2.018
v -4.89 11.327 -1.852
v -5.517 11.4 -2.483
v -5.697 11.15 -2.303
v -5.644 11.327 -2.356
v -6.217 11.15 -3.082
v -5.982 11.4 -3.179
v -6.148 11.327 -3.11
v -6.4 11.15 -4
v -6.145 11.4 -4
v -6.325 11.327 -4
v -2.986 11.4 -5.063
v -4 11.4 -5.164
v -5.014 11.4 -5.063
v -2.903 11.4 -4
v -4 11.4 -4
v -5.097 11.4 -4
v -2.986 11.4 -2.937
v -4 11.4 -2.836
v -5.014 11.4 -2.937
v -6.4 9.73 -4
v -6.553 9.58 -4
v -6.445 9.624 -4
v -6.359 9.58 -3.023
v -6.217 9.73 -3.082
v -6.259 9.624 -3.064
v -5.805 9.58 -2.195
v -5.697 9.73 -2.303
v -5.729 9.624 -2.271
v -4.977 9.58 -1.641
v -4.918 9.73 -1.783
v -4.936 9.624 -1.741
v -4 9.58 -1.447
v -4 9.73 -1.6
v -4 9.624 -1.555
v -3.023 9.58 -1.641
v -3.082 9.73 -1.783
v -3.064 9.624 -1.741
v -2.195 9.58 -2.195
v -2.303 9.73 -2.303
v -2.271 9.624 -2.271
v -1.641 9.58 -3.023
v -1.783 9.73 -3.082
v -1.741 9.624 -3.064
v -1.447 9.58 -4
v -1.6 9.73 -4
v -1.555 9.624 -4
v -1.641 9.58 -4.977
v -1.783 9.73 -4.918
v -1.741 9.624 -4.936
v -2.195 9.58 -5.805
v -2.303 9.73 -5.697
v -2.271 9.624 -5.729
v -3.023 9.58 -6.359
v -3.082 9.73 -6.217
v -3.064 9.624 -6.259
v -4 9.58 -6.553
v -4 9.73 -6.4
v -4 9.624 -6.445
v -4.977 9.58 -6.359
v -4.918 9.73 -6.217
v -4.936 9.624 -6.259
v -5.805 9.58 -5.805
v -5.697 9.73 -5.697
v -5.729 9.624 -5.729
v -6.359 9.58 -4.977
v -6.217 9.73 -4.918
v -6.259 9.624 -4.936
v -6.217 11.15 -12.918
v -5.982 11.4 -12.821
v -6.148 11.327 -12.89
v -5.517 11.4 -13.517
v -5.697 11.15 -13.697
v -5.644 11.327 -13.644
v -4.918 11.15 -14.217
v -4.821 11.4 -13.982
v -4.89 11.327 -14.148
v -4 11.4 -14.145
v -4 11.15 -14.4
v -4 11.327 -14.325
v -3.082 11.15 -14.217
v -3.179 11.4 -13.982
v -3.11 11.327 -14.148
v -2.303 11.15 -13.697
v -2.483 11.4 -13.517
v -2.356 11.327 -13.644
v -1.783 11.15 -12.918
v -2.018 11.4 -12.821
v -1.852 11.327 -12.89
v -1.6 11.15 -12
v -1.855 11.4 -12
v -1.675 11.327 -12
v -2.018 11.4 -11.179
v -1.783 11.15 -11.082
v -1.852 11.327 -11.11
v -2.303 11.15 -10.303
v -2.483 11.4 -10.483
v -2.356 11.327 -10.356
v -3.082 11.15 -9.783
v -3.179 11.4 -10.018
v -3.11 11.327 -9.852
v -4 11.15 -9.6
v -4 11.4 -9.855
v -4 11.327 -9.675
v -4.918 11.15 -9.783
v -4.821 11.4 -10.018
v -4.89 11.327 -9.852
v -5.517 11.4 -10.483
v -5.697 11.15 -10.303
v -5.644 11.327 -10.356
v -6.217 11.15 -11.082
v -5.982 11.4 -11.179
v -6.148 11.327 -11.11
v -6.4 11.15 -12
v -6.145 11.4 -12
v -6.325 11.327 -12
v -2.986 11.4 -13.063
v -4 11.4 -13.164
v -5.014 11.4 -13.063
v -2.903 11.4 -12
v -4 11.4 -12
v -5.097 11.4 -12
v -2.986 11.4 -10.937
v -4 11.4 -10.836
v -5.014 11.4 -10.937
v -6.4 9.73 -12
v -6.553 9.58 -12
v -6.445 9.624 -12
v -6.359 9.58 -11.023
v -6.217 9.73 -11.082
v -6.259 9.624 -11.064
v -5.805 9.58 -10.195
v -5.697 9.73 -10.303
v -5.729 9.624 -10.271
v -4.977 9.58 -9.641
v -4.918 9.73 -9.783
v -4.936 9.624 -9.741
v -4 9.58 -9.447
v -4 9.73 -9.6
v -4 9.624 -9.555
v -3.023 9.58 -9.641
v -3.082 9.73 -9.783
v -3.064 9.624 -9.741
v -2.195 9.58 -10.195
v -2.303 9.73 -10.303
v -2.271 9.624 -10.271
v -1.641 9.58 -11.023
v -1.783 9.73 -11.082
v -1.741 9.624 -11.064
v -1.447 9.58 -12
v -1.6 9.73 -12
v -1.555 9.624 -12
v -1.641 9.58 -12.977
v -1.783 9.73 -12.918
v -1.741 9.624 -12.936
v -2.195 9.58 -13.805
v -2.303 9.73 -13.697
v -2.271 9.624 -13.729
v -3.023 9.58 -14.359
v -3.082 9.73 -14.217
v -3.064 9.624 -14.259
v -4 9.58 -14.553
v -4 9.73 -14.4
v -4 9.624 -14.445
v -4.977 9.58 -14.359
v -4.918 9.73 -14.217
v -4.936 9.624 -14.259
v -5.805 9.58 -13.805
v -5.697 9.73 -13.697
v -5.729 9.624 -13.729
v -6.359 9.58 -12.977
v -6.217 9.73 -12.918
v -6.259 9.624 -12.936
v -6.217 11.15 -20.918
v -5.982 11.4 -20.821
v -6.148 11.327 -20.89
v -5.517 11.4 -21.517
v -5.697 11.15 -21.697
v -5.644 11.327 -21.644
v -4.918 11.15 -22.217
v -4.821 11.4 -21.982
v -4.89 11.327 -22.148
v -4 11.4 -22.145
v -4 11.15 -22.4
v -4 11.327 -22.325
v -3.082 11.15 -22.217
v -3.179 11.4 -21.982
v -3.11 11.327 -22.148
v -2.303 11.15 -21.697
v -2.483 11.4 -21.517
v -2.356 11.327 -21.644
v -1.783 11.15 -20.918
v -2.018 11.4 -20.821
v -1.852 11.327 -20.89
v -1.6 11.15 -20
v -1.855 11.4 -20
v -1.675 11.327 -20
v -2.018 11.4 -19.179
v -1.783 11.15 -19.082
v -1.852 11.327 -19.11
v -2.303 11.15 -18.303
v -2.483 11.4 -18.483
v -2.356 11.327 -18.356
v -3.082 11.15 -17.783
v -3.179 11.4 -18.018
v -3.11 11.327 -17.852
v -4 11.15 -17.6
v -4 11.4 -17.855
v -4 11.327 -17.675
v -4.918 11.15 -17.783
v -4.821 11.4 -18.018
v -4.89 11.327 -17.852
v -5.517 11.4 -18.483
v -5.697 11.15 -18.303
v -5.644 11.327 -18.356
v -6.217 11.15 -19.082
v -5.982 11.4 -19.179
v -6.148 11.327 -19.11
v -6.4 11.15 -20
v -6.145 11.4 -20
v -6.325 11.327 -20
v -2.986 11.4 -21.063
v -4 11.4 -21.164
v -5.014 11.4 -21.063
v -2.903 11.4 -20
v -4 11.4 -20
v -5.097 11.4 -20
v -2.986 11.4 -18.937
v -4 11.4 -18.836
v -5.014 11.4 -18.937
v -6.4 9.73 -20
v -6.553 9.58 -20
v -6.445 9.624 -20
v -6.359 9.58 -19.023
v -6.217 9.73 -19.082
v -6.259 9.624 -19.064
v -5.805 9.58 -18.195
v -5.697 9.73 -18.303
v -5.729 9.624 -18.271
v -4.977 9.58 -17.641
v -4.918 9.73 -17.783
v -4.936 9.624 -17.741
v -4 9.58 -17.447
v -4 9.73 -17.6
v -4 9.624 -17.555
v -3.023 9.58 -17.641
v -3.082 9.73 -17.783
v -3.064 9.624 -17.741
v -2.195 9.58 -18.195
v -2.303 9.73 -18.303
v -2.271 9.624 -18.271
v -1.641 9.58 -19.023
v -1.783 9.73 -19.082
v -1.741 9.624 -19.064
v -1.447 9.58 -20
v -1.6 9.73 -20
v -1.555 9.624 -20
v -1.641 9.58 -20.977
v -1.783 9.73 -20.918
v -1.741 9.624 -20.936
v -2.195 9.58 -21.805
v -2.303 9.73 -21.697
v -2.271 9.624 -21.729
v -3.023 9.58 -22.359
v -3.082 9.73 -22.217
v -3.064 9.624 -22.259
v -4 9.58 -22.553
v -4 9.73 -22.4
v -4 9.624 -22.445
v -4.977 9.58 -22.359
v -4.918 9.73 -22.217
v -4.936 9.624 -22.259
v -5.805 9.58 -21.805
v -5.697 9.73 -21.697
v -5.729 9.624 -21.729
v -6.359 9.58 -20.977
v -6.217 9.73 -20.918
v -6.259 9.624 -20.936
v -6.217 11.15 -28.918
v -5.982 11.4 -28.821
v -6.148 11.327 -28.89
v -5.517 11.4 -29.517
v -5.697 11.15 -29.697
v -5.644 11.327 -29.644
v -4.918 11.15 -30.217
v -4.821 11.4 -29.982
v -4.89 11.327 -30.148
v -4 11.4 -30.145
v -4 11.15 -30.4
v -4 11.327 -30.325
v -3.082 11.15 -30.217
v -3.179 11.4 -29.982
v -3.11 11.327 -30.148
v -2.303 11.15 -29.697
v -2.483 11.4 -29.517
v -2.356 11.327 -29.644
v -1.783 11.15 -28.918
v -2.018 11.4 -28.821
v -1.852 11.327 -28.89
v -1.6 11.15 -28
v -1.855 11.4 -28
v -1.675 11.327 -28
v -2.018 11.4 -27.179
v -1.783 11.15 -27.082
v -1.852 11.327 -27.11
v -2.303 11.15 -26.303
v -2.483 11.4 -26.483
v -2.356 11.327 -26.356
v -3.082 11.15 -25.783
v -3.179 11.4 -26.018
v -3.11 11.327 -25.852
v -4 11.15 -25.6
v -4 11.4 -25.855
v -4 11.327 -25.675
v -4.918 11.15 -25.783
v -4.821 11.4 -26.018
v -4.89 11.327 -25.852
v -5.517 11.4 -26.483
v -5.697 11.15 -26.303
v -5.644 11.327 -26.356
v -6.217 11.15 -27.082
v -5.982 11.4 -27.179
v -6.148 11.327 -27.11
v -6.4 11.15 -28
v -6.145 11.4 -28
v -6.325 11.327 -28
v -2.986 11.4 -29.063
v -4 11.4 -29.164
v -5.014 11.4 -29.063
v -2.903 11.4 -28
v -4 11.4 -28
v -5.097 11.4 -28
v -2.986 11.4 -26.937
v -4 11.4 -26.836
v -5.014 11.4 -26.937
v -6.4 9.73 -28
v -6.553 9.58 -28
v -6.445 9.624 -28
v -6.359 9.58 -27.023
v -6.217 9.73 -27.082
v -6.259 9.624 -27.064
v -5.805 9.58 -26.195
v -5.697 9.73 -26.303
v -5.729 9.624 -26.271
v -4.977 9.58 -25.641
v -4.918 9.73 -25.783
v -4.936 9.624 -25.741
v -4 9.58 -25.447
v -4 9.73 -25.6
v -4 9.624 -25.555
v -3.023 9.58 -25.641
v -3.082 9.73 -25.783
v -3.064 9.624 -25.741
v -2.195 9.58 -26.195
v -2.303 9.73 -26.303
v -2.271 9.624 -26.271
v -1.641 9.58 -27.023
v -1.783 9.73 -27.082
v -1.741 9.624 -27.064
v -1.447 9.58 -28
v -1.6 9.73 -28
v -1.555 9.624 -28
v -1.641 9.58 -28.977
v -1.783 9.73 -28.918
v -1.741 9.624 -28.936
v -2.195 9.58 -29.805
v -2.303 9.73 -29.697
v -2.271 9.624 -29.729
v -3.023 9.58 -30.359
v -3.082 9.73 -30.217
v -3.064 9.624 -30.259
v -4 9.58 -30.553
v -4 9.73 -30.4
v -4 9.624 -30.445
v -4.977 9.58 -30.359
v -4.918 9.73 -30.217
v -4.936 9.624 -30.259
v -5.805 9.58 -29.805
v -5.697 9.73 -29.697
v -5.729 9.624 -29.729
v -6.359 9.58 -28.977
v -6.217 9.73 -28.918
v -6.259 9.624 -28.936
usemtl MB_199
s off
f 11624 11625 11151
f 11331 11766 11201
f 11766 11223 11201
f 11677 11760 11678
f 11760 11174 11678
f 11338 11337 11347
f 11337 11346 11347
f 11646 11614 11645
f 11614 11615 11645
f 11312 11313 11310
f 11313 11309 11310
f 11292 11294 11669
f 11294 11300 11669
f 11610 11611 11286
f 11611 11289 11286
f 11303 11319 11299
f 11319 11297 11299
f 11734 11293 11292
f 11293 11294 11292
f 11646 11283 11614
f 11283 11701 11614
f 11296 11288 11295
f 11288 11287 11295
f 11281 11213 11738
f 11213 11282 11738
f 11630 11623 11631
f 11623 11622 11631
f 11734 11312 11293
f 11312 11310 11293
f 11669 11300 11681
f 11300 11301 11681
f 11296 11295 11668
f 11295 11667 11668
f 11117 11742 11137
f 11742 11743 11137
f 11307 11306 11316
f 11306 11315 11316
f 11281 11738 11304
f 11738 11318 11304
f 11616 11666 11176
f 11666 11203 11176
f 11330 11329 11680
f 11329 11679 11680
f 11671 11334 11655
f 11334 11335 11655
f 11278 11736 11269
f 11135 11644 11134
f 11644 11172 11134
f 11638 11637 11186
f 11119 11118 11124
f 11118 11125 11124
f 11639 11636 11327
f 11636 11341 11327
f 11677 11304 11760
f 11304 11318 11760
f 11616 11176 11617
f 11176 11173 11617
f 11724 11269 11290
f 11290 11269 11291
f 11145 11689 11116
f 11689 11115 11116
f 11274 11144 11143
f 11144 11136 11143
f 11637 11647 11186
f 11120 11119 11123
f 11119 11124 11123
f 11144 11145 11136
f 11145 11116 11136
f 11652 11653 11269
f 11277 11269 11612
f 11741 11299 11285
f 11299 11297 11285
f 11179 11177 11737
f 11177 11298 11737
f 11689 11149 11115
f 11149 11114 11115
f 11197 11759 11177
f 11759 11298 11177
f 11613 11269 11653
f 11744 11219 11682
f 11219 11745 11682
f 11129 11280 11133
f 11280 11268 11133
f 11178 11200 11657
f 11200 11684 11657
f 11197 11177 11202
f 11177 11127 11202
f 11140 11150 11126
f 11150 11128 11126
f 11648 11184 11649
f 11184 11185 11649
f 11620 11110 11621
f 11110 11232 11621
f 11633 11120 11122
f 11120 11123 11122
f 11632 11633 11181
f 11633 11122 11181
f 11109 11157 11138
f 11157 11153 11138
f 11135 11134 11152
f 11134 11156 11152
f 11632 11181 11651
f 11181 11182 11651
f 11651 11182 11650
f 11182 11183 11650
f 11650 11183 11648
f 11183 11184 11648
f 11109 11138 11629
f 11138 11173 11629
f 11620 11683 11110
f 11683 11656 11110
f 11179 11137 11175
f 11137 11743 11175
f 11647 11121 11186
f 11140 11631 11150
f 11631 11622 11150
f 11121 11180 11186
f 11330 11322 11329
f 11322 11321 11329
f 11333 11645 11317
f 11645 11615 11317
f 11639 11327 11326
f 11327 11328 11326
f 11222 11107 11770
f 11107 11665 11770
f 11167 11186 11168
f 11681 11301 11149
f 11301 11114 11149
f 11670 11269 11311
f 11291 11269 11670
f 11739 11170 11155
f 11170 11154 11155
f 11612 11269 11613
f 11727 11728 11267
f 11728 11279 11267
f 11619 11271 11618
f 11271 11270 11618
f 11275 11273 11276
f 11273 11272 11276
f 11675 11228 11194
f 11228 11196 11194
f 11673 11674 11188
f 11674 11749 11188
f 11627 11628 11694
f 11628 11748 11694
f 11162 11186 11167
f 11187 11138 11256
f 11138 11153 11256
f 11210 11220 11209
f 11220 11221 11209
f 11117 11137 11161
f 11137 11747 11161
f 11158 11186 11162
f 11750 11751 11320
f 11751 11323 11320
f 11326 11328 11671
f 11328 11334 11671
f 11168 11186 11180
f 11687 11227 11186
f 11226 11225 11233
f 11225 11234 11233
f 11210 11209 11283
f 11209 11701 11283
f 11636 11626 11341
f 11626 11340 11341
f 11333 11317 11700
f 11317 11336 11700
f 11274 11143 11275
f 11143 11273 11275
f 11276 11272 11619
f 11272 11271 11619
f 11278 11269 11277
f 11758 11176 11212
f 11176 11203 11212
f 11765 11126 11768
f 11126 11128 11768
f 11675 11226 11228
f 11226 11233 11228
f 11741 11285 11628
f 11285 11748 11628
f 11744 11682 11644
f 11682 11172 11644
f 11178 11657 11683
f 11657 11656 11683
f 11129 11133 11740
f 11133 11169 11740
f 11147 11688 11269
f 11179 11175 11177
f 11175 11127 11177
f 11758 11629 11176
f 11629 11173 11176
f 11724 11147 11269
f 11688 11652 11269
f 11735 11733 11269
f 11314 11618 11308
f 11618 11270 11308
f 11733 11311 11269
f 11313 11314 11309
f 11314 11308 11309
f 11736 11735 11269
f 11158 11686 11186
f 11661 11206 11662
f 11206 11207 11662
f 11179 11737 11137
f 11737 11747 11137
f 11638 11186 11189
f 11189 11186 11193
f 11194 11196 11661
f 11196 11206 11661
f 11676 11186 11227
f 11193 11186 11676
f 11662 11207 11118
f 11207 11125 11118
f 11686 11697 11186
f 11697 11687 11186
f 11225 11224 11234
f 11224 11235 11234
f 11187 11617 11138
f 11617 11173 11138
f 11224 11649 11235
f 11649 11185 11235
f 11673 11188 11213
f 11188 11282 11213
f 11720 11719 11496
f 11263 11264 11260
f 11264 11259 11260
f 11717 11718 11496
f 11264 11712 11259
f 11712 11244 11259
f 11719 11717 11496
f 11630 11489 11623
f 11489 11487 11623
f 11754 11482 11157
f 11482 11153 11157
f 11251 11496 11711
f 11249 11246 11250
f 11246 11245 11250
f 11716 11484 11248
f 11484 11247 11248
f 11248 11247 11249
f 11247 11246 11249
f 11250 11245 11712
f 11245 11244 11712
f 11714 11253 11242
f 11253 11252 11242
f 11709 11496 11710
f 11117 11481 11742
f 11481 11757 11742
f 11752 11621 11488
f 11621 11232 11488
f 11486 11715 11485
f 11715 11243 11485
f 11746 11152 11480
f 11152 11156 11480
f 11710 11496 11501
f 11117 11161 11481
f 11161 11513 11481
f 11711 11496 11709
f 11627 11694 11753
f 11694 11693 11753
f 11262 11263 11261
f 11263 11260 11261
f 11523 11262 11509
f 11262 11261 11509
f 11258 11257 11696
f 11257 11265 11696
f 11755 11756 11674
f 11756 11749 11674
f 11511 11510 11266
f 11510 11695 11266
f 11512 11256 11482
f 11256 11153 11482
f 11514 11508 11220
f 11508 11221 11220
f 11251 11720 11496
f 11723 11236 11699
f 11236 11729 11699
f 11704 11237 11725
f 11237 11698 11725
f 11700 11336 11698
f 11336 11725 11698
f 11678 11174 11726
f 11174 11732 11726
f 11284 11731 11231
f 11731 11708 11231
f 11766 11730 11223
f 11730 11707 11223
f 11305 11302 11222
f 11302 11107 11222
f 11230 11255 11195
f 11255 11767 11195
f 11723 11722 11236
f 11722 11705 11236
f 11704 11702 11237
f 11702 11721 11237
f 11663 11721 11229
f 11721 11702 11229
f 11713 11703 11692
f 11703 11690 11692
f 11239 11231 11691
f 11231 11708 11691
f 11764 11223 11706
f 11223 11707 11706
f 11241 11191 11240
f 11191 11171 11240
f 11230 11195 11238
f 11195 11254 11238
f 11331 11201 11666
f 11201 11203 11666
f 11214 11151 11324
f 11324 11151 11325
f 11659 11658 11166
f 11658 11190 11166
f 11139 11660 11218
f 11660 11105 11218
f 11660 11659 11105
f 11659 11166 11105
f 11217 11641 11151
f 11634 11151 11635
f 11303 11770 11319
f 11770 11665 11319
f 11197 11199 11759
f 11199 11332 11759
f 11658 11654 11190
f 11654 11192 11190
f 11195 11767 11199
f 11767 11332 11199
f 11132 11151 11641
f 11165 11663 11198
f 11663 11229 11198
f 11108 11111 11106
f 11111 11642 11106
f 11769 11713 11685
f 11713 11692 11685
f 11195 11199 11254
f 11199 11164 11254
f 11765 11768 11664
f 11768 11763 11664
f 11655 11335 11654
f 11335 11192 11654
f 11672 11151 11342
f 11325 11151 11672
f 11761 11204 11208
f 11204 11211 11208
f 11635 11151 11132
f 11159 11643 11160
f 11643 11112 11160
f 11130 11146 11113
f 11146 11148 11113
f 11640 11141 11131
f 11141 11142 11131
f 11139 11218 11640
f 11218 11141 11640
f 11131 11142 11130
f 11142 11146 11130
f 11624 11151 11634
f 11163 11201 11764
f 11201 11223 11764
f 11191 11664 11171
f 11664 11763 11171
f 11165 11198 11219
f 11198 11745 11219
f 11769 11685 11200
f 11685 11684 11200
f 11108 11106 11762
f 11106 11205 11762
f 11215 11216 11151
f 11197 11202 11199
f 11202 11164 11199
f 11163 11212 11201
f 11212 11203 11201
f 11214 11215 11151
f 11216 11217 11151
f 11344 11343 11151
f 11345 11113 11339
f 11113 11148 11339
f 11343 11342 11151
f 11626 11345 11340
f 11345 11339 11340
f 11625 11344 11151
f 11785 11394 11786
f 11593 11444 11917
f 11444 11466 11917
f 11838 11839 11911
f 11839 11417 11911
f 11600 11609 11599
f 11609 11608 11599
f 11807 11806 11775
f 11806 11776 11775
f 11574 11572 11575
f 11572 11571 11575
f 11554 11830 11556
f 11830 11562 11556
f 11771 11548 11772
f 11548 11551 11772
f 11565 11561 11581
f 11561 11559 11581
f 11892 11554 11555
f 11554 11556 11555
f 11807 11775 11545
f 11775 11861 11545
f 11558 11557 11550
f 11557 11549 11550
f 11543 11896 11456
f 11896 11544 11456
f 11791 11792 11784
f 11792 11783 11784
f 11892 11555 11574
f 11555 11572 11574
f 11830 11842 11562
f 11842 11563 11562
f 11558 11829 11557
f 11829 11828 11557
f 11360 11380 11900
f 11380 11901 11900
f 11569 11578 11568
f 11578 11577 11568
f 11543 11566 11896
f 11566 11580 11896
f 11777 11419 11827
f 11419 11446 11827
f 11592 11841 11591
f 11841 11840 11591
f 11832 11816 11596
f 11816 11597 11596
f 11540 11531 11894
f 11378 11377 11805
f 11377 11415 11805
f 11799 11429 11798
f 11362 11367 11361
f 11367 11368 11361
f 11800 11589 11797
f 11589 11603 11797
f 11838 11911 11566
f 11911 11580 11566
f 11777 11778 11419
f 11778 11416 11419
f 11882 11552 11531
f 11552 11553 11531
f 11388 11359 11850
f 11359 11358 11850
f 11536 11386 11387
f 11386 11379 11387
f 11798 11429 11808
f 11363 11366 11362
f 11366 11367 11362
f 11387 11379 11388
f 11379 11359 11388
f 11813 11531 11814
f 11539 11773 11531
f 11899 11547 11561
f 11547 11559 11561
f 11422 11895 11420
f 11895 11560 11420
f 11850 11358 11392
f 11358 11357 11392
f 11440 11420 11910
f 11420 11560 11910
f 11774 11814 11531
f 11902 11843 11462
f 11843 11903 11462
f 11372 11376 11542
f 11376 11530 11542
f 11421 11818 11443
f 11818 11845 11443
f 11440 11445 11420
f 11445 11370 11420
f 11383 11369 11393
f 11369 11371 11393
f 11809 11810 11427
f 11810 11428 11427
f 11781 11782 11353
f 11782 11475 11353
f 11794 11365 11363
f 11365 11366 11363
f 11793 11424 11794
f 11424 11365 11794
f 11352 11381 11400
f 11381 11396 11400
f 11378 11395 11377
f 11395 11399 11377
f 11793 11812 11424
f 11812 11425 11424
f 11812 11811 11425
f 11811 11426 11425
f 11811 11809 11426
f 11809 11427 11426
f 11352 11790 11381
f 11790 11416 11381
f 11781 11353 11844
f 11353 11817 11844
f 11422 11418 11380
f 11418 11901 11380
f 11808 11429 11364
f 11383 11393 11792
f 11393 11783 11792
f 11364 11429 11423
f 11592 11591 11584
f 11591 11583 11584
f 11595 11579 11806
f 11579 11776 11806
f 11800 11588 11589
f 11588 11590 11589
f 11465 11921 11350
f 11921 11826 11350
f 11410 11411 11429
f 11842 11392 11563
f 11392 11357 11563
f 11831 11573 11531
f 11553 11831 11531
f 11897 11398 11413
f 11398 11397 11413
f 11773 11774 11531
f 11885 11529 11886
f 11529 11541 11886
f 11780 11779 11533
f 11779 11532 11533
f 11537 11538 11535
f 11538 11534 11535
f 11836 11437 11471
f 11437 11439 11471
f 11834 11431 11835
f 11431 11906 11835
f 11788 11854 11789
f 11854 11905 11789
f 11405 11410 11429
f 11430 11517 11381
f 11517 11396 11381
f 11453 11452 11463
f 11452 11464 11463
f 11360 11404 11380
f 11404 11904 11380
f 11401 11405 11429
f 11907 11582 11908
f 11582 11585 11908
f 11588 11832 11590
f 11832 11596 11590
f 11411 11423 11429
f 11848 11429 11470
f 11469 11476 11468
f 11476 11477 11468
f 11453 11545 11452
f 11545 11861 11452
f 11797 11603 11787
f 11603 11602 11787
f 11595 11860 11579
f 11860 11598 11579
f 11536 11537 11386
f 11537 11535 11386
f 11538 11780 11534
f 11780 11533 11534
f 11540 11539 11531
f 11909 11455 11419
f 11455 11446 11419
f 11916 11919 11369
f 11919 11371 11369
f 11836 11471 11469
f 11471 11476 11469
f 11899 11789 11547
f 11789 11905 11547
f 11902 11805 11843
f 11805 11415 11843
f 11421 11844 11818
f 11844 11817 11818
f 11372 11898 11376
f 11898 11412 11376
f 11390 11531 11849
f 11422 11420 11418
f 11420 11370 11418
f 11909 11419 11790
f 11419 11416 11790
f 11882 11531 11390
f 11849 11531 11813
f 11893 11531 11891
f 11576 11570 11779
f 11570 11532 11779
f 11891 11531 11573
f 11575 11571 11576
f 11571 11570 11576
f 11894 11531 11893
f 11401 11429 11847
f 11822 11823 11449
f 11823 11450 11449
f 11422 11380 11895
f 11380 11904 11895
f 11799 11432 11429
f 11432 11436 11429
f 11437 11822 11439
f 11822 11449 11439
f 11837 11470 11429
f 11436 11837 11429
f 11823 11361 11450
f 11361 11368 11450
f 11847 11429 11857
f 11857 11429 11848
f 11468 11477 11467
f 11477 11478 11467
f 11430 11381 11778
f 11381 11416 11778
f 11467 11478 11810
f 11478 11428 11810
f 11834 11456 11431
f 11456 11544 11431
f 11878 11496 11877
f 11525 11521 11526
f 11521 11520 11526
f 11876 11496 11718
f 11526 11520 11872
f 11520 11497 11872
f 11877 11496 11876
f 11791 11784 11489
f 11784 11487 11489
f 11754 11400 11482
f 11400 11396 11482
f 11505 11871 11496
f 11503 11504 11499
f 11504 11498 11499
f 11716 11502 11484
f 11502 11500 11484
f 11502 11503 11500
f 11503 11499 11500
f 11504 11872 11498
f 11872 11497 11498
f 11874 11494 11507
f 11494 11506 11507
f 11869 11870 11496
f 11360 11900 11481
f 11900 11757 11481
f 11752 11488 11782
f 11488 11475 11782
f 11486 11485 11875
f 11485 11495 11875
f 11746 11480 11395
f 11480 11399 11395
f 11870 11501 11496
f 11360 11481 11404
f 11481 11513 11404
f 11871 11869 11496
f 11788 11753 11854
f 11753 11693 11854
f 11524 11522 11525
f 11522 11521 11525
f 11523 11509 11524
f 11509 11522 11524
f 11519 11856 11518
f 11856 11527 11518
f 11755 11835 11756
f 11835 11906 11756
f 11511 11528 11510
f 11528 11855 11510
f 11512 11482 11517
f 11482 11396 11517
f 11514 11463 11508
f 11463 11464 11508
f 11505 11496 11878
f 11881 11859 11479
f 11859 11887 11479
f 11864 11883 11483
f 11883 11858 11483
f 11860 11858 11598
f 11858 11883 11598
f 11839 11884 11417
f 11884 11890 11417
f 11546 11474 11889
f 11474 11868 11889
f 11917 11466 11888
f 11466 11867 11888
f 11567 11465 11564
f 11465 11350 11564
f 11473 11438 11516
f 11438 11918 11516
f 11881 11479 11880
f 11479 11865 11880
f 11864 11483 11862
f 11483 11879 11862
f 11824 11472 11879
f 11472 11862 11879
f 11873 11853 11863
f 11853 11851 11863
f 11491 11852 11474
f 11852 11868 11474
f 11915 11866 11466
f 11866 11867 11466
f 11493 11492 11434
f 11492 11414 11434
f 11473 11490 11438
f 11490 11515 11438
f 11593 11827 11444
f 11827 11446 11444
f 11457 11586 11394
f 11586 11587 11394
f 11820 11409 11819
f 11409 11433 11819
f 11382 11461 11821
f 11461 11348 11821
f 11821 11348 11820
f 11348 11409 11820
f 11460 11394 11802
f 11795 11796 11394
f 11565 11581 11921
f 11581 11826 11921
f 11440 11910 11442
f 11910 11594 11442
f 11819 11433 11815
f 11433 11435 11815
f 11438 11442 11918
f 11442 11594 11918
f 11375 11802 11394
f 11408 11441 11824
f 11441 11472 11824
f 11351 11349 11354
f 11349 11803 11354
f 11920 11846 11873
f 11846 11853 11873
f 11438 11515 11442
f 11515 11407 11442
f 11916 11825 11919
f 11825 11914 11919
f 11816 11815 11597
f 11815 11435 11597
f 11833 11604 11394
f 11587 11833 11394
f 11912 11451 11447
f 11451 11454 11447
f 11796 11375 11394
f 11402 11403 11804
f 11403 11355 11804
f 11373 11356 11389
f 11356 11391 11389
f 11801 11374 11384
f 11374 11385 11384
f 11382 11801 11461
f 11801 11384 11461
f 11374 11373 11385
f 11373 11389 11385
f 11785 11795 11394
f 11406 11915 11444
f 11915 11466 11444
f 11434 11414 11825
f 11414 11914 11825
f 11408 11462 11441
f 11462 11903 11441
f 11920 11443 11846
f 11443 11845 11846
f 11351 11913 11349
f 11913 11448 11349
f 11458 11394 11459
f 11440 11442 11445
f 11442 11407 11445
f 11406 11444 11455
f 11444 11446 11455
f 11457 11394 11458
f 11459 11394 11460
f 11606 11394 11605
f 11607 11601 11356
f 11601 11391 11356
f 11605 11394 11604
f 11787 11602 11607
f 11602 11601 11607
f 11786 11394 11606
f 11929 11972 11931
f 11972 11971 11931
f 11958 11962 11989
f 11962 11986 11989
f 11977 11956 11976
f 11956 11953 11976
f 11973 11976 11944
f 11976 11946 11944
f 11961 11959 11965
f 11959 11978 11965
f 11968 11975 11923
f 11975 11972 11923
f 11976 11953 11946
f 11953 11950 11946
f 11935 11970 11938
f 11970 11941 11938
f 11965 11978 11968
f 11978 11975 11968
f 11978 11959 11977
f 11959 11956 11977
f 11923 11972 11925
f 11972 11929 11925
f 11931 11971 11935
f 11971 11970 11935
f 11970 11973 11941
f 11973 11944 11941
f 11926 11927 11928
f 11927 11930 11928
f 11927 11925 11930
f 11925 11929 11930
f 11932 11933 11934
f 11933 11936 11934
f 11933 11931 11936
f 11931 11935 11936
f 11947 11948 11949
f 11948 11951 11949
f 11948 11946 11951
f 11946 11950 11951
f 11934 11936 11937
f 11936 11939 11937
f 11936 11935 11939
f 11935 11938 11939
f 11937 11939 11940
f 11939 11942 11940
f 11939 11938 11942
f 11938 11941 11942
f 11949 11951 11952
f 11951 11954 11952
f 11951 11950 11954
f 11950 11953 11954
f 11952 11954 11955
f 11954 11957 11955
f 11954 11953 11957
f 11953 11956 11957
f 11962 11963 11964
f 11963 11966 11964
f 11963 11961 11966
f 11961 11965 11966
f 11940 11942 11943
f 11942 11945 11943
f 11942 11941 11945
f 11941 11944 11945
f 11943 11945 11947
f 11945 11948 11947
f 11945 11944 11948
f 11944 11946 11948
f 11955 11957 11958
f 11957 11960 11958
f 11957 11956 11960
f 11956 11959 11960
f 11958 11960 11962
f 11960 11963 11962
f 11960 11959 11963
f 11959 11961 11963
f 11964 11966 11967
f 11966 11969 11967
f 11966 11965 11969
f 11965 11968 11969
f 11928 11930 11932
f 11930 11933 11932
f 11930 11929 11933
f 11929 11931 11933
f 11967 11969 11922
f 11969 11924 11922
f 11969 11968 11924
f 11968 11923 11924
f 11922 11924 11926
f 11924 11927 11926
f 11924 11923 11927
f 11923 11925 11927
f 11971 11974 11970
f 11974 11973 11970
f 11974 11977 11973
f 11977 11976 11973
f 11972 11975 11971
f 11975 11974 11971
f 11975 11978 11974
f 11978 11977 11974
f 11983 11979 11984
f 11979 11981 11984
f 11984 11981 11982
f 11981 11980 11982
f 11986 11983 11987
f 11983 11984 11987
f 11987 11984 11985
f 11984 11982 11985
f 11989 11986 11990
f 11986 11987 11990
f 11990 11987 11988
f 11987 11985 11988
f 11992 11989 11993
f 11989 11990 11993
f 11993 11990 11991
f 11990 11988 11991
f 11995 11992 11996
f 11992 11993 11996
f 11996 11993 11994
f 11993 11991 11994
f 11998 11995 11999
f 11995 11996 11999
f 11999 11996 11997
f 11996 11994 11997
f 12001 11998 12002
f 11998 11999 12002
f 12002 11999 12000
f 11999 11997 12000
f 12004 12001 12005
f 12001 12002 12005
f 12005 12002 12003
f 12002 12000 12003
f 12007 12004 12008
f 12004 12005 12008
f 12008 12005 12006
f 12005 12003 12006
f 12010 12007 12011
f 12007 12008 12011
f 12011 12008 12009
f 12008 12006 12009
f 12013 12010 12014
f 12010 12011 12014
f 12014 12011 12012
f 12011 12009 12012
f 12016 12013 12017
f 12013 12014 12017
f 12017 12014 12015
f 12014 12012 12015
f 12019 12016 12020
f 12016 12017 12020
f 12020 12017 12018
f 12017 12015 12018
f 12022 12019 12023
f 12019 12020 12023
f 12023 12020 12021
f 12020 12018 12021
f 12025 12022 12026
f 12022 12023 12026
f 12026 12023 12024
f 12023 12021 12024
f 11979 12025 11981
f 12025 12026 11981
f 11981 12026 11980
f 12026 12024 11980
f 11937 11940 12010
f 11940 12007 12010
f 11962 11964 11986
f 11964 11983 11986
f 11940 11943 12007
f 11943 12004 12007
f 11979 11967 12025
f 11967 11922 12025
f 11964 11967 11983
f 11967 11979 11983
f 11943 11947 12004
f 11947 12001 12004
f 12025 11922 12022
f 11922 11926 12022
f 11947 11949 12001
f 11949 11998 12001
f 11926 11928 12022
f 11928 12019 12022
f 11949 11952 11998
f 11952 11995 11998
f 11928 11932 12019
f 11932 12016 12019
f 11952 11955 11995
f 11955 11992 11995
f 11932 11934 12016
f 11934 12013 12016
f 11955 11958 11992
f 11958 11989 11992
f 11934 11937 12013
f 11937 12010 12013
f 12034 12077 12036
f 12077 12076 12036
f 12063 12067 12094
f 12067 12091 12094
f 12082 12061 12081
f 12061 12058 12081
f 12078 12081 12049
f 12081 12051 12049
f 12066 12064 12070
f 12064 12083 12070
f 12073 12080 12028
f 12080 12077 12028
f 12081 12058 12051
f 12058 12055 12051
f 12040 12075 12043
f 12075 12046 12043
f 12070 12083 12073
f 12083 12080 12073
f 12083 12064 12082
f 12064 12061 12082
f 12028 12077 12030
f 12077 12034 12030
f 12036 12076 12040
f 12076 12075 12040
f 12075 12078 12046
f 12078 12049 12046
f 12031 12032 12033
f 12032 12035 12033
f 12032 12030 12035
f 12030 12034 12035
f 12037 12038 12039
f 12038 12041 12039
f 12038 12036 12041
f 12036 12040 12041
f 12052 12053 12054
f 12053 12056 12054
f 12053 12051 12056
f 12051 12055 12056
f 12039 12041 12042
f 12041 12044 12042
f 12041 12040 12044
f 12040 12043 12044
f 12042 12044 12045
f 12044 12047 12045
f 12044 12043 12047
f 12043 12046 12047
f 12054 12056 12057
f 12056 12059 12057
f 12056 12055 12059
f 12055 12058 12059
f 12057 12059 12060
f 12059 12062 12060
f 12059 12058 12062
f 12058 12061 12062
f 12067 12068 12069
f 12068 12071 12069
f 12068 12066 12071
f 12066 12070 12071
f 12045 12047 12048
f 12047 12050 12048
f 12047 12046 12050
f 12046 12049 12050
f 12048 12050 12052
f 12050 12053 12052
f 12050 12049 12053
f 12049 12051 12053
f 12060 12062 12063
f 12062 12065 12063
f 12062 12061 12065
f 12061 12064 12065
f 12063 12065 12067
f 12065 12068 12067
f 12065 12064 12068
f 12064 12066 12068
f 12069 12071 12072
f 12071 12074 12072
f 12071 12070 12074
f 12070 12073 12074
f 12033 12035 12037
f 12035 12038 12037
f 12035 12034 12038
f 12034 12036 12038
f 12072 12074 12027
f 12074 12029 12027
f 12074 12073 12029
f 12073 12028 12029
f 12027 12029 12031
f 12029 12032 12031
f 12029 12028 12032
f 12028 12030 12032
f 12076 12079 12075
f 12079 12078 12075
f 12079 12082 12078
f 12082 12081 12078
f 12077 12080 12076
f 12080 12079 12076
f 12080 12083 12079
f 12083 12082 12079
f 12088 12084 12089
f 12084 12086 12089
f 12089 12086 12087
f 12086 12085 12087
f 12091 12088 12092
f 12088 12089 12092
f 12092 12089 12090
f 12089 12087 12090
f 12094 12091 12095
f 12091 12092 12095
f 12095 12092 12093
f 12092 12090 12093
f 12097 12094 12098
f 12094 12095 12098
f 12098 12095 12096
f 12095 12093 12096
f 12100 12097 12101
f 12097 12098 12101
f 12101 12098 12099
f 12098 12096 12099
f 12103 12100 12104
f 12100 12101 12104
f 12104 12101 12102
f 12101 12099 12102
f 12106 12103 12107
f 12103 12104 12107
f 12107 12104 12105
f 12104 12102 12105
f 12109 12106 12110
f 12106 12107 12110
f 12110 12107 12108
f 12107 12105 12108
f 12112 12109 12113
f 12109 12110 12113
f 12113 12110 12111
f 12110 12108 12111
f 12115 12112 12116
f 12112 12113 12116
f 12116 12113 12114
f 12113 12111 12114
f 12118 12115 12119
f 12115 12116 12119
f 12119 12116 12117
f 12116 12114 12117
f 12121 12118 12122
f 12118 12119 12122
f 12122 12119 12120
f 12119 12117 12120
f 12124 12121 12125
f 12121 12122 12125
f 12125 12122 12123
f 12122 12120 12123
f 12127 12124 12128
f 12124 12125 12128
f 12128 12125 12126
f 12125 12123 12126
f 12130 12127 12131
f 12127 12128 12131
f 12131 12128 12129
f 12128 12126 12129
f 12084 12130 12086
f 12130 12131 12086
f 12086 12131 12085
f 12131 12129 12085
f 12042 12045 12115
f 12045 12112 12115
f 12067 12069 12091
f 12069 12088 12091
f 12045 12048 12112
f 12048 12109 12112
f 12084 12072 12130
f 12072 12027 12130
f 12069 12072 12088
f 12072 12084 12088
f 12048 12052 12109
f 12052 12106 12109
f 12130 12027 12127
f 12027 12031 12127
f 12052 12054 12106
f 12054 12103 12106
f 12031 12033 12127
f 12033 12124 12127
f 12054 12057 12103
f 12057 12100 12103
f 12033 12037 12124
f 12037 12121 12124
f 12057 12060 12100
f 12060 12097 12100
f 12037 12039 12121
f 12039 12118 12121
f 12060 12063 12097
f 12063 12094 12097
f 12039 12042 12118
f 12042 12115 12118
f 12139 12182 12141
f 12182 12181 12141
f 12168 12172 12199
f 12172 12196 12199
f 12187 12166 12186
f 12166 12163 12186
f 12183 12186 12154
f 12186 12156 12154
f 12171 12169 12175
f 12169 12188 12175
f 12178 12185 12133
f 12185 12182 12133
f 12186 12163 12156
f 12163 12160 12156
f 12145 12180 12148
f 12180 12151 12148
f 12175 12188 12178
f 12188 12185 12178
f 12188 12169 12187
f 12169 12166 12187
f 12133 12182 12135
f 12182 12139 12135
f 12141 12181 12145
f 12181 12180 12145
f 12180 12183 12151
f 12183 12154 12151
f 12136 12137 12138
f 12137 12140 12138
f 12137 12135 12140
f 12135 12139 12140
f 12142 12143 12144
f 12143 12146 12144
f 12143 12141 12146
f 12141 12145 12146
f 12157 12158 12159
f 12158 12161 12159
f 12158 12156 12161
f 12156 12160 12161
f 12144 12146 12147
f 12146 12149 12147
f 12146 12145 12149
f 12145 12148 12149
f 12147 12149 12150
f 12149 12152 12150
f 12149 12148 12152
f 12148 12151 12152
f 12159 12161 12162
f 12161 12164 12162
f 12161 12160 12164
f 12160 12163 12164
f 12162 12164 12165
f 12164 12167 12165
f 12164 12163 12167
f 12163 12166 12167
f 12172 12173 12174
f 12173 12176 12174
f 12173 12171 12176
f 12171 12175 12176
f 12150 12152 12153
f 12152 12155 12153
f 12152 12151 12155
f 12151 12154 12155
f 12153 12155 12157
f 12155 12158 12157
f 12155 12154 12158
f 12154 12156 12158
f 12165 12167 12168
f 12167 12170 12168
f 12167 12166 12170
f 12166 12169 12170
f 12168 12170 12172
f 12170 12173 12172
f 12170 12169 12173
f 12169 12171 12173
f 12174 12176 12177
f 12176 12179 12177
f 12176 12175 12179
f 12175 12178 12179
f 12138 12140 12142
f 12140 12143 12142
f 12140 12139 12143
f 12139 12141 12143
f 12177 12179 12132
f 12179 12134 12132
f 12179 12178 12134
f 12178 12133 12134
f 12132 12134 12136
f 12134 12137 12136
f 12134 12133 12137
f 12133 12135 12137
f 12181 12184 12180
f 12184 12183 12180
f 12184 12187 12183
f 12187 12186 12183
f 12182 12185 12181
f 12185 12184 12181
f 12185 12188 12184
f 12188 12187 12184
f 12193 12189 12194
f 12189 12191 12194
f 12194 12191 12192
f 12191 12190 12192
f 12196 12193 12197
f 12193 12194 12197
f 12197 12194 12195
f 12194 12192 12195
f 12199 12196 12200
f 12196 12197 12200
f 12200 12197 12198
f 12197 12195 12198
f 12202 12199 12203
f 12199 12200 12203
f 12203 12200 12201
f 12200 12198 12201
f 12205 12202 12206
f 12202 12203 12206
f 12206 12203 12204
f 12203 12201 12204
f 12208 12205 12209
f 12205 12206 12209
f 12209 12206 12207
f 12206 12204 12207
f 12211 12208 12212
f 12208 12209 12212
f 12212 12209 12210
f 12209 12207 12210
f 12214 12211 12215
f 12211 12212 12215
f 12215 12212 12213
f 12212 12210 12213
f 12217 12214 12218
f 12214 12215 12218
f 12218 12215 12216
f 12215 12213 12216
f 12220 12217 12221
f 12217 12218 12221
f 12221 12218 12219
f 12218 12216 12219
f 12223 12220 12224
f 12220 12221 12224
f 12224 12221 12222
f 12221 12219 12222
f 12226 12223 12227
f 12223 12224 12227
f 12227 12224 12225
f 12224 12222 12225
f 12229 12226 12230
f 12226 12227 12230
f 12230 12227 12228
f 12227 12225 12228
f 12232 12229 12233
f 12229 12230 12233
f 12233 12230 12231
f 12230 12228 12231
f 12235 12232 12236
f 12232 12233 12236
f 12236 12233 12234
f 12233 12231 12234
f 12189 12235 12191
f 12235 12236 12191
f 12191 12236 12190
f 12236 12234 12190
f 12147 12150 12220
f 12150 12217 12220
f 12172 12174 12196
f 12174 12193 12196
f 12150 12153 12217
f 12153 12214 12217
f 12189 12177 12235
f 12177 12132 12235
f 12174 12177 12193
f 12177 12189 12193
f 12153 12157 12214
f 12157 12211 12214
f 12235 12132 12232
f 12132 12136 12232
f 12157 12159 12211
f 12159 12208 12211
f 12136 12138 12232
f 12138 12229 12232
f 12159 12162 12208
f 12162 12205 12208
f 12138 12142 12229
f 12142 12226 12229
f 12162 12165 12205
f 12165 12202 12205
f 12142 12144 12226
f 12144 12223 12226
f 12165 12168 12202
f 12168 12199 12202
f 12144 12147 12223
f 12147 12220 12223
f 12244 12287 12246
f 12287 12286 12246
f 12273 12277 12304
f 12277 12301 12304
f 12292 12271 12291
f 12271 12268 12291
f 12288 12291 12259
f 12291 12261 12259
f 12276 12274 12280
f 12274 12293 12280
f 12283 12290 12238
f 12290 12287 12238
f 12291 12268 12261
f 12268 12265 12261
f 12250 12285 12253
f 12285 12256 12253
f 12280 12293 12283
f 12293 12290 12283
f 12293 12274 12292
f 12274 12271 12292
f 12238 12287 12240
f 12287 12244 12240
f 12246 12286 12250
f 12286 12285 12250
f 12285 12288 12256
f 12288 12259 12256
f 12241 12242 12243
f 12242 12245 12243
f 12242 12240 12245
f 12240 12244 12245
f 12247 12248 12249
f 12248 12251 12249
f 12248 12246 12251
f 12246 12250 12251
f 12262 12263 12264
f 12263 12266 12264
f 12263 12261 12266
f 12261 12265 12266
f 12249 12251 12252
f 12251 12254 12252
f 12251 12250 12254
f 12250 12253 12254
f 12252 12254 12255
f 12254 12257 12255
f 12254 12253 12257
f 12253 12256 12257
f 12264 12266 12267
f 12266 12269 12267
f 12266 12265 12269
f 12265 12268 12269
f 12267 12269 12270
f 12269 12272 12270
f 12269 12268 12272
f 12268 12271 12272
f 12277 12278 12279
f 12278 12281 12279
f 12278 12276 12281
f 12276 12280 12281
f 12255 12257 12258
f 12257 12260 12258
f 12257 12256 12260
f 12256 12259 12260
f 12258 12260 12262
f 12260 12263 12262
f 12260 12259 12263
f 12259 12261 12263
f 12270 12272 12273
f 12272 12275 12273
f 12272 12271 12275
f 12271 12274 12275
f 12273 12275 12277
f 12275 12278 12277
f 12275 12274 12278
f 12274 12276 12278
f 12279 12281 12282
f 12281 12284 12282
f 12281 12280 12284
f 12280 12283 12284
f 12243 12245 12247
f 12245 12248 12247
f 12245 12244 12248
f 12244 12246 12248
f 12282 12284 12237
f 12284 12239 12237
f 12284 12283 12239
f 12283 12238 12239
f 12237 12239 12241
f 12239 12242 12241
f 12239 12238 12242
f 12238 12240 12242
f 12286 12289 12285
f 12289 12288 12285
f 12289 12292 12288
f 12292 12291 12288
f 12287 12290 12286
f 12290 12289 12286
f 12290 12293 12289
f 12293 12292 12289
f 12298 12294 12299
f 12294 12296 12299
f 12299 12296 12297
f 12296 12295 12297
f 12301 12298 12302
f 12298 12299 12302
f 12302 12299 12300
f 12299 12297 12300
f 12304 12301 12305
f 12301 12302 12305
f 12305 12302 12303
f 12302 12300 12303
f 12307 12304 12308
f 12304 12305 12308
f 12308 12305 12306
f 12305 12303 12306
f 12310 12307 12311
f 12307 12308 12311
f 12311 12308 12309
f 12308 12306 12309
f 12313 12310 12314
f 12310 12311 12314
f 12314 12311 12312
f 12311 12309 12312
f 12316 12313 12317
f 12313 12314 12317
f 12317 12314 12315
f 12314 12312 12315
f 12319 12316 12320
f 12316 12317 12320
f 12320 12317 12318
f 12317 12315 12318
f 12322 12319 12323
f 12319 12320 12323
f 12323 12320 12321
f 12320 12318 12321
f 12325 12322 12326
f 12322 12323 12326
f 12326 12323 12324
f 12323 12321 12324
f 12328 12325 12329
f 12325 12326 12329
f 12329 12326 12327
f 12326 12324 12327
f 12331 12328 12332
f 12328 12329 12332
f 12332 12329 12330
f 12329 12327 12330
f 12334 12331 12335
f 12331 12332 12335
f 12335 12332 12333
f 12332 12330 12333
f 12337 12334 12338
f 12334 12335 12338
f 12338 12335 12336
f 12335 12333 12336
f 12340 12337 12341
f 12337 12338 12341
f 12341 12338 12339
f 12338 12336 12339
f 12294 12340 12296
f 12340 12341 12296
f 12296 12341 12295
f 12341 12339 12295
f 12252 12255 12325
f 12255 12322 12325
f 12277 12279 12301
f 12279 12298 12301
f 12255 12258 12322
f 12258 12319 12322
f 12294 12282 12340
f 12282 12237 12340
f 12279 12282 12298
f 12282 12294 12298
f 12258 12262 12319
f 12262 12316 12319
f 12340 12237 12337
f 12237 12241 12337
f 12262 12264 12316
f 12264 12313 12316
f 12241 12243 12337
f 12243 12334 12337
f 12264 12267 12313
f 12267 12310 12313
f 12243 12247 12334
f 12247 12331 12334
f 12267 12270 12310
f 12270 12307 12310
f 12247 12249 12331
f 12249 12328 12331
f 12270 12273 12307
f 12273 12304 12307
f 12249 12252 12328
f 12252 12325 12328
f 12349 12392 12351
f 12392 12391 12351
f 12378 12382 12409
f 12382 12406 12409
f 12397 12376 12396
f 12376 12373 12396
f 12393 12396 12364
f 12396 12366 12364
f 12381 12379 12385
f 12379 12398 12385
f 12388 12395 12343
f 12395 12392 12343
f 12396 12373 12366
f 12373 12370 12366
f 12355 12390 12358
f 12390 12361 12358
f 12385 12398 12388
f 12398 12395 12388
f 12398 12379 12397
f 12379 12376 12397
f 12343 12392 12345
f 12392 12349 12345
f 12351 12391 12355
f 12391 12390 12355
f 12390 12393 12361
f 12393 12364 12361
f 12346 12347 12348
f 12347 12350 12348
f 12347 12345 12350
f 12345 12349 12350
f 12352 12353 12354
f 12353 12356 12354
f 12353 12351 12356
f 12351 12355 12356
f 12367 12368 12369
f 12368 12371 12369
f 12368 12366 12371
f 12366 12370 12371
f 12354 12356 12357
f 12356 12359 12357
f 12356 12355 12359
f 12355 12358 12359
f 12357 12359 12360
f 12359 12362 12360
f 12359 12358 12362
f 12358 12361 12362
f 12369 12371 12372
f 12371 12374 12372
f 12371 12370 12374
f 12370 12373 12374
f 12372 12374 12375
f 12374 12377 12375
f 12374 12373 12377
f 12373 12376 12377
f 12382 12383 12384
f 12383 12386 12384
f 12383 12381 12386
f 12381 12385 12386
f 12360 12362 12363
f 12362 12365 12363
f 12362 12361 12365
f 12361 12364 12365
f 12363 12365 12367
f 12365 12368 12367
f 12365 12364 12368
f 12364 12366 12368
f 12375 12377 12378
f 12377 12380 12378
f 12377 12376 12380
f 12376 12379 12380
f 12378 12380 12382
f 12380 12383 12382
f 12380 12379 12383
f 12379 12381 12383
f 12384 12386 12387
f 12386 12389 12387
f 12386 12385 12389
f 12385 12388 12389
f 12348 12350 12352
f 12350 12353 12352
f 12350 12349 12353
f 12349 12351 12353
f 12387 12389 12342
f 12389 12344 12342
f 12389 12388 12344
f 12388 12343 12344
f 12342 12344 12346
f 12344 12347 12346
f 12344 12343 12347
f 12343 12345 12347
f 12391 12394 12390
f 12394 12393 12390
f 12394 12397 12393
f 12397 12396 12393
f 12392 12395 12391
f 12395 12394 12391
f 12395 12398 12394
f 12398 12397 12394
f 12403 12399 12404
f 12399 12401 12404
f 12404 12401 12402
f 12401 12400 12402
f 12406 12403 12407
f 12403 12404 12407
f 12407 12404 12405
f 12404 12402 12405
f 12409 12406 12410
f 12406 12407 12410
f 12410 12407 12408
f 12407 12405 12408
f 12412 12409 12413
f 12409 12410 12413
f 12413 12410 12411
f 12410 12408 12411
f 12415 12412 12416
f 12412 12413 12416
f 12416 12413 12414
f 12413 12411 12414
f 12418 12415 12419
f 12415 12416 12419
f 12419 12416 12417
f 12416 12414 12417
f 12421 12418 12422
f 12418 12419 12422
f 12422 12419 12420
f 12419 12417 12420
f 12424 12421 12425
f 12421 12422 12425
f 12425 12422 12423
f 12422 12420 12423
f 12427 12424 12428
f 12424 12425 12428
f 12428 12425 12426
f 12425 12423 12426
f 12430 12427 12431
f 12427 12428 12431
f 12431 12428 12429
f 12428 12426 12429
f 12433 12430 12434
f 12430 12431 12434
f 12434 12431 12432
f 12431 12429 12432
f 12436 12433 12437
f 12433 12434 12437
f 12437 12434 12435
f 12434 12432 12435
f 12439 12436 12440
f 12436 12437 12440
f 12440 12437 12438
f 12437 12435 12438
f 12442 12439 12443
f 12439 12440 12443
f 12443 12440 12441
f 12440 12438 12441
f 12445 12442 12446
f 12442 12443 12446
f 12446 12443 12444
f 12443 12441 12444
f 12399 12445 12401
f 12445 12446 12401
f 12401 12446 12400
f 12446 12444 12400
f 12357 12360 12430
f 12360 12427 12430
f 12382 12384 12406
f 12384 12403 12406
f 12360 12363 12427
f 12363 12424 12427
f 12399 12387 12445
f 12387 12342 12445
f 12384 12387 12403
f 12387 12399 12403
f 12363 12367 12424
f 12367 12421 12424
f 12445 12342 12442
f 12342 12346 12442
f 12367 12369 12421
f 12369 12418 12421
f 12346 12348 12442
f 12348 12439 12442
f 12369 12372 12418
f 12372 12415 12418
f 12348 12352 12439
f 12352 12436 12439
f 12372 12375 12415
f 12375 12412 12415
f 12352 12354 12436
f 12354 12433 12436
f 12375 12378 12412
f 12378 12409 12412
f 12354 12357 12433
f 12357 12430 12433
f 12454 12497 12456
f 12497 12496 12456
f 12483 12487 12514
f 12487 12511 12514
f 12502 12481 12501
f 12481 12478 12501
f 12498 12501 12469
f 12501 12471 12469
f 12486 12484 12490
f 12484 12503 12490
f 12493 12500 12448
f 12500 12497 12448
f 12501 12478 12471
f 12478 12475 12471
f 12460 12495 12463
f 12495 12466 12463
f 12490 12503 12493
f 12503 12500 12493
f 12503 12484 12502
f 12484 12481 12502
f 12448 12497 12450
f 12497 12454 12450
f 12456 12496 12460
f 12496 12495 12460
f 12495 12498 12466
f 12498 12469 12466
f 12451 12452 12453
f 12452 12455 12453
f 12452 12450 12455
f 12450 12454 12455
f 12457 12458 12459
f 12458 12461 12459
f 12458 12456 12461
f 12456 12460 12461
f 12472 12473 12474
f 12473 12476 12474
f 12473 12471 12476
f 12471 12475 12476
f 12459 12461 12462
f 12461 12464 12462
f 12461 12460 12464
f 12460 12463 12464
f 12462 12464 12465
f 12464 12467 12465
f 12464 12463 12467
f 12463 12466 12467
f 12474 12476 12477
f 12476 12479 12477
f 12476 12475 12479
f 12475 12478 12479
f 12477 12479 12480
f 12479 12482 12480
f 12479 12478 12482
f 12478 12481 12482
f 12487 12488 12489
f 12488 12491 12489
f 12488 12486 12491
f 12486 12490 12491
f 12465 12467 12468
f 12467 12470 12468
f 12467 12466 12470
f 12466 12469 12470
f 12468 12470 12472
f 12470 12473 12472
f 12470 12469 12473
f 12469 12471 12473
f 12480 12482 12483
f 12482 12485 12483
f 12482 12481 12485
f 12481 12484 12485
f 12483 12485 12487
f 12485 12488 12487
f 12485 12484 12488
f 12484 12486 12488
f 12489 12491 12492
f 12491 12494 12492
f 12491 12490 12494
f 12490 12493 12494
f 12453 12455 12457
f 12455 12458 12457
f 12455 12454 12458
f 12454 12456 12458
f 12492 12494 12447
f 12494 12449 12447
f 12494 12493 12449
f 12493 12448 12449
f 12447 12449 12451
f 12449 12452 12451
f 12449 12448 12452
f 12448 12450 12452
f 12496 12499 12495
f 12499 12498 12495
f 12499 12502 12498
f 12502 12501 12498
f 12497 12500 12496
f 12500 12499 12496
f 12500 12503 12499
f 12503 12502 12499
f 12508 12504 12509
f 12504 12506 12509
f 12509 12506 12507
f 12506 12505 12507
f 12511 12508 12512
f 12508 12509 12512
f 12512 12509 12510
f 12509 12507 12510
f 12514 12511 12515
f 12511 12512 12515
f 12515 12512 12513
f 12512 12510 12513
f 12517 12514 12518
f 12514 12515 12518
f 12518 12515 12516
f 12515 12513 12516
f 12520 12517 12521
f 12517 12518 12521
f 12521 12518 12519
f 12518 12516 12519
f 12523 12520 12524
f 12520 12521 12524
f 12524 12521 12522
f 12521 12519 12522
f 12526 12523 12527
f 12523 12524 12527
f 12527 12524 12525
f 12524 12522 12525
f 12529 12526 12530
f 12526 12527 12530
f 12530 12527 12528
f 12527 12525 12528
f 12532 12529 12533
f 12529 12530 12533
f 12533 12530 12531
f 12530 12528 12531
f 12535 12532 12536
f 12532 12533 12536
f 12536 12533 12534
f 12533 12531 12534
f 12538 12535 12539
f 12535 12536 12539
f 12539 12536 12537
f 12536 12534 12537
f 12541 12538 12542
f 12538 12539 12542
f 12542 12539 12540
f 12539 12537 12540
f 12544 12541 12545
f 12541 12542 12545
f 12545 12542 12543
f 12542 12540 12543
f 12547 12544 12548
f 12544 12545 12548
f 12548 12545 12546
f 12545 12543 12546
f 12550 12547 12551
f 12547 12548 12551
f 12551 12548 12549
f 12548 12546 12549
f 12504 12550 12506
f 12550 12551 12506
f 12506 12551 12505
f 12551 12549 12505
f 12462 12465 12535
f 12465 12532 12535
f 12487 12489 12511
f 12489 12508 12511
f 12465 12468 12532
f 12468 12529 12532
f 12504 12492 12550
f 12492 12447 12550
f 12489 12492 12508
f 12492 12504 12508
f 12468 12472 12529
f 12472 12526 12529
f 12550 12447 12547
f 12447 12451 12547
f 12472 12474 12526
f 12474 12523 12526
f 12451 12453 12547
f 12453 12544 12547
f 12474 12477 12523
f 12477 12520 12523
f 12453 12457 12544
f 12457 12541 12544
f 12477 12480 12520
f 12480 12517 12520
f 12457 12459 12541
f 12459 12538 12541
f 12480 12483 12517
f 12483 12514 12517
f 12459 12462 12538
f 12462 12535 12538
f 12559 12602 12561
f 12602 12601 12561
f 12588 12592 12619
f 12592 12616 12619
f 12607 12586 12606
f 12586 12583 12606
f 12603 12606 12574
f 12606 12576 12574
f 12591 12589 12595
f 12589 12608 12595
f 12598 12605 12553
f 12605 12602 12553
f 12606 12583 12576
f 12583 12580 12576
f 12565 12600 12568
f 12600 12571 12568
f 12595 12608 12598
f 12608 12605 12598
f 12608 12589 12607
f 12589 12586 12607
f 12553 12602 12555
f 12602 12559 12555
f 12561 12601 12565
f 12601 12600 12565
f 12600 12603 12571
f 12603 12574 12571
f 12556 12557 12558
f 12557 12560 12558
f 12557 12555 12560
f 12555 12559 12560
f 12562 12563 12564
f 12563 12566 12564
f 12563 12561 12566
f 12561 12565 12566
f 12577 12578 12579
f 12578 12581 12579
f 12578 12576 12581
f 12576 12580 12581
f 12564 12566 12567
f 12566 12569 12567
f 12566 12565 12569
f 12565 12568 12569
f 12567 12569 12570
f 12569 12572 12570
f 12569 12568 12572
f 12568 12571 12572
f 12579 12581 12582
f 12581 12584 12582
f 12581 12580 12584
f 12580 12583 12584
f 12582 12584 12585
f 12584 12587 12585
f 12584 12583 12587
f 12583 12586 12587
f 12592 12593 12594
f 12593 12596 12594
f 12593 12591 12596
f 12591 12595 12596
f 12570 12572 12573
f 12572 12575 12573
f 12572 12571 12575
f 12571 12574 12575
f 12573 12575 12577
f 12575 12578 12577
f 12575 12574 12578
f 12574 12576 12578
f 12585 12587 12588
f 12587 12590 12588
f 12587 12586 12590
f 12586 12589 12590
f 12588 12590 12592
f 12590 12593 12592
f 12590 12589 12593
f 12589 12591 12593
f 12594 12596 12597
f 12596 12599 12597
f 12596 12595 12599
f 12595 12598 12599
f 12558 12560 12562
f 12560 12563 12562
f 12560 12559 12563
f 12559 12561 12563
f 12597 12599 12552
f 12599 12554 12552
f 12599 12598 12554
f 12598 12553 12554
f 12552 12554 12556
f 12554 12557 12556
f 12554 12553 12557
f 12553 12555 12557
f 12601 12604 12600
f 12604 12603 12600
f 12604 12607 12603
f 12607 12606 12603
f 12602 12605 12601
f 12605 12604 12601
f 12605 12608 12604
f 12608 12607 12604
f 12613 12609 12614
f 12609 12611 12614
f 12614 12611 12612
f 12611 12610 12612
f 12616 12613 12617
f 12613 12614 12617
f 12617 12614 12615
f 12614 12612 12615
f 12619 12616 12620
f 12616 12617 12620
f 12620 12617 12618
f 12617 12615 12618
f 12622 12619 12623
f 12619 12620 12623
f 12623 12620 12621
f 12620 12618 12621
f 12625 12622 12626
f 12622 12623 12626
f 12626 12623 12624
f 12623 12621 12624
f 12628 12625 12629
f 12625 12626 12629
f 12629 12626 12627
f 12626 12624 12627
f 12631 12628 12632
f 12628 12629 12632
f 12632 12629 12630
f 12629 12627 12630
f 12634 12631 12635
f 12631 12632 12635
f 12635 12632 12633
f 12632 12630 12633
f 12637 12634 12638
f 12634 12635 12638
f 12638 12635 12636
f 12635 12633 12636
f 12640 12637 12641
f 12637 12638 12641
f 12641 12638 12639
f 12638 12636 12639
f 12643 12640 12644
f 12640 12641 12644
f 12644 12641 12642
f 12641 12639 12642
f 12646 12643 12647
f 12643 12644 12647
f 12647 12644 12645
f 12644 12642 12645
f 12649 12646 12650
f 12646 12647 12650
f 12650 12647 12648
f 12647 12645 12648
f 12652 12649 12653
f 12649 12650 12653
f 12653 12650 12651
f 12650 12648 12651
f 12655 12652 12656
f 12652 12653 12656
f 12656 12653 12654
f 12653 12651 12654
f 12609 12655 12611
f 12655 12656 12611
f 12611 12656 12610
f 12656 12654 12610
f 12567 12570 12640
f 12570 12637 12640
f 12592 12594 12616
f 12594 12613 12616
f 12570 12573 12637
f 12573 12634 12637
f 12609 12597 12655
f 12597 12552 12655
f 12594 12597 12613
f 12597 12609 12613
f 12573 12577 12634
f 12577 12631 12634
f 12655 12552 12652
f 12552 12556 12652
f 12577 12579 12631
f 12579 12628 12631
f 12556 12558 12652
f 12558 12649 12652
f 12579 12582 12628
f 12582 12625 12628
f 12558 12562 12649
f 12562 12646 12649
f 12582 12585 12625
f 12585 12622 12625
f 12562 12564 12646
f 12564 12643 12646
f 12585 12588 12622
f 12588 12619 12622
f 12564 12567 12643
f 12567 12640 12643
f 12664 12707 12666
f 12707 12706 12666
f 12693 12697 12724
f 12697 12721 12724
f 12712 12691 12711
f 12691 12688 12711
f 12708 12711 12679
f 12711 12681 12679
f 12696 12694 12700
f 12694 12713 12700
f 12703 12710 12658
f 12710 12707 12658
f 12711 12688 12681
f 12688 12685 12681
f 12670 12705 12673
f 12705 12676 12673
f 12700 12713 12703
f 12713 12710 12703
f 12713 12694 12712
f 12694 12691 12712
f 12658 12707 12660
f 12707 12664 12660
f 12666 12706 12670
f 12706 12705 12670
f 12705 12708 12676
f 12708 12679 12676
f 12661 12662 12663
f 12662 12665 12663
f 12662 12660 12665
f 12660 12664 12665
f 12667 12668 12669
f 12668 12671 12669
f 12668 12666 12671
f 12666 12670 12671
f 12682 12683 12684
f 12683 12686 12684
f 12683 12681 12686
f 12681 12685 12686
f 12669 12671 12672
f 12671 12674 12672
f 12671 12670 12674
f 12670 12673 12674
f 12672 12674 12675
f 12674 12677 12675
f 12674 12673 12677
f 12673 12676 12677
f 12684 12686 12687
f 12686 12689 12687
f 12686 12685 12689
f 12685 12688 12689
f 12687 12689 12690
f 12689 12692 12690
f 12689 12688 12692
f 12688 12691 12692
f 12697 12698 12699
f 12698 12701 12699
f 12698 12696 12701
f 12696 12700 12701
f 12675 12677 12678
f 12677 12680 12678
f 12677 12676 12680
f 12676 12679 12680
f 12678 12680 12682
f 12680 12683 12682
f 12680 12679 12683
f 12679 12681 12683
f 12690 12692 12693
f 12692 12695 12693
f 12692 12691 12695
f 12691 12694 12695
f 12693 12695 12697
f 12695 12698 12697
f 12695 12694 12698
f 12694 12696 12698
f 12699 12701 12702
f 12701 12704 12702
f 12701 12700 12704
f 12700 12703 12704
f 12663 12665 12667
f 12665 12668 12667
f 12665 12664 12668
f 12664 12666 12668
f 12702 12704 12657
f 12704 12659 12657
f 12704 12703 12659
f 12703 12658 12659
f 12657 12659 12661
f 12659 12662 12661
f 12659 12658 12662
f 12658 12660 12662
f 12706 12709 12705
f 12709 12708 12705
f 12709 12712 12708
f 12712 12711 12708
f 12707 12710 12706
f 12710 12709 12706
f 12710 12713 12709
f 12713 12712 12709
f 12718 12714 12719
f 12714 12716 12719
f 12719 12716 12717
f 12716 12715 12717
f 12721 12718 12722
f 12718 12719 12722
f 12722 12719 12720
f 12719 12717 12720
f 12724 12721 12725
f 12721 12722 12725
f 12725 12722 12723
f 12722 12720 12723
f 12727 12724 12728
f 12724 12725 12728
f 12728 12725 12726
f 12725 12723 12726
f 12730 12727 12731
f 12727 12728 12731
f 12731 12728 12729
f 12728 12726 12729
f 12733 12730 12734
f 12730 12731 12734
f 12734 12731 12732
f 12731 12729 12732
f 12736 12733 12737
f 12733 12734 12737
f 12737 12734 12735
f 12734 12732 12735
f 12739 12736 12740
f 12736 12737 12740
f 12740 12737 12738
f 12737 12735 12738
f 12742 12739 12743
f 12739 12740 12743
f 12743 12740 12741
f 12740 12738 12741
f 12745 12742 12746
f 12742 12743 12746
f 12746 12743 12744
f 12743 12741 12744
f 12748 12745 12749
f 12745 12746 12749
f 12749 12746 12747
f 12746 12744 12747
f 12751 12748 12752
f 12748 12749 12752
f 12752 12749 12750
f 12749 12747 12750
f 12754 12751 12755
f 12751 12752 12755
f 12755 12752 12753
f 12752 12750 12753
f 12757 12754 12758
f 12754 12755 12758
f 12758 12755 12756
f 12755 12753 12756
f 12760 12757 12761
f 12757 12758 12761
f 12761 12758 12759
f 12758 12756 12759
f 12714 12760 12716
f 12760 12761 12716
f 12716 12761 12715
f 12761 12759 12715
f 12672 12675 12745
f 12675 12742 12745
f 12697 12699 12721
f 12699 12718 12721
f 12675 12678 12742
f 12678 12739 12742
f 12714 12702 12760
f 12702 12657 12760
f 12699 12702 12718
f 12702 12714 12718
f 12678 12682 12739
f 12682 12736 12739
f 12760 12657 12757
f 12657 12661 12757
f 12682 12684 12736
f 12684 12733 12736
f 12661 12663 12757
f 12663 12754 12757
f 12684 12687 12733
f 12687 12730 12733
f 12663 12667 12754
f 12667 12751 12754
f 12687 12690 12730
f 12690 12727 12730
f 12667 12669 12751
f 12669 12748 12751
f 12690 12693 12727
f 12693 12724 12727
f 12669 12672 12748
f 12672 12745 12748
o Part.10
v 23.96 9.62 -24.04
v 23.96 12.78 -24.04
v 22.4 9.62 -25.6
v 22.4 9.62 -26.6
v 23.96 12.78 -26.6
v 22.4 11.7 -25.6
v 21.4 11.7 -26.6
v 21.4 12.78 -26.6
v 22.4 11.7 -26.6
v 23.96 9.62 -26.6
v 21.4 11.7 -25.6
v 21.4 9.62 -24.04
v 21.4 9.62 -25.6
v 21.4 12.78 -24.04
v -23.96 9.62 -24.04
v -23.96 12.78 -24.04
v -22.4 9.62 -25.6
v -22.4 9.62 -26.6
v -23.96 12.78 -26.6
v -22.4 11.7 -25.6
v -21.4 11.7 -26.6
v -21.4 12.78 -26.6
v -22.4 11.7 -26.6
v -23.96 9.62 -26.6
v -21.4 11.7 -25.6
v -21.4 9.62 -24.04
v -21.4 9.62 -25.6
v -21.4 12.78 -24.04
v 0 12.78 -26.6
v 0 11.7 -26.6
v 0 9.62 -24.04
v 0 12.78 -24.04
v 0 9.62 -25.6
v 0 11.7 -25.6
v 23.96 9.62 -39.96
v 23.96 12.78 -39.96
v 22.4 9.62 -38.4
v 22.4 9.62 -37.4
v 23.96 12.78 -37.4
v 22.4 11.7 -38.4
v 21.4 11.7 -37.4
v 21.4 12.78 -37.4
v 22.4 11.7 -37.4
v 23.96 9.62 -37.4
v 21.4 11.7 -38.4
v 21.4 9.62 -39.96
v 21.4 9.62 -38.4
v 21.4 12.78 -39.96
v 21.4 12.78 -32
v 21.4 11.7 -32
v 23.96 9.62 -32
v 23.96 12.78 -32
v 22.4 9.62 -32
v 22.4 11.7 -32
v -23.96 9.62 -39.96
v -23.96 12.78 -39.96
v -22.4 9.62 -38.4
v -22.4 9.62 -37.4
v -23.96 12.78 -37.4
v -22.4 11.7 -38.4
v -21.4 11.7 -37.4
v -21.4 12.78 -37.4
v -22.4 11.7 -37.4
v -23.96 9.62 -37.4
v -21.4 11.7 -38.4
v -21.4 9.62 -39.96
v -21.4 9.62 -38.4
v -21.4 12.78 -39.96
v 0 12.78 -37.4
v 0 11.7 -37.4
v 0 9.62 -39.96
v 0 12.78 -39.96
v 0 9.62 -38.4
v 0 11.7 -38.4
v -21.4 12.78 -32
v -21.4 11.7 -32
v -23.96 9.62 -32
v -23.96 12.78 -32
v -22.4 9.62 -32
v -22.4 11.7 -32
v 0 11.7 -32
v 0 12.78 -32
v 23.96 9.62 -26.6
v 23.96 9.62 -24.04
v 23.96 9.62 -24.04
v 23.96 12.78 -24.04
v 23.96 12.78 -24.04
v 21.4 12.78 -24.04
v 21.4 9.62 -25.6
v 22.4 9.62 -25.6
v 22.4 9.62 -25.6
v 22.4 11.7 -25.6
v 22.4 11.7 -25.6
v 22.4 9.62 -26.6
v 22.4 11.7 -26.6
v 23.96 9.62 -32
v 21.4 9.62 -24.04
v 0 9.62 -24.04
v 21.4 11.7 -25.6
v 0 11.7 -25.6
v 23.96 12.78 -26.6
v 23.96 12.78 -32
v 22.4 9.62 -32
v 22.4 11.7 -32
v 0 12.78 -24.04
v 0 9.62 -25.6
v -23.96 9.62 -26.6
v -23.96 9.62 -24.04
v -23.96 9.62 -24.04
v -23.96 12.78 -24.04
v -23.96 12.78 -24.04
v -21.4 12.78 -24.04
v -21.4 9.62 -25.6
v -22.4 9.62 -25.6
v -22.4 9.62 -25.6
v -22.4 11.7 -25.6
v -22.4 11.7 -25.6
v -22.4 9.62 -26.6
v -22.4 11.7 -26.6
v -23.96 9.62 -32
v -21.4 9.62 -24.04
v -21.4 11.7 -25.6
v -23.96 12.78 -26.6
v -23.96 12.78 -32
v -22.4 9.62 -32
v -22.4 11.7 -32
v 23.96 9.62 -37.4
v 23.96 9.62 -39.96
v 23.96 9.62 -39.96
v 23.96 12.78 -39.96
v 23.96 12.78 -39.96
v 21.4 12.78 -39.96
v 21.4 9.62 -38.4
v 22.4 9.62 -38.4
v 22.4 9.62 -38.4
v 22.4 11.7 -38.4
v 22.4 11.7 -38.4
v 22.4 9.62 -37.4
v 22.4 11.7 -37.4
v 21.4 9.62 -39.96
v 0 9.62 -39.96
v 21.4 11.7 -38.4
v 0 11.7 -38.4
v 23.96 12.78 -37.4
v 0 12.78 -39.96
v 0 9.62 -38.4
v -23.96 9.62 -37.4
v -23.96 9.62 -39.96
v -23.96 9.62 -39.96
v -23.96 12.78 -39.96
v -23.96 12.78 -39.96
v -21.4 12.78 -39.96
v -21.4 9.62 -38.4
v -22.4 9.62 -38.4
v -22.4 9.62 -38.4
v -22.4 11.7 -38.4
v -22.4 11.7 -38.4
v -22.4 9.62 -37.4
v -22.4 11.7 -37.4
v -21.4 9.62 -39.96
v -21.4 11.7 -38.4
v -23.96 12.78 -37.4
v -19.082 14.35 -38.217
v -19.179 14.6 -37.982
v -19.11 14.527 -38.148
v -18.483 14.6 -37.517
v -18.303 14.35 -37.697
v -18.356 14.527 -37.644
v -17.783 14.35 -36.918
v -18.018 14.6 -36.821
v -17.852 14.527 -36.89
v -17.855 14.6 -36
v -17.6 14.35 -36
v -17.675 14.527 -36
v -17.783 14.35 -35.082
v -18.018 14.6 -35.179
v -17.852 14.527 -35.11
v -18.303 14.35 -34.303
v -18.483 14.6 -34.483
v -18.356 14.527 -34.356
v -19.082 14.35 -33.783
v -19.179 14.6 -34.018
v -19.11 14.527 -33.852
v -20 14.35 -33.6
v -20 14.6 -33.855
v -20 14.527 -33.675
v -20.821 14.6 -34.018
v -20.918 14.35 -33.783
v -20.89 14.527 -33.852
v -21.697 14.35 -34.303
v -21.517 14.6 -34.483
v -21.644 14.527 -34.356
v -22.217 14.35 -35.082
v -21.982 14.6 -35.179
v -22.148 14.527 -35.11
v -22.4 14.35 -36
v -22.145 14.6 -36
v -22.325 14.527 -36
v -22.217 14.35 -36.918
v -21.982 14.6 -36.821
v -22.148 14.527 -36.89
v -21.517 14.6 -37.517
v -21.697 14.35 -37.697
v -21.644 14.527 -37.644
v -20.918 14.35 -38.217
v -20.821 14.6 -37.982
v -20.89 14.527 -38.148
v -20 14.35 -38.4
v -20 14.6 -38.145
v -20 14.527 -38.325
v -18.937 14.6 -34.986
v -18.836 14.6 -36
v -18.937 14.6 -37.014
v -20 14.6 -34.903
v -20 14.6 -36
v -20 14.6 -37.097
v -21.063 14.6 -34.986
v -21.164 14.6 -36
v -21.063 14.6 -37.014
v -20 12.93 -38.4
v -20 12.78 -38.553
v -20 12.824 -38.445
v -20.977 12.78 -38.359
v -20.918 12.93 -38.217
v -20.936 12.824 -38.259
v -21.805 12.78 -37.805
v -21.697 12.93 -37.697
v -21.729 12.824 -37.729
v -22.359 12.78 -36.977
v -22.217 12.93 -36.918
v -22.259 12.824 -36.936
v -22.553 12.78 -36
v -22.4 12.93 -36
v -22.445 12.824 -36
v -22.359 12.78 -35.023
v -22.217 12.93 -35.082
v -22.259 12.824 -35.064
v -21.805 12.78 -34.195
v -21.697 12.93 -34.303
v -21.729 12.824 -34.271
v -20.977 12.78 -33.641
v -20.918 12.93 -33.783
v -20.936 12.824 -33.741
v -20 12.78 -33.447
v -20 12.93 -33.6
v -20 12.824 -33.555
v -19.023 12.78 -33.641
v -19.082 12.93 -33.783
v -19.064 12.824 -33.741
v -18.195 12.78 -34.195
v -18.303 12.93 -34.303
v -18.271 12.824 -34.271
v -17.641 12.78 -35.023
v -17.783 12.93 -35.082
v -17.741 12.824 -35.064
v -17.447 12.78 -36
v -17.6 12.93 -36
v -17.555 12.824 -36
v -17.641 12.78 -36.977
v -17.783 12.93 -36.918
v -17.741 12.824 -36.936
v -18.195 12.78 -37.805
v -18.303 12.93 -37.697
v -18.271 12.824 -37.729
v -19.023 12.78 -38.359
v -19.082 12.93 -38.217
v -19.064 12.824 -38.259
v -11.082 14.35 -38.217
v -11.179 14.6 -37.982
v -11.11 14.527 -38.148
v -10.483 14.6 -37.517
v -10.303 14.35 -37.697
v -10.356 14.527 -37.644
v -9.783 14.35 -36.918
v -10.018 14.6 -36.821
v -9.852 14.527 -36.89
v -9.855 14.6 -36
v -9.6 14.35 -36
v -9.675 14.527 -36
v -9.783 14.35 -35.082
v -10.018 14.6 -35.179
v -9.852 14.527 -35.11
v -10.303 14.35 -34.303
v -10.483 14.6 -34.483
v -10.356 14.527 -34.356
v -11.082 14.35 -33.783
v -11.179 14.6 -34.018
v -11.11 14.527 -33.852
v -12 14.35 -33.6
v -12 14.6 -33.855
v -12 14.527 -33.675
v -12.821 14.6 -34.018
v -12.918 14.35 -33.783
v -12.89 14.527 -33.852
v -13.697 14.35 -34.303
v -13.517 14.6 -34.483
v -13.644 14.527 -34.356
v -14.217 14.35 -35.082
v -13.982 14.6 -35.179
v -14.148 14.527 -35.11
v -14.4 14.35 -36
v -14.145 14.6 -36
v -14.325 14.527 -36
v -14.217 14.35 -36.918
v -13.982 14.6 -36.821
v -14.148 14.527 -36.89
v -13.517 14.6 -37.517
v -13.697 14.35 -37.697
v -13.644 14.527 -37.644
v -12.918 14.35 -38.217
v -12.821 14.6 -37.982
v -12.89 14.527 -38.148
v -12 14.35 -38.4
v -12 14.6 -38.145
v -12 14.527 -38.325
v -10.937 14.6 -34.986
v -10.836 14.6 -36
v -10.937 14.6 -37.014
v -12 14.6 -34.903
v -12 14.6 -36
v -12 14.6 -37.097
v -13.063 14.6 -34.986
v -13.164 14.6 -36
v -13.063 14.6 -37.014
v -12 12.93 -38.4
v -12 12.78 -38.553
v -12 12.824 -38.445
v -12.977 12.78 -38.359
v -12.918 12.93 -38.217
v -12.936 12.824 -38.259
v -13.805 12.78 -37.805
v -13.697 12.93 -37.697
v -13.729 12.824 -37.729
v -14.359 12.78 -36.977
v -14.217 12.93 -36.918
v -14.259 12.824 -36.936
v -14.553 12.78 -36
v -14.4 12.93 -36
v -14.445 12.824 -36
v -14.359 12.78 -35.023
v -14.217 12.93 -35.082
v -14.259 12.824 -35.064
v -13.805 12.78 -34.195
v -13.697 12.93 -34.303
v -13.729 12.824 -34.271
v -12.977 12.78 -33.641
v -12.918 12.93 -33.783
v -12.936 12.824 -33.741
v -12 12.78 -33.447
v -12 12.93 -33.6
v -12 12.824 -33.555
v -11.023 12.78 -33.641
v -11.082 12.93 -33.783
v -11.064 12.824 -33.741
v -10.195 12.78 -34.195
v -10.303 12.93 -34.303
v -10.271 12.824 -34.271
v -9.641 12.78 -35.023
v -9.783 12.93 -35.082
v -9.741 12.824 -35.064
v -9.447 12.78 -36
v -9.6 12.93 -36
v -9.555 12.824 -36
v -9.641 12.78 -36.977
v -9.783 12.93 -36.918
v -9.741 12.824 -36.936
v -10.195 12.78 -37.805
v -10.303 12.93 -37.697
v -10.271 12.824 -37.729
v -11.023 12.78 -38.359
v -11.082 12.93 -38.217
v -11.064 12.824 -38.259
v -3.082 14.35 -38.217
v -3.179 14.6 -37.982
v -3.11 14.527 -38.148
v -2.483 14.6 -37.517
v -2.303 14.35 -37.697
v -2.356 14.527 -37.644
v -1.783 14.35 -36.918
v -2.018 14.6 -36.821
v -1.852 14.527 -36.89
v -1.855 14.6 -36
v -1.6 14.35 -36
v -1.675 14.527 -36
v -1.783 14.35 -35.082
v -2.018 14.6 -35.179
v -1.852 14.527 -35.11
v -2.303 14.35 -34.303
v -2.483 14.6 -34.483
v -2.356 14.527 -34.356
v -3.082 14.35 -33.783
v -3.179 14.6 -34.018
v -3.11 14.527 -33.852
v -4 14.35 -33.6
v -4 14.6 -33.855
v -4 14.527 -33.675
v -4.821 14.6 -34.018
v -4.918 14.35 -33.783
v -4.89 14.527 -33.852
v -5.697 14.35 -34.303
v -5.517 14.6 -34.483
v -5.644 14.527 -34.356
v -6.217 14.35 -35.082
v -5.982 14.6 -35.179
v -6.148 14.527 -35.11
v -6.4 14.35 -36
v -6.145 14.6 -36
v -6.325 14.527 -36
v -6.217 14.35 -36.918
v -5.982 14.6 -36.821
v -6.148 14.527 -36.89
v -5.517 14.6 -37.517
v -5.697 14.35 -37.697
v -5.644 14.527 -37.644
v -4.918 14.35 -38.217
v -4.821 14.6 -37.982
v -4.89 14.527 -38.148
v -4 14.35 -38.4
v -4 14.6 -38.145
v -4 14.527 -38.325
v -2.937 14.6 -34.986
v -2.836 14.6 -36
v -2.937 14.6 -37.014
v -4 14.6 -34.903
v -4 14.6 -36
v -4 14.6 -37.097
v -5.063 14.6 -34.986
v -5.164 14.6 -36
v -5.063 14.6 -37.014
v -4 12.93 -38.4
v -4 12.78 -38.553
v -4 12.824 -38.445
v -4.977 12.78 -38.359
v -4.918 12.93 -38.217
v -4.936 12.824 -38.259
v -5.805 12.78 -37.805
v -5.697 12.93 -37.697
v -5.729 12.824 -37.729
v -6.359 12.78 -36.977
v -6.217 12.93 -36.918
v -6.259 12.824 -36.936
v -6.553 12.78 -36
v -6.4 12.93 -36
v -6.445 12.824 -36
v -6.359 12.78 -35.023
v -6.217 12.93 -35.082
v -6.259 12.824 -35.064
v -5.805 12.78 -34.195
v -5.697 12.93 -34.303
v -5.729 12.824 -34.271
v -4.977 12.78 -33.641
v -4.918 12.93 -33.783
v -4.936 12.824 -33.741
v -4 12.78 -33.447
v -4 12.93 -33.6
v -4 12.824 -33.555
v -3.023 12.78 -33.641
v -3.082 12.93 -33.783
v -3.064 12.824 -33.741
v -2.195 12.78 -34.195
v -2.303 12.93 -34.303
v -2.271 12.824 -34.271
v -1.641 12.78 -35.023
v -1.783 12.93 -35.082
v -1.741 12.824 -35.064
v -1.447 12.78 -36
v -1.6 12.93 -36
v -1.555 12.824 -36
v -1.641 12.78 -36.977
v -1.783 12.93 -36.918
v -1.741 12.824 -36.936
v -2.195 12.78 -37.805
v -2.303 12.93 -37.697
v -2.271 12.824 -37.729
v -3.023 12.78 -38.359
v -3.082 12.93 -38.217
v -3.064 12.824 -38.259
v 4.918 14.35 -38.217
v 4.821 14.6 -37.982
v 4.89 14.527 -38.148
v 5.517 14.6 -37.517
v 5.697 14.35 -37.697
v 5.644 14.527 -37.644
v 6.217 14.35 -36.918
v 5.982 14.6 -36.821
v 6.148 14.527 -36.89
v 6.145 14.6 -36
v 6.4 14.35 -36
v 6.325 14.527 -36
v 6.217 14.35 -35.082
v 5.982 14.6 -35.179
v 6.148 14.527 -35.11
v 5.697 14.35 -34.303
v 5.517 14.6 -34.483
v 5.644 14.527 -34.356
v 4.918 14.35 -33.783
v 4.821 14.6 -34.018
v 4.89 14.527 -33.852
v 4 14.35 -33.6
v 4 14.6 -33.855
v 4 14.527 -33.675
v 3.179 14.6 -34.018
v 3.082 14.35 -33.783
v 3.11 14.527 -33.852
v 2.303 14.35 -34.303
v 2.483 14.6 -34.483
v 2.356 14.527 -34.356
v 1.783 14.35 -35.082
v 2.018 14.6 -35.179
v 1.852 14.527 -35.11
v 1.6 14.35 -36
v 1.855 14.6 -36
v 1.675 14.527 -36
v 1.783 14.35 -36.918
v 2.018 14.6 -36.821
v 1.852 14.527 -36.89
v 2.483 14.6 -37.517
v 2.303 14.35 -37.697
v 2.356 14.527 -37.644
v 3.082 14.35 -38.217
v 3.179 14.6 -37.982
v 3.11 14.527 -38.148
v 4 14.35 -38.4
v 4 14.6 -38.145
v 4 14.527 -38.325
v 5.063 14.6 -34.986
v 5.164 14.6 -36
v 5.063 14.6 -37.014
v 4 14.6 -34.903
v 4 14.6 -36
v 4 14.6 -37.097
v 2.937 14.6 -34.986
v 2.836 14.6 -36
v 2.937 14.6 -37.014
v 4 12.93 -38.4
v 4 12.78 -38.553
v 4 12.824 -38.445
v 3.023 12.78 -38.359
v 3.082 12.93 -38.217
v 3.064 12.824 -38.259
v 2.195 12.78 -37.805
v 2.303 12.93 -37.697
v 2.271 12.824 -37.729
v 1.641 12.78 -36.977
v 1.783 12.93 -36.918
v 1.741 12.824 -36.936
v 1.447 12.78 -36
v 1.6 12.93 -36
v 1.555 12.824 -36
v 1.641 12.78 -35.023
v 1.783 12.93 -35.082
v 1.741 12.824 -35.064
v 2.195 12.78 -34.195
v 2.303 12.93 -34.303
v 2.271 12.824 -34.271
v 3.023 12.78 -33.641
v 3.082 12.93 -33.783
v 3.064 12.824 -33.741
v 4 12.78 -33.447
v 4 12.93 -33.6
v 4 12.824 -33.555
v 4.977 12.78 -33.641
v 4.918 12.93 -33.783
v 4.936 12.824 -33.741
v 5.805 12.78 -34.195
v 5.697 12.93 -34.303
v 5.729 12.824 -34.271
v 6.359 12.78 -35.023
v 6.217 12.93 -35.082
v 6.259 12.824 -35.064
v 6.553 12.78 -36
v 6.4 12.93 -36
v 6.445 12.824 -36
v 6.359 12.78 -36.977
v 6.217 12.93 -36.918
v 6.259 12.824 -36.936
v 5.805 12.78 -37.805
v 5.697 12.93 -37.697
v 5.729 12.824 -37.729
v 4.977 12.78 -38.359
v 4.918 12.93 -38.217
v 4.936 12.824 -38.259
v 12.918 14.35 -38.217
v 12.821 14.6 -37.982
v 12.89 14.527 -38.148
v 13.517 14.6 -37.517
v 13.697 14.35 -37.697
v 13.644 14.527 -37.644
v 14.217 14.35 -36.918
v 13.982 14.6 -36.821
v 14.148 14.527 -36.89
v 14.145 14.6 -36
v 14.4 14.35 -36
v 14.325 14.527 -36
v 14.217 14.35 -35.082
v 13.982 14.6 -35.179
v 14.148 14.527 -35.11
v 13.697 14.35 -34.303
v 13.517 14.6 -34.483
v 13.644 14.527 -34.356
v 12.918 14.35 -33.783
v 12.821 14.6 -34.018
v 12.89 14.527 -33.852
v 12 14.35 -33.6
v 12 14.6 -33.855
v 12 14.527 -33.675
v 11.179 14.6 -34.018
v 11.082 14.35 -33.783
v 11.11 14.527 -33.852
v 10.303 14.35 -34.303
v 10.483 14.6 -34.483
v 10.356 14.527 -34.356
v 9.783 14.35 -35.082
v 10.018 14.6 -35.179
v 9.852 14.527 -35.11
v 9.6 14.35 -36
v 9.855 14.6 -36
v 9.675 14.527 -36
v 9.783 14.35 -36.918
v 10.018 14.6 -36.821
v 9.852 14.527 -36.89
v 10.483 14.6 -37.517
v 10.303 14.35 -37.697
v 10.356 14.527 -37.644
v 11.082 14.35 -38.217
v 11.179 14.6 -37.982
v 11.11 14.527 -38.148
v 12 14.35 -38.4
v 12 14.6 -38.145
v 12 14.527 -38.325
v 13.063 14.6 -34.986
v 13.164 14.6 -36
v 13.063 14.6 -37.014
v 12 14.6 -34.903
v 12 14.6 -36
v 12 14.6 -37.097
v 10.937 14.6 -34.986
v 10.836 14.6 -36
v 10.937 14.6 -37.014
v 12 12.93 -38.4
v 12 12.78 -38.553
v 12 12.824 -38.445
v 11.023 12.78 -38.359
v 11.082 12.93 -38.217
v 11.064 12.824 -38.259
v 10.195 12.78 -37.805
v 10.303 12.93 -37.697
v 10.271 12.824 -37.729
v 9.641 12.78 -36.977
v 9.783 12.93 -36.918
v 9.741 12.824 -36.936
v 9.447 12.78 -36
v 9.6 12.93 -36
v 9.555 12.824 -36
v 9.641 12.78 -35.023
v 9.783 12.93 -35.082
v 9.741 12.824 -35.064
v 10.195 12.78 -34.195
v 10.303 12.93 -34.303
v 10.271 12.824 -34.271
v 11.023 12.78 -33.641
v 11.082 12.93 -33.783
v 11.064 12.824 -33.741
v 12 12.78 -33.447
v 12 12.93 -33.6
v 12 12.824 -33.555
v 12.977 12.78 -33.641
v 12.918 12.93 -33.783
v 12.936 12.824 -33.741
v 13.805 12.78 -34.195
v 13.697 12.93 -34.303
v 13.729 12.824 -34.271
v 14.359 12.78 -35.023
v 14.217 12.93 -35.082
v 14.259 12.824 -35.064
v 14.553 12.78 -36
v 14.4 12.93 -36
v 14.445 12.824 -36
v 14.359 12.78 -36.977
v 14.217 12.93 -36.918
v 14.259 12.824 -36.936
v 13.805 12.78 -37.805
v 13.697 12.93 -37.697
v 13.729 12.824 -37.729
v 12.977 12.78 -38.359
v 12.918 12.93 -38.217
v 12.936 12.824 -38.259
v 20.918 14.35 -38.217
v 20.821 14.6 -37.982
v 20.89 14.527 -38.148
v 21.517 14.6 -37.517
v 21.697 14.35 -37.697
v 21.644 14.527 -37.644
v 22.217 14.35 -36.918
v 21.982 14.6 -36.821
v 22.148 14.527 -36.89
v 22.145 14.6 -36
v 22.4 14.35 -36
v 22.325 14.527 -36
v 22.217 14.35 -35.082
v 21.982 14.6 -35.179
v 22.148 14.527 -35.11
v 21.697 14.35 -34.303
v 21.517 14.6 -34.483
v 21.644 14.527 -34.356
v 20.918 14.35 -33.783
v 20.821 14.6 -34.018
v 20.89 14.527 -33.852
v 20 14.35 -33.6
v 20 14.6 -33.855
v 20 14.527 -33.675
v 19.179 14.6 -34.018
v 19.082 14.35 -33.783
v 19.11 14.527 -33.852
v 18.303 14.35 -34.303
v 18.483 14.6 -34.483
v 18.356 14.527 -34.356
v 17.783 14.35 -35.082
v 18.018 14.6 -35.179
v 17.852 14.527 -35.11
v 17.6 14.35 -36
v 17.855 14.6 -36
v 17.675 14.527 -36
v 17.783 14.35 -36.918
v 18.018 14.6 -36.821
v 17.852 14.527 -36.89
v 18.483 14.6 -37.517
v 18.303 14.35 -37.697
v 18.356 14.527 -37.644
v 19.082 14.35 -38.217
v 19.179 14.6 -37.982
v 19.11 14.527 -38.148
v 20 14.35 -38.4
v 20 14.6 -38.145
v 20 14.527 -38.325
v 21.063 14.6 -34.986
v 21.164 14.6 -36
v 21.063 14.6 -37.014
v 20 14.6 -34.903
v 20 14.6 -36
v 20 14.6 -37.097
v 18.937 14.6 -34.986
v 18.836 14.6 -36
v 18.937 14.6 -37.014
v 20 12.93 -38.4
v 20 12.78 -38.553
v 20 12.824 -38.445
v 19.023 12.78 -38.359
v 19.082 12.93 -38.217
v 19.064 12.824 -38.259
v 18.195 12.78 -37.805
v 18.303 12.93 -37.697
v 18.271 12.824 -37.729
v 17.641 12.78 -36.977
v 17.783 12.93 -36.918
v 17.741 12.824 -36.936
v 17.447 12.78 -36
v 17.6 12.93 -36
v 17.555 12.824 -36
v 17.641 12.78 -35.023
v 17.783 12.93 -35.082
v 17.741 12.824 -35.064
v 18.195 12.78 -34.195
v 18.303 12.93 -34.303
v 18.271 12.824 -34.271
v 19.023 12.78 -33.641
v 19.082 12.93 -33.783
v 19.064 12.824 -33.741
v 20 12.78 -33.447
v 20 12.93 -33.6
v 20 12.824 -33.555
v 20.977 12.78 -33.641
v 20.918 12.93 -33.783
v 20.936 12.824 -33.741
v 21.805 12.78 -34.195
v 21.697 12.93 -34.303
v 21.729 12.824 -34.271
v 22.359 12.78 -35.023
v 22.217 12.93 -35.082
v 22.259 12.824 -35.064
v 22.553 12.78 -36
v 22.4 12.93 -36
v 22.445 12.824 -36
v 22.359 12.78 -36.977
v 22.217 12.93 -36.918
v 22.259 12.824 -36.936
v 21.805 12.78 -37.805
v 21.697 12.93 -37.697
v 21.729 12.824 -37.729
v 20.977 12.78 -38.359
v 20.918 12.93 -38.217
v 20.936 12.824 -38.259
v -19.082 14.35 -30.217
v -19.179 14.6 -29.982
v -19.11 14.527 -30.148
v -18.483 14.6 -29.517
v -18.303 14.35 -29.697
v -18.356 14.527 -29.644
v -17.783 14.35 -28.918
v -18.018 14.6 -28.821
v -17.852 14.527 -28.89
v -17.855 14.6 -28
v -17.6 14.35 -28
v -17.675 14.527 -28
v -17.783 14.35 -27.082
v -18.018 14.6 -27.179
v -17.852 14.527 -27.11
v -18.303 14.35 -26.303
v -18.483 14.6 -26.483
v -18.356 14.527 -26.356
v -19.082 14.35 -25.783
v -19.179 14.6 -26.018
v -19.11 14.527 -25.852
v -20 14.35 -25.6
v -20 14.6 -25.855
v -20 14.527 -25.675
v -20.821 14.6 -26.018
v -20.918 14.35 -25.783
v -20.89 14.527 -25.852
v -21.697 14.35 -26.303
v -21.517 14.6 -26.483
v -21.644 14.527 -26.356
v -22.217 14.35 -27.082
v -21.982 14.6 -27.179
v -22.148 14.527 -27.11
v -22.4 14.35 -28
v -22.145 14.6 -28
v -22.325 14.527 -28
v -22.217 14.35 -28.918
v -21.982 14.6 -28.821
v -22.148 14.527 -28.89
v -21.517 14.6 -29.517
v -21.697 14.35 -29.697
v -21.644 14.527 -29.644
v -20.918 14.35 -30.217
v -20.821 14.6 -29.982
v -20.89 14.527 -30.148
v -20 14.35 -30.4
v -20 14.6 -30.145
v -20 14.527 -30.325
v -18.937 14.6 -26.986
v -18.836 14.6 -28
v -18.937 14.6 -29.014
v -20 14.6 -26.903
v -20 14.6 -28
v -20 14.6 -29.097
v -21.063 14.6 -26.986
v -21.164 14.6 -28
v -21.063 14.6 -29.014
v -20 12.93 -30.4
v -20 12.78 -30.553
v -20 12.824 -30.445
v -20.977 12.78 -30.359
v -20.918 12.93 -30.217
v -20.936 12.824 -30.259
v -21.805 12.78 -29.805
v -21.697 12.93 -29.697
v -21.729 12.824 -29.729
v -22.359 12.78 -28.977
v -22.217 12.93 -28.918
v -22.259 12.824 -28.936
v -22.553 12.78 -28
v -22.4 12.93 -28
v -22.445 12.824 -28
v -22.359 12.78 -27.023
v -22.217 12.93 -27.082
v -22.259 12.824 -27.064
v -21.805 12.78 -26.195
v -21.697 12.93 -26.303
v -21.729 12.824 -26.271
v -20.977 12.78 -25.641
v -20.918 12.93 -25.783
v -20.936 12.824 -25.741
v -20 12.78 -25.447
v -20 12.93 -25.6
v -20 12.824 -25.555
v -19.023 12.78 -25.641
v -19.082 12.93 -25.783
v -19.064 12.824 -25.741
v -18.195 12.78 -26.195
v -18.303 12.93 -26.303
v -18.271 12.824 -26.271
v -17.641 12.78 -27.023
v -17.783 12.93 -27.082
v -17.741 12.824 -27.064
v -17.447 12.78 -28
v -17.6 12.93 -28
v -17.555 12.824 -28
v -17.641 12.78 -28.977
v -17.783 12.93 -28.918
v -17.741 12.824 -28.936
v -18.195 12.78 -29.805
v -18.303 12.93 -29.697
v -18.271 12.824 -29.729
v -19.023 12.78 -30.359
v -19.082 12.93 -30.217
v -19.064 12.824 -30.259
v -11.082 14.35 -30.217
v -11.179 14.6 -29.982
v -11.11 14.527 -30.148
v -10.483 14.6 -29.517
v -10.303 14.35 -29.697
v -10.356 14.527 -29.644
v -9.783 14.35 -28.918
v -10.018 14.6 -28.821
v -9.852 14.527 -28.89
v -9.855 14.6 -28
v -9.6 14.35 -28
v -9.675 14.527 -28
v -9.783 14.35 -27.082
v -10.018 14.6 -27.179
v -9.852 14.527 -27.11
v -10.303 14.35 -26.303
v -10.483 14.6 -26.483
v -10.356 14.527 -26.356
v -11.082 14.35 -25.783
v -11.179 14.6 -26.018
v -11.11 14.527 -25.852
v -12 14.35 -25.6
v -12 14.6 -25.855
v -12 14.527 -25.675
v -12.821 14.6 -26.018
v -12.918 14.35 -25.783
v -12.89 14.527 -25.852
v -13.697 14.35 -26.303
v -13.517 14.6 -26.483
v -13.644 14.527 -26.356
v -14.217 14.35 -27.082
v -13.982 14.6 -27.179
v -14.148 14.527 -27.11
v -14.4 14.35 -28
v -14.145 14.6 -28
v -14.325 14.527 -28
v -14.217 14.35 -28.918
v -13.982 14.6 -28.821
v -14.148 14.527 -28.89
v -13.517 14.6 -29.517
v -13.697 14.35 -29.697
v -13.644 14.527 -29.644
v -12.918 14.35 -30.217
v -12.821 14.6 -29.982
v -12.89 14.527 -30.148
v -12 14.35 -30.4
v -12 14.6 -30.145
v -12 14.527 -30.325
v -10.937 14.6 -26.986
v -10.836 14.6 -28
v -10.937 14.6 -29.014
v -12 14.6 -26.903
v -12 14.6 -28
v -12 14.6 -29.097
v -13.063 14.6 -26.986
v -13.164 14.6 -28
v -13.063 14.6 -29.014
v -12 12.93 -30.4
v -12 12.78 -30.553
v -12 12.824 -30.445
v -12.977 12.78 -30.359
v -12.918 12.93 -30.217
v -12.936 12.824 -30.259
v -13.805 12.78 -29.805
v -13.697 12.93 -29.697
v -13.729 12.824 -29.729
v -14.359 12.78 -28.977
v -14.217 12.93 -28.918
v -14.259 12.824 -28.936
v -14.553 12.78 -28
v -14.4 12.93 -28
v -14.445 12.824 -28
v -14.359 12.78 -27.023
v -14.217 12.93 -27.082
v -14.259 12.824 -27.064
v -13.805 12.78 -26.195
v -13.697 12.93 -26.303
v -13.729 12.824 -26.271
v -12.977 12.78 -25.641
v -12.918 12.93 -25.783
v -12.936 12.824 -25.741
v -12 12.78 -25.447
v -12 12.93 -25.6
v -12 12.824 -25.555
v -11.023 12.78 -25.641
v -11.082 12.93 -25.783
v -11.064 12.824 -25.741
v -10.195 12.78 -26.195
v -10.303 12.93 -26.303
v -10.271 12.824 -26.271
v -9.641 12.78 -27.023
v -9.783 12.93 -27.082
v -9.741 12.824 -27.064
v -9.447 12.78 -28
v -9.6 12.93 -28
v -9.555 12.824 -28
v -9.641 12.78 -28.977
v -9.783 12.93 -28.918
v -9.741 12.824 -28.936
v -10.195 12.78 -29.805
v -10.303 12.93 -29.697
v -10.271 12.824 -29.729
v -11.023 12.78 -30.359
v -11.082 12.93 -30.217
v -11.064 12.824 -30.259
v -3.082 14.35 -30.217
v -3.179 14.6 -29.982
v -3.11 14.527 -30.148
v -2.483 14.6 -29.517
v -2.303 14.35 -29.697
v -2.356 14.527 -29.644
v -1.783 14.35 -28.918
v -2.018 14.6 -28.821
v -1.852 14.527 -28.89
v -1.855 14.6 -28
v -1.6 14.35 -28
v -1.675 14.527 -28
v -1.783 14.35 -27.082
v -2.018 14.6 -27.179
v -1.852 14.527 -27.11
v -2.303 14.35 -26.303
v -2.483 14.6 -26.483
v -2.356 14.527 -26.356
v -3.082 14.35 -25.783
v -3.179 14.6 -26.018
v -3.11 14.527 -25.852
v -4 14.35 -25.6
v -4 14.6 -25.855
v -4 14.527 -25.675
v -4.821 14.6 -26.018
v -4.918 14.35 -25.783
v -4.89 14.527 -25.852
v -5.697 14.35 -26.303
v -5.517 14.6 -26.483
v -5.644 14.527 -26.356
v -6.217 14.35 -27.082
v -5.982 14.6 -27.179
v -6.148 14.527 -27.11
v -6.4 14.35 -28
v -6.145 14.6 -28
v -6.325 14.527 -28
v -6.217 14.35 -28.918
v -5.982 14.6 -28.821
v -6.148 14.527 -28.89
v -5.517 14.6 -29.517
v -5.697 14.35 -29.697
v -5.644 14.527 -29.644
v -4.918 14.35 -30.217
v -4.821 14.6 -29.982
v -4.89 14.527 -30.148
v -4 14.35 -30.4
v -4 14.6 -30.145
v -4 14.527 -30.325
v -2.937 14.6 -26.986
v -2.836 14.6 -28
v -2.937 14.6 -29.014
v -4 14.6 -26.903
v -4 14.6 -28
v -4 14.6 -29.097
v -5.063 14.6 -26.986
v -5.164 14.6 -28
v -5.063 14.6 -29.014
v -4 12.93 -30.4
v -4 12.78 -30.553
v -4 12.824 -30.445
v -4.977 12.78 -30.359
v -4.918 12.93 -30.217
v -4.936 12.824 -30.259
v -5.805 12.78 -29.805
v -5.697 12.93 -29.697
v -5.729 12.824 -29.729
v -6.359 12.78 -28.977
v -6.217 12.93 -28.918
v -6.259 12.824 -28.936
v -6.553 12.78 -28
v -6.4 12.93 -28
v -6.445 12.824 -28
v -6.359 12.78 -27.023
v -6.217 12.93 -27.082
v -6.259 12.824 -27.064
v -5.805 12.78 -26.195
v -5.697 12.93 -26.303
v -5.729 12.824 -26.271
v -4.977 12.78 -25.641
v -4.918 12.93 -25.783
v -4.936 12.824 -25.741
v -4 12.78 -25.447
v -4 12.93 -25.6
v -4 12.824 -25.555
v -3.023 12.78 -25.641
v -3.082 12.93 -25.783
v -3.064 12.824 -25.741
v -2.195 12.78 -26.195
v -2.303 12.93 -26.303
v -2.271 12.824 -26.271
v -1.641 12.78 -27.023
v -1.783 12.93 -27.082
v -1.741 12.824 -27.064
v -1.447 12.78 -28
v -1.6 12.93 -28
v -1.555 12.824 -28
v -1.641 12.78 -28.977
v -1.783 12.93 -28.918
v -1.741 12.824 -28.936
v -2.195 12.78 -29.805
v -2.303 12.93 -29.697
v -2.271 12.824 -29.729
v -3.023 12.78 -30.359
v -3.082 12.93 -30.217
v -3.064 12.824 -30.259
v 4.918 14.35 -30.217
v 4.821 14.6 -29.982
v 4.89 14.527 -30.148
v 5.517 14.6 -29.517
v 5.697 14.35 -29.697
v 5.644 14.527 -29.644
v 6.217 14.35 -28.918
v 5.982 14.6 -28.821
v 6.148 14.527 -28.89
v 6.145 14.6 -28
v 6.4 14.35 -28
v 6.325 14.527 -28
v 6.217 14.35 -27.082
v 5.982 14.6 -27.179
v 6.148 14.527 -27.11
v 5.697 14.35 -26.303
v 5.517 14.6 -26.483
v 5.644 14.527 -26.356
v 4.918 14.35 -25.783
v 4.821 14.6 -26.018
v 4.89 14.527 -25.852
v 4 14.35 -25.6
v 4 14.6 -25.855
v 4 14.527 -25.675
v 3.179 14.6 -26.018
v 3.082 14.35 -25.783
v 3.11 14.527 -25.852
v 2.303 14.35 -26.303
v 2.483 14.6 -26.483
v 2.356 14.527 -26.356
v 1.783 14.35 -27.082
v 2.018 14.6 -27.179
v 1.852 14.527 -27.11
v 1.6 14.35 -28
v 1.855 14.6 -28
v 1.675 14.527 -28
v 1.783 14.35 -28.918
v 2.018 14.6 -28.821
v 1.852 14.527 -28.89
v 2.483 14.6 -29.517
v 2.303 14.35 -29.697
v 2.356 14.527 -29.644
v 3.082 14.35 -30.217
v 3.179 14.6 -29.982
v 3.11 14.527 -30.148
v 4 14.35 -30.4
v 4 14.6 -30.145
v 4 14.527 -30.325
v 5.063 14.6 -26.986
v 5.164 14.6 -28
v 5.063 14.6 -29.014
v 4 14.6 -26.903
v 4 14.6 -28
v 4 14.6 -29.097
v 2.937 14.6 -26.986
v 2.836 14.6 -28
v 2.937 14.6 -29.014
v 4 12.93 -30.4
v 4 12.78 -30.553
v 4 12.824 -30.445
v 3.023 12.78 -30.359
v 3.082 12.93 -30.217
v 3.064 12.824 -30.259
v 2.195 12.78 -29.805
v 2.303 12.93 -29.697
v 2.271 12.824 -29.729
v 1.641 12.78 -28.977
v 1.783 12.93 -28.918
v 1.741 12.824 -28.936
v 1.447 12.78 -28
v 1.6 12.93 -28
v 1.555 12.824 -28
v 1.641 12.78 -27.023
v 1.783 12.93 -27.082
v 1.741 12.824 -27.064
v 2.195 12.78 -26.195
v 2.303 12.93 -26.303
v 2.271 12.824 -26.271
v 3.023 12.78 -25.641
v 3.082 12.93 -25.783
v 3.064 12.824 -25.741
v 4 12.78 -25.447
v 4 12.93 -25.6
v 4 12.824 -25.555
v 4.977 12.78 -25.641
v 4.918 12.93 -25.783
v 4.936 12.824 -25.741
v 5.805 12.78 -26.195
v 5.697 12.93 -26.303
v 5.729 12.824 -26.271
v 6.359 12.78 -27.023
v 6.217 12.93 -27.082
v 6.259 12.824 -27.064
v 6.553 12.78 -28
v 6.4 12.93 -28
v 6.445 12.824 -28
v 6.359 12.78 -28.977
v 6.217 12.93 -28.918
v 6.259 12.824 -28.936
v 5.805 12.78 -29.805
v 5.697 12.93 -29.697
v 5.729 12.824 -29.729
v 4.977 12.78 -30.359
v 4.918 12.93 -30.217
v 4.936 12.824 -30.259
v 12.918 14.35 -30.217
v 12.821 14.6 -29.982
v 12.89 14.527 -30.148
v 13.517 14.6 -29.517
v 13.697 14.35 -29.697
v 13.644 14.527 -29.644
v 14.217 14.35 -28.918
v 13.982 14.6 -28.821
v 14.148 14.527 -28.89
v 14.145 14.6 -28
v 14.4 14.35 -28
v 14.325 14.527 -28
v 14.217 14.35 -27.082
v 13.982 14.6 -27.179
v 14.148 14.527 -27.11
v 13.697 14.35 -26.303
v 13.517 14.6 -26.483
v 13.644 14.527 -26.356
v 12.918 14.35 -25.783
v 12.821 14.6 -26.018
v 12.89 14.527 -25.852
v 12 14.35 -25.6
v 12 14.6 -25.855
v 12 14.527 -25.675
v 11.179 14.6 -26.018
v 11.082 14.35 -25.783
v 11.11 14.527 -25.852
v 10.303 14.35 -26.303
v 10.483 14.6 -26.483
v 10.356 14.527 -26.356
v 9.783 14.35 -27.082
v 10.018 14.6 -27.179
v 9.852 14.527 -27.11
v 9.6 14.35 -28
v 9.855 14.6 -28
v 9.675 14.527 -28
v 9.783 14.35 -28.918
v 10.018 14.6 -28.821
v 9.852 14.527 -28.89
v 10.483 14.6 -29.517
v 10.303 14.35 -29.697
v 10.356 14.527 -29.644
v 11.082 14.35 -30.217
v 11.179 14.6 -29.982
v 11.11 14.527 -30.148
v 12 14.35 -30.4
v 12 14.6 -30.145
v 12 14.527 -30.325
v 13.063 14.6 -26.986
v 13.164 14.6 -28
v 13.063 14.6 -29.014
v 12 14.6 -26.903
v 12 14.6 -28
v 12 14.6 -29.097
v 10.937 14.6 -26.986
v 10.836 14.6 -28
v 10.937 14.6 -29.014
v 12 12.93 -30.4
v 12 12.78 -30.553
v 12 12.824 -30.445
v 11.023 12.78 -30.359
v 11.082 12.93 -30.217
v 11.064 12.824 -30.259
v 10.195 12.78 -29.805
v 10.303 12.93 -29.697
v 10.271 12.824 -29.729
v 9.641 12.78 -28.977
v 9.783 12.93 -28.918
v 9.741 12.824 -28.936
v 9.447 12.78 -28
v 9.6 12.93 -28
v 9.555 12.824 -28
v 9.641 12.78 -27.023
v 9.783 12.93 -27.082
v 9.741 12.824 -27.064
v 10.195 12.78 -26.195
v 10.303 12.93 -26.303
v 10.271 12.824 -26.271
v 11.023 12.78 -25.641
v 11.082 12.93 -25.783
v 11.064 12.824 -25.741
v 12 12.78 -25.447
v 12 12.93 -25.6
v 12 12.824 -25.555
v 12.977 12.78 -25.641
v 12.918 12.93 -25.783
v 12.936 12.824 -25.741
v 13.805 12.78 -26.195
v 13.697 12.93 -26.303
v 13.729 12.824 -26.271
v 14.359 12.78 -27.023
v 14.217 12.93 -27.082
v 14.259 12.824 -27.064
v 14.553 12.78 -28
v 14.4 12.93 -28
v 14.445 12.824 -28
v 14.359 12.78 -28.977
v 14.217 12.93 -28.918
v 14.259 12.824 -28.936
v 13.805 12.78 -29.805
v 13.697 12.93 -29.697
v 13.729 12.824 -29.729
v 12.977 12.78 -30.359
v 12.918 12.93 -30.217
v 12.936 12.824 -30.259
v 20.918 14.35 -30.217
v 20.821 14.6 -29.982
v 20.89 14.527 -30.148
v 21.517 14.6 -29.517
v 21.697 14.35 -29.697
v 21.644 14.527 -29.644
v 22.217 14.35 -28.918
v 21.982 14.6 -28.821
v 22.148 14.527 -28.89
v 22.145 14.6 -28
v 22.4 14.35 -28
v 22.325 14.527 -28
v 22.217 14.35 -27.082
v 21.982 14.6 -27.179
v 22.148 14.527 -27.11
v 21.697 14.35 -26.303
v 21.517 14.6 -26.483
v 21.644 14.527 -26.356
v 20.918 14.35 -25.783
v 20.821 14.6 -26.018
v 20.89 14.527 -25.852
v 20 14.35 -25.6
v 20 14.6 -25.855
v 20 14.527 -25.675
v 19.179 14.6 -26.018
v 19.082 14.35 -25.783
v 19.11 14.527 -25.852
v 18.303 14.35 -26.303
v 18.483 14.6 -26.483
v 18.356 14.527 -26.356
v 17.783 14.35 -27.082
v 18.018 14.6 -27.179
v 17.852 14.527 -27.11
v 17.6 14.35 -28
v 17.855 14.6 -28
v 17.675 14.527 -28
v 17.783 14.35 -28.918
v 18.018 14.6 -28.821
v 17.852 14.527 -28.89
v 18.483 14.6 -29.517
v 18.303 14.35 -29.697
v 18.356 14.527 -29.644
v 19.082 14.35 -30.217
v 19.179 14.6 -29.982
v 19.11 14.527 -30.148
v 20 14.35 -30.4
v 20 14.6 -30.145
v 20 14.527 -30.325
v 21.063 14.6 -26.986
v 21.164 14.6 -28
v 21.063 14.6 -29.014
v 20 14.6 -26.903
v 20 14.6 -28
v 20 14.6 -29.097
v 18.937 14.6 -26.986
v 18.836 14.6 -28
v 18.937 14.6 -29.014
v 20 12.93 -30.4
v 20 12.78 -30.553
v 20 12.824 -30.445
v 19.023 12.78 -30.359
v 19.082 12.93 -30.217
v 19.064 12.824 -30.259
v 18.195 12.78 -29.805
v 18.303 12.93 -29.697
v 18.271 12.824 -29.729
v 17.641 12.78 -28.977
v 17.783 12.93 -28.918
v 17.741 12.824 -28.936
v 17.447 12.78 -28
v 17.6 12.93 -28
v 17.555 12.824 -28
v 17.641 12.78 -27.023
v 17.783 12.93 -27.082
v 17.741 12.824 -27.064
v 18.195 12.78 -26.195
v 18.303 12.93 -26.303
v 18.271 12.824 -26.271
v 19.023 12.78 -25.641
v 19.082 12.93 -25.783
v 19.064 12.824 -25.741
v 20 12.78 -25.447
v 20 12.93 -25.6
v 20 12.824 -25.555
v 20.977 12.78 -25.641
v 20.918 12.93 -25.783
v 20.936 12.824 -25.741
v 21.805 12.78 -26.195
v 21.697 12.93 -26.303
v 21.729 12.824 -26.271
v 22.359 12.78 -27.023
v 22.217 12.93 -27.082
v 22.259 12.824 -27.064
v 22.553 12.78 -28
v 22.4 12.93 -28
v 22.445 12.824 -28
v 22.359 12.78 -28.977
v 22.217 12.93 -28.918
v 22.259 12.824 -28.936
v 21.805 12.78 -29.805
v 21.697 12.93 -29.697
v 21.729 12.824 -29.729
v 20.977 12.78 -30.359
v 20.918 12.93 -30.217
v 20.936 12.824 -30.259
v -16 11.7 -35.25
v -17.244 11.7 -35.003
v -18.298 11.7 -34.298
v -19.003 11.7 -33.244
v -19.25 11.7 -32
v -19.003 11.7 -30.756
v -18.298 11.7 -29.702
v -17.244 11.7 -28.997
v -16 11.7 -28.75
v -14.756 11.7 -28.997
v -13.702 11.7 -29.702
v -12.997 11.7 -30.756
v -12.75 11.7 -32
v -12.997 11.7 -33.244
v -13.702 11.7 -34.298
v -14.756 11.7 -35.003
v -16 11.7 -34.4
v -16.918 11.7 -34.217
v -17.697 11.7 -33.697
v -18.217 11.7 -32.918
v -18.4 11.7 -32
v -18.217 11.7 -31.082
v -17.697 11.7 -30.303
v -16.918 11.7 -29.783
v -16 11.7 -29.6
v -15.082 11.7 -29.783
v -14.303 11.7 -30.303
v -13.783 11.7 -31.082
v -13.6 11.7 -32
v -13.783 11.7 -32.918
v -14.303 11.7 -33.697
v -15.082 11.7 -34.217
v -16 9.77 -35.25
v -16 9.62 -35.097
v -16 9.664 -35.205
v -17.185 9.62 -34.861
v -17.244 9.77 -35.003
v -17.227 9.664 -34.961
v -18.19 9.62 -34.19
v -18.298 9.77 -34.298
v -18.266 9.664 -34.266
v -18.861 9.62 -33.185
v -19.003 9.77 -33.244
v -18.961 9.664 -33.227
v -19.097 9.62 -32
v -19.25 9.77 -32
v -19.205 9.664 -32
v -18.861 9.62 -30.815
v -19.003 9.77 -30.756
v -18.961 9.664 -30.773
v -18.19 9.62 -29.81
v -18.298 9.77 -29.702
v -18.266 9.664 -29.734
v -17.185 9.62 -29.139
v -17.244 9.77 -28.997
v -17.227 9.664 -29.039
v -16 9.62 -28.903
v -16 9.77 -28.75
v -16 9.664 -28.795
v -14.815 9.62 -29.139
v -14.756 9.77 -28.997
v -14.773 9.664 -29.039
v -13.81 9.62 -29.81
v -13.702 9.77 -29.702
v -13.734 9.664 -29.734
v -13.139 9.62 -30.815
v -12.997 9.77 -30.756
v -13.039 9.664 -30.773
v -12.903 9.62 -32
v -12.75 9.77 -32
v -12.795 9.664 -32
v -13.139 9.62 -33.185
v -12.997 9.77 -33.244
v -13.039 9.664 -33.227
v -13.81 9.62 -34.19
v -13.702 9.77 -34.298
v -13.734 9.664 -34.266
v -14.815 9.62 -34.861
v -14.756 9.77 -35.003
v -14.773 9.664 -34.961
v -16 9.62 -34.553
v -16 9.77 -34.4
v -16 9.664 -34.445
v -16.918 9.77 -34.217
v -16.977 9.62 -34.359
v -16.936 9.664 -34.259
v -17.697 9.77 -33.697
v -17.805 9.62 -33.805
v -17.729 9.664 -33.729
v -18.217 9.77 -32.918
v -18.359 9.62 -32.977
v -18.259 9.664 -32.936
v -18.4 9.77 -32
v -18.553 9.62 -32
v -18.445 9.664 -32
v -18.217 9.77 -31.082
v -18.359 9.62 -31.023
v -18.259 9.664 -31.064
v -17.697 9.77 -30.303
v -17.805 9.62 -30.195
v -17.729 9.664 -30.271
v -16.918 9.77 -29.783
v -16.977 9.62 -29.641
v -16.936 9.664 -29.741
v -16 9.77 -29.6
v -16 9.62 -29.447
v -16 9.664 -29.555
v -15.082 9.77 -29.783
v -15.023 9.62 -29.641
v -15.064 9.664 -29.741
v -14.303 9.77 -30.303
v -14.195 9.62 -30.195
v -14.271 9.664 -30.271
v -13.783 9.77 -31.082
v -13.641 9.62 -31.023
v -13.741 9.664 -31.064
v -13.6 9.77 -32
v -13.447 9.62 -32
v -13.555 9.664 -32
v -13.783 9.77 -32.918
v -13.641 9.62 -32.977
v -13.741 9.664 -32.936
v -14.303 9.77 -33.697
v -14.195 9.62 -33.805
v -14.271 9.664 -33.729
v -15.082 9.77 -34.217
v -15.023 9.62 -34.359
v -15.064 9.664 -34.259
v -8 11.7 -35.25
v -9.244 11.7 -35.003
v -10.298 11.7 -34.298
v -11.003 11.7 -33.244
v -11.25 11.7 -32
v -11.003 11.7 -30.756
v -10.298 11.7 -29.702
v -9.244 11.7 -28.997
v -8 11.7 -28.75
v -6.756 11.7 -28.997
v -5.702 11.7 -29.702
v -4.997 11.7 -30.756
v -4.75 11.7 -32
v -4.997 11.7 -33.244
v -5.702 11.7 -34.298
v -6.756 11.7 -35.003
v -8 11.7 -34.4
v -8.918 11.7 -34.217
v -9.697 11.7 -33.697
v -10.217 11.7 -32.918
v -10.4 11.7 -32
v -10.217 11.7 -31.082
v -9.697 11.7 -30.303
v -8.918 11.7 -29.783
v -8 11.7 -29.6
v -7.082 11.7 -29.783
v -6.303 11.7 -30.303
v -5.783 11.7 -31.082
v -5.6 11.7 -32
v -5.783 11.7 -32.918
v -6.303 11.7 -33.697
v -7.082 11.7 -34.217
v -8 9.77 -35.25
v -8 9.62 -35.097
v -8 9.664 -35.205
v -9.185 9.62 -34.861
v -9.244 9.77 -35.003
v -9.227 9.664 -34.961
v -10.19 9.62 -34.19
v -10.298 9.77 -34.298
v -10.266 9.664 -34.266
v -10.861 9.62 -33.185
v -11.003 9.77 -33.244
v -10.961 9.664 -33.227
v -11.097 9.62 -32
v -11.25 9.77 -32
v -11.205 9.664 -32
v -10.861 9.62 -30.815
v -11.003 9.77 -30.756
v -10.961 9.664 -30.773
v -10.19 9.62 -29.81
v -10.298 9.77 -29.702
v -10.266 9.664 -29.734
v -9.185 9.62 -29.139
v -9.244 9.77 -28.997
v -9.227 9.664 -29.039
v -8 9.62 -28.903
v -8 9.77 -28.75
v -8 9.664 -28.795
v -6.815 9.62 -29.139
v -6.756 9.77 -28.997
v -6.773 9.664 -29.039
v -5.81 9.62 -29.81
v -5.702 9.77 -29.702
v -5.734 9.664 -29.734
v -5.139 9.62 -30.815
v -4.997 9.77 -30.756
v -5.039 9.664 -30.773
v -4.903 9.62 -32
v -4.75 9.77 -32
v -4.795 9.664 -32
v -5.139 9.62 -33.185
v -4.997 9.77 -33.244
v -5.039 9.664 -33.227
v -5.81 9.62 -34.19
v -5.702 9.77 -34.298
v -5.734 9.664 -34.266
v -6.815 9.62 -34.861
v -6.756 9.77 -35.003
v -6.773 9.664 -34.961
v -8 9.62 -34.553
v -8 9.77 -34.4
v -8 9.664 -34.445
v -8.918 9.77 -34.217
v -8.977 9.62 -34.359
v -8.936 9.664 -34.259
v -9.697 9.77 -33.697
v -9.805 9.62 -33.805
v -9.729 9.664 -33.729
v -10.217 9.77 -32.918
v -10.359 9.62 -32.977
v -10.259 9.664 -32.936
v -10.4 9.77 -32
v -10.553 9.62 -32
v -10.445 9.664 -32
v -10.217 9.77 -31.082
v -10.359 9.62 -31.023
v -10.259 9.664 -31.064
v -9.697 9.77 -30.303
v -9.805 9.62 -30.195
v -9.729 9.664 -30.271
v -8.918 9.77 -29.783
v -8.977 9.62 -29.641
v -8.936 9.664 -29.741
v -8 9.77 -29.6
v -8 9.62 -29.447
v -8 9.664 -29.555
v -7.082 9.77 -29.783
v -7.023 9.62 -29.641
v -7.064 9.664 -29.741
v -6.303 9.77 -30.303
v -6.195 9.62 -30.195
v -6.271 9.664 -30.271
v -5.783 9.77 -31.082
v -5.641 9.62 -31.023
v -5.741 9.664 -31.064
v -5.6 9.77 -32
v -5.447 9.62 -32
v -5.555 9.664 -32
v -5.783 9.77 -32.918
v -5.641 9.62 -32.977
v -5.741 9.664 -32.936
v -6.303 9.77 -33.697
v -6.195 9.62 -33.805
v -6.271 9.664 -33.729
v -7.082 9.77 -34.217
v -7.023 9.62 -34.359
v -7.064 9.664 -34.259
v 0 11.7 -35.25
v -1.244 11.7 -35.003
v -2.298 11.7 -34.298
v -3.003 11.7 -33.244
v -3.25 11.7 -32
v -3.003 11.7 -30.756
v -2.298 11.7 -29.702
v -1.244 11.7 -28.997
v 0 11.7 -28.75
v 1.244 11.7 -28.997
v 2.298 11.7 -29.702
v 3.003 11.7 -30.756
v 3.25 11.7 -32
v 3.003 11.7 -33.244
v 2.298 11.7 -34.298
v 1.244 11.7 -35.003
v 0 11.7 -34.4
v -0.918 11.7 -34.217
v -1.697 11.7 -33.697
v -2.217 11.7 -32.918
v -2.4 11.7 -32
v -2.217 11.7 -31.082
v -1.697 11.7 -30.303
v -0.918 11.7 -29.783
v 0 11.7 -29.6
v 0.918 11.7 -29.783
v 1.697 11.7 -30.303
v 2.217 11.7 -31.082
v 2.4 11.7 -32
v 2.217 11.7 -32.918
v 1.697 11.7 -33.697
v 0.918 11.7 -34.217
v 0 9.77 -35.25
v 0 9.62 -35.097
v 0 9.664 -35.205
v -1.185 9.62 -34.861
v -1.244 9.77 -35.003
v -1.227 9.664 -34.961
v -2.19 9.62 -34.19
v -2.298 9.77 -34.298
v -2.266 9.664 -34.266
v -2.861 9.62 -33.185
v -3.003 9.77 -33.244
v -2.961 9.664 -33.227
v -3.097 9.62 -32
v -3.25 9.77 -32
v -3.205 9.664 -32
v -2.861 9.62 -30.815
v -3.003 9.77 -30.756
v -2.961 9.664 -30.773
v -2.19 9.62 -29.81
v -2.298 9.77 -29.702
v -2.266 9.664 -29.734
v -1.185 9.62 -29.139
v -1.244 9.77 -28.997
v -1.227 9.664 -29.039
v 0 9.62 -28.903
v 0 9.77 -28.75
v 0 9.664 -28.795
v 1.185 9.62 -29.139
v 1.244 9.77 -28.997
v 1.227 9.664 -29.039
v 2.19 9.62 -29.81
v 2.298 9.77 -29.702
v 2.266 9.664 -29.734
v 2.861 9.62 -30.815
v 3.003 9.77 -30.756
v 2.961 9.664 -30.773
v 3.097 9.62 -32
v 3.25 9.77 -32
v 3.205 9.664 -32
v 2.861 9.62 -33.185
v 3.003 9.77 -33.244
v 2.961 9.664 -33.227
v 2.19 9.62 -34.19
v 2.298 9.77 -34.298
v 2.266 9.664 -34.266
v 1.185 9.62 -34.861
v 1.244 9.77 -35.003
v 1.227 9.664 -34.961
v 0 9.62 -34.553
v 0 9.77 -34.4
v 0 9.664 -34.445
v -0.918 9.77 -34.217
v -0.977 9.62 -34.359
v -0.936 9.664 -34.259
v -1.697 9.77 -33.697
v -1.805 9.62 -33.805
v -1.729 9.664 -33.729
v -2.217 9.77 -32.918
v -2.359 9.62 -32.977
v -2.259 9.664 -32.936
v -2.4 9.77 -32
v -2.553 9.62 -32
v -2.445 9.664 -32
v -2.217 9.77 -31.082
v -2.359 9.62 -31.023
v -2.259 9.664 -31.064
v -1.697 9.77 -30.303
v -1.805 9.62 -30.195
v -1.729 9.664 -30.271
v -0.918 9.77 -29.783
v -0.977 9.62 -29.641
v -0.936 9.664 -29.741
v 0 9.77 -29.6
v 0 9.62 -29.447
v 0 9.664 -29.555
v 0.918 9.77 -29.783
v 0.977 9.62 -29.641
v 0.936 9.664 -29.741
v 1.697 9.77 -30.303
v 1.805 9.62 -30.195
v 1.729 9.664 -30.271
v 2.217 9.77 -31.082
v 2.359 9.62 -31.023
v 2.259 9.664 -31.064
v 2.4 9.77 -32
v 2.553 9.62 -32
v 2.445 9.664 -32
v 2.217 9.77 -32.918
v 2.359 9.62 -32.977
v 2.259 9.664 -32.936
v 1.697 9.77 -33.697
v 1.805 9.62 -33.805
v 1.729 9.664 -33.729
v 0.918 9.77 -34.217
v 0.977 9.62 -34.359
v 0.936 9.664 -34.259
v 8 11.7 -35.25
v 6.756 11.7 -35.003
v 5.702 11.7 -34.298
v 4.997 11.7 -33.244
v 4.75 11.7 -32
v 4.997 11.7 -30.756
v 5.702 11.7 -29.702
v 6.756 11.7 -28.997
v 8 11.7 -28.75
v 9.244 11.7 -28.997
v 10.298 11.7 -29.702
v 11.003 11.7 -30.756
v 11.25 11.7 -32
v 11.003 11.7 -33.244
v 10.298 11.7 -34.298
v 9.244 11.7 -35.003
v 8 11.7 -34.4
v 7.082 11.7 -34.217
v 6.303 11.7 -33.697
v 5.783 11.7 -32.918
v 5.6 11.7 -32
v 5.783 11.7 -31.082
v 6.303 11.7 -30.303
v 7.082 11.7 -29.783
v 8 11.7 -29.6
v 8.918 11.7 -29.783
v 9.697 11.7 -30.303
v 10.217 11.7 -31.082
v 10.4 11.7 -32
v 10.217 11.7 -32.918
v 9.697 11.7 -33.697
v 8.918 11.7 -34.217
v 8 9.77 -35.25
v 8 9.62 -35.097
v 8 9.664 -35.205
v 6.815 9.62 -34.861
v 6.756 9.77 -35.003
v 6.773 9.664 -34.961
v 5.81 9.62 -34.19
v 5.702 9.77 -34.298
v 5.734 9.664 -34.266
v 5.139 9.62 -33.185
v 4.997 9.77 -33.244
v 5.039 9.664 -33.227
v 4.903 9.62 -32
v 4.75 9.77 -32
v 4.795 9.664 -32
v 5.139 9.62 -30.815
v 4.997 9.77 -30.756
v 5.039 9.664 -30.773
v 5.81 9.62 -29.81
v 5.702 9.77 -29.702
v 5.734 9.664 -29.734
v 6.815 9.62 -29.139
v 6.756 9.77 -28.997
v 6.773 9.664 -29.039
v 8 9.62 -28.903
v 8 9.77 -28.75
v 8 9.664 -28.795
v 9.185 9.62 -29.139
v 9.244 9.77 -28.997
v 9.227 9.664 -29.039
v 10.19 9.62 -29.81
v 10.298 9.77 -29.702
v 10.266 9.664 -29.734
v 10.861 9.62 -30.815
v 11.003 9.77 -30.756
v 10.961 9.664 -30.773
v 11.097 9.62 -32
v 11.25 9.77 -32
v 11.205 9.664 -32
v 10.861 9.62 -33.185
v 11.003 9.77 -33.244
v 10.961 9.664 -33.227
v 10.19 9.62 -34.19
v 10.298 9.77 -34.298
v 10.266 9.664 -34.266
v 9.185 9.62 -34.861
v 9.244 9.77 -35.003
v 9.227 9.664 -34.961
v 8 9.62 -34.553
v 8 9.77 -34.4
v 8 9.664 -34.445
v 7.082 9.77 -34.217
v 7.023 9.62 -34.359
v 7.064 9.664 -34.259
v 6.303 9.77 -33.697
v 6.195 9.62 -33.805
v 6.271 9.664 -33.729
v 5.783 9.77 -32.918
v 5.641 9.62 -32.977
v 5.741 9.664 -32.936
v 5.6 9.77 -32
v 5.447 9.62 -32
v 5.555 9.664 -32
v 5.783 9.77 -31.082
v 5.641 9.62 -31.023
v 5.741 9.664 -31.064
v 6.303 9.77 -30.303
v 6.195 9.62 -30.195
v 6.271 9.664 -30.271
v 7.082 9.77 -29.783
v 7.023 9.62 -29.641
v 7.064 9.664 -29.741
v 8 9.77 -29.6
v 8 9.62 -29.447
v 8 9.664 -29.555
v 8.918 9.77 -29.783
v 8.977 9.62 -29.641
v 8.936 9.664 -29.741
v 9.697 9.77 -30.303
v 9.805 9.62 -30.195
v 9.729 9.664 -30.271
v 10.217 9.77 -31.082
v 10.359 9.62 -31.023
v 10.259 9.664 -31.064
v 10.4 9.77 -32
v 10.553 9.62 -32
v 10.445 9.664 -32
v 10.217 9.77 -32.918
v 10.359 9.62 -32.977
v 10.259 9.664 -32.936
v 9.697 9.77 -33.697
v 9.805 9.62 -33.805
v 9.729 9.664 -33.729
v 8.918 9.77 -34.217
v 8.977 9.62 -34.359
v 8.936 9.664 -34.259
v 16 11.7 -35.25
v 14.756 11.7 -35.003
v 13.702 11.7 -34.298
v 12.997 11.7 -33.244
v 12.75 11.7 -32
v 12.997 11.7 -30.756
v 13.702 11.7 -29.702
v 14.756 11.7 -28.997
v 16 11.7 -28.75
v 17.244 11.7 -28.997
v 18.298 11.7 -29.702
v 19.003 11.7 -30.756
v 19.25 11.7 -32
v 19.003 11.7 -33.244
v 18.298 11.7 -34.298
v 17.244 11.7 -35.003
v 16 11.7 -34.4
v 15.082 11.7 -34.217
v 14.303 11.7 -33.697
v 13.783 11.7 -32.918
v 13.6 11.7 -32
v 13.783 11.7 -31.082
v 14.303 11.7 -30.303
v 15.082 11.7 -29.783
v 16 11.7 -29.6
v 16.918 11.7 -29.783
v 17.697 11.7 -30.303
v 18.217 11.7 -31.082
v 18.4 11.7 -32
v 18.217 11.7 -32.918
v 17.697 11.7 -33.697
v 16.918 11.7 -34.217
v 16 9.77 -35.25
v 16 9.62 -35.097
v 16 9.664 -35.205
v 14.815 9.62 -34.861
v 14.756 9.77 -35.003
v 14.773 9.664 -34.961
v 13.81 9.62 -34.19
v 13.702 9.77 -34.298
v 13.734 9.664 -34.266
v 13.139 9.62 -33.185
v 12.997 9.77 -33.244
v 13.039 9.664 -33.227
v 12.903 9.62 -32
v 12.75 9.77 -32
v 12.795 9.664 -32
v 13.139 9.62 -30.815
v 12.997 9.77 -30.756
v 13.039 9.664 -30.773
v 13.81 9.62 -29.81
v 13.702 9.77 -29.702
v 13.734 9.664 -29.734
v 14.815 9.62 -29.139
v 14.756 9.77 -28.997
v 14.773 9.664 -29.039
v 16 9.62 -28.903
v 16 9.77 -28.75
v 16 9.664 -28.795
v 17.185 9.62 -29.139
v 17.244 9.77 -28.997
v 17.227 9.664 -29.039
v 18.19 9.62 -29.81
v 18.298 9.77 -29.702
v 18.266 9.664 -29.734
v 18.861 9.62 -30.815
v 19.003 9.77 -30.756
v 18.961 9.664 -30.773
v 19.097 9.62 -32
v 19.25 9.77 -32
v 19.205 9.664 -32
v 18.861 9.62 -33.185
v 19.003 9.77 -33.244
v 18.961 9.664 -33.227
v 18.19 9.62 -34.19
v 18.298 9.77 -34.298
v 18.266 9.664 -34.266
v 17.185 9.62 -34.861
v 17.244 9.77 -35.003
v 17.227 9.664 -34.961
v 16 9.62 -34.553
v 16 9.77 -34.4
v 16 9.664 -34.445
v 15.082 9.77 -34.217
v 15.023 9.62 -34.359
v 15.064 9.664 -34.259
v 14.303 9.77 -33.697
v 14.195 9.62 -33.805
v 14.271 9.664 -33.729
v 13.783 9.77 -32.918
v 13.641 9.62 -32.977
v 13.741 9.664 -32.936
v 13.6 9.77 -32
v 13.447 9.62 -32
v 13.555 9.664 -32
v 13.783 9.77 -31.082
v 13.641 9.62 -31.023
v 13.741 9.664 -31.064
v 14.303 9.77 -30.303
v 14.195 9.62 -30.195
v 14.271 9.664 -30.271
v 15.082 9.77 -29.783
v 15.023 9.62 -29.641
v 15.064 9.664 -29.741
v 16 9.77 -29.6
v 16 9.62 -29.447
v 16 9.664 -29.555
v 16.918 9.77 -29.783
v 16.977 9.62 -29.641
v 16.936 9.664 -29.741
v 17.697 9.77 -30.303
v 17.805 9.62 -30.195
v 17.729 9.664 -30.271
v 18.217 9.77 -31.082
v 18.359 9.62 -31.023
v 18.259 9.664 -31.064
v 18.4 9.77 -32
v 18.553 9.62 -32
v 18.445 9.664 -32
v 18.217 9.77 -32.918
v 18.359 9.62 -32.977
v 18.259 9.664 -32.936
v 17.697 9.77 -33.697
v 17.805 9.62 -33.805
v 17.729 9.664 -33.729
v 16.918 9.77 -34.217
v 16.977 9.62 -34.359
v 16.936 9.664 -34.259
usemtl MB_322
s off
f 12844 12862 12845
f 12862 12847 12845
f 12865 12770 12811
f 12770 12768 12811
f 12858 12850 12846
f 12850 12851 12846
f 12774 12860 12852
f 12860 12853 12852
f 12867 12795 12774
f 12795 12860 12774
f 12764 12854 12855
f 12854 12856 12855
f 12846 12851 12771
f 12851 12765 12771
f 12762 12848 12773
f 12848 12849 12773
f 12768 12772 12791
f 12772 12861 12791
f 12859 12794 12858
f 12794 12850 12858
f 12775 12763 12769
f 12763 12766 12769
f 12857 12813 12844
f 12813 12862 12844
f 12773 12849 12792
f 12849 12793 12792
f 12811 12768 12842
f 12768 12791 12842
f 12770 12767 12768
f 12767 12772 12768
f 12790 12769 12843
f 12769 12810 12843
f 12866 12775 12790
f 12775 12769 12790
f 12855 12856 12864
f 12856 12815 12864
f 12771 12765 12812
f 12765 12814 12812
f 12769 12766 12810
f 12766 12863 12810
f 12868 12869 12884
f 12869 12871 12884
f 12887 12837 12784
f 12837 12782 12784
f 12882 12870 12874
f 12870 12875 12874
f 12788 12876 12883
f 12876 12877 12883
f 12867 12788 12795
f 12788 12883 12795
f 12778 12879 12878
f 12879 12880 12878
f 12870 12785 12875
f 12785 12779 12875
f 12776 12787 12872
f 12787 12873 12872
f 12782 12791 12786
f 12791 12861 12786
f 12859 12882 12794
f 12882 12874 12794
f 12789 12783 12777
f 12783 12780 12777
f 12881 12868 12839
f 12868 12884 12839
f 12787 12792 12873
f 12792 12793 12873
f 12837 12842 12782
f 12842 12791 12782
f 12784 12782 12781
f 12782 12786 12781
f 12790 12843 12783
f 12843 12836 12783
f 12866 12790 12789
f 12790 12783 12789
f 12879 12886 12880
f 12886 12841 12880
f 12785 12838 12779
f 12838 12840 12779
f 12783 12836 12780
f 12836 12885 12780
f 12888 12889 12905
f 12889 12891 12905
f 12865 12811 12804
f 12811 12802 12804
f 12901 12890 12894
f 12890 12895 12894
f 12808 12896 12903
f 12896 12897 12903
f 12907 12808 12835
f 12808 12903 12835
f 12798 12899 12898
f 12899 12900 12898
f 12890 12805 12895
f 12805 12799 12895
f 12796 12807 12892
f 12807 12893 12892
f 12802 12831 12806
f 12831 12904 12806
f 12902 12901 12834
f 12901 12894 12834
f 12809 12803 12797
f 12803 12800 12797
f 12857 12888 12813
f 12888 12905 12813
f 12807 12832 12893
f 12832 12833 12893
f 12811 12842 12802
f 12842 12831 12802
f 12804 12802 12801
f 12802 12806 12801
f 12830 12843 12803
f 12843 12810 12803
f 12906 12830 12809
f 12830 12803 12809
f 12899 12864 12900
f 12864 12815 12900
f 12805 12812 12799
f 12812 12814 12799
f 12803 12810 12800
f 12810 12863 12800
f 12908 12923 12909
f 12923 12911 12909
f 12887 12824 12837
f 12824 12822 12837
f 12921 12914 12910
f 12914 12915 12910
f 12828 12922 12916
f 12922 12917 12916
f 12907 12835 12828
f 12835 12922 12828
f 12818 12918 12919
f 12918 12920 12919
f 12910 12915 12825
f 12915 12819 12825
f 12816 12912 12827
f 12912 12913 12827
f 12822 12826 12831
f 12826 12904 12831
f 12902 12834 12921
f 12834 12914 12921
f 12829 12817 12823
f 12817 12820 12823
f 12881 12839 12908
f 12839 12923 12908
f 12827 12913 12832
f 12913 12833 12832
f 12837 12822 12842
f 12822 12831 12842
f 12824 12821 12822
f 12821 12826 12822
f 12830 12823 12843
f 12823 12836 12843
f 12906 12829 12830
f 12829 12823 12830
f 12919 12920 12886
f 12920 12841 12886
f 12825 12819 12838
f 12819 12840 12838
f 12823 12820 12836
f 12820 12885 12836
f 12931 12974 12933
f 12974 12973 12933
f 12960 12964 12991
f 12964 12988 12991
f 12979 12958 12978
f 12958 12955 12978
f 12975 12978 12946
f 12978 12948 12946
f 12963 12961 12967
f 12961 12980 12967
f 12970 12977 12925
f 12977 12974 12925
f 12978 12955 12948
f 12955 12952 12948
f 12937 12972 12940
f 12972 12943 12940
f 12967 12980 12970
f 12980 12977 12970
f 12980 12961 12979
f 12961 12958 12979
f 12925 12974 12927
f 12974 12931 12927
f 12933 12973 12937
f 12973 12972 12937
f 12972 12975 12943
f 12975 12946 12943
f 12928 12929 12930
f 12929 12932 12930
f 12929 12927 12932
f 12927 12931 12932
f 12934 12935 12936
f 12935 12938 12936
f 12935 12933 12938
f 12933 12937 12938
f 12949 12950 12951
f 12950 12953 12951
f 12950 12948 12953
f 12948 12952 12953
f 12936 12938 12939
f 12938 12941 12939
f 12938 12937 12941
f 12937 12940 12941
f 12939 12941 12942
f 12941 12944 12942
f 12941 12940 12944
f 12940 12943 12944
f 12951 12953 12954
f 12953 12956 12954
f 12953 12952 12956
f 12952 12955 12956
f 12954 12956 12957
f 12956 12959 12957
f 12956 12955 12959
f 12955 12958 12959
f 12964 12965 12966
f 12965 12968 12966
f 12965 12963 12968
f 12963 12967 12968
f 12942 12944 12945
f 12944 12947 12945
f 12944 12943 12947
f 12943 12946 12947
f 12945 12947 12949
f 12947 12950 12949
f 12947 12946 12950
f 12946 12948 12950
f 12957 12959 12960
f 12959 12962 12960
f 12959 12958 12962
f 12958 12961 12962
f 12960 12962 12964
f 12962 12965 12964
f 12962 12961 12965
f 12961 12963 12965
f 12966 12968 12969
f 12968 12971 12969
f 12968 12967 12971
f 12967 12970 12971
f 12930 12932 12934
f 12932 12935 12934
f 12932 12931 12935
f 12931 12933 12935
f 12969 12971 12924
f 12971 12926 12924
f 12971 12970 12926
f 12970 12925 12926
f 12924 12926 12928
f 12926 12929 12928
f 12926 12925 12929
f 12925 12927 12929
f 12973 12976 12972
f 12976 12975 12972
f 12976 12979 12975
f 12979 12978 12975
f 12974 12977 12973
f 12977 12976 12973
f 12977 12980 12976
f 12980 12979 12976
f 12985 12981 12986
f 12981 12983 12986
f 12986 12983 12984
f 12983 12982 12984
f 12988 12985 12989
f 12985 12986 12989
f 12989 12986 12987
f 12986 12984 12987
f 12991 12988 12992
f 12988 12989 12992
f 12992 12989 12990
f 12989 12987 12990
f 12994 12991 12995
f 12991 12992 12995
f 12995 12992 12993
f 12992 12990 12993
f 12997 12994 12998
f 12994 12995 12998
f 12998 12995 12996
f 12995 12993 12996
f 13000 12997 13001
f 12997 12998 13001
f 13001 12998 12999
f 12998 12996 12999
f 13003 13000 13004
f 13000 13001 13004
f 13004 13001 13002
f 13001 12999 13002
f 13006 13003 13007
f 13003 13004 13007
f 13007 13004 13005
f 13004 13002 13005
f 13009 13006 13010
f 13006 13007 13010
f 13010 13007 13008
f 13007 13005 13008
f 13012 13009 13013
f 13009 13010 13013
f 13013 13010 13011
f 13010 13008 13011
f 13015 13012 13016
f 13012 13013 13016
f 13016 13013 13014
f 13013 13011 13014
f 13018 13015 13019
f 13015 13016 13019
f 13019 13016 13017
f 13016 13014 13017
f 13021 13018 13022
f 13018 13019 13022
f 13022 13019 13020
f 13019 13017 13020
f 13024 13021 13025
f 13021 13022 13025
f 13025 13022 13023
f 13022 13020 13023
f 13027 13024 13028
f 13024 13025 13028
f 13028 13025 13026
f 13025 13023 13026
f 12981 13027 12983
f 13027 13028 12983
f 12983 13028 12982
f 13028 13026 12982
f 12939 12942 13012
f 12942 13009 13012
f 12964 12966 12988
f 12966 12985 12988
f 12942 12945 13009
f 12945 13006 13009
f 12981 12969 13027
f 12969 12924 13027
f 12966 12969 12985
f 12969 12981 12985
f 12945 12949 13006
f 12949 13003 13006
f 13027 12924 13024
f 12924 12928 13024
f 12949 12951 13003
f 12951 13000 13003
f 12928 12930 13024
f 12930 13021 13024
f 12951 12954 13000
f 12954 12997 13000
f 12930 12934 13021
f 12934 13018 13021
f 12954 12957 12997
f 12957 12994 12997
f 12934 12936 13018
f 12936 13015 13018
f 12957 12960 12994
f 12960 12991 12994
f 12936 12939 13015
f 12939 13012 13015
f 13036 13079 13038
f 13079 13078 13038
f 13065 13069 13096
f 13069 13093 13096
f 13084 13063 13083
f 13063 13060 13083
f 13080 13083 13051
f 13083 13053 13051
f 13068 13066 13072
f 13066 13085 13072
f 13075 13082 13030
f 13082 13079 13030
f 13083 13060 13053
f 13060 13057 13053
f 13042 13077 13045
f 13077 13048 13045
f 13072 13085 13075
f 13085 13082 13075
f 13085 13066 13084
f 13066 13063 13084
f 13030 13079 13032
f 13079 13036 13032
f 13038 13078 13042
f 13078 13077 13042
f 13077 13080 13048
f 13080 13051 13048
f 13033 13034 13035
f 13034 13037 13035
f 13034 13032 13037
f 13032 13036 13037
f 13039 13040 13041
f 13040 13043 13041
f 13040 13038 13043
f 13038 13042 13043
f 13054 13055 13056
f 13055 13058 13056
f 13055 13053 13058
f 13053 13057 13058
f 13041 13043 13044
f 13043 13046 13044
f 13043 13042 13046
f 13042 13045 13046
f 13044 13046 13047
f 13046 13049 13047
f 13046 13045 13049
f 13045 13048 13049
f 13056 13058 13059
f 13058 13061 13059
f 13058 13057 13061
f 13057 13060 13061
f 13059 13061 13062
f 13061 13064 13062
f 13061 13060 13064
f 13060 13063 13064
f 13069 13070 13071
f 13070 13073 13071
f 13070 13068 13073
f 13068 13072 13073
f 13047 13049 13050
f 13049 13052 13050
f 13049 13048 13052
f 13048 13051 13052
f 13050 13052 13054
f 13052 13055 13054
f 13052 13051 13055
f 13051 13053 13055
f 13062 13064 13065
f 13064 13067 13065
f 13064 13063 13067
f 13063 13066 13067
f 13065 13067 13069
f 13067 13070 13069
f 13067 13066 13070
f 13066 13068 13070
f 13071 13073 13074
f 13073 13076 13074
f 13073 13072 13076
f 13072 13075 13076
f 13035 13037 13039
f 13037 13040 13039
f 13037 13036 13040
f 13036 13038 13040
f 13074 13076 13029
f 13076 13031 13029
f 13076 13075 13031
f 13075 13030 13031
f 13029 13031 13033
f 13031 13034 13033
f 13031 13030 13034
f 13030 13032 13034
f 13078 13081 13077
f 13081 13080 13077
f 13081 13084 13080
f 13084 13083 13080
f 13079 13082 13078
f 13082 13081 13078
f 13082 13085 13081
f 13085 13084 13081
f 13090 13086 13091
f 13086 13088 13091
f 13091 13088 13089
f 13088 13087 13089
f 13093 13090 13094
f 13090 13091 13094
f 13094 13091 13092
f 13091 13089 13092
f 13096 13093 13097
f 13093 13094 13097
f 13097 13094 13095
f 13094 13092 13095
f 13099 13096 13100
f 13096 13097 13100
f 13100 13097 13098
f 13097 13095 13098
f 13102 13099 13103
f 13099 13100 13103
f 13103 13100 13101
f 13100 13098 13101
f 13105 13102 13106
f 13102 13103 13106
f 13106 13103 13104
f 13103 13101 13104
f 13108 13105 13109
f 13105 13106 13109
f 13109 13106 13107
f 13106 13104 13107
f 13111 13108 13112
f 13108 13109 13112
f 13112 13109 13110
f 13109 13107 13110
f 13114 13111 13115
f 13111 13112 13115
f 13115 13112 13113
f 13112 13110 13113
f 13117 13114 13118
f 13114 13115 13118
f 13118 13115 13116
f 13115 13113 13116
f 13120 13117 13121
f 13117 13118 13121
f 13121 13118 13119
f 13118 13116 13119
f 13123 13120 13124
f 13120 13121 13124
f 13124 13121 13122
f 13121 13119 13122
f 13126 13123 13127
f 13123 13124 13127
f 13127 13124 13125
f 13124 13122 13125
f 13129 13126 13130
f 13126 13127 13130
f 13130 13127 13128
f 13127 13125 13128
f 13132 13129 13133
f 13129 13130 13133
f 13133 13130 13131
f 13130 13128 13131
f 13086 13132 13088
f 13132 13133 13088
f 13088 13133 13087
f 13133 13131 13087
f 13044 13047 13117
f 13047 13114 13117
f 13069 13071 13093
f 13071 13090 13093
f 13047 13050 13114
f 13050 13111 13114
f 13086 13074 13132
f 13074 13029 13132
f 13071 13074 13090
f 13074 13086 13090
f 13050 13054 13111
f 13054 13108 13111
f 13132 13029 13129
f 13029 13033 13129
f 13054 13056 13108
f 13056 13105 13108
f 13033 13035 13129
f 13035 13126 13129
f 13056 13059 13105
f 13059 13102 13105
f 13035 13039 13126
f 13039 13123 13126
f 13059 13062 13102
f 13062 13099 13102
f 13039 13041 13123
f 13041 13120 13123
f 13062 13065 13099
f 13065 13096 13099
f 13041 13044 13120
f 13044 13117 13120
f 13141 13184 13143
f 13184 13183 13143
f 13170 13174 13201
f 13174 13198 13201
f 13189 13168 13188
f 13168 13165 13188
f 13185 13188 13156
f 13188 13158 13156
f 13173 13171 13177
f 13171 13190 13177
f 13180 13187 13135
f 13187 13184 13135
f 13188 13165 13158
f 13165 13162 13158
f 13147 13182 13150
f 13182 13153 13150
f 13177 13190 13180
f 13190 13187 13180
f 13190 13171 13189
f 13171 13168 13189
f 13135 13184 13137
f 13184 13141 13137
f 13143 13183 13147
f 13183 13182 13147
f 13182 13185 13153
f 13185 13156 13153
f 13138 13139 13140
f 13139 13142 13140
f 13139 13137 13142
f 13137 13141 13142
f 13144 13145 13146
f 13145 13148 13146
f 13145 13143 13148
f 13143 13147 13148
f 13159 13160 13161
f 13160 13163 13161
f 13160 13158 13163
f 13158 13162 13163
f 13146 13148 13149
f 13148 13151 13149
f 13148 13147 13151
f 13147 13150 13151
f 13149 13151 13152
f 13151 13154 13152
f 13151 13150 13154
f 13150 13153 13154
f 13161 13163 13164
f 13163 13166 13164
f 13163 13162 13166
f 13162 13165 13166
f 13164 13166 13167
f 13166 13169 13167
f 13166 13165 13169
f 13165 13168 13169
f 13174 13175 13176
f 13175 13178 13176
f 13175 13173 13178
f 13173 13177 13178
f 13152 13154 13155
f 13154 13157 13155
f 13154 13153 13157
f 13153 13156 13157
f 13155 13157 13159
f 13157 13160 13159
f 13157 13156 13160
f 13156 13158 13160
f 13167 13169 13170
f 13169 13172 13170
f 13169 13168 13172
f 13168 13171 13172
f 13170 13172 13174
f 13172 13175 13174
f 13172 13171 13175
f 13171 13173 13175
f 13176 13178 13179
f 13178 13181 13179
f 13178 13177 13181
f 13177 13180 13181
f 13140 13142 13144
f 13142 13145 13144
f 13142 13141 13145
f 13141 13143 13145
f 13179 13181 13134
f 13181 13136 13134
f 13181 13180 13136
f 13180 13135 13136
f 13134 13136 13138
f 13136 13139 13138
f 13136 13135 13139
f 13135 13137 13139
f 13183 13186 13182
f 13186 13185 13182
f 13186 13189 13185
f 13189 13188 13185
f 13184 13187 13183
f 13187 13186 13183
f 13187 13190 13186
f 13190 13189 13186
f 13195 13191 13196
f 13191 13193 13196
f 13196 13193 13194
f 13193 13192 13194
f 13198 13195 13199
f 13195 13196 13199
f 13199 13196 13197
f 13196 13194 13197
f 13201 13198 13202
f 13198 13199 13202
f 13202 13199 13200
f 13199 13197 13200
f 13204 13201 13205
f 13201 13202 13205
f 13205 13202 13203
f 13202 13200 13203
f 13207 13204 13208
f 13204 13205 13208
f 13208 13205 13206
f 13205 13203 13206
f 13210 13207 13211
f 13207 13208 13211
f 13211 13208 13209
f 13208 13206 13209
f 13213 13210 13214
f 13210 13211 13214
f 13214 13211 13212
f 13211 13209 13212
f 13216 13213 13217
f 13213 13214 13217
f 13217 13214 13215
f 13214 13212 13215
f 13219 13216 13220
f 13216 13217 13220
f 13220 13217 13218
f 13217 13215 13218
f 13222 13219 13223
f 13219 13220 13223
f 13223 13220 13221
f 13220 13218 13221
f 13225 13222 13226
f 13222 13223 13226
f 13226 13223 13224
f 13223 13221 13224
f 13228 13225 13229
f 13225 13226 13229
f 13229 13226 13227
f 13226 13224 13227
f 13231 13228 13232
f 13228 13229 13232
f 13232 13229 13230
f 13229 13227 13230
f 13234 13231 13235
f 13231 13232 13235
f 13235 13232 13233
f 13232 13230 13233
f 13237 13234 13238
f 13234 13235 13238
f 13238 13235 13236
f 13235 13233 13236
f 13191 13237 13193
f 13237 13238 13193
f 13193 13238 13192
f 13238 13236 13192
f 13149 13152 13222
f 13152 13219 13222
f 13174 13176 13198
f 13176 13195 13198
f 13152 13155 13219
f 13155 13216 13219
f 13191 13179 13237
f 13179 13134 13237
f 13176 13179 13195
f 13179 13191 13195
f 13155 13159 13216
f 13159 13213 13216
f 13237 13134 13234
f 13134 13138 13234
f 13159 13161 13213
f 13161 13210 13213
f 13138 13140 13234
f 13140 13231 13234
f 13161 13164 13210
f 13164 13207 13210
f 13140 13144 13231
f 13144 13228 13231
f 13164 13167 13207
f 13167 13204 13207
f 13144 13146 13228
f 13146 13225 13228
f 13167 13170 13204
f 13170 13201 13204
f 13146 13149 13225
f 13149 13222 13225
f 13246 13289 13248
f 13289 13288 13248
f 13275 13279 13306
f 13279 13303 13306
f 13294 13273 13293
f 13273 13270 13293
f 13290 13293 13261
f 13293 13263 13261
f 13278 13276 13282
f 13276 13295 13282
f 13285 13292 13240
f 13292 13289 13240
f 13293 13270 13263
f 13270 13267 13263
f 13252 13287 13255
f 13287 13258 13255
f 13282 13295 13285
f 13295 13292 13285
f 13295 13276 13294
f 13276 13273 13294
f 13240 13289 13242
f 13289 13246 13242
f 13248 13288 13252
f 13288 13287 13252
f 13287 13290 13258
f 13290 13261 13258
f 13243 13244 13245
f 13244 13247 13245
f 13244 13242 13247
f 13242 13246 13247
f 13249 13250 13251
f 13250 13253 13251
f 13250 13248 13253
f 13248 13252 13253
f 13264 13265 13266
f 13265 13268 13266
f 13265 13263 13268
f 13263 13267 13268
f 13251 13253 13254
f 13253 13256 13254
f 13253 13252 13256
f 13252 13255 13256
f 13254 13256 13257
f 13256 13259 13257
f 13256 13255 13259
f 13255 13258 13259
f 13266 13268 13269
f 13268 13271 13269
f 13268 13267 13271
f 13267 13270 13271
f 13269 13271 13272
f 13271 13274 13272
f 13271 13270 13274
f 13270 13273 13274
f 13279 13280 13281
f 13280 13283 13281
f 13280 13278 13283
f 13278 13282 13283
f 13257 13259 13260
f 13259 13262 13260
f 13259 13258 13262
f 13258 13261 13262
f 13260 13262 13264
f 13262 13265 13264
f 13262 13261 13265
f 13261 13263 13265
f 13272 13274 13275
f 13274 13277 13275
f 13274 13273 13277
f 13273 13276 13277
f 13275 13277 13279
f 13277 13280 13279
f 13277 13276 13280
f 13276 13278 13280
f 13281 13283 13284
f 13283 13286 13284
f 13283 13282 13286
f 13282 13285 13286
f 13245 13247 13249
f 13247 13250 13249
f 13247 13246 13250
f 13246 13248 13250
f 13284 13286 13239
f 13286 13241 13239
f 13286 13285 13241
f 13285 13240 13241
f 13239 13241 13243
f 13241 13244 13243
f 13241 13240 13244
f 13240 13242 13244
f 13288 13291 13287
f 13291 13290 13287
f 13291 13294 13290
f 13294 13293 13290
f 13289 13292 13288
f 13292 13291 13288
f 13292 13295 13291
f 13295 13294 13291
f 13300 13296 13301
f 13296 13298 13301
f 13301 13298 13299
f 13298 13297 13299
f 13303 13300 13304
f 13300 13301 13304
f 13304 13301 13302
f 13301 13299 13302
f 13306 13303 13307
f 13303 13304 13307
f 13307 13304 13305
f 13304 13302 13305
f 13309 13306 13310
f 13306 13307 13310
f 13310 13307 13308
f 13307 13305 13308
f 13312 13309 13313
f 13309 13310 13313
f 13313 13310 13311
f 13310 13308 13311
f 13315 13312 13316
f 13312 13313 13316
f 13316 13313 13314
f 13313 13311 13314
f 13318 13315 13319
f 13315 13316 13319
f 13319 13316 13317
f 13316 13314 13317
f 13321 13318 13322
f 13318 13319 13322
f 13322 13319 13320
f 13319 13317 13320
f 13324 13321 13325
f 13321 13322 13325
f 13325 13322 13323
f 13322 13320 13323
f 13327 13324 13328
f 13324 13325 13328
f 13328 13325 13326
f 13325 13323 13326
f 13330 13327 13331
f 13327 13328 13331
f 13331 13328 13329
f 13328 13326 13329
f 13333 13330 13334
f 13330 13331 13334
f 13334 13331 13332
f 13331 13329 13332
f 13336 13333 13337
f 13333 13334 13337
f 13337 13334 13335
f 13334 13332 13335
f 13339 13336 13340
f 13336 13337 13340
f 13340 13337 13338
f 13337 13335 13338
f 13342 13339 13343
f 13339 13340 13343
f 13343 13340 13341
f 13340 13338 13341
f 13296 13342 13298
f 13342 13343 13298
f 13298 13343 13297
f 13343 13341 13297
f 13254 13257 13327
f 13257 13324 13327
f 13279 13281 13303
f 13281 13300 13303
f 13257 13260 13324
f 13260 13321 13324
f 13296 13284 13342
f 13284 13239 13342
f 13281 13284 13300
f 13284 13296 13300
f 13260 13264 13321
f 13264 13318 13321
f 13342 13239 13339
f 13239 13243 13339
f 13264 13266 13318
f 13266 13315 13318
f 13243 13245 13339
f 13245 13336 13339
f 13266 13269 13315
f 13269 13312 13315
f 13245 13249 13336
f 13249 13333 13336
f 13269 13272 13312
f 13272 13309 13312
f 13249 13251 13333
f 13251 13330 13333
f 13272 13275 13309
f 13275 13306 13309
f 13251 13254 13330
f 13254 13327 13330
f 13351 13394 13353
f 13394 13393 13353
f 13380 13384 13411
f 13384 13408 13411
f 13399 13378 13398
f 13378 13375 13398
f 13395 13398 13366
f 13398 13368 13366
f 13383 13381 13387
f 13381 13400 13387
f 13390 13397 13345
f 13397 13394 13345
f 13398 13375 13368
f 13375 13372 13368
f 13357 13392 13360
f 13392 13363 13360
f 13387 13400 13390
f 13400 13397 13390
f 13400 13381 13399
f 13381 13378 13399
f 13345 13394 13347
f 13394 13351 13347
f 13353 13393 13357
f 13393 13392 13357
f 13392 13395 13363
f 13395 13366 13363
f 13348 13349 13350
f 13349 13352 13350
f 13349 13347 13352
f 13347 13351 13352
f 13354 13355 13356
f 13355 13358 13356
f 13355 13353 13358
f 13353 13357 13358
f 13369 13370 13371
f 13370 13373 13371
f 13370 13368 13373
f 13368 13372 13373
f 13356 13358 13359
f 13358 13361 13359
f 13358 13357 13361
f 13357 13360 13361
f 13359 13361 13362
f 13361 13364 13362
f 13361 13360 13364
f 13360 13363 13364
f 13371 13373 13374
f 13373 13376 13374
f 13373 13372 13376
f 13372 13375 13376
f 13374 13376 13377
f 13376 13379 13377
f 13376 13375 13379
f 13375 13378 13379
f 13384 13385 13386
f 13385 13388 13386
f 13385 13383 13388
f 13383 13387 13388
f 13362 13364 13365
f 13364 13367 13365
f 13364 13363 13367
f 13363 13366 13367
f 13365 13367 13369
f 13367 13370 13369
f 13367 13366 13370
f 13366 13368 13370
f 13377 13379 13380
f 13379 13382 13380
f 13379 13378 13382
f 13378 13381 13382
f 13380 13382 13384
f 13382 13385 13384
f 13382 13381 13385
f 13381 13383 13385
f 13386 13388 13389
f 13388 13391 13389
f 13388 13387 13391
f 13387 13390 13391
f 13350 13352 13354
f 13352 13355 13354
f 13352 13351 13355
f 13351 13353 13355
f 13389 13391 13344
f 13391 13346 13344
f 13391 13390 13346
f 13390 13345 13346
f 13344 13346 13348
f 13346 13349 13348
f 13346 13345 13349
f 13345 13347 13349
f 13393 13396 13392
f 13396 13395 13392
f 13396 13399 13395
f 13399 13398 13395
f 13394 13397 13393
f 13397 13396 13393
f 13397 13400 13396
f 13400 13399 13396
f 13405 13401 13406
f 13401 13403 13406
f 13406 13403 13404
f 13403 13402 13404
f 13408 13405 13409
f 13405 13406 13409
f 13409 13406 13407
f 13406 13404 13407
f 13411 13408 13412
f 13408 13409 13412
f 13412 13409 13410
f 13409 13407 13410
f 13414 13411 13415
f 13411 13412 13415
f 13415 13412 13413
f 13412 13410 13413
f 13417 13414 13418
f 13414 13415 13418
f 13418 13415 13416
f 13415 13413 13416
f 13420 13417 13421
f 13417 13418 13421
f 13421 13418 13419
f 13418 13416 13419
f 13423 13420 13424
f 13420 13421 13424
f 13424 13421 13422
f 13421 13419 13422
f 13426 13423 13427
f 13423 13424 13427
f 13427 13424 13425
f 13424 13422 13425
f 13429 13426 13430
f 13426 13427 13430
f 13430 13427 13428
f 13427 13425 13428
f 13432 13429 13433
f 13429 13430 13433
f 13433 13430 13431
f 13430 13428 13431
f 13435 13432 13436
f 13432 13433 13436
f 13436 13433 13434
f 13433 13431 13434
f 13438 13435 13439
f 13435 13436 13439
f 13439 13436 13437
f 13436 13434 13437
f 13441 13438 13442
f 13438 13439 13442
f 13442 13439 13440
f 13439 13437 13440
f 13444 13441 13445
f 13441 13442 13445
f 13445 13442 13443
f 13442 13440 13443
f 13447 13444 13448
f 13444 13445 13448
f 13448 13445 13446
f 13445 13443 13446
f 13401 13447 13403
f 13447 13448 13403
f 13403 13448 13402
f 13448 13446 13402
f 13359 13362 13432
f 13362 13429 13432
f 13384 13386 13408
f 13386 13405 13408
f 13362 13365 13429
f 13365 13426 13429
f 13401 13389 13447
f 13389 13344 13447
f 13386 13389 13405
f 13389 13401 13405
f 13365 13369 13426
f 13369 13423 13426
f 13447 13344 13444
f 13344 13348 13444
f 13369 13371 13423
f 13371 13420 13423
f 13348 13350 13444
f 13350 13441 13444
f 13371 13374 13420
f 13374 13417 13420
f 13350 13354 13441
f 13354 13438 13441
f 13374 13377 13417
f 13377 13414 13417
f 13354 13356 13438
f 13356 13435 13438
f 13377 13380 13414
f 13380 13411 13414
f 13356 13359 13435
f 13359 13432 13435
f 13456 13499 13458
f 13499 13498 13458
f 13485 13489 13516
f 13489 13513 13516
f 13504 13483 13503
f 13483 13480 13503
f 13500 13503 13471
f 13503 13473 13471
f 13488 13486 13492
f 13486 13505 13492
f 13495 13502 13450
f 13502 13499 13450
f 13503 13480 13473
f 13480 13477 13473
f 13462 13497 13465
f 13497 13468 13465
f 13492 13505 13495
f 13505 13502 13495
f 13505 13486 13504
f 13486 13483 13504
f 13450 13499 13452
f 13499 13456 13452
f 13458 13498 13462
f 13498 13497 13462
f 13497 13500 13468
f 13500 13471 13468
f 13453 13454 13455
f 13454 13457 13455
f 13454 13452 13457
f 13452 13456 13457
f 13459 13460 13461
f 13460 13463 13461
f 13460 13458 13463
f 13458 13462 13463
f 13474 13475 13476
f 13475 13478 13476
f 13475 13473 13478
f 13473 13477 13478
f 13461 13463 13464
f 13463 13466 13464
f 13463 13462 13466
f 13462 13465 13466
f 13464 13466 13467
f 13466 13469 13467
f 13466 13465 13469
f 13465 13468 13469
f 13476 13478 13479
f 13478 13481 13479
f 13478 13477 13481
f 13477 13480 13481
f 13479 13481 13482
f 13481 13484 13482
f 13481 13480 13484
f 13480 13483 13484
f 13489 13490 13491
f 13490 13493 13491
f 13490 13488 13493
f 13488 13492 13493
f 13467 13469 13470
f 13469 13472 13470
f 13469 13468 13472
f 13468 13471 13472
f 13470 13472 13474
f 13472 13475 13474
f 13472 13471 13475
f 13471 13473 13475
f 13482 13484 13485
f 13484 13487 13485
f 13484 13483 13487
f 13483 13486 13487
f 13485 13487 13489
f 13487 13490 13489
f 13487 13486 13490
f 13486 13488 13490
f 13491 13493 13494
f 13493 13496 13494
f 13493 13492 13496
f 13492 13495 13496
f 13455 13457 13459
f 13457 13460 13459
f 13457 13456 13460
f 13456 13458 13460
f 13494 13496 13449
f 13496 13451 13449
f 13496 13495 13451
f 13495 13450 13451
f 13449 13451 13453
f 13451 13454 13453
f 13451 13450 13454
f 13450 13452 13454
f 13498 13501 13497
f 13501 13500 13497
f 13501 13504 13500
f 13504 13503 13500
f 13499 13502 13498
f 13502 13501 13498
f 13502 13505 13501
f 13505 13504 13501
f 13510 13506 13511
f 13506 13508 13511
f 13511 13508 13509
f 13508 13507 13509
f 13513 13510 13514
f 13510 13511 13514
f 13514 13511 13512
f 13511 13509 13512
f 13516 13513 13517
f 13513 13514 13517
f 13517 13514 13515
f 13514 13512 13515
f 13519 13516 13520
f 13516 13517 13520
f 13520 13517 13518
f 13517 13515 13518
f 13522 13519 13523
f 13519 13520 13523
f 13523 13520 13521
f 13520 13518 13521
f 13525 13522 13526
f 13522 13523 13526
f 13526 13523 13524
f 13523 13521 13524
f 13528 13525 13529
f 13525 13526 13529
f 13529 13526 13527
f 13526 13524 13527
f 13531 13528 13532
f 13528 13529 13532
f 13532 13529 13530
f 13529 13527 13530
f 13534 13531 13535
f 13531 13532 13535
f 13535 13532 13533
f 13532 13530 13533
f 13537 13534 13538
f 13534 13535 13538
f 13538 13535 13536
f 13535 13533 13536
f 13540 13537 13541
f 13537 13538 13541
f 13541 13538 13539
f 13538 13536 13539
f 13543 13540 13544
f 13540 13541 13544
f 13544 13541 13542
f 13541 13539 13542
f 13546 13543 13547
f 13543 13544 13547
f 13547 13544 13545
f 13544 13542 13545
f 13549 13546 13550
f 13546 13547 13550
f 13550 13547 13548
f 13547 13545 13548
f 13552 13549 13553
f 13549 13550 13553
f 13553 13550 13551
f 13550 13548 13551
f 13506 13552 13508
f 13552 13553 13508
f 13508 13553 13507
f 13553 13551 13507
f 13464 13467 13537
f 13467 13534 13537
f 13489 13491 13513
f 13491 13510 13513
f 13467 13470 13534
f 13470 13531 13534
f 13506 13494 13552
f 13494 13449 13552
f 13491 13494 13510
f 13494 13506 13510
f 13470 13474 13531
f 13474 13528 13531
f 13552 13449 13549
f 13449 13453 13549
f 13474 13476 13528
f 13476 13525 13528
f 13453 13455 13549
f 13455 13546 13549
f 13476 13479 13525
f 13479 13522 13525
f 13455 13459 13546
f 13459 13543 13546
f 13479 13482 13522
f 13482 13519 13522
f 13459 13461 13543
f 13461 13540 13543
f 13482 13485 13519
f 13485 13516 13519
f 13461 13464 13540
f 13464 13537 13540
f 13561 13604 13563
f 13604 13603 13563
f 13590 13594 13621
f 13594 13618 13621
f 13609 13588 13608
f 13588 13585 13608
f 13605 13608 13576
f 13608 13578 13576
f 13593 13591 13597
f 13591 13610 13597
f 13600 13607 13555
f 13607 13604 13555
f 13608 13585 13578
f 13585 13582 13578
f 13567 13602 13570
f 13602 13573 13570
f 13597 13610 13600
f 13610 13607 13600
f 13610 13591 13609
f 13591 13588 13609
f 13555 13604 13557
f 13604 13561 13557
f 13563 13603 13567
f 13603 13602 13567
f 13602 13605 13573
f 13605 13576 13573
f 13558 13559 13560
f 13559 13562 13560
f 13559 13557 13562
f 13557 13561 13562
f 13564 13565 13566
f 13565 13568 13566
f 13565 13563 13568
f 13563 13567 13568
f 13579 13580 13581
f 13580 13583 13581
f 13580 13578 13583
f 13578 13582 13583
f 13566 13568 13569
f 13568 13571 13569
f 13568 13567 13571
f 13567 13570 13571
f 13569 13571 13572
f 13571 13574 13572
f 13571 13570 13574
f 13570 13573 13574
f 13581 13583 13584
f 13583 13586 13584
f 13583 13582 13586
f 13582 13585 13586
f 13584 13586 13587
f 13586 13589 13587
f 13586 13585 13589
f 13585 13588 13589
f 13594 13595 13596
f 13595 13598 13596
f 13595 13593 13598
f 13593 13597 13598
f 13572 13574 13575
f 13574 13577 13575
f 13574 13573 13577
f 13573 13576 13577
f 13575 13577 13579
f 13577 13580 13579
f 13577 13576 13580
f 13576 13578 13580
f 13587 13589 13590
f 13589 13592 13590
f 13589 13588 13592
f 13588 13591 13592
f 13590 13592 13594
f 13592 13595 13594
f 13592 13591 13595
f 13591 13593 13595
f 13596 13598 13599
f 13598 13601 13599
f 13598 13597 13601
f 13597 13600 13601
f 13560 13562 13564
f 13562 13565 13564
f 13562 13561 13565
f 13561 13563 13565
f 13599 13601 13554
f 13601 13556 13554
f 13601 13600 13556
f 13600 13555 13556
f 13554 13556 13558
f 13556 13559 13558
f 13556 13555 13559
f 13555 13557 13559
f 13603 13606 13602
f 13606 13605 13602
f 13606 13609 13605
f 13609 13608 13605
f 13604 13607 13603
f 13607 13606 13603
f 13607 13610 13606
f 13610 13609 13606
f 13615 13611 13616
f 13611 13613 13616
f 13616 13613 13614
f 13613 13612 13614
f 13618 13615 13619
f 13615 13616 13619
f 13619 13616 13617
f 13616 13614 13617
f 13621 13618 13622
f 13618 13619 13622
f 13622 13619 13620
f 13619 13617 13620
f 13624 13621 13625
f 13621 13622 13625
f 13625 13622 13623
f 13622 13620 13623
f 13627 13624 13628
f 13624 13625 13628
f 13628 13625 13626
f 13625 13623 13626
f 13630 13627 13631
f 13627 13628 13631
f 13631 13628 13629
f 13628 13626 13629
f 13633 13630 13634
f 13630 13631 13634
f 13634 13631 13632
f 13631 13629 13632
f 13636 13633 13637
f 13633 13634 13637
f 13637 13634 13635
f 13634 13632 13635
f 13639 13636 13640
f 13636 13637 13640
f 13640 13637 13638
f 13637 13635 13638
f 13642 13639 13643
f 13639 13640 13643
f 13643 13640 13641
f 13640 13638 13641
f 13645 13642 13646
f 13642 13643 13646
f 13646 13643 13644
f 13643 13641 13644
f 13648 13645 13649
f 13645 13646 13649
f 13649 13646 13647
f 13646 13644 13647
f 13651 13648 13652
f 13648 13649 13652
f 13652 13649 13650
f 13649 13647 13650
f 13654 13651 13655
f 13651 13652 13655
f 13655 13652 13653
f 13652 13650 13653
f 13657 13654 13658
f 13654 13655 13658
f 13658 13655 13656
f 13655 13653 13656
f 13611 13657 13613
f 13657 13658 13613
f 13613 13658 13612
f 13658 13656 13612
f 13569 13572 13642
f 13572 13639 13642
f 13594 13596 13618
f 13596 13615 13618
f 13572 13575 13639
f 13575 13636 13639
f 13611 13599 13657
f 13599 13554 13657
f 13596 13599 13615
f 13599 13611 13615
f 13575 13579 13636
f 13579 13633 13636
f 13657 13554 13654
f 13554 13558 13654
f 13579 13581 13633
f 13581 13630 13633
f 13558 13560 13654
f 13560 13651 13654
f 13581 13584 13630
f 13584 13627 13630
f 13560 13564 13651
f 13564 13648 13651
f 13584 13587 13627
f 13587 13624 13627
f 13564 13566 13648
f 13566 13645 13648
f 13587 13590 13624
f 13590 13621 13624
f 13566 13569 13645
f 13569 13642 13645
f 13666 13709 13668
f 13709 13708 13668
f 13695 13699 13726
f 13699 13723 13726
f 13714 13693 13713
f 13693 13690 13713
f 13710 13713 13681
f 13713 13683 13681
f 13698 13696 13702
f 13696 13715 13702
f 13705 13712 13660
f 13712 13709 13660
f 13713 13690 13683
f 13690 13687 13683
f 13672 13707 13675
f 13707 13678 13675
f 13702 13715 13705
f 13715 13712 13705
f 13715 13696 13714
f 13696 13693 13714
f 13660 13709 13662
f 13709 13666 13662
f 13668 13708 13672
f 13708 13707 13672
f 13707 13710 13678
f 13710 13681 13678
f 13663 13664 13665
f 13664 13667 13665
f 13664 13662 13667
f 13662 13666 13667
f 13669 13670 13671
f 13670 13673 13671
f 13670 13668 13673
f 13668 13672 13673
f 13684 13685 13686
f 13685 13688 13686
f 13685 13683 13688
f 13683 13687 13688
f 13671 13673 13674
f 13673 13676 13674
f 13673 13672 13676
f 13672 13675 13676
f 13674 13676 13677
f 13676 13679 13677
f 13676 13675 13679
f 13675 13678 13679
f 13686 13688 13689
f 13688 13691 13689
f 13688 13687 13691
f 13687 13690 13691
f 13689 13691 13692
f 13691 13694 13692
f 13691 13690 13694
f 13690 13693 13694
f 13699 13700 13701
f 13700 13703 13701
f 13700 13698 13703
f 13698 13702 13703
f 13677 13679 13680
f 13679 13682 13680
f 13679 13678 13682
f 13678 13681 13682
f 13680 13682 13684
f 13682 13685 13684
f 13682 13681 13685
f 13681 13683 13685
f 13692 13694 13695
f 13694 13697 13695
f 13694 13693 13697
f 13693 13696 13697
f 13695 13697 13699
f 13697 13700 13699
f 13697 13696 13700
f 13696 13698 13700
f 13701 13703 13704
f 13703 13706 13704
f 13703 13702 13706
f 13702 13705 13706
f 13665 13667 13669
f 13667 13670 13669
f 13667 13666 13670
f 13666 13668 13670
f 13704 13706 13659
f 13706 13661 13659
f 13706 13705 13661
f 13705 13660 13661
f 13659 13661 13663
f 13661 13664 13663
f 13661 13660 13664
f 13660 13662 13664
f 13708 13711 13707
f 13711 13710 13707
f 13711 13714 13710
f 13714 13713 13710
f 13709 13712 13708
f 13712 13711 13708
f 13712 13715 13711
f 13715 13714 13711
f 13720 13716 13721
f 13716 13718 13721
f 13721 13718 13719
f 13718 13717 13719
f 13723 13720 13724
f 13720 13721 13724
f 13724 13721 13722
f 13721 13719 13722
f 13726 13723 13727
f 13723 13724 13727
f 13727 13724 13725
f 13724 13722 13725
f 13729 13726 13730
f 13726 13727 13730
f 13730 13727 13728
f 13727 13725 13728
f 13732 13729 13733
f 13729 13730 13733
f 13733 13730 13731
f 13730 13728 13731
f 13735 13732 13736
f 13732 13733 13736
f 13736 13733 13734
f 13733 13731 13734
f 13738 13735 13739
f 13735 13736 13739
f 13739 13736 13737
f 13736 13734 13737
f 13741 13738 13742
f 13738 13739 13742
f 13742 13739 13740
f 13739 13737 13740
f 13744 13741 13745
f 13741 13742 13745
f 13745 13742 13743
f 13742 13740 13743
f 13747 13744 13748
f 13744 13745 13748
f 13748 13745 13746
f 13745 13743 13746
f 13750 13747 13751
f 13747 13748 13751
f 13751 13748 13749
f 13748 13746 13749
f 13753 13750 13754
f 13750 13751 13754
f 13754 13751 13752
f 13751 13749 13752
f 13756 13753 13757
f 13753 13754 13757
f 13757 13754 13755
f 13754 13752 13755
f 13759 13756 13760
f 13756 13757 13760
f 13760 13757 13758
f 13757 13755 13758
f 13762 13759 13763
f 13759 13760 13763
f 13763 13760 13761
f 13760 13758 13761
f 13716 13762 13718
f 13762 13763 13718
f 13718 13763 13717
f 13763 13761 13717
f 13674 13677 13747
f 13677 13744 13747
f 13699 13701 13723
f 13701 13720 13723
f 13677 13680 13744
f 13680 13741 13744
f 13716 13704 13762
f 13704 13659 13762
f 13701 13704 13720
f 13704 13716 13720
f 13680 13684 13741
f 13684 13738 13741
f 13762 13659 13759
f 13659 13663 13759
f 13684 13686 13738
f 13686 13735 13738
f 13663 13665 13759
f 13665 13756 13759
f 13686 13689 13735
f 13689 13732 13735
f 13665 13669 13756
f 13669 13753 13756
f 13689 13692 13732
f 13692 13729 13732
f 13669 13671 13753
f 13671 13750 13753
f 13692 13695 13729
f 13695 13726 13729
f 13671 13674 13750
f 13674 13747 13750
f 13771 13814 13773
f 13814 13813 13773
f 13800 13804 13831
f 13804 13828 13831
f 13819 13798 13818
f 13798 13795 13818
f 13815 13818 13786
f 13818 13788 13786
f 13803 13801 13807
f 13801 13820 13807
f 13810 13817 13765
f 13817 13814 13765
f 13818 13795 13788
f 13795 13792 13788
f 13777 13812 13780
f 13812 13783 13780
f 13807 13820 13810
f 13820 13817 13810
f 13820 13801 13819
f 13801 13798 13819
f 13765 13814 13767
f 13814 13771 13767
f 13773 13813 13777
f 13813 13812 13777
f 13812 13815 13783
f 13815 13786 13783
f 13768 13769 13770
f 13769 13772 13770
f 13769 13767 13772
f 13767 13771 13772
f 13774 13775 13776
f 13775 13778 13776
f 13775 13773 13778
f 13773 13777 13778
f 13789 13790 13791
f 13790 13793 13791
f 13790 13788 13793
f 13788 13792 13793
f 13776 13778 13779
f 13778 13781 13779
f 13778 13777 13781
f 13777 13780 13781
f 13779 13781 13782
f 13781 13784 13782
f 13781 13780 13784
f 13780 13783 13784
f 13791 13793 13794
f 13793 13796 13794
f 13793 13792 13796
f 13792 13795 13796
f 13794 13796 13797
f 13796 13799 13797
f 13796 13795 13799
f 13795 13798 13799
f 13804 13805 13806
f 13805 13808 13806
f 13805 13803 13808
f 13803 13807 13808
f 13782 13784 13785
f 13784 13787 13785
f 13784 13783 13787
f 13783 13786 13787
f 13785 13787 13789
f 13787 13790 13789
f 13787 13786 13790
f 13786 13788 13790
f 13797 13799 13800
f 13799 13802 13800
f 13799 13798 13802
f 13798 13801 13802
f 13800 13802 13804
f 13802 13805 13804
f 13802 13801 13805
f 13801 13803 13805
f 13806 13808 13809
f 13808 13811 13809
f 13808 13807 13811
f 13807 13810 13811
f 13770 13772 13774
f 13772 13775 13774
f 13772 13771 13775
f 13771 13773 13775
f 13809 13811 13764
f 13811 13766 13764
f 13811 13810 13766
f 13810 13765 13766
f 13764 13766 13768
f 13766 13769 13768
f 13766 13765 13769
f 13765 13767 13769
f 13813 13816 13812
f 13816 13815 13812
f 13816 13819 13815
f 13819 13818 13815
f 13814 13817 13813
f 13817 13816 13813
f 13817 13820 13816
f 13820 13819 13816
f 13825 13821 13826
f 13821 13823 13826
f 13826 13823 13824
f 13823 13822 13824
f 13828 13825 13829
f 13825 13826 13829
f 13829 13826 13827
f 13826 13824 13827
f 13831 13828 13832
f 13828 13829 13832
f 13832 13829 13830
f 13829 13827 13830
f 13834 13831 13835
f 13831 13832 13835
f 13835 13832 13833
f 13832 13830 13833
f 13837 13834 13838
f 13834 13835 13838
f 13838 13835 13836
f 13835 13833 13836
f 13840 13837 13841
f 13837 13838 13841
f 13841 13838 13839
f 13838 13836 13839
f 13843 13840 13844
f 13840 13841 13844
f 13844 13841 13842
f 13841 13839 13842
f 13846 13843 13847
f 13843 13844 13847
f 13847 13844 13845
f 13844 13842 13845
f 13849 13846 13850
f 13846 13847 13850
f 13850 13847 13848
f 13847 13845 13848
f 13852 13849 13853
f 13849 13850 13853
f 13853 13850 13851
f 13850 13848 13851
f 13855 13852 13856
f 13852 13853 13856
f 13856 13853 13854
f 13853 13851 13854
f 13858 13855 13859
f 13855 13856 13859
f 13859 13856 13857
f 13856 13854 13857
f 13861 13858 13862
f 13858 13859 13862
f 13862 13859 13860
f 13859 13857 13860
f 13864 13861 13865
f 13861 13862 13865
f 13865 13862 13863
f 13862 13860 13863
f 13867 13864 13868
f 13864 13865 13868
f 13868 13865 13866
f 13865 13863 13866
f 13821 13867 13823
f 13867 13868 13823
f 13823 13868 13822
f 13868 13866 13822
f 13779 13782 13852
f 13782 13849 13852
f 13804 13806 13828
f 13806 13825 13828
f 13782 13785 13849
f 13785 13846 13849
f 13821 13809 13867
f 13809 13764 13867
f 13806 13809 13825
f 13809 13821 13825
f 13785 13789 13846
f 13789 13843 13846
f 13867 13764 13864
f 13764 13768 13864
f 13789 13791 13843
f 13791 13840 13843
f 13768 13770 13864
f 13770 13861 13864
f 13791 13794 13840
f 13794 13837 13840
f 13770 13774 13861
f 13774 13858 13861
f 13794 13797 13837
f 13797 13834 13837
f 13774 13776 13858
f 13776 13855 13858
f 13797 13800 13834
f 13800 13831 13834
f 13776 13779 13855
f 13779 13852 13855
f 13876 13919 13878
f 13919 13918 13878
f 13905 13909 13936
f 13909 13933 13936
f 13924 13903 13923
f 13903 13900 13923
f 13920 13923 13891
f 13923 13893 13891
f 13908 13906 13912
f 13906 13925 13912
f 13915 13922 13870
f 13922 13919 13870
f 13923 13900 13893
f 13900 13897 13893
f 13882 13917 13885
f 13917 13888 13885
f 13912 13925 13915
f 13925 13922 13915
f 13925 13906 13924
f 13906 13903 13924
f 13870 13919 13872
f 13919 13876 13872
f 13878 13918 13882
f 13918 13917 13882
f 13917 13920 13888
f 13920 13891 13888
f 13873 13874 13875
f 13874 13877 13875
f 13874 13872 13877
f 13872 13876 13877
f 13879 13880 13881
f 13880 13883 13881
f 13880 13878 13883
f 13878 13882 13883
f 13894 13895 13896
f 13895 13898 13896
f 13895 13893 13898
f 13893 13897 13898
f 13881 13883 13884
f 13883 13886 13884
f 13883 13882 13886
f 13882 13885 13886
f 13884 13886 13887
f 13886 13889 13887
f 13886 13885 13889
f 13885 13888 13889
f 13896 13898 13899
f 13898 13901 13899
f 13898 13897 13901
f 13897 13900 13901
f 13899 13901 13902
f 13901 13904 13902
f 13901 13900 13904
f 13900 13903 13904
f 13909 13910 13911
f 13910 13913 13911
f 13910 13908 13913
f 13908 13912 13913
f 13887 13889 13890
f 13889 13892 13890
f 13889 13888 13892
f 13888 13891 13892
f 13890 13892 13894
f 13892 13895 13894
f 13892 13891 13895
f 13891 13893 13895
f 13902 13904 13905
f 13904 13907 13905
f 13904 13903 13907
f 13903 13906 13907
f 13905 13907 13909
f 13907 13910 13909
f 13907 13906 13910
f 13906 13908 13910
f 13911 13913 13914
f 13913 13916 13914
f 13913 13912 13916
f 13912 13915 13916
f 13875 13877 13879
f 13877 13880 13879
f 13877 13876 13880
f 13876 13878 13880
f 13914 13916 13869
f 13916 13871 13869
f 13916 13915 13871
f 13915 13870 13871
f 13869 13871 13873
f 13871 13874 13873
f 13871 13870 13874
f 13870 13872 13874
f 13918 13921 13917
f 13921 13920 13917
f 13921 13924 13920
f 13924 13923 13920
f 13919 13922 13918
f 13922 13921 13918
f 13922 13925 13921
f 13925 13924 13921
f 13930 13926 13931
f 13926 13928 13931
f 13931 13928 13929
f 13928 13927 13929
f 13933 13930 13934
f 13930 13931 13934
f 13934 13931 13932
f 13931 13929 13932
f 13936 13933 13937
f 13933 13934 13937
f 13937 13934 13935
f 13934 13932 13935
f 13939 13936 13940
f 13936 13937 13940
f 13940 13937 13938
f 13937 13935 13938
f 13942 13939 13943
f 13939 13940 13943
f 13943 13940 13941
f 13940 13938 13941
f 13945 13942 13946
f 13942 13943 13946
f 13946 13943 13944
f 13943 13941 13944
f 13948 13945 13949
f 13945 13946 13949
f 13949 13946 13947
f 13946 13944 13947
f 13951 13948 13952
f 13948 13949 13952
f 13952 13949 13950
f 13949 13947 13950
f 13954 13951 13955
f 13951 13952 13955
f 13955 13952 13953
f 13952 13950 13953
f 13957 13954 13958
f 13954 13955 13958
f 13958 13955 13956
f 13955 13953 13956
f 13960 13957 13961
f 13957 13958 13961
f 13961 13958 13959
f 13958 13956 13959
f 13963 13960 13964
f 13960 13961 13964
f 13964 13961 13962
f 13961 13959 13962
f 13966 13963 13967
f 13963 13964 13967
f 13967 13964 13965
f 13964 13962 13965
f 13969 13966 13970
f 13966 13967 13970
f 13970 13967 13968
f 13967 13965 13968
f 13972 13969 13973
f 13969 13970 13973
f 13973 13970 13971
f 13970 13968 13971
f 13926 13972 13928
f 13972 13973 13928
f 13928 13973 13927
f 13973 13971 13927
f 13884 13887 13957
f 13887 13954 13957
f 13909 13911 13933
f 13911 13930 13933
f 13887 13890 13954
f 13890 13951 13954
f 13926 13914 13972
f 13914 13869 13972
f 13911 13914 13930
f 13914 13926 13930
f 13890 13894 13951
f 13894 13948 13951
f 13972 13869 13969
f 13869 13873 13969
f 13894 13896 13948
f 13896 13945 13948
f 13873 13875 13969
f 13875 13966 13969
f 13896 13899 13945
f 13899 13942 13945
f 13875 13879 13966
f 13879 13963 13966
f 13899 13902 13942
f 13902 13939 13942
f 13879 13881 13963
f 13881 13960 13963
f 13902 13905 13939
f 13905 13936 13939
f 13881 13884 13960
f 13884 13957 13960
f 13981 14024 13983
f 14024 14023 13983
f 14010 14014 14041
f 14014 14038 14041
f 14029 14008 14028
f 14008 14005 14028
f 14025 14028 13996
f 14028 13998 13996
f 14013 14011 14017
f 14011 14030 14017
f 14020 14027 13975
f 14027 14024 13975
f 14028 14005 13998
f 14005 14002 13998
f 13987 14022 13990
f 14022 13993 13990
f 14017 14030 14020
f 14030 14027 14020
f 14030 14011 14029
f 14011 14008 14029
f 13975 14024 13977
f 14024 13981 13977
f 13983 14023 13987
f 14023 14022 13987
f 14022 14025 13993
f 14025 13996 13993
f 13978 13979 13980
f 13979 13982 13980
f 13979 13977 13982
f 13977 13981 13982
f 13984 13985 13986
f 13985 13988 13986
f 13985 13983 13988
f 13983 13987 13988
f 13999 14000 14001
f 14000 14003 14001
f 14000 13998 14003
f 13998 14002 14003
f 13986 13988 13989
f 13988 13991 13989
f 13988 13987 13991
f 13987 13990 13991
f 13989 13991 13992
f 13991 13994 13992
f 13991 13990 13994
f 13990 13993 13994
f 14001 14003 14004
f 14003 14006 14004
f 14003 14002 14006
f 14002 14005 14006
f 14004 14006 14007
f 14006 14009 14007
f 14006 14005 14009
f 14005 14008 14009
f 14014 14015 14016
f 14015 14018 14016
f 14015 14013 14018
f 14013 14017 14018
f 13992 13994 13995
f 13994 13997 13995
f 13994 13993 13997
f 13993 13996 13997
f 13995 13997 13999
f 13997 14000 13999
f 13997 13996 14000
f 13996 13998 14000
f 14007 14009 14010
f 14009 14012 14010
f 14009 14008 14012
f 14008 14011 14012
f 14010 14012 14014
f 14012 14015 14014
f 14012 14011 14015
f 14011 14013 14015
f 14016 14018 14019
f 14018 14021 14019
f 14018 14017 14021
f 14017 14020 14021
f 13980 13982 13984
f 13982 13985 13984
f 13982 13981 13985
f 13981 13983 13985
f 14019 14021 13974
f 14021 13976 13974
f 14021 14020 13976
f 14020 13975 13976
f 13974 13976 13978
f 13976 13979 13978
f 13976 13975 13979
f 13975 13977 13979
f 14023 14026 14022
f 14026 14025 14022
f 14026 14029 14025
f 14029 14028 14025
f 14024 14027 14023
f 14027 14026 14023
f 14027 14030 14026
f 14030 14029 14026
f 14035 14031 14036
f 14031 14033 14036
f 14036 14033 14034
f 14033 14032 14034
f 14038 14035 14039
f 14035 14036 14039
f 14039 14036 14037
f 14036 14034 14037
f 14041 14038 14042
f 14038 14039 14042
f 14042 14039 14040
f 14039 14037 14040
f 14044 14041 14045
f 14041 14042 14045
f 14045 14042 14043
f 14042 14040 14043
f 14047 14044 14048
f 14044 14045 14048
f 14048 14045 14046
f 14045 14043 14046
f 14050 14047 14051
f 14047 14048 14051
f 14051 14048 14049
f 14048 14046 14049
f 14053 14050 14054
f 14050 14051 14054
f 14054 14051 14052
f 14051 14049 14052
f 14056 14053 14057
f 14053 14054 14057
f 14057 14054 14055
f 14054 14052 14055
f 14059 14056 14060
f 14056 14057 14060
f 14060 14057 14058
f 14057 14055 14058
f 14062 14059 14063
f 14059 14060 14063
f 14063 14060 14061
f 14060 14058 14061
f 14065 14062 14066
f 14062 14063 14066
f 14066 14063 14064
f 14063 14061 14064
f 14068 14065 14069
f 14065 14066 14069
f 14069 14066 14067
f 14066 14064 14067
f 14071 14068 14072
f 14068 14069 14072
f 14072 14069 14070
f 14069 14067 14070
f 14074 14071 14075
f 14071 14072 14075
f 14075 14072 14073
f 14072 14070 14073
f 14077 14074 14078
f 14074 14075 14078
f 14078 14075 14076
f 14075 14073 14076
f 14031 14077 14033
f 14077 14078 14033
f 14033 14078 14032
f 14078 14076 14032
f 13989 13992 14062
f 13992 14059 14062
f 14014 14016 14038
f 14016 14035 14038
f 13992 13995 14059
f 13995 14056 14059
f 14031 14019 14077
f 14019 13974 14077
f 14016 14019 14035
f 14019 14031 14035
f 13995 13999 14056
f 13999 14053 14056
f 14077 13974 14074
f 13974 13978 14074
f 13999 14001 14053
f 14001 14050 14053
f 13978 13980 14074
f 13980 14071 14074
f 14001 14004 14050
f 14004 14047 14050
f 13980 13984 14071
f 13984 14068 14071
f 14004 14007 14047
f 14007 14044 14047
f 13984 13986 14068
f 13986 14065 14068
f 14007 14010 14044
f 14010 14041 14044
f 13986 13989 14065
f 13989 14062 14065
f 14086 14129 14088
f 14129 14128 14088
f 14115 14119 14146
f 14119 14143 14146
f 14134 14113 14133
f 14113 14110 14133
f 14130 14133 14101
f 14133 14103 14101
f 14118 14116 14122
f 14116 14135 14122
f 14125 14132 14080
f 14132 14129 14080
f 14133 14110 14103
f 14110 14107 14103
f 14092 14127 14095
f 14127 14098 14095
f 14122 14135 14125
f 14135 14132 14125
f 14135 14116 14134
f 14116 14113 14134
f 14080 14129 14082
f 14129 14086 14082
f 14088 14128 14092
f 14128 14127 14092
f 14127 14130 14098
f 14130 14101 14098
f 14083 14084 14085
f 14084 14087 14085
f 14084 14082 14087
f 14082 14086 14087
f 14089 14090 14091
f 14090 14093 14091
f 14090 14088 14093
f 14088 14092 14093
f 14104 14105 14106
f 14105 14108 14106
f 14105 14103 14108
f 14103 14107 14108
f 14091 14093 14094
f 14093 14096 14094
f 14093 14092 14096
f 14092 14095 14096
f 14094 14096 14097
f 14096 14099 14097
f 14096 14095 14099
f 14095 14098 14099
f 14106 14108 14109
f 14108 14111 14109
f 14108 14107 14111
f 14107 14110 14111
f 14109 14111 14112
f 14111 14114 14112
f 14111 14110 14114
f 14110 14113 14114
f 14119 14120 14121
f 14120 14123 14121
f 14120 14118 14123
f 14118 14122 14123
f 14097 14099 14100
f 14099 14102 14100
f 14099 14098 14102
f 14098 14101 14102
f 14100 14102 14104
f 14102 14105 14104
f 14102 14101 14105
f 14101 14103 14105
f 14112 14114 14115
f 14114 14117 14115
f 14114 14113 14117
f 14113 14116 14117
f 14115 14117 14119
f 14117 14120 14119
f 14117 14116 14120
f 14116 14118 14120
f 14121 14123 14124
f 14123 14126 14124
f 14123 14122 14126
f 14122 14125 14126
f 14085 14087 14089
f 14087 14090 14089
f 14087 14086 14090
f 14086 14088 14090
f 14124 14126 14079
f 14126 14081 14079
f 14126 14125 14081
f 14125 14080 14081
f 14079 14081 14083
f 14081 14084 14083
f 14081 14080 14084
f 14080 14082 14084
f 14128 14131 14127
f 14131 14130 14127
f 14131 14134 14130
f 14134 14133 14130
f 14129 14132 14128
f 14132 14131 14128
f 14132 14135 14131
f 14135 14134 14131
f 14140 14136 14141
f 14136 14138 14141
f 14141 14138 14139
f 14138 14137 14139
f 14143 14140 14144
f 14140 14141 14144
f 14144 14141 14142
f 14141 14139 14142
f 14146 14143 14147
f 14143 14144 14147
f 14147 14144 14145
f 14144 14142 14145
f 14149 14146 14150
f 14146 14147 14150
f 14150 14147 14148
f 14147 14145 14148
f 14152 14149 14153
f 14149 14150 14153
f 14153 14150 14151
f 14150 14148 14151
f 14155 14152 14156
f 14152 14153 14156
f 14156 14153 14154
f 14153 14151 14154
f 14158 14155 14159
f 14155 14156 14159
f 14159 14156 14157
f 14156 14154 14157
f 14161 14158 14162
f 14158 14159 14162
f 14162 14159 14160
f 14159 14157 14160
f 14164 14161 14165
f 14161 14162 14165
f 14165 14162 14163
f 14162 14160 14163
f 14167 14164 14168
f 14164 14165 14168
f 14168 14165 14166
f 14165 14163 14166
f 14170 14167 14171
f 14167 14168 14171
f 14171 14168 14169
f 14168 14166 14169
f 14173 14170 14174
f 14170 14171 14174
f 14174 14171 14172
f 14171 14169 14172
f 14176 14173 14177
f 14173 14174 14177
f 14177 14174 14175
f 14174 14172 14175
f 14179 14176 14180
f 14176 14177 14180
f 14180 14177 14178
f 14177 14175 14178
f 14182 14179 14183
f 14179 14180 14183
f 14183 14180 14181
f 14180 14178 14181
f 14136 14182 14138
f 14182 14183 14138
f 14138 14183 14137
f 14183 14181 14137
f 14094 14097 14167
f 14097 14164 14167
f 14119 14121 14143
f 14121 14140 14143
f 14097 14100 14164
f 14100 14161 14164
f 14136 14124 14182
f 14124 14079 14182
f 14121 14124 14140
f 14124 14136 14140
f 14100 14104 14161
f 14104 14158 14161
f 14182 14079 14179
f 14079 14083 14179
f 14104 14106 14158
f 14106 14155 14158
f 14083 14085 14179
f 14085 14176 14179
f 14106 14109 14155
f 14109 14152 14155
f 14085 14089 14176
f 14089 14173 14176
f 14109 14112 14152
f 14112 14149 14152
f 14089 14091 14173
f 14091 14170 14173
f 14112 14115 14149
f 14115 14146 14149
f 14091 14094 14170
f 14094 14167 14170
f 14270 14267 14202
f 14267 14201 14202
f 14229 14188 14226
f 14188 14187 14226
f 14241 14192 14238
f 14192 14191 14238
f 14235 14190 14232
f 14190 14189 14232
f 14226 14187 14223
f 14187 14186 14223
f 14253 14196 14250
f 14196 14195 14250
f 14216 14184 14262
f 14184 14199 14262
f 14250 14195 14247
f 14195 14194 14247
f 14232 14189 14229
f 14189 14188 14229
f 14223 14186 14220
f 14186 14185 14220
f 14262 14199 14259
f 14199 14198 14259
f 14256 14197 14253
f 14197 14196 14253
f 14247 14194 14244
f 14194 14193 14244
f 14238 14191 14235
f 14191 14190 14235
f 14244 14193 14241
f 14193 14192 14241
f 14259 14198 14256
f 14198 14197 14256
f 14291 14288 14209
f 14288 14208 14209
f 14220 14185 14216
f 14185 14184 14216
f 14294 14291 14210
f 14291 14209 14210
f 14273 14270 14203
f 14270 14202 14203
f 14297 14294 14211
f 14294 14210 14211
f 14276 14273 14204
f 14273 14203 14204
f 14300 14297 14212
f 14297 14211 14212
f 14279 14276 14205
f 14276 14204 14205
f 14303 14300 14213
f 14300 14212 14213
f 14282 14279 14206
f 14279 14205 14206
f 14306 14303 14214
f 14303 14213 14214
f 14285 14282 14207
f 14282 14206 14207
f 14309 14306 14215
f 14306 14214 14215
f 14288 14285 14208
f 14285 14207 14208
f 14246 14243 14295
f 14243 14292 14295
f 14225 14222 14274
f 14222 14271 14274
f 14249 14246 14298
f 14246 14295 14298
f 14274 14277 14225
f 14277 14228 14225
f 14249 14298 14252
f 14298 14301 14252
f 14231 14228 14280
f 14228 14277 14280
f 14301 14304 14252
f 14304 14255 14252
f 14234 14231 14283
f 14231 14280 14283
f 14307 14258 14304
f 14258 14255 14304
f 14237 14234 14286
f 14234 14283 14286
f 14261 14258 14310
f 14258 14307 14310
f 14237 14286 14240
f 14286 14289 14240
f 14261 14310 14217
f 14310 14264 14217
f 14267 14265 14201
f 14265 14200 14201
f 14289 14292 14240
f 14292 14243 14240
f 14268 14271 14219
f 14271 14222 14219
f 14220 14216 14221
f 14216 14218 14221
f 14221 14218 14219
f 14218 14217 14219
f 14223 14220 14224
f 14220 14221 14224
f 14224 14221 14222
f 14221 14219 14222
f 14226 14223 14227
f 14223 14224 14227
f 14227 14224 14225
f 14224 14222 14225
f 14229 14226 14230
f 14226 14227 14230
f 14230 14227 14228
f 14227 14225 14228
f 14232 14229 14233
f 14229 14230 14233
f 14233 14230 14231
f 14230 14228 14231
f 14235 14232 14236
f 14232 14233 14236
f 14236 14233 14234
f 14233 14231 14234
f 14238 14235 14239
f 14235 14236 14239
f 14239 14236 14237
f 14236 14234 14237
f 14241 14238 14242
f 14238 14239 14242
f 14242 14239 14240
f 14239 14237 14240
f 14244 14241 14245
f 14241 14242 14245
f 14245 14242 14243
f 14242 14240 14243
f 14247 14244 14248
f 14244 14245 14248
f 14248 14245 14246
f 14245 14243 14246
f 14250 14247 14251
f 14247 14248 14251
f 14251 14248 14249
f 14248 14246 14249
f 14253 14250 14254
f 14250 14251 14254
f 14254 14251 14252
f 14251 14249 14252
f 14256 14253 14257
f 14253 14254 14257
f 14257 14254 14255
f 14254 14252 14255
f 14259 14256 14260
f 14256 14257 14260
f 14260 14257 14258
f 14257 14255 14258
f 14262 14259 14263
f 14259 14260 14263
f 14263 14260 14261
f 14260 14258 14261
f 14216 14262 14218
f 14262 14263 14218
f 14218 14263 14217
f 14263 14261 14217
f 14265 14309 14200
f 14309 14215 14200
f 14265 14267 14266
f 14267 14269 14266
f 14266 14269 14264
f 14269 14268 14264
f 14267 14270 14269
f 14270 14272 14269
f 14269 14272 14268
f 14272 14271 14268
f 14270 14273 14272
f 14273 14275 14272
f 14272 14275 14271
f 14275 14274 14271
f 14273 14276 14275
f 14276 14278 14275
f 14275 14278 14274
f 14278 14277 14274
f 14276 14279 14278
f 14279 14281 14278
f 14278 14281 14277
f 14281 14280 14277
f 14279 14282 14281
f 14282 14284 14281
f 14281 14284 14280
f 14284 14283 14280
f 14282 14285 14284
f 14285 14287 14284
f 14284 14287 14283
f 14287 14286 14283
f 14285 14288 14287
f 14288 14290 14287
f 14287 14290 14286
f 14290 14289 14286
f 14288 14291 14290
f 14291 14293 14290
f 14290 14293 14289
f 14293 14292 14289
f 14291 14294 14293
f 14294 14296 14293
f 14293 14296 14292
f 14296 14295 14292
f 14294 14297 14296
f 14297 14299 14296
f 14296 14299 14295
f 14299 14298 14295
f 14297 14300 14299
f 14300 14302 14299
f 14299 14302 14298
f 14302 14301 14298
f 14300 14303 14302
f 14303 14305 14302
f 14302 14305 14301
f 14305 14304 14301
f 14303 14306 14305
f 14306 14308 14305
f 14305 14308 14304
f 14308 14307 14304
f 14306 14309 14308
f 14309 14311 14308
f 14308 14311 14307
f 14311 14310 14307
f 14309 14265 14311
f 14265 14266 14311
f 14311 14266 14310
f 14266 14264 14310
f 14264 14268 14217
f 14268 14219 14217
f 14398 14395 14330
f 14395 14329 14330
f 14357 14316 14354
f 14316 14315 14354
f 14369 14320 14366
f 14320 14319 14366
f 14363 14318 14360
f 14318 14317 14360
f 14354 14315 14351
f 14315 14314 14351
f 14381 14324 14378
f 14324 14323 14378
f 14344 14312 14390
f 14312 14327 14390
f 14378 14323 14375
f 14323 14322 14375
f 14360 14317 14357
f 14317 14316 14357
f 14351 14314 14348
f 14314 14313 14348
f 14390 14327 14387
f 14327 14326 14387
f 14384 14325 14381
f 14325 14324 14381
f 14375 14322 14372
f 14322 14321 14372
f 14366 14319 14363
f 14319 14318 14363
f 14372 14321 14369
f 14321 14320 14369
f 14387 14326 14384
f 14326 14325 14384
f 14419 14416 14337
f 14416 14336 14337
f 14348 14313 14344
f 14313 14312 14344
f 14422 14419 14338
f 14419 14337 14338
f 14401 14398 14331
f 14398 14330 14331
f 14425 14422 14339
f 14422 14338 14339
f 14404 14401 14332
f 14401 14331 14332
f 14428 14425 14340
f 14425 14339 14340
f 14407 14404 14333
f 14404 14332 14333
f 14431 14428 14341
f 14428 14340 14341
f 14410 14407 14334
f 14407 14333 14334
f 14434 14431 14342
f 14431 14341 14342
f 14413 14410 14335
f 14410 14334 14335
f 14437 14434 14343
f 14434 14342 14343
f 14416 14413 14336
f 14413 14335 14336
f 14374 14371 14423
f 14371 14420 14423
f 14353 14350 14402
f 14350 14399 14402
f 14377 14374 14426
f 14374 14423 14426
f 14402 14405 14353
f 14405 14356 14353
f 14377 14426 14380
f 14426 14429 14380
f 14359 14356 14408
f 14356 14405 14408
f 14429 14432 14380
f 14432 14383 14380
f 14362 14359 14411
f 14359 14408 14411
f 14435 14386 14432
f 14386 14383 14432
f 14365 14362 14414
f 14362 14411 14414
f 14389 14386 14438
f 14386 14435 14438
f 14365 14414 14368
f 14414 14417 14368
f 14389 14438 14345
f 14438 14392 14345
f 14395 14393 14329
f 14393 14328 14329
f 14417 14420 14368
f 14420 14371 14368
f 14396 14399 14347
f 14399 14350 14347
f 14348 14344 14349
f 14344 14346 14349
f 14349 14346 14347
f 14346 14345 14347
f 14351 14348 14352
f 14348 14349 14352
f 14352 14349 14350
f 14349 14347 14350
f 14354 14351 14355
f 14351 14352 14355
f 14355 14352 14353
f 14352 14350 14353
f 14357 14354 14358
f 14354 14355 14358
f 14358 14355 14356
f 14355 14353 14356
f 14360 14357 14361
f 14357 14358 14361
f 14361 14358 14359
f 14358 14356 14359
f 14363 14360 14364
f 14360 14361 14364
f 14364 14361 14362
f 14361 14359 14362
f 14366 14363 14367
f 14363 14364 14367
f 14367 14364 14365
f 14364 14362 14365
f 14369 14366 14370
f 14366 14367 14370
f 14370 14367 14368
f 14367 14365 14368
f 14372 14369 14373
f 14369 14370 14373
f 14373 14370 14371
f 14370 14368 14371
f 14375 14372 14376
f 14372 14373 14376
f 14376 14373 14374
f 14373 14371 14374
f 14378 14375 14379
f 14375 14376 14379
f 14379 14376 14377
f 14376 14374 14377
f 14381 14378 14382
f 14378 14379 14382
f 14382 14379 14380
f 14379 14377 14380
f 14384 14381 14385
f 14381 14382 14385
f 14385 14382 14383
f 14382 14380 14383
f 14387 14384 14388
f 14384 14385 14388
f 14388 14385 14386
f 14385 14383 14386
f 14390 14387 14391
f 14387 14388 14391
f 14391 14388 14389
f 14388 14386 14389
f 14344 14390 14346
f 14390 14391 14346
f 14346 14391 14345
f 14391 14389 14345
f 14393 14437 14328
f 14437 14343 14328
f 14393 14395 14394
f 14395 14397 14394
f 14394 14397 14392
f 14397 14396 14392
f 14395 14398 14397
f 14398 14400 14397
f 14397 14400 14396
f 14400 14399 14396
f 14398 14401 14400
f 14401 14403 14400
f 14400 14403 14399
f 14403 14402 14399
f 14401 14404 14403
f 14404 14406 14403
f 14403 14406 14402
f 14406 14405 14402
f 14404 14407 14406
f 14407 14409 14406
f 14406 14409 14405
f 14409 14408 14405
f 14407 14410 14409
f 14410 14412 14409
f 14409 14412 14408
f 14412 14411 14408
f 14410 14413 14412
f 14413 14415 14412
f 14412 14415 14411
f 14415 14414 14411
f 14413 14416 14415
f 14416 14418 14415
f 14415 14418 14414
f 14418 14417 14414
f 14416 14419 14418
f 14419 14421 14418
f 14418 14421 14417
f 14421 14420 14417
f 14419 14422 14421
f 14422 14424 14421
f 14421 14424 14420
f 14424 14423 14420
f 14422 14425 14424
f 14425 14427 14424
f 14424 14427 14423
f 14427 14426 14423
f 14425 14428 14427
f 14428 14430 14427
f 14427 14430 14426
f 14430 14429 14426
f 14428 14431 14430
f 14431 14433 14430
f 14430 14433 14429
f 14433 14432 14429
f 14431 14434 14433
f 14434 14436 14433
f 14433 14436 14432
f 14436 14435 14432
f 14434 14437 14436
f 14437 14439 14436
f 14436 14439 14435
f 14439 14438 14435
f 14437 14393 14439
f 14393 14394 14439
f 14439 14394 14438
f 14394 14392 14438
f 14392 14396 14345
f 14396 14347 14345
f 14526 14523 14458
f 14523 14457 14458
f 14485 14444 14482
f 14444 14443 14482
f 14497 14448 14494
f 14448 14447 14494
f 14491 14446 14488
f 14446 14445 14488
f 14482 14443 14479
f 14443 14442 14479
f 14509 14452 14506
f 14452 14451 14506
f 14472 14440 14518
f 14440 14455 14518
f 14506 14451 14503
f 14451 14450 14503
f 14488 14445 14485
f 14445 14444 14485
f 14479 14442 14476
f 14442 14441 14476
f 14518 14455 14515
f 14455 14454 14515
f 14512 14453 14509
f 14453 14452 14509
f 14503 14450 14500
f 14450 14449 14500
f 14494 14447 14491
f 14447 14446 14491
f 14500 14449 14497
f 14449 14448 14497
f 14515 14454 14512
f 14454 14453 14512
f 14547 14544 14465
f 14544 14464 14465
f 14476 14441 14472
f 14441 14440 14472
f 14550 14547 14466
f 14547 14465 14466
f 14529 14526 14459
f 14526 14458 14459
f 14553 14550 14467
f 14550 14466 14467
f 14532 14529 14460
f 14529 14459 14460
f 14556 14553 14468
f 14553 14467 14468
f 14535 14532 14461
f 14532 14460 14461
f 14559 14556 14469
f 14556 14468 14469
f 14538 14535 14462
f 14535 14461 14462
f 14562 14559 14470
f 14559 14469 14470
f 14541 14538 14463
f 14538 14462 14463
f 14565 14562 14471
f 14562 14470 14471
f 14544 14541 14464
f 14541 14463 14464
f 14502 14499 14551
f 14499 14548 14551
f 14481 14478 14530
f 14478 14527 14530
f 14505 14502 14554
f 14502 14551 14554
f 14530 14533 14481
f 14533 14484 14481
f 14505 14554 14508
f 14554 14557 14508
f 14487 14484 14536
f 14484 14533 14536
f 14557 14560 14508
f 14560 14511 14508
f 14490 14487 14539
f 14487 14536 14539
f 14563 14514 14560
f 14514 14511 14560
f 14493 14490 14542
f 14490 14539 14542
f 14517 14514 14566
f 14514 14563 14566
f 14493 14542 14496
f 14542 14545 14496
f 14517 14566 14473
f 14566 14520 14473
f 14523 14521 14457
f 14521 14456 14457
f 14545 14548 14496
f 14548 14499 14496
f 14524 14527 14475
f 14527 14478 14475
f 14476 14472 14477
f 14472 14474 14477
f 14477 14474 14475
f 14474 14473 14475
f 14479 14476 14480
f 14476 14477 14480
f 14480 14477 14478
f 14477 14475 14478
f 14482 14479 14483
f 14479 14480 14483
f 14483 14480 14481
f 14480 14478 14481
f 14485 14482 14486
f 14482 14483 14486
f 14486 14483 14484
f 14483 14481 14484
f 14488 14485 14489
f 14485 14486 14489
f 14489 14486 14487
f 14486 14484 14487
f 14491 14488 14492
f 14488 14489 14492
f 14492 14489 14490
f 14489 14487 14490
f 14494 14491 14495
f 14491 14492 14495
f 14495 14492 14493
f 14492 14490 14493
f 14497 14494 14498
f 14494 14495 14498
f 14498 14495 14496
f 14495 14493 14496
f 14500 14497 14501
f 14497 14498 14501
f 14501 14498 14499
f 14498 14496 14499
f 14503 14500 14504
f 14500 14501 14504
f 14504 14501 14502
f 14501 14499 14502
f 14506 14503 14507
f 14503 14504 14507
f 14507 14504 14505
f 14504 14502 14505
f 14509 14506 14510
f 14506 14507 14510
f 14510 14507 14508
f 14507 14505 14508
f 14512 14509 14513
f 14509 14510 14513
f 14513 14510 14511
f 14510 14508 14511
f 14515 14512 14516
f 14512 14513 14516
f 14516 14513 14514
f 14513 14511 14514
f 14518 14515 14519
f 14515 14516 14519
f 14519 14516 14517
f 14516 14514 14517
f 14472 14518 14474
f 14518 14519 14474
f 14474 14519 14473
f 14519 14517 14473
f 14521 14565 14456
f 14565 14471 14456
f 14521 14523 14522
f 14523 14525 14522
f 14522 14525 14520
f 14525 14524 14520
f 14523 14526 14525
f 14526 14528 14525
f 14525 14528 14524
f 14528 14527 14524
f 14526 14529 14528
f 14529 14531 14528
f 14528 14531 14527
f 14531 14530 14527
f 14529 14532 14531
f 14532 14534 14531
f 14531 14534 14530
f 14534 14533 14530
f 14532 14535 14534
f 14535 14537 14534
f 14534 14537 14533
f 14537 14536 14533
f 14535 14538 14537
f 14538 14540 14537
f 14537 14540 14536
f 14540 14539 14536
f 14538 14541 14540
f 14541 14543 14540
f 14540 14543 14539
f 14543 14542 14539
f 14541 14544 14543
f 14544 14546 14543
f 14543 14546 14542
f 14546 14545 14542
f 14544 14547 14546
f 14547 14549 14546
f 14546 14549 14545
f 14549 14548 14545
f 14547 14550 14549
f 14550 14552 14549
f 14549 14552 14548
f 14552 14551 14548
f 14550 14553 14552
f 14553 14555 14552
f 14552 14555 14551
f 14555 14554 14551
f 14553 14556 14555
f 14556 14558 14555
f 14555 14558 14554
f 14558 14557 14554
f 14556 14559 14558
f 14559 14561 14558
f 14558 14561 14557
f 14561 14560 14557
f 14559 14562 14561
f 14562 14564 14561
f 14561 14564 14560
f 14564 14563 14560
f 14562 14565 14564
f 14565 14567 14564
f 14564 14567 14563
f 14567 14566 14563
f 14565 14521 14567
f 14521 14522 14567
f 14567 14522 14566
f 14522 14520 14566
f 14520 14524 14473
f 14524 14475 14473
f 14654 14651 14586
f 14651 14585 14586
f 14613 14572 14610
f 14572 14571 14610
f 14625 14576 14622
f 14576 14575 14622
f 14619 14574 14616
f 14574 14573 14616
f 14610 14571 14607
f 14571 14570 14607
f 14637 14580 14634
f 14580 14579 14634
f 14600 14568 14646
f 14568 14583 14646
f 14634 14579 14631
f 14579 14578 14631
f 14616 14573 14613
f 14573 14572 14613
f 14607 14570 14604
f 14570 14569 14604
f 14646 14583 14643
f 14583 14582 14643
f 14640 14581 14637
f 14581 14580 14637
f 14631 14578 14628
f 14578 14577 14628
f 14622 14575 14619
f 14575 14574 14619
f 14628 14577 14625
f 14577 14576 14625
f 14643 14582 14640
f 14582 14581 14640
f 14675 14672 14593
f 14672 14592 14593
f 14604 14569 14600
f 14569 14568 14600
f 14678 14675 14594
f 14675 14593 14594
f 14657 14654 14587
f 14654 14586 14587
f 14681 14678 14595
f 14678 14594 14595
f 14660 14657 14588
f 14657 14587 14588
f 14684 14681 14596
f 14681 14595 14596
f 14663 14660 14589
f 14660 14588 14589
f 14687 14684 14597
f 14684 14596 14597
f 14666 14663 14590
f 14663 14589 14590
f 14690 14687 14598
f 14687 14597 14598
f 14669 14666 14591
f 14666 14590 14591
f 14693 14690 14599
f 14690 14598 14599
f 14672 14669 14592
f 14669 14591 14592
f 14630 14627 14679
f 14627 14676 14679
f 14609 14606 14658
f 14606 14655 14658
f 14633 14630 14682
f 14630 14679 14682
f 14658 14661 14609
f 14661 14612 14609
f 14633 14682 14636
f 14682 14685 14636
f 14615 14612 14664
f 14612 14661 14664
f 14685 14688 14636
f 14688 14639 14636
f 14618 14615 14667
f 14615 14664 14667
f 14691 14642 14688
f 14642 14639 14688
f 14621 14618 14670
f 14618 14667 14670
f 14645 14642 14694
f 14642 14691 14694
f 14621 14670 14624
f 14670 14673 14624
f 14645 14694 14601
f 14694 14648 14601
f 14651 14649 14585
f 14649 14584 14585
f 14673 14676 14624
f 14676 14627 14624
f 14652 14655 14603
f 14655 14606 14603
f 14604 14600 14605
f 14600 14602 14605
f 14605 14602 14603
f 14602 14601 14603
f 14607 14604 14608
f 14604 14605 14608
f 14608 14605 14606
f 14605 14603 14606
f 14610 14607 14611
f 14607 14608 14611
f 14611 14608 14609
f 14608 14606 14609
f 14613 14610 14614
f 14610 14611 14614
f 14614 14611 14612
f 14611 14609 14612
f 14616 14613 14617
f 14613 14614 14617
f 14617 14614 14615
f 14614 14612 14615
f 14619 14616 14620
f 14616 14617 14620
f 14620 14617 14618
f 14617 14615 14618
f 14622 14619 14623
f 14619 14620 14623
f 14623 14620 14621
f 14620 14618 14621
f 14625 14622 14626
f 14622 14623 14626
f 14626 14623 14624
f 14623 14621 14624
f 14628 14625 14629
f 14625 14626 14629
f 14629 14626 14627
f 14626 14624 14627
f 14631 14628 14632
f 14628 14629 14632
f 14632 14629 14630
f 14629 14627 14630
f 14634 14631 14635
f 14631 14632 14635
f 14635 14632 14633
f 14632 14630 14633
f 14637 14634 14638
f 14634 14635 14638
f 14638 14635 14636
f 14635 14633 14636
f 14640 14637 14641
f 14637 14638 14641
f 14641 14638 14639
f 14638 14636 14639
f 14643 14640 14644
f 14640 14641 14644
f 14644 14641 14642
f 14641 14639 14642
f 14646 14643 14647
f 14643 14644 14647
f 14647 14644 14645
f 14644 14642 14645
f 14600 14646 14602
f 14646 14647 14602
f 14602 14647 14601
f 14647 14645 14601
f 14649 14693 14584
f 14693 14599 14584
f 14649 14651 14650
f 14651 14653 14650
f 14650 14653 14648
f 14653 14652 14648
f 14651 14654 14653
f 14654 14656 14653
f 14653 14656 14652
f 14656 14655 14652
f 14654 14657 14656
f 14657 14659 14656
f 14656 14659 14655
f 14659 14658 14655
f 14657 14660 14659
f 14660 14662 14659
f 14659 14662 14658
f 14662 14661 14658
f 14660 14663 14662
f 14663 14665 14662
f 14662 14665 14661
f 14665 14664 14661
f 14663 14666 14665
f 14666 14668 14665
f 14665 14668 14664
f 14668 14667 14664
f 14666 14669 14668
f 14669 14671 14668
f 14668 14671 14667
f 14671 14670 14667
f 14669 14672 14671
f 14672 14674 14671
f 14671 14674 14670
f 14674 14673 14670
f 14672 14675 14674
f 14675 14677 14674
f 14674 14677 14673
f 14677 14676 14673
f 14675 14678 14677
f 14678 14680 14677
f 14677 14680 14676
f 14680 14679 14676
f 14678 14681 14680
f 14681 14683 14680
f 14680 14683 14679
f 14683 14682 14679
f 14681 14684 14683
f 14684 14686 14683
f 14683 14686 14682
f 14686 14685 14682
f 14684 14687 14686
f 14687 14689 14686
f 14686 14689 14685
f 14689 14688 14685
f 14687 14690 14689
f 14690 14692 14689
f 14689 14692 14688
f 14692 14691 14688
f 14690 14693 14692
f 14693 14695 14692
f 14692 14695 14691
f 14695 14694 14691
f 14693 14649 14695
f 14649 14650 14695
f 14695 14650 14694
f 14650 14648 14694
f 14648 14652 14601
f 14652 14603 14601
f 14782 14779 14714
f 14779 14713 14714
f 14741 14700 14738
f 14700 14699 14738
f 14753 14704 14750
f 14704 14703 14750
f 14747 14702 14744
f 14702 14701 14744
f 14738 14699 14735
f 14699 14698 14735
f 14765 14708 14762
f 14708 14707 14762
f 14728 14696 14774
f 14696 14711 14774
f 14762 14707 14759
f 14707 14706 14759
f 14744 14701 14741
f 14701 14700 14741
f 14735 14698 14732
f 14698 14697 14732
f 14774 14711 14771
f 14711 14710 14771
f 14768 14709 14765
f 14709 14708 14765
f 14759 14706 14756
f 14706 14705 14756
f 14750 14703 14747
f 14703 14702 14747
f 14756 14705 14753
f 14705 14704 14753
f 14771 14710 14768
f 14710 14709 14768
f 14803 14800 14721
f 14800 14720 14721
f 14732 14697 14728
f 14697 14696 14728
f 14806 14803 14722
f 14803 14721 14722
f 14785 14782 14715
f 14782 14714 14715
f 14809 14806 14723
f 14806 14722 14723
f 14788 14785 14716
f 14785 14715 14716
f 14812 14809 14724
f 14809 14723 14724
f 14791 14788 14717
f 14788 14716 14717
f 14815 14812 14725
f 14812 14724 14725
f 14794 14791 14718
f 14791 14717 14718
f 14818 14815 14726
f 14815 14725 14726
f 14797 14794 14719
f 14794 14718 14719
f 14821 14818 14727
f 14818 14726 14727
f 14800 14797 14720
f 14797 14719 14720
f 14758 14755 14807
f 14755 14804 14807
f 14737 14734 14786
f 14734 14783 14786
f 14761 14758 14810
f 14758 14807 14810
f 14786 14789 14737
f 14789 14740 14737
f 14761 14810 14764
f 14810 14813 14764
f 14743 14740 14792
f 14740 14789 14792
f 14813 14816 14764
f 14816 14767 14764
f 14746 14743 14795
f 14743 14792 14795
f 14819 14770 14816
f 14770 14767 14816
f 14749 14746 14798
f 14746 14795 14798
f 14773 14770 14822
f 14770 14819 14822
f 14749 14798 14752
f 14798 14801 14752
f 14773 14822 14729
f 14822 14776 14729
f 14779 14777 14713
f 14777 14712 14713
f 14801 14804 14752
f 14804 14755 14752
f 14780 14783 14731
f 14783 14734 14731
f 14732 14728 14733
f 14728 14730 14733
f 14733 14730 14731
f 14730 14729 14731
f 14735 14732 14736
f 14732 14733 14736
f 14736 14733 14734
f 14733 14731 14734
f 14738 14735 14739
f 14735 14736 14739
f 14739 14736 14737
f 14736 14734 14737
f 14741 14738 14742
f 14738 14739 14742
f 14742 14739 14740
f 14739 14737 14740
f 14744 14741 14745
f 14741 14742 14745
f 14745 14742 14743
f 14742 14740 14743
f 14747 14744 14748
f 14744 14745 14748
f 14748 14745 14746
f 14745 14743 14746
f 14750 14747 14751
f 14747 14748 14751
f 14751 14748 14749
f 14748 14746 14749
f 14753 14750 14754
f 14750 14751 14754
f 14754 14751 14752
f 14751 14749 14752
f 14756 14753 14757
f 14753 14754 14757
f 14757 14754 14755
f 14754 14752 14755
f 14759 14756 14760
f 14756 14757 14760
f 14760 14757 14758
f 14757 14755 14758
f 14762 14759 14763
f 14759 14760 14763
f 14763 14760 14761
f 14760 14758 14761
f 14765 14762 14766
f 14762 14763 14766
f 14766 14763 14764
f 14763 14761 14764
f 14768 14765 14769
f 14765 14766 14769
f 14769 14766 14767
f 14766 14764 14767
f 14771 14768 14772
f 14768 14769 14772
f 14772 14769 14770
f 14769 14767 14770
f 14774 14771 14775
f 14771 14772 14775
f 14775 14772 14773
f 14772 14770 14773
f 14728 14774 14730
f 14774 14775 14730
f 14730 14775 14729
f 14775 14773 14729
f 14777 14821 14712
f 14821 14727 14712
f 14777 14779 14778
f 14779 14781 14778
f 14778 14781 14776
f 14781 14780 14776
f 14779 14782 14781
f 14782 14784 14781
f 14781 14784 14780
f 14784 14783 14780
f 14782 14785 14784
f 14785 14787 14784
f 14784 14787 14783
f 14787 14786 14783
f 14785 14788 14787
f 14788 14790 14787
f 14787 14790 14786
f 14790 14789 14786
f 14788 14791 14790
f 14791 14793 14790
f 14790 14793 14789
f 14793 14792 14789
f 14791 14794 14793
f 14794 14796 14793
f 14793 14796 14792
f 14796 14795 14792
f 14794 14797 14796
f 14797 14799 14796
f 14796 14799 14795
f 14799 14798 14795
f 14797 14800 14799
f 14800 14802 14799
f 14799 14802 14798
f 14802 14801 14798
f 14800 14803 14802
f 14803 14805 14802
f 14802 14805 14801
f 14805 14804 14801
f 14803 14806 14805
f 14806 14808 14805
f 14805 14808 14804
f 14808 14807 14804
f 14806 14809 14808
f 14809 14811 14808
f 14808 14811 14807
f 14811 14810 14807
f 14809 14812 14811
f 14812 14814 14811
f 14811 14814 14810
f 14814 14813 14810
f 14812 14815 14814
f 14815 14817 14814
f 14814 14817 14813
f 14817 14816 14813
f 14815 14818 14817
f 14818 14820 14817
f 14817 14820 14816
f 14820 14819 14816
f 14818 14821 14820
f 14821 14823 14820
f 14820 14823 14819
f 14823 14822 14819
f 14821 14777 14823
f 14777 14778 14823
f 14823 14778 14822
f 14778 14776 14822
f 14776 14780 14729
f 14780 14731 14729
